<?xml version="1.0" encoding="UTF-8"?>
<kml xmlns="http://www.opengis.net/kml/2.2"><Document><name>Brusque — Cidades vizinhas</name>
<Style id="v"><LineStyle><color>ff9aa7b8</color><width>1.5</width></LineStyle><PolyStyle><fill>0</fill></PolyStyle></Style>
<Placemark><name>Botuverá</name><styleUrl>#v</styleUrl><Polygon><outerBoundaryIs><LinearRing><coordinates>-49.2478,-27.2811028,0 -49.2477693,-27.2810776,0 -49.2477421,-27.2810485,0 -49.247718,-27.2810205,0 -49.2477059,-27.2810065,0 -49.247661,-27.2809506,0 -49.2475716,-27.2808122,0 -49.2475517,-27.2807757,0 -49.2475356,-27.2807425,0 -49.2475262,-27.2807191,0 -49.2475213,-27.2806983,0 -49.2475213,-27.2806888,0 -49.2475251,-27.2806799,0 -49.2475387,-27.2806606,0 -49.2476349,-27.2805221,0 -49.247668,-27.2804455,0 -49.2477127,-27.2802321,0 -49.2477155,-27.2799798,0 -49.2477156,-27.279978,0 -49.2477164,-27.279963,0 -49.2477243,-27.2798171,0 -49.2477265,-27.2797797,0 -49.2477324,-27.27973,0 -49.2477634,-27.2794578,0 -49.2477617,-27.2794237,0 -49.247754,-27.2793905,0 -49.2477354,-27.2793468,0 -49.2476828,-27.2792857,0 -49.2476789,-27.2792835,0 -49.2474649,-27.2791639,0 -49.2474562,-27.2791589,0 -49.2472963,-27.2790682,0 -49.2470917,-27.2789751,0 -49.2468283,-27.2788708,0 -49.2467488,-27.2788534,0 -49.2466446,-27.2788401,0 -49.2463462,-27.2788589,0 -49.2463115,-27.2788587,0 -49.246263,-27.2788506,0 -49.246239,-27.2788387,0 -49.2462158,-27.2788201,0 -49.2462021,-27.2788066,0 -49.2462003,-27.2788048,0 -49.2461772,-27.2787604,0 -49.2461706,-27.2787424,0 -49.2461641,-27.2787206,0 -49.2461561,-27.2785739,0 -49.2461726,-27.278205,0 -49.2461704,-27.278135,0 -49.2461658,-27.2781029,0 -49.2461483,-27.2780541,0 -49.2460964,-27.2779843,0 -49.2458159,-27.277683,0 -49.2455963,-27.277447,0 -49.245309,-27.2771212,0 -49.2452233,-27.277024,0 -49.2452223,-27.2770228,0 -49.2450978,-27.2768706,0 -49.2450821,-27.2768435,0 -49.2450593,-27.2767864,0 -49.245053,-27.2767644,0 -49.2450469,-27.2767358,0 -49.2450411,-27.2767009,0 -49.2450258,-27.2766673,0 -49.2450231,-27.2766642,0 -49.2449884,-27.2766257,0 -49.2449472,-27.2765912,0 -49.2447574,-27.2764494,0 -49.2445406,-27.2762784,0 -49.2444566,-27.276204,0 -49.2444185,-27.2761617,0 -49.2443936,-27.2761188,0 -49.2443658,-27.2760756,0 -49.244293,-27.2759644,0 -49.2442499,-27.2759118,0 -49.2442119,-27.2758837,0 -49.2441977,-27.2758732,0 -49.2439688,-27.2757515,0 -49.2439214,-27.2757218,0 -49.2439011,-27.2757091,0 -49.2438809,-27.2756964,0 -49.2437744,-27.2756238,0 -49.2437335,-27.2755876,0 -49.2437267,-27.2755815,0 -49.2437198,-27.275575,0 -49.243711,-27.2755667,0 -49.2436625,-27.2755212,0 -49.2434923,-27.275369,0 -49.2434393,-27.2753122,0 -49.2434075,-27.2752781,0 -49.2433841,-27.2752569,0 -49.2433564,-27.2752327,0 -49.2433518,-27.2752068,0 -49.2433683,-27.2751706,0 -49.2434266,-27.2750691,0 -49.2434311,-27.275031,0 -49.2434361,-27.274968,0 -49.2434277,-27.27493,0 -49.2434155,-27.2748721,0 -49.2433971,-27.2747848,0 -49.2432852,-27.2744447,0 -49.2432611,-27.2743473,0 -49.2432377,-27.274238,0 -49.2432177,-27.2739512,0 -49.2431978,-27.2737551,0 -49.2431761,-27.2736824,0 -49.2431202,-27.2736156,0 -49.2430155,-27.2735095,0 -49.2430112,-27.2735051,0 -49.2428548,-27.2733984,0 -49.2425073,-27.2731769,0 -49.2424068,-27.27312,0 -49.2423992,-27.2731177,0 -49.242341,-27.2730994,0 -49.2422861,-27.2730963,0 -49.2420568,-27.2731181,0 -49.2419204,-27.273116,0 -49.241904,-27.2731145,0 -49.2418925,-27.2731134,0 -49.2418867,-27.2731121,0 -49.2418596,-27.273106,0 -49.2418247,-27.2730932,0 -49.2417601,-27.2730621,0 -49.2416193,-27.2729833,0 -49.2415778,-27.2729643,0 -49.2415341,-27.2729519,0 -49.2414833,-27.2729367,0 -49.241359,-27.272829,0 -49.2412105,-27.2727009,0 -49.241166,-27.2726537,0 -49.2411566,-27.2726437,0 -49.2411096,-27.2725938,0 -49.2410149,-27.2724362,0 -49.2409287,-27.2722929,0 -49.2408226,-27.272181,0 -49.2407439,-27.2721279,0 -49.2406486,-27.2720749,0 -49.240616,-27.2720568,0 -49.2403597,-27.2719446,0 -49.2401281,-27.2718327,0 -49.2401218,-27.2718287,0 -49.2399776,-27.271736,0 -49.2396564,-27.2714729,0 -49.239626,-27.2714402,0 -49.2395208,-27.2713274,0 -49.2394158,-27.2711507,0 -49.2392347,-27.2708625,0 -49.2391915,-27.2707988,0 -49.2390722,-27.270693,0 -49.2390416,-27.2706658,0 -49.2388777,-27.2705381,0 -49.2386748,-27.27038,0 -49.2383465,-27.2701247,0 -49.23802,-27.2698647,0 -49.237926,-27.269775,0 -49.2378049,-27.2696061,0 -49.2376794,-27.2693822,0 -49.237643,-27.2693173,0 -49.23759,-27.2692226,0 -49.2374911,-27.2690486,0 -49.2373784,-27.2688503,0 -49.237304,-27.2687467,0 -49.2372085,-27.2686381,0 -49.2371312,-27.2684981,0 -49.2371097,-27.2684505,0 -49.2371004,-27.2684298,0 -49.237091,-27.2683538,0 -49.2370982,-27.2682355,0 -49.237115,-27.2681804,0 -49.2372436,-27.2679845,0 -49.237252,-27.2679603,0 -49.237263,-27.2679288,0 -49.237288,-27.2678571,0 -49.2372938,-27.2677166,0 -49.2372692,-27.2675963,0 -49.2372342,-27.2674615,0 -49.2371642,-27.2673043,0 -49.2370847,-27.2671864,0 -49.2369615,-27.2670395,0 -49.23695,-27.2670275,0 -49.2368346,-27.2669068,0 -49.2364527,-27.2665734,0 -49.2361753,-27.2663393,0 -49.2360038,-27.2662265,0 -49.2358953,-27.266162,0 -49.2356374,-27.2660339,0 -49.2354268,-27.2659381,0 -49.2352178,-27.2658517,0 -49.2349959,-27.2658031,0 -49.2347726,-27.2657418,0 -49.2347188,-27.2657271,0 -49.2347002,-27.2657219,0 -49.2345488,-27.2656805,0 -49.2344594,-27.2656336,0 -49.23443,-27.2655906,0 -49.2344167,-27.2655399,0 -49.2344229,-27.2654831,0 -49.2344848,-27.2654183,0 -49.234493,-27.2654097,0 -49.2345265,-27.2653782,0 -49.2346706,-27.2652429,0 -49.234741,-27.2651475,0 -49.2348778,-27.2648822,0 -49.2349636,-27.2647095,0 -49.2349714,-27.2646654,0 -49.2349634,-27.2646147,0 -49.2349188,-27.2644706,0 -49.2348509,-27.2642515,0 -49.234849,-27.2642452,0 -49.2348401,-27.2642253,0 -49.2347602,-27.2640467,0 -49.2347096,-27.2640034,0 -49.2345991,-27.2639498,0 -49.2345447,-27.2639223,0 -49.2345117,-27.2638871,0 -49.2345018,-27.2638642,0 -49.2344691,-27.2637886,0 -49.2344034,-27.2636915,0 -49.2342083,-27.2633999,0 -49.2341798,-27.2633048,0 -49.2341816,-27.2632419,0 -49.2341837,-27.2631674,0 -49.2342215,-27.2629025,0 -49.2342202,-27.2628767,0 -49.2342175,-27.2628187,0 -49.2341957,-27.262741,0 -49.23411,-27.2625725,0 -49.2340967,-27.262517,0 -49.234105,-27.2624445,0 -49.23414,-27.2622427,0 -49.2341769,-27.2620283,0 -49.2341771,-27.2620159,0 -49.234178,-27.2619636,0 -49.2341648,-27.2619018,0 -49.2341096,-27.2618174,0 -49.2340613,-27.261741,0 -49.2339835,-27.2615157,0 -49.233951,-27.2614505,0 -49.2338,-27.2612717,0 -49.2337441,-27.2612203,0 -49.2335404,-27.261033,0 -49.2334321,-27.2609526,0 -49.2333891,-27.2608763,0 -49.2333682,-27.2607465,0 -49.2333687,-27.2607107,0 -49.2333691,-27.2606904,0 -49.2333706,-27.2605917,0 -49.2333936,-27.2604798,0 -49.233455,-27.2604,0 -49.2335359,-27.2603142,0 -49.2335436,-27.2602748,0 -49.2335401,-27.2602396,0 -49.2335222,-27.2600581,0 -49.2334917,-27.2598666,0 -49.2334748,-27.2598142,0 -49.2334281,-27.259752,0 -49.2332743,-27.2596379,0 -49.2330647,-27.2594821,0 -49.2330335,-27.2594399,0 -49.2330246,-27.2593872,0 -49.2330282,-27.2593284,0 -49.2330428,-27.2592833,0 -49.2330598,-27.2592308,0 -49.233096,-27.2591807,0 -49.2331725,-27.2591438,0 -49.2333166,-27.2590903,0 -49.2333664,-27.2590672,0 -49.2333847,-27.2590327,0 -49.2334178,-27.258951,0 -49.2334625,-27.2588015,0 -49.2334986,-27.2586471,0 -49.2334988,-27.2586434,0 -49.2335058,-27.2585256,0 -49.2334966,-27.2584354,0 -49.2334448,-27.2582452,0 -49.2333507,-27.2580466,0 -49.2332601,-27.2578543,0 -49.2332557,-27.2577989,0 -49.2332618,-27.2577453,0 -49.2332944,-27.2576999,0 -49.2333702,-27.2576521,0 -49.2333893,-27.2576437,0 -49.2334033,-27.2576371,0 -49.2336132,-27.257546,0 -49.2341332,-27.2573013,0 -49.2341781,-27.2572577,0 -49.2341998,-27.2572248,0 -49.2341973,-27.2571616,0 -49.2341746,-27.25708,0 -49.2341722,-27.2570712,0 -49.2341141,-27.2569441,0 -49.2340661,-27.2568519,0 -49.2339982,-27.2567815,0 -49.2338933,-27.2567138,0 -49.2338723,-27.2567022,0 -49.2338319,-27.2566799,0 -49.2337903,-27.2566288,0 -49.2337395,-27.2564892,0 -49.2336639,-27.2562418,0 -49.2336605,-27.2562237,0 -49.2336508,-27.2561721,0 -49.2336187,-27.2558573,0 -49.2336194,-27.25581,0 -49.2336527,-27.2557172,0 -49.2337827,-27.2554297,0 -49.2339223,-27.2552103,0 -49.2339861,-27.2550863,0 -49.2340693,-27.2549841,0 -49.2341212,-27.2549285,0 -49.2342458,-27.254761,0 -49.234307,-27.2546892,0 -49.2343947,-27.2546255,0 -49.2344306,-27.254588,0 -49.2344545,-27.2545283,0 -49.23447,-27.2544464,0 -49.2344653,-27.2543668,0 -49.2344632,-27.2543314,0 -49.234453,-27.2541792,0 -49.2344265,-27.2540635,0 -49.2344072,-27.2539981,0 -49.2344064,-27.2539953,0 -49.2343773,-27.2539349,0 -49.2343237,-27.2538553,0 -49.2342315,-27.2537506,0 -49.2341605,-27.25367,0 -49.2340285,-27.2535261,0 -49.2337426,-27.2532698,0 -49.2335724,-27.2530797,0 -49.2335362,-27.2530223,0 -49.2335108,-27.2529525,0 -49.2335068,-27.2529406,0 -49.233499,-27.2529177,0 -49.233477,-27.2528526,0 -49.2334591,-27.2527575,0 -49.2334495,-27.2526813,0 -49.2334402,-27.2526072,0 -49.2334393,-27.2525417,0 -49.2334161,-27.2523431,0 -49.2333479,-27.2520753,0 -49.2333376,-27.2519472,0 -49.2333453,-27.2517909,0 -49.2333532,-27.2517054,0 -49.2333539,-27.2516978,0 -49.2333665,-27.2516586,0 -49.2333706,-27.2516459,0 -49.233433,-27.2514982,0 -49.2334367,-27.2514821,0 -49.233442,-27.2514592,0 -49.2334577,-27.2513911,0 -49.2334756,-27.251335,0 -49.2334953,-27.2512462,0 -49.233507,-27.2511785,0 -49.2335031,-27.2510884,0 -49.2334815,-27.2510044,0 -49.2334667,-27.2509807,0 -49.2334177,-27.2509025,0 -49.2332747,-27.2507288,0 -49.2332547,-27.2507045,0 -49.2331694,-27.2506181,0 -49.2331564,-27.2505924,0 -49.2331129,-27.2505068,0 -49.2331066,-27.2504929,0 -49.2330036,-27.2502638,0 -49.2329505,-27.2501541,0 -49.2328656,-27.2500028,0 -49.2327665,-27.249872,0 -49.2325977,-27.2496452,0 -49.2324579,-27.2493898,0 -49.2323421,-27.249174,0 -49.2322724,-27.2490037,0 -49.2322573,-27.2489668,0 -49.232223,-27.2488367,0 -49.2322066,-27.2487299,0 -49.2321984,-27.248673,0 -49.2321498,-27.2485496,0 -49.232094,-27.2483126,0 -49.2320578,-27.2481373,0 -49.2320559,-27.2480979,0 -49.2320551,-27.2480631,0 -49.2320699,-27.2480297,0 -49.2320991,-27.2479849,0 -49.2321374,-27.2479414,0 -49.2321458,-27.2478998,0 -49.2321428,-27.247843,0 -49.2321018,-27.2477359,0 -49.2320636,-27.2476926,0 -49.2320211,-27.2476735,0 -49.2320111,-27.2476719,0 -49.2319591,-27.2476635,0 -49.2319114,-27.2476581,0 -49.2318988,-27.247657,0 -49.2318406,-27.2476368,0 -49.2317882,-27.2476272,0 -49.231756,-27.2476185,0 -49.2317359,-27.2476048,0 -49.2317195,-27.2475792,0 -49.2316844,-27.2475459,0 -49.2316328,-27.2475331,0 -49.2315831,-27.247539,0 -49.2315621,-27.2475409,0 -49.2315443,-27.2475382,0 -49.2315262,-27.2475278,0 -49.231391,-27.247421,0 -49.2311924,-27.247233,0 -49.2311357,-27.2471751,0 -49.2311148,-27.2471585,0 -49.2310709,-27.2471432,0 -49.2310355,-27.2471275,0 -49.2310139,-27.2471129,0 -49.2309403,-27.2469912,0 -49.230918,-27.2469598,0 -49.2308904,-27.2469317,0 -49.2308417,-27.2468982,0 -49.2308177,-27.2468805,0 -49.2307883,-27.2468494,0 -49.230754,-27.246829,0 -49.2306939,-27.2467999,0 -49.2306868,-27.2467995,0 -49.2306563,-27.2467864,0 -49.2305671,-27.2466915,0 -49.2304783,-27.2465722,0 -49.2304368,-27.2464906,0 -49.2303688,-27.2463658,0 -49.2303,-27.2462908,0 -49.2302524,-27.2461871,0 -49.2302025,-27.2461448,0 -49.2301549,-27.2461245,0 -49.2300921,-27.2460785,0 -49.23,-27.2460009,0 -49.2299716,-27.2459855,0 -49.2298079,-27.2458982,0 -49.2297446,-27.2458555,0 -49.2297061,-27.2458275,0 -49.2296778,-27.2458021,0 -49.2296547,-27.2457712,0 -49.2296242,-27.245695,0 -49.2295938,-27.2456221,0 -49.2295661,-27.2455733,0 -49.229519,-27.245505,0 -49.2294814,-27.2454545,0 -49.2294231,-27.2453416,0 -49.2293927,-27.2452801,0 -49.2293739,-27.2452357,0 -49.2293333,-27.2451592,0 -49.229308,-27.2451169,0 -49.2292689,-27.2450361,0 -49.2292143,-27.2449636,0 -49.2291588,-27.2448679,0 -49.229149,-27.2448386,0 -49.2291155,-27.2447388,0 -49.229097,-27.2446807,0 -49.2290628,-27.2446281,0 -49.2290218,-27.2446021,0 -49.2289988,-27.2445798,0 -49.2289775,-27.2445332,0 -49.2289716,-27.2444949,0 -49.2289514,-27.2444611,0 -49.2288987,-27.2444373,0 -49.2288513,-27.2444184,0 -49.2287888,-27.2443794,0 -49.2287225,-27.2443273,0 -49.2286901,-27.2442913,0 -49.2286531,-27.2442326,0 -49.2286253,-27.2441471,0 -49.2286214,-27.2440854,0 -49.2286326,-27.2439909,0 -49.2286327,-27.2439231,0 -49.2286142,-27.2438647,0 -49.2285491,-27.2437685,0 -49.2282768,-27.2435036,0 -49.2280929,-27.2433365,0 -49.2279816,-27.2432362,0 -49.2278718,-27.2431854,0 -49.2277183,-27.24313,0 -49.2276086,-27.243073,0 -49.2275144,-27.243024,0 -49.2274596,-27.2429666,0 -49.2274203,-27.2429082,0 -49.2273943,-27.2428314,0 -49.2273791,-27.2427281,0 -49.2273729,-27.2426307,0 -49.2273843,-27.2425626,0 -49.2274069,-27.2425281,0 -49.2274088,-27.2424934,0 -49.2273931,-27.242419,0 -49.2273912,-27.2423991,0 -49.22739,-27.2423871,0 -49.2273882,-27.2423685,0 -49.2273853,-27.2423379,0 -49.2273576,-27.2422842,0 -49.2272961,-27.2422418,0 -49.2272704,-27.2422311,0 -49.2272214,-27.2422107,0 -49.2271654,-27.2421521,0 -49.2271045,-27.2420644,0 -49.227072,-27.2420254,0 -49.2268693,-27.2417823,0 -49.2267893,-27.2416759,0 -49.226753,-27.2416002,0 -49.2267071,-27.2414675,0 -49.2266428,-27.2412744,0 -49.226604,-27.2411848,0 -49.2265596,-27.2411263,0 -49.2265265,-27.24109,0 -49.2264248,-27.2410481,0 -49.226328,-27.2410238,0 -49.2262404,-27.2409914,0 -49.2261797,-27.2409755,0 -49.2259404,-27.240947,0 -49.2257335,-27.2409212,0 -49.2256546,-27.240911,0 -49.2254898,-27.2409286,0 -49.2253604,-27.2409154,0 -49.2252335,-27.2409091,0 -49.2249858,-27.2408388,0 -49.2248856,-27.2407842,0 -49.2248129,-27.2407103,0 -49.2247402,-27.2406365,0 -49.2245407,-27.2403919,0 -49.2244372,-27.2402145,0 -49.2243861,-27.2400876,0 -49.2243763,-27.2399693,0 -49.2243614,-27.239851,0 -49.2243466,-27.2397199,0 -49.2243192,-27.2395713,0 -49.2243105,-27.2394658,0 -49.2242847,-27.2393751,0 -49.2242393,-27.2392935,0 -49.2241696,-27.2391941,0 -49.2240828,-27.2391131,0 -49.2239005,-27.2390066,0 -49.2237935,-27.2389693,0 -49.2236901,-27.2389552,0 -49.2235111,-27.2389657,0 -49.223189,-27.2390103,0 -49.2230411,-27.2390211,0 -49.2229399,-27.2390291,0 -49.2228933,-27.2390262,0 -49.2228665,-27.239005,0 -49.2228584,-27.2389859,0 -49.2228667,-27.2388267,0 -49.2228879,-27.238718,0 -49.2228754,-27.2386878,0 -49.2228396,-27.2386584,0 -49.2228038,-27.2386255,0 -49.2227892,-27.2385685,0 -49.2227905,-27.2384875,0 -49.2227912,-27.2384435,0 -49.2227319,-27.2383408,0 -49.2226942,-27.238265,0 -49.2226791,-27.2381583,0 -49.2226548,-27.2380549,0 -49.22264,-27.2380049,0 -49.2225958,-27.2379371,0 -49.2224977,-27.2378282,0 -49.222381,-27.2377549,0 -49.2223245,-27.2377183,0 -49.2222588,-27.2376931,0 -49.2220217,-27.2376113,0 -49.2216593,-27.2375013,0 -49.2213948,-27.2374331,0 -49.221199,-27.2373577,0 -49.2210161,-27.2372905,0 -49.2209325,-27.2372477,0 -49.2208713,-27.2371855,0 -49.2208246,-27.237112,0 -49.2207975,-27.2370201,0 -49.2207795,-27.2369284,0 -49.220785,-27.2368277,0 -49.2208153,-27.2366323,0 -49.2208552,-27.2364996,0 -49.220892,-27.2363773,0 -49.2209233,-27.2361971,0 -49.2209219,-27.2361264,0 -49.2209041,-27.2360196,0 -49.2209054,-27.235942,0 -49.2209194,-27.2357905,0 -49.2209175,-27.2357646,0 -49.2209098,-27.2356641,0 -49.2209096,-27.2355923,0 -49.2209221,-27.2355426,0 -49.2209562,-27.2355176,0 -49.2210004,-27.2355042,0 -49.221073,-27.2355052,0 -49.221139,-27.2355118,0 -49.2212559,-27.2355723,0 -49.2213809,-27.2356179,0 -49.2214478,-27.2356443,0 -49.2215529,-27.2357174,0 -49.2216768,-27.2358337,0 -49.2217381,-27.2358877,0 -49.2218013,-27.2359082,0 -49.2219179,-27.2359097,0 -49.222004,-27.2358749,0 -49.2220706,-27.2358387,0 -49.2221169,-27.2357813,0 -49.2221436,-27.2357307,0 -49.2221497,-27.2356752,0 -49.2221505,-27.2356208,0 -49.2221385,-27.2355639,0 -49.2220579,-27.2354181,0 -49.2219259,-27.2351592,0 -49.221897,-27.2351021,0 -49.2218432,-27.2349011,0 -49.221782,-27.2346767,0 -49.2217656,-27.2345642,0 -49.2217724,-27.234467,0 -49.2218075,-27.2343736,0 -49.221906,-27.2342104,0 -49.2220031,-27.2340529,0 -49.2220338,-27.2339943,0 -49.2220437,-27.2339446,0 -49.2220455,-27.233911,0 -49.2220409,-27.2338785,0 -49.2220196,-27.2338319,0 -49.2218428,-27.2335413,0 -49.221686,-27.2332984,0 -49.2216609,-27.2332448,0 -49.2216551,-27.2332007,0 -49.2216588,-27.2331312,0 -49.2216852,-27.2329393,0 -49.2216962,-27.232819,0 -49.2217394,-27.2326261,0 -49.2218321,-27.2322543,0 -49.2218815,-27.2320024,0 -49.221896,-27.2319076,0 -49.2219097,-27.2318592,0 -49.2219198,-27.2317134,0 -49.2219109,-27.2316229,0 -49.2219043,-27.2315845,0 -49.2218919,-27.2315126,0 -49.221881,-27.2313797,0 -49.2200746,-27.2308377,0 -49.219539,-27.2305864,0 -49.2185611,-27.2303214,0 -49.2183832,-27.2302973,0 -49.2182597,-27.2301441,0 -49.2182558,-27.2298059,0 -49.2183549,-27.2295392,0 -49.2192069,-27.2285956,0 -49.2192532,-27.2285018,0 -49.2192381,-27.2283499,0 -49.2188542,-27.2280045,0 -49.2177437,-27.2278262,0 -49.2161156,-27.2284935,0 -49.215515,-27.2294745,0 -49.2154078,-27.2296344,0 -49.2152175,-27.2297095,0 -49.2144728,-27.2297905,0 -49.2142959,-27.229791,0 -49.2141195,-27.2296265,0 -49.2130347,-27.2281512,0 -49.2122034,-27.2271731,0 -49.2123501,-27.2263417,0 -49.2129125,-27.2256571,0 -49.2130592,-27.2245812,0 -49.2128647,-27.2237792,0 -49.2127387,-27.2236219,0 -49.2118031,-27.2230938,0 -49.2115251,-27.2229822,0 -49.2106964,-27.2228457,0 -49.2099654,-27.2225824,0 -49.2095846,-27.2220932,0 -49.2095626,-27.221916,0 -49.2100516,-27.2212802,0 -49.2101739,-27.220889,0 -49.209725,-27.2199912,0 -49.209587,-27.2197153,0 -49.2095137,-27.2188351,0 -49.2090573,-27.2180092,0 -49.2090226,-27.2179059,0 -49.209009,-27.2178175,0 -49.2090712,-27.2171945,0 -49.2091285,-27.2170898,0 -49.2098143,-27.2165383,0 -49.2100731,-27.216125,0 -49.2100875,-27.2160341,0 -49.2100552,-27.2156534,0 -49.209994,-27.2154276,0 -49.2094932,-27.2148634,0 -49.2085923,-27.2139566,0 -49.2084654,-27.2139108,0 -49.2076282,-27.2140379,0 -49.2072073,-27.2140622,0 -49.2062428,-27.2136829,0 -49.2061419,-27.2136194,0 -49.2058459,-27.2132356,0 -49.2053324,-27.2125999,0 -49.2047945,-27.2121353,0 -49.2045923,-27.21199,0 -49.2044111,-27.2119724,0 -49.2041382,-27.2120365,0 -49.2040956,-27.2121145,0 -49.2040933,-27.2122183,0 -49.2044274,-27.2125481,0 -49.2044777,-27.2126464,0 -49.2044619,-27.2128673,0 -49.2042081,-27.2138595,0 -49.2041487,-27.2139723,0 -49.2037516,-27.2142888,0 -49.2031617,-27.2144573,0 -49.2028817,-27.2144939,0 -49.2027471,-27.2145035,0 -49.2018327,-27.2142174,0 -49.2017375,-27.2141548,0 -49.2016227,-27.2140749,0 -49.2014935,-27.213798,0 -49.2014446,-27.2125999,0 -49.2011756,-27.2114017,0 -49.2005154,-27.2100813,0 -49.2004176,-27.2093967,0 -49.2001676,-27.2085979,0 -49.2000725,-27.2084455,0 -49.1998015,-27.2081632,0 -49.1992572,-27.2076522,0 -49.1987566,-27.2073356,0 -49.1986389,-27.2072701,0 -49.1976561,-27.2070047,0 -49.1967235,-27.2069507,0 -49.1964995,-27.2070583,0 -49.1963069,-27.2071834,0 -49.1958179,-27.207686,0 -49.1954596,-27.2082524,0 -49.1951719,-27.2085952,0 -49.194622,-27.2089,0 -49.194498,-27.2089087,0 -49.1944002,-27.2088867,0 -49.1942,-27.2086368,0 -49.1940073,-27.207515,0 -49.1938156,-27.206707,0 -49.1935956,-27.2054844,0 -49.1934714,-27.2052694,0 -49.1932671,-27.205083,0 -49.1929354,-27.2046775,0 -49.1922979,-27.2040588,0 -49.1916021,-27.2037172,0 -49.1914779,-27.2036999,0 -49.1913504,-27.203664,0 -49.1904043,-27.2036448,0 -49.1901292,-27.2036865,0 -49.1877043,-27.2043617,0 -49.1874835,-27.2043596,0 -49.1872251,-27.2042941,0 -49.1870897,-27.2042321,0 -49.1870554,-27.2040883,0 -49.1870761,-27.2039318,0 -49.187759,-27.20255,0 -49.1884879,-27.2006185,0 -49.1896891,-27.2000352,0 -49.1904726,-27.1995505,0 -49.191157,-27.1995352,0 -49.1920839,-27.1991436,0 -49.1930444,-27.1999663,0 -49.1935278,-27.2001405,0 -49.1946232,-27.199987,0 -49.1961838,-27.1989741,0 -49.1963376,-27.1986817,0 -49.196847,-27.1977134,0 -49.1972244,-27.1973444,0 -49.1986621,-27.1965578,0 -49.2015528,-27.195592,0 -49.201766,-27.1951427,0 -49.2014297,-27.1944593,0 -49.2007299,-27.1941256,0 -49.199404,-27.1942388,0 -49.1988933,-27.1939485,0 -49.1987258,-27.1935915,0 -49.1987105,-27.1931722,0 -49.19906,-27.1925348,0 -49.1986563,-27.1914943,0 -49.199338,-27.1906224,0 -49.1993681,-27.1902992,0 -49.1989717,-27.1900749,0 -49.1982978,-27.1901285,0 -49.197993,-27.1894651,0 -49.197251,-27.1887517,0 -49.1971574,-27.1882982,0 -49.1976478,-27.1876962,0 -49.1977161,-27.1871627,0 -49.1980265,-27.1867068,0 -49.1980659,-27.1859777,0 -49.1972009,-27.1850494,0 -49.1976272,-27.184175,0 -49.1962312,-27.1834771,0 -49.1962325,-27.1832349,0 -49.1965222,-27.1828498,0 -49.1968119,-27.1824648,0 -49.1982298,-27.1789333,0 -49.1982452,-27.1775856,0 -49.1989032,-27.1769119,0 -49.1990607,-27.1763256,0 -49.1989331,-27.1758151,0 -49.1993785,-27.1746829,0 -49.2004849,-27.1731122,0 -49.2008832,-27.1710292,0 -49.201456,-27.1696104,0 -49.2037832,-27.1663864,0 -49.2044387,-27.1631755,0 -49.204899,-27.1627544,0 -49.2063827,-27.1623187,0 -49.209466,-27.1606252,0 -49.2101596,-27.1595636,0 -49.2115981,-27.1585543,0 -49.198,-27.158,0 -49.193,-27.155,0 -49.193,-27.139,0 -49.185,-27.14,0 -49.169,-27.13,0 -49.162,-27.124,0 -49.162,-27.12,0 -49.1549349,-27.1191497,0 -49.139,-27.132,0 -49.139,-27.14,0 -49.105,-27.138,0 -49.097,-27.166,0 -49.093,-27.17,0 -49.08,-27.174,0 -49.073,-27.171,0 -49.066,-27.172,0 -49.06,-27.166,0 -49.045,-27.175,0 -49.0308445,-27.1950107,0 -49.0302853,-27.1945878,0 -49.0298006,-27.1937256,0 -49.0296608,-27.1923493,0 -49.0296794,-27.191172,0 -49.0294277,-27.1894807,0 -49.0294837,-27.1880131,0 -49.0292227,-27.1872752,0 -49.0286541,-27.1869767,0 -49.0275076,-27.1868109,0 -49.0269204,-27.1865787,0 -49.0256341,-27.1852853,0 -49.0252333,-27.184481,0 -49.0248604,-27.1831378,0 -49.0247952,-27.1819355,0 -49.0250934,-27.1813385,0 -49.0260442,-27.1807581,0 -49.0260162,-27.1802689,0 -49.0253824,-27.1792905,0 -49.024646,-27.1790334,0 -49.0242639,-27.1785857,0 -49.0243198,-27.1779389,0 -49.0246274,-27.1767117,0 -49.0247486,-27.1748211,0 -49.0247113,-27.1742987,0 -49.0244969,-27.1739338,0 -49.0241054,-27.1738094,0 -49.0235648,-27.1738177,0 -49.0232479,-27.174307,0 -49.0230708,-27.1746386,0 -49.0225861,-27.1747216,0 -49.0221293,-27.1746304,0 -49.0217751,-27.1743401,0 -49.0212532,-27.1742655,0 -49.0209083,-27.1743899,0 -49.0200787,-27.1749206,0 -49.0194449,-27.175103,0 -49.0184382,-27.1751611,0 -49.0172078,-27.1752191,0 -49.016341,-27.1751611,0 -49.0157071,-27.1753766,0 -49.0149242,-27.1755176,0 -49.0143369,-27.1752274,0 -49.0137218,-27.1744977,0 -49.0131159,-27.1734694,0 -49.0129388,-27.1730382,0 -49.0124821,-27.1726817,0 -49.011755,-27.1727148,0 -49.0112983,-27.1732455,0 -49.0110839,-27.1739587,0 -49.0104314,-27.1741079,0 -49.0099001,-27.1736602,0 -49.0092383,-27.1726568,0 -49.0092011,-27.1722007,0 -49.0092383,-27.1715207,0 -49.0088002,-27.1703598,0 -49.0087723,-27.1698208,0 -49.0091078,-27.1695223,0 -49.0101704,-27.1695803,0 -49.0108136,-27.1696135,0 -49.0114847,-27.1691906,0 -49.0119974,-27.1689335,0 -49.0128829,-27.1689003,0 -49.0136285,-27.1691076,0 -49.0141878,-27.1690413,0 -49.0150453,-27.1682535,0 -49.0172265,-27.1671671,0 -49.0173756,-27.1666779,0 -49.0171892,-27.1660808,0 -49.0172638,-27.1653427,0 -49.0176459,-27.1638417,0 -49.007,-27.164,0 -49.005,-27.157,0 -48.9932106,-27.1540527,0 -48.989,-27.153,0 -48.9767922,-27.1611244,0 -48.987,-27.182,0 -48.9952828,-27.1894943,0 -49.008,-27.201,0 -49.008,-27.232,0 -49.023,-27.242,0 -49.021,-27.256,0 -49.026,-27.261,0 -49.0300889,-27.2666338,0 -49.037,-27.271,0 -49.05,-27.272,0 -49.065,-27.277,0 -49.074,-27.276,0 -49.075,-27.275,0 -49.075,-27.27,0 -49.087,-27.275,0 -49.091,-27.276,0 -49.101,-27.276,0 -49.108,-27.275,0 -49.111,-27.279,0 -49.124,-27.277,0 -49.128,-27.281,0 -49.134,-27.28,0 -49.138,-27.282,0 -49.142,-27.283,0 -49.154,-27.29,0 -49.17,-27.293,0 -49.175,-27.293,0 -49.179,-27.291,0 -49.205,-27.294,0 -49.2216169,-27.3087774,0 -49.2221024,-27.3079971,0 -49.2222545,-27.3077818,0 -49.2224104,-27.3071062,0 -49.2228343,-27.3063704,0 -49.2230678,-27.305616,0 -49.2233363,-27.3053997,0 -49.2235994,-27.3050839,0 -49.2238621,-27.3048069,0 -49.2241529,-27.3045979,0 -49.2245495,-27.3044232,0 -49.2248712,-27.3042326,0 -49.2253351,-27.3040536,0 -49.2256306,-27.3037816,0 -49.2259126,-27.3033656,0 -49.226115,-27.303124,0 -49.2263317,-27.3027973,0 -49.2266022,-27.3023443,0 -49.2266861,-27.3021966,0 -49.2268811,-27.3018615,0 -49.226922,-27.3018079,0 -49.2269812,-27.3017338,0 -49.2270186,-27.3016881,0 -49.2270602,-27.3016242,0 -49.2271045,-27.3015549,0 -49.2271441,-27.3014759,0 -49.2271714,-27.301415,0 -49.2272385,-27.3012515,0 -49.2272692,-27.3011979,0 -49.2273047,-27.3011388,0 -49.227338,-27.3011015,0 -49.2273509,-27.3010859,0 -49.2275084,-27.3008255,0 -49.227571,-27.3007412,0 -49.2276044,-27.3007009,0 -49.22762,-27.3006846,0 -49.2276411,-27.3006653,0 -49.2276818,-27.3006239,0 -49.2277321,-27.300577,0 -49.2278167,-27.3004954,0 -49.2279859,-27.300391,0 -49.2282669,-27.3002188,0 -49.2284761,-27.3001084,0 -49.2285389,-27.3000779,0 -49.2285727,-27.300067,0 -49.2286354,-27.3000476,0 -49.2286892,-27.3000282,0 -49.2287106,-27.3000203,0 -49.2287322,-27.3000128,0 -49.2287713,-27.2999978,0 -49.2288065,-27.2999866,0 -49.2288416,-27.2999754,0 -49.2289072,-27.2999542,0 -49.2289499,-27.2999408,0 -49.2290706,-27.2999032,0 -49.2291464,-27.2998851,0 -49.2292173,-27.2998775,0 -49.2292786,-27.2998716,0 -49.2293323,-27.2998688,0 -49.2293984,-27.2998654,0 -49.2294763,-27.2998572,0 -49.2295403,-27.2998464,0 -49.2296079,-27.2998277,0 -49.2296431,-27.2998118,0 -49.22967,-27.2997966,0 -49.2297059,-27.299774,0 -49.2297612,-27.2997355,0 -49.2298471,-27.2996399,0 -49.229897,-27.2995743,0 -49.2299413,-27.2995172,0 -49.2299822,-27.2994645,0 -49.2300058,-27.2994308,0 -49.2300867,-27.2993088,0 -49.2300997,-27.2992849,0 -49.2301295,-27.2992447,0 -49.2301735,-27.2992026,0 -49.2302171,-27.2991726,0 -49.2302534,-27.2991563,0 -49.2302886,-27.2991447,0 -49.2304505,-27.2991053,0 -49.2305274,-27.2990858,0 -49.2305567,-27.2990719,0 -49.2305804,-27.2990559,0 -49.2306073,-27.2990346,0 -49.2306276,-27.2990166,0 -49.2306604,-27.2989907,0 -49.2307043,-27.2989654,0 -49.230728,-27.298954,0 -49.2307472,-27.2989457,0 -49.2307841,-27.2989337,0 -49.2308274,-27.2989109,0 -49.2308424,-27.2989,0 -49.2308574,-27.298889,0 -49.230878,-27.2988664,0 -49.2308952,-27.2988391,0 -49.2309089,-27.2988153,0 -49.2309564,-27.2987126,0 -49.2309878,-27.2986785,0 -49.2310164,-27.298665,0 -49.2310565,-27.2986559,0 -49.2311149,-27.2986527,0 -49.231165,-27.298653,0 -49.2312067,-27.2986513,0 -49.2312265,-27.2986501,0 -49.2313795,-27.2986617,0 -49.2314073,-27.298664,0 -49.2314576,-27.2986755,0 -49.2314695,-27.2986783,0 -49.2314986,-27.2986856,0 -49.2315386,-27.298687,0 -49.2315738,-27.2986804,0 -49.2315947,-27.2986662,0 -49.2316097,-27.2986516,0 -49.2317335,-27.2985069,0 -49.2319629,-27.2982977,0 -49.2320004,-27.2982675,0 -49.2320279,-27.2982398,0 -49.2320386,-27.2982294,0 -49.2320841,-27.2981767,0 -49.2321035,-27.298153,0 -49.2321228,-27.2981293,0 -49.2321503,-27.2980848,0 -49.2321785,-27.2980418,0 -49.2323506,-27.297849,0 -49.2323886,-27.2978273,0 -49.2324469,-27.2977949,0 -49.2325102,-27.2977664,0 -49.2325608,-27.2977397,0 -49.2326326,-27.2976943,0 -49.232691,-27.2976488,0 -49.2327023,-27.2976375,0 -49.2327227,-27.2976182,0 -49.2327573,-27.2975795,0 -49.2329863,-27.2973641,0 -49.2332154,-27.2971487,0 -49.2332929,-27.2970832,0 -49.2333162,-27.2970638,0 -49.2334096,-27.2969996,0 -49.2334319,-27.2969868,0 -49.2335352,-27.2969507,0 -49.2335885,-27.2969346,0 -49.2337989,-27.2968827,0 -49.23395,-27.2968257,0 -49.233998,-27.2967883,0 -49.2340284,-27.2967477,0 -49.2340495,-27.2967013,0 -49.2340738,-27.2966566,0 -49.2340872,-27.2966378,0 -49.2341006,-27.296619,0 -49.2341438,-27.2965796,0 -49.2341856,-27.296549,0 -49.2343129,-27.2964588,0 -49.2343854,-27.2964202,0 -49.2344526,-27.2963879,0 -49.2346755,-27.2963069,0 -49.2347498,-27.2962816,0 -49.2348508,-27.2962547,0 -49.234933,-27.2962301,0 -49.2350288,-27.2961869,0 -49.2350993,-27.2961465,0 -49.2351659,-27.2960985,0 -49.2352131,-27.2960394,0 -49.2352518,-27.2959739,0 -49.2352775,-27.2959223,0 -49.2352901,-27.2958758,0 -49.2352911,-27.2958054,0 -49.2352894,-27.2957479,0 -49.235291,-27.2956897,0 -49.2353095,-27.2956439,0 -49.2353396,-27.2955975,0 -49.2353926,-27.2955518,0 -49.2354011,-27.2955465,0 -49.2355088,-27.2955474,0 -49.2355666,-27.2955463,0 -49.2355919,-27.2955359,0 -49.2356206,-27.2955167,0 -49.2356313,-27.2954924,0 -49.2356301,-27.2954553,0 -49.2356158,-27.2954118,0 -49.2355908,-27.2953587,0 -49.2355436,-27.2950937,0 -49.235542,-27.2950529,0 -49.2355549,-27.2950039,0 -49.2356329,-27.2948697,0 -49.2357923,-27.2946837,0 -49.2359851,-27.2945326,0 -49.2361011,-27.2944508,0 -49.2361799,-27.2944062,0 -49.2362431,-27.294378,0 -49.2363147,-27.2943542,0 -49.2363967,-27.2943308,0 -49.236476,-27.2943149,0 -49.2365277,-27.2943097,0 -49.2365652,-27.2943192,0 -49.2365759,-27.2943312,0 -49.2365967,-27.2943545,0 -49.2366168,-27.2944196,0 -49.2366616,-27.2946308,0 -49.236718,-27.2946742,0 -49.2368227,-27.2947386,0 -49.236881,-27.2947734,0 -49.2369715,-27.2948134,0 -49.2370443,-27.2948253,0 -49.2370968,-27.2948212,0 -49.2371623,-27.2948022,0 -49.2372358,-27.2947548,0 -49.2374481,-27.2945876,0 -49.2375208,-27.2945467,0 -49.2376227,-27.2945016,0 -49.2377663,-27.2944469,0 -49.2378746,-27.2944152,0 -49.2379608,-27.2944003,0 -49.2380658,-27.2943851,0 -49.2381573,-27.2943819,0 -49.2382573,-27.2943804,0 -49.2385348,-27.2943848,0 -49.2385859,-27.2943839,0 -49.2386464,-27.2943791,0 -49.2387466,-27.2943578,0 -49.2388891,-27.2943285,0 -49.2390403,-27.2942768,0 -49.2394146,-27.2940603,0 -49.2395268,-27.2939971,0 -49.2395466,-27.293987,0 -49.2396803,-27.2939187,0 -49.2400704,-27.2937255,0 -49.240366,-27.2936092,0 -49.2404525,-27.2935556,0 -49.2405313,-27.2934935,0 -49.2406042,-27.2934256,0 -49.2406376,-27.2933946,0 -49.2407336,-27.2932792,0 -49.2409622,-27.2930256,0 -49.2410888,-27.2928996,0 -49.2410966,-27.2928949,0 -49.2411497,-27.2928635,0 -49.2412274,-27.2928342,0 -49.2412994,-27.2928249,0 -49.241821,-27.2929099,0 -49.2419774,-27.2929464,0 -49.2420372,-27.2929614,0 -49.2420909,-27.2929668,0 -49.2421576,-27.2929537,0 -49.2421632,-27.2929515,0 -49.242166,-27.2929504,0 -49.2421985,-27.2929375,0 -49.2422543,-27.2928935,0 -49.2423204,-27.2928026,0 -49.2424036,-27.2926211,0 -49.2424219,-27.2925528,0 -49.2424287,-27.292487,0 -49.2424209,-27.292425,0 -49.2423859,-27.2923736,0 -49.242338,-27.2923404,0 -49.2422459,-27.2922815,0 -49.2422156,-27.2922456,0 -49.2422029,-27.2922044,0 -49.2422013,-27.2921993,0 -49.2422008,-27.2921294,0 -49.2421787,-27.2916682,0 -49.2421713,-27.291514,0 -49.2421819,-27.2914543,0 -49.2422012,-27.2914041,0 -49.242206,-27.2913919,0 -49.242243,-27.2913366,0 -49.2422897,-27.2913105,0 -49.2423598,-27.2912923,0 -49.2424394,-27.2912743,0 -49.2425302,-27.2912546,0 -49.2428343,-27.2911373,0 -49.2430626,-27.2910024,0 -49.2430913,-27.2909814,0 -49.2431118,-27.2909656,0 -49.2431268,-27.2909483,0 -49.2431381,-27.290929,0 -49.2432278,-27.2908306,0 -49.2432372,-27.2908085,0 -49.2432421,-27.2907807,0 -49.2432419,-27.2907542,0 -49.2432392,-27.2907267,0 -49.2432308,-27.2907014,0 -49.2432216,-27.2906858,0 -49.2432068,-27.290674,0 -49.2431779,-27.2906584,0 -49.2431507,-27.2906446,0 -49.2431293,-27.2906341,0 -49.2431068,-27.2906219,0 -49.2430766,-27.2906023,0 -49.243066,-27.2905918,0 -49.2430598,-27.2905831,0 -49.2430574,-27.2905692,0 -49.2430572,-27.2905512,0 -49.2430622,-27.2905377,0 -49.2430773,-27.2905182,0 -49.2430944,-27.2905048,0 -49.2431199,-27.2904992,0 -49.2432166,-27.2904505,0 -49.2434957,-27.2903015,0 -49.2435543,-27.2902753,0 -49.2435732,-27.2902582,0 -49.2435991,-27.2901688,0 -49.2436137,-27.2900973,0 -49.2436298,-27.2900433,0 -49.2436455,-27.2900016,0 -49.2436866,-27.2899175,0 -49.2437208,-27.2898799,0 -49.2437433,-27.2898579,0 -49.243759,-27.2898345,0 -49.2437777,-27.2897938,0 -49.2437873,-27.2897104,0 -49.2437856,-27.2896659,0 -49.2437722,-27.2895999,0 -49.2437649,-27.2895759,0 -49.2437613,-27.289554,0 -49.2437648,-27.2895276,0 -49.2437849,-27.2894885,0 -49.2438483,-27.2893813,0 -49.2438865,-27.2893169,0 -49.2439119,-27.2892768,0 -49.2440056,-27.2891287,0 -49.244117,-27.2889624,0 -49.2441367,-27.2889291,0 -49.244152,-27.2888898,0 -49.244156,-27.2888521,0 -49.2441525,-27.2888141,0 -49.244135,-27.2887717,0 -49.2440378,-27.288488,0 -49.243449,-27.2878425,0 -49.2433263,-27.287708,0 -49.2433119,-27.2876748,0 -49.2432996,-27.2876314,0 -49.2432878,-27.2874457,0 -49.243307,-27.2873499,0 -49.2433029,-27.2870309,0 -49.2432732,-27.2863439,0 -49.2432762,-27.2862417,0 -49.243292,-27.2861702,0 -49.2433175,-27.2860973,0 -49.2433629,-27.2860099,0 -49.2434295,-27.2859229,0 -49.2437404,-27.2855946,0 -49.2437837,-27.2855509,0 -49.243822,-27.2855013,0 -49.2438585,-27.2854044,0 -49.2438684,-27.2853666,0 -49.2438859,-27.2852576,0 -49.2438896,-27.2852055,0 -49.2438976,-27.2851596,0 -49.2439153,-27.2850992,0 -49.2440007,-27.2849315,0 -49.2440742,-27.2848408,0 -49.2440924,-27.2848218,0 -49.2443461,-27.2845564,0 -49.2443487,-27.2845542,0 -49.2445381,-27.2842057,0 -49.2446174,-27.2840819,0 -49.2446534,-27.2838965,0 -49.2446084,-27.2837736,0 -49.2446039,-27.2836412,0 -49.2446341,-27.2835987,0 -49.2447498,-27.2836371,0 -49.2449014,-27.2836351,0 -49.2449857,-27.2835883,0 -49.2450062,-27.2834978,0 -49.2450606,-27.2834267,0 -49.2450857,-27.2833526,0 -49.2450852,-27.283297,0 -49.2450603,-27.2831855,0 -49.2449812,-27.2829873,0 -49.2449649,-27.2828216,0 -49.2449952,-27.282705,0 -49.2451655,-27.2826513,0 -49.2453668,-27.2826243,0 -49.2454504,-27.2826256,0 -49.2456256,-27.2826283,0 -49.2457456,-27.2826367,0 -49.2458018,-27.282625,0 -49.2458644,-27.2825885,0 -49.2458769,-27.2825813,0 -49.2459235,-27.2825263,0 -49.2459846,-27.2823991,0 -49.2460274,-27.2822912,0 -49.2460886,-27.2822201,0 -49.2461477,-27.2821746,0 -49.2461793,-27.2821566,0 -49.2462277,-27.282129,0 -49.2463157,-27.2821011,0 -49.2465961,-27.2820494,0 -49.2467055,-27.2820165,0 -49.2468481,-27.2819513,0 -49.2469977,-27.2818616,0 -49.2470597,-27.2817891,0 -49.2471023,-27.2817262,0 -49.2471349,-27.2816504,0 -49.2471706,-27.2815195,0 -49.247194,-27.2814264,0 -49.2472549,-27.2813477,0 -49.2473467,-27.2812802,0 -49.247545,-27.2811989,0 -49.2477855,-27.2811307,0 -49.2477965,-27.2811212,0 -49.2477999,-27.2811128,0 -49.2478,-27.2811028,0</coordinates></LinearRing></outerBoundaryIs></Polygon></Placemark>
<Placemark><name>Canelinha</name><styleUrl>#v</styleUrl><Polygon><outerBoundaryIs><LinearRing><coordinates>-48.8929093,-27.2155354,0 -48.886,-27.214,0 -48.866,-27.22,0 -48.862,-27.224,0 -48.855,-27.223,0 -48.837,-27.23,0 -48.829,-27.239,0 -48.828437,-27.2399384,0 -48.823,-27.249,0 -48.8155583,-27.2487157,0 -48.8154011,-27.2489614,0 -48.8150924,-27.2492434,0 -48.8147558,-27.2494409,0 -48.8140225,-27.2499907,0 -48.8134293,-27.2506123,0 -48.81324,-27.2509184,0 -48.8131683,-27.2511187,0 -48.8131337,-27.2513307,0 -48.8130542,-27.2517662,0 -48.8128933,-27.2521213,0 -48.812855,-27.2522668,0 -48.8128577,-27.252601,0 -48.8130494,-27.2531772,0 -48.8132188,-27.2535294,0 -48.8135343,-27.2540778,0 -48.8135573,-27.2542565,0 -48.8135267,-27.2543697,0 -48.8133279,-27.2545751,0 -48.813276,-27.2546556,0 -48.8132413,-27.2548045,0 -48.8132582,-27.2548955,0 -48.8132969,-27.2549867,0 -48.8136692,-27.2554793,0 -48.8137604,-27.2555984,0 -48.8137951,-27.255709,0 -48.8138155,-27.2558098,0 -48.8138137,-27.255946,0 -48.8137871,-27.2560333,0 -48.8137538,-27.2560751,0 -48.8136286,-27.2561345,0 -48.8132916,-27.2561707,0 -48.8131779,-27.256257,0 -48.8131328,-27.2563668,0 -48.8131275,-27.2564868,0 -48.8132239,-27.2566046,0 -48.8132344,-27.2566371,0 -48.813207,-27.2567796,0 -48.8131255,-27.2569019,0 -48.8130616,-27.2570602,0 -48.8132376,-27.2573001,0 -48.8133287,-27.2574909,0 -48.8134414,-27.2576721,0 -48.8135862,-27.2578485,0 -48.8137633,-27.2579868,0 -48.8139242,-27.2581108,0 -48.8141388,-27.2581966,0 -48.8143748,-27.25823,0 -48.8145894,-27.2583158,0 -48.8147771,-27.2584398,0 -48.8149273,-27.2585924,0 -48.8150293,-27.2587784,0 -48.8151044,-27.2589787,0 -48.8151527,-27.2591837,0 -48.8151956,-27.259384,0 -48.8152599,-27.2595891,0 -48.8153672,-27.2597703,0 -48.8155121,-27.2599372,0 -48.8155705,-27.2599708,0 -48.8156795,-27.260027,0 -48.8158625,-27.2600668,0 -48.8160111,-27.2601325,0 -48.8160544,-27.2601728,0 -48.8162292,-27.2604222,0 -48.8162717,-27.2605661,0 -48.8164861,-27.2607988,0 -48.8166278,-27.2610198,0 -48.8166816,-27.2611389,0 -48.8166455,-27.2613049,0 -48.816565,-27.2613921,0 -48.8164922,-27.2615278,0 -48.8162791,-27.26178,0 -48.8159517,-27.2620802,0 -48.8159229,-27.2621283,0 -48.8159727,-27.2627092,0 -48.8159972,-27.2628837,0 -48.8160389,-27.2631812,0 -48.8161285,-27.2636456,0 -48.8162153,-27.2643364,0 -48.8157154,-27.2645703,0 -48.8153242,-27.2647832,0 -48.8149178,-27.2649312,0 -48.8144741,-27.2650834,0 -48.8143493,-27.2651399,0 -48.8139677,-27.2654243,0 -48.8138544,-27.2655535,0 -48.8131653,-27.2664865,0 -48.8130391,-27.2665964,0 -48.8125001,-27.267092,0 -48.8123552,-27.2672593,0 -48.8121729,-27.2675145,0 -48.8118478,-27.2680274,0 -48.811626,-27.2685031,0 -48.8116785,-27.2686214,0 -48.8118293,-27.2687827,0 -48.8119793,-27.2688979,0 -48.8121802,-27.2690026,0 -48.8122125,-27.2690376,0 -48.8121915,-27.2692905,0 -48.8121957,-27.2694467,0 -48.8122935,-27.2702055,0 -48.8123231,-27.2702774,0 -48.8125001,-27.2705225,0 -48.8125459,-27.2706518,0 -48.8126186,-27.2709563,0 -48.8127019,-27.2710894,0 -48.8127748,-27.2712057,0 -48.8128333,-27.2712169,0 -48.812689,-27.2713957,0 -48.8124733,-27.2717844,0 -48.812232,-27.2722322,0 -48.812045,-27.2725769,0 -48.8119158,-27.2729302,0 -48.8117006,-27.2736626,0 -48.8115584,-27.2739783,0 -48.8114327,-27.2741553,0 -48.8112789,-27.2743073,0 -48.8109939,-27.2745317,0 -48.8107664,-27.274672,0 -48.8104473,-27.2748114,0 -48.8099079,-27.2749953,0 -48.8096321,-27.2750605,0 -48.8093906,-27.2750802,0 -48.8091571,-27.2750435,0 -48.8086631,-27.2748361,0 -48.8078237,-27.2745801,0 -48.8076147,-27.274547,0 -48.806985,-27.2745049,0 -48.8066487,-27.2744662,0 -48.805357,-27.2742898,0 -48.804377,-27.2742026,0 -48.8039047,-27.2742208,0 -48.8031256,-27.2743604,0 -48.8027031,-27.274459,0 -48.8022229,-27.2746021,0 -48.8018067,-27.2747584,0 -48.8014098,-27.2749452,0 -48.8009822,-27.275188,0 -48.8006676,-27.2754072,0 -48.8004181,-27.2756309,0 -48.800232,-27.2758471,0 -48.8001041,-27.2760508,0 -48.8000299,-27.2762483,0 -48.800003,-27.2764518,0 -48.8000134,-27.2766815,0 -48.8000564,-27.2769472,0 -48.8001145,-27.2771627,0 -48.8003856,-27.2778753,0 -48.800532,-27.2783887,0 -48.8005756,-27.2787268,0 -48.8005512,-27.2791529,0 -48.8004996,-27.2793078,0 -48.800412,-27.2794538,0 -48.8002656,-27.2796277,0 -48.8001051,-27.2797745,0 -48.7999524,-27.2798802,0 -48.7998264,-27.2799406,0 -48.7994175,-27.2800464,0 -48.7991901,-27.2800649,0 -48.7989718,-27.2800293,0 -48.7987049,-27.2799291,0 -48.7984338,-27.2797886,0 -48.7982188,-27.2796439,0 -48.7980529,-27.2794957,0 -48.7978501,-27.2792674,0 -48.7976496,-27.2790079,0 -48.7972917,-27.2785907,0 -48.797264,-27.2784275,0 -48.7971385,-27.2781661,0 -48.7970432,-27.2778954,0 -48.796948,-27.2774561,0 -48.7968577,-27.2764001,0 -48.7967477,-27.2756438,0 -48.7966779,-27.2753695,0 -48.7965925,-27.2751157,0 -48.796396,-27.274649,0 -48.7963098,-27.2745153,0 -48.7961766,-27.2743739,0 -48.7959696,-27.2742149,0 -48.7956751,-27.2740315,0 -48.7954202,-27.2739021,0 -48.795226,-27.2738281,0 -48.7950419,-27.273781,0 -48.7947657,-27.2737379,0 -48.7942829,-27.2737201,0 -48.7940765,-27.2737415,0 -48.7938663,-27.2737846,0 -48.7935648,-27.2738911,0 -48.7929814,-27.2741783,0 -48.7926485,-27.2743723,0 -48.7923951,-27.2745716,0 -48.7917206,-27.2753286,0 -48.7914628,-27.2755861,0 -48.7912724,-27.2757462,0 -48.7910704,-27.2758717,0 -48.7908407,-27.2759739,0 -48.7905097,-27.2760891,0 -48.7901859,-27.2761758,0 -48.7899848,-27.2762024,0 -48.7896613,-27.2761991,0 -48.7894123,-27.2761761,0 -48.7892238,-27.2761353,0 -48.7888852,-27.2760042,0 -48.7878614,-27.2755022,0 -48.7876412,-27.2754245,0 -48.7874358,-27.2753802,0 -48.7871048,-27.2753528,0 -48.786723,-27.2753706,0 -48.7864117,-27.2754272,0 -48.7861613,-27.2755163,0 -48.7859639,-27.2756502,0 -48.7857439,-27.2759017,0 -48.7856185,-27.2761202,0 -48.7855507,-27.2763701,0 -48.7855321,-27.276585,0 -48.7855383,-27.2768376,0 -48.7857117,-27.2783273,0 -48.7859037,-27.2783848,0 -48.7859309,-27.2783842,0 -48.7863047,-27.2784412,0 -48.7864516,-27.2784872,0 -48.7868675,-27.2786592,0 -48.7874015,-27.2786556,0 -48.7876105,-27.278683,0 -48.7877226,-27.2787312,0 -48.7877853,-27.2789698,0 -48.7878176,-27.279004,0 -48.7878621,-27.2790201,0 -48.7879376,-27.2790106,0 -48.7880004,-27.2789778,0 -48.788253,-27.2788061,0 -48.7884504,-27.2786352,0 -48.7884947,-27.2786267,0 -48.7885445,-27.2786536,0 -48.7887035,-27.2787829,0 -48.7887433,-27.2788351,0 -48.7887849,-27.2791892,0 -48.7888586,-27.2793932,0 -48.7890746,-27.2798557,0 -48.7893195,-27.2802442,0 -48.789348,-27.2803872,0 -48.7893934,-27.2809314,0 -48.7894338,-27.2810387,0 -48.789754,-27.2814129,0 -48.7900914,-27.2817656,0 -48.790211,-27.2819555,0 -48.7903304,-27.2820606,0 -48.7903946,-27.2820965,0 -48.7904482,-27.2821058,0 -48.7906078,-27.2820202,0 -48.7907059,-27.28201,0 -48.7908432,-27.2820611,0 -48.7908952,-27.2821028,0 -48.7909122,-27.2821362,0 -48.7908463,-27.2824966,0 -48.7908579,-27.2825684,0 -48.7908916,-27.2826355,0 -48.7913096,-27.2830871,0 -48.791366,-27.2831108,0 -48.7916234,-27.2831544,0 -48.7919184,-27.2833688,0 -48.792001,-27.2834465,0 -48.7925356,-27.2840848,0 -48.7926115,-27.2841939,0 -48.7927102,-27.2843887,0 -48.7928572,-27.2848249,0 -48.7928968,-27.2848971,0 -48.7929776,-27.284934,0 -48.7930962,-27.2849401,0 -48.7932234,-27.284918,0 -48.7933591,-27.2848435,0 -48.7934641,-27.2848602,0 -48.7935161,-27.284911,0 -48.793538,-27.2849588,0 -48.7935126,-27.2853029,0 -48.793531,-27.2853783,0 -48.7936062,-27.2854296,0 -48.7940914,-27.2856535,0 -48.7941602,-27.2856991,0 -48.7942025,-27.2857531,0 -48.7942343,-27.2858768,0 -48.7942437,-27.28604,0 -48.7942199,-27.2860935,0 -48.794063,-27.2862944,0 -48.7940587,-27.2863461,0 -48.7940906,-27.2864761,0 -48.7940584,-27.2865833,0 -48.7939985,-27.2866643,0 -48.7938597,-27.2867064,0 -48.7938062,-27.2867394,0 -48.7935977,-27.2869912,0 -48.793505,-27.2871647,0 -48.7933615,-27.2876109,0 -48.7934109,-27.2876761,0 -48.7935297,-27.2877505,0 -48.7936191,-27.2877829,0 -48.7938227,-27.2878194,0 -48.7938931,-27.2878665,0 -48.7945012,-27.2886086,0 -48.7945953,-27.2887671,0 -48.794757,-27.2891137,0 -48.7948123,-27.2891934,0 -48.7948905,-27.2892386,0 -48.7952417,-27.2893586,0 -48.7952909,-27.2893903,0 -48.7952883,-27.2894395,0 -48.7952395,-27.2895345,0 -48.7951263,-27.2897262,0 -48.7949103,-27.290024,0 -48.7948214,-27.2902343,0 -48.7948435,-27.2902951,0 -48.7950859,-27.2905131,0 -48.7950958,-27.2905598,0 -48.795077,-27.2906436,0 -48.7949759,-27.2909301,0 -48.794749,-27.2913015,0 -48.7947678,-27.2914158,0 -48.794797,-27.2914811,0 -48.7950403,-27.2916573,0 -48.7950179,-27.2917053,0 -48.7949263,-27.2917672,0 -48.794924,-27.291809,0 -48.7954793,-27.2921848,0 -48.7958402,-27.2925944,0 -48.7958511,-27.2926784,0 -48.7958063,-27.2927123,0 -48.795594,-27.2927496,0 -48.7955645,-27.292774,0 -48.7955654,-27.2928132,0 -48.7956896,-27.292854,0 -48.7957084,-27.2928784,0 -48.7956476,-27.2931178,0 -48.7956683,-27.2931609,0 -48.7957319,-27.2931682,0 -48.7959911,-27.293114,0 -48.7960572,-27.2931171,0 -48.7960792,-27.2931404,0 -48.796074,-27.2933486,0 -48.7961163,-27.2934283,0 -48.7962111,-27.2934491,0 -48.7966505,-27.2934188,0 -48.7967549,-27.2934472,0 -48.7967989,-27.293487,0 -48.7968194,-27.2935283,0 -48.796812,-27.293601,0 -48.7965593,-27.2941698,0 -48.7964593,-27.2944422,0 -48.7964661,-27.2944983,0 -48.7966039,-27.2946696,0 -48.7966172,-27.2947159,0 -48.7966113,-27.2948211,0 -48.7965555,-27.2949655,0 -48.7965621,-27.2950473,0 -48.7966126,-27.295131,0 -48.7967055,-27.2953573,0 -48.7967296,-27.2953825,0 -48.7967911,-27.2953934,0 -48.7970349,-27.2953135,0 -48.7971562,-27.2953368,0 -48.7972319,-27.2953801,0 -48.797569,-27.2957341,0 -48.797576,-27.2957568,0 -48.79757,-27.2958165,0 -48.7973987,-27.2960799,0 -48.7973135,-27.2962887,0 -48.7971986,-27.2963779,0 -48.7971339,-27.2964492,0 -48.7970155,-27.2964628,0 -48.7969338,-27.296448,0 -48.7969085,-27.2964279,0 -48.7968453,-27.2964248,0 -48.7967508,-27.2965252,0 -48.7967767,-27.2965954,0 -48.7968478,-27.2966479,0 -48.7969084,-27.2967263,0 -48.7969541,-27.296829,0 -48.7969174,-27.2971351,0 -48.7967425,-27.2972997,0 -48.7966814,-27.2973997,0 -48.7966991,-27.2974229,0 -48.7968304,-27.2974363,0 -48.7968965,-27.297478,0 -48.7969302,-27.2975502,0 -48.7969307,-27.2976232,0 -48.7968942,-27.2977242,0 -48.7968501,-27.2977548,0 -48.7968185,-27.2977534,0 -48.7966532,-27.297648,0 -48.7963651,-27.2977017,0 -48.7962897,-27.2977097,0 -48.7962488,-27.2977314,0 -48.7962415,-27.2977921,0 -48.7962731,-27.2978049,0 -48.7963916,-27.2978944,0 -48.7965512,-27.2978628,0 -48.7965901,-27.2978982,0 -48.7965622,-27.2979468,0 -48.796054,-27.2981568,0 -48.7960603,-27.2982041,0 -48.7963576,-27.2984828,0 -48.7963469,-27.2985224,0 -48.796206,-27.2986065,0 -48.7961989,-27.2986278,0 -48.7962329,-27.2989499,0 -48.7961779,-27.2991324,0 -48.7961809,-27.2991645,0 -48.796328,-27.2993918,0 -48.7963381,-27.2994293,0 -48.796308,-27.2994711,0 -48.7962968,-27.2996255,0 -48.796323,-27.2998334,0 -48.7964018,-27.2999405,0 -48.7964704,-27.2999578,0 -48.7965164,-27.3000328,0 -48.7965199,-27.3000751,0 -48.7964518,-27.300218,0 -48.7964062,-27.3004003,0 -48.7964387,-27.3005797,0 -48.7964909,-27.3006465,0 -48.7965567,-27.3006599,0 -48.7966338,-27.3006527,0 -48.7968829,-27.3007705,0 -48.7969311,-27.3007946,0 -48.7969401,-27.3008305,0 -48.7969375,-27.3008813,0 -48.7968868,-27.3011425,0 -48.7967341,-27.3014421,0 -48.7964925,-27.3015929,0 -48.796353,-27.3017931,0 -48.7963128,-27.3019552,0 -48.7963852,-27.3020577,0 -48.7964872,-27.3020625,0 -48.7966776,-27.3021483,0 -48.7968519,-27.3022126,0 -48.7970585,-27.3023389,0 -48.797155,-27.3024557,0 -48.7971362,-27.3025678,0 -48.7971443,-27.3026965,0 -48.7971813,-27.3028385,0 -48.7972114,-27.302914,0 -48.7973677,-27.3030449,0 -48.7973931,-27.3030834,0 -48.7974955,-27.3031406,0 -48.7976632,-27.3031957,0 -48.7980276,-27.3033682,0 -48.7982144,-27.3034208,0 -48.7983204,-27.3034031,0 -48.7988032,-27.3031692,0 -48.7988302,-27.3031561,0 -48.7989249,-27.3031347,0 -48.7990855,-27.3031398,0 -48.7992057,-27.303216,0 -48.7992633,-27.3033038,0 -48.7993284,-27.3034496,0 -48.7994038,-27.3036743,0 -48.7995534,-27.3043814,0 -48.7997144,-27.305021,0 -48.7998495,-27.3054387,0 -48.8001115,-27.3060758,0 -48.8003302,-27.3063642,0 -48.8005437,-27.3065925,0 -48.800909,-27.3068703,0 -48.8010769,-27.3069634,0 -48.8011956,-27.3070657,0 -48.8012953,-27.3072076,0 -48.8013202,-27.3073223,0 -48.8013208,-27.3074286,0 -48.8012962,-27.3076006,0 -48.8011695,-27.3078974,0 -48.8011363,-27.3080596,0 -48.8011423,-27.3081457,0 -48.8013692,-27.3088448,0 -48.8014054,-27.3090755,0 -48.8013824,-27.30946,0 -48.8012826,-27.3097902,0 -48.801215,-27.3099272,0 -48.8008884,-27.3103352,0 -48.800771,-27.3104222,0 -48.8006052,-27.3105055,0 -48.8001358,-27.3106784,0 -48.7999938,-27.3106959,0 -48.7998856,-27.3106805,0 -48.7995708,-27.3105148,0 -48.799445,-27.3104728,0 -48.7993107,-27.3104871,0 -48.7989746,-27.3106111,0 -48.7988336,-27.3106632,0 -48.7987202,-27.3107702,0 -48.7986202,-27.3111143,0 -48.7985772,-27.3111957,0 -48.7984684,-27.3113076,0 -48.7982724,-27.3114297,0 -48.7980644,-27.3115982,0 -48.7979112,-27.3117623,0 -48.7978317,-27.3119166,0 -48.7978248,-27.3120551,0 -48.7978807,-27.3124527,0 -48.7979929,-27.3126715,0 -48.7980187,-27.3128543,0 -48.7979996,-27.3130723,0 -48.7979338,-27.3133065,0 -48.7977611,-27.3136736,0 -48.7975896,-27.3138653,0 -48.7973307,-27.3140591,0 -48.7970466,-27.3142006,0 -48.7966436,-27.3143415,0 -48.7964664,-27.3144452,0 -48.7963823,-27.3145276,0 -48.7961143,-27.3150013,0 -48.7961109,-27.3152024,0 -48.7960457,-27.3158576,0 -48.7959609,-27.3161283,0 -48.7957356,-27.3165322,0 -48.7955749,-27.3167701,0 -48.7950354,-27.317425,0 -48.7949865,-27.3175485,0 -48.7949912,-27.3176656,0 -48.7950616,-27.3180425,0 -48.7950903,-27.3182998,0 -48.7951539,-27.3185067,0 -48.7952542,-27.3186686,0 -48.7952942,-27.318802,0 -48.7952912,-27.3188863,0 -48.7952342,-27.3189679,0 -48.7950577,-27.3190883,0 -48.7944981,-27.3193507,0 -48.7944112,-27.3194145,0 -48.7943581,-27.3194871,0 -48.7943353,-27.3195565,0 -48.7943293,-27.3196226,0 -48.7943486,-27.3197302,0 -48.7943667,-27.3202987,0 -48.7943917,-27.3204933,0 -48.7944408,-27.3209415,0 -48.7944463,-27.3211458,0 -48.7945102,-27.3217766,0 -48.7945129,-27.3220321,0 -48.7945279,-27.3221733,0 -48.7947143,-27.3226136,0 -48.7947219,-27.3226977,0 -48.7946793,-27.3228508,0 -48.79448,-27.3233732,0 -48.7944247,-27.32356,0 -48.7944236,-27.3237675,0 -48.7945156,-27.3241936,0 -48.7945177,-27.324398,0 -48.7944936,-27.3246658,0 -48.7945607,-27.3247974,0 -48.7947493,-27.3249733,0 -48.794997,-27.3251636,0 -48.7951718,-27.3253215,0 -48.7952964,-27.3254647,0 -48.7953686,-27.3256054,0 -48.7954012,-27.3257792,0 -48.7955606,-27.3265748,0 -48.7957513,-27.3271023,0 -48.7958931,-27.3273216,0 -48.7960518,-27.3275086,0 -48.796225,-27.3276514,0 -48.7963673,-27.3277404,0 -48.7967647,-27.3277587,0 -48.797115,-27.3277956,0 -48.7972503,-27.3278423,0 -48.7974914,-27.32798,0 -48.7976098,-27.3280678,0 -48.7978166,-27.3282213,0 -48.7983232,-27.3287338,0 -48.7984476,-27.3288249,0 -48.7985568,-27.3289049,0 -48.7990277,-27.3292189,0 -48.7992503,-27.3293673,0 -48.7996205,-27.3299035,0 -48.8001597,-27.330602,0 -48.8002768,-27.3308659,0 -48.8003567,-27.3312061,0 -48.8004724,-27.3318585,0 -48.8005,-27.3320141,0 -48.8006305,-27.3323294,0 -48.8010086,-27.3328179,0 -48.8010987,-27.3329948,0 -48.8011734,-27.3332262,0 -48.8012124,-27.3334506,0 -48.8012062,-27.3338024,0 -48.8011519,-27.3340383,0 -48.8010045,-27.3342729,0 -48.8007998,-27.3345067,0 -48.8002676,-27.3350365,0 -48.7999376,-27.3354669,0 -48.7998343,-27.3356382,0 -48.7998316,-27.3357916,0 -48.7998752,-27.3361633,0 -48.8000024,-27.336664,0 -48.799987,-27.3371202,0 -48.7999785,-27.3372074,0 -48.7998807,-27.3374747,0 -48.79974,-27.337735,0 -48.799489,-27.338288,0 -48.7991816,-27.3389298,0 -48.7988502,-27.3394558,0 -48.7984993,-27.3398538,0 -48.7984241,-27.3399688,0 -48.7984088,-27.3400352,0 -48.7983397,-27.3404361,0 -48.7982513,-27.340831,0 -48.7978745,-27.3418008,0 -48.7977994,-27.3419098,0 -48.7968966,-27.3423863,0 -48.7967926,-27.3424811,0 -48.7964072,-27.34324,0 -48.7963355,-27.3434348,0 -48.7962433,-27.3439907,0 -48.796222,-27.3444473,0 -48.7962709,-27.3448209,0 -48.7963186,-27.3449513,0 -48.7964533,-27.3452554,0 -48.7966655,-27.3455232,0 -48.7969076,-27.3457856,0 -48.797351,-27.3463147,0 -48.7974388,-27.3464831,0 -48.7974556,-27.3465956,0 -48.7974705,-27.3472246,0 -48.7974556,-27.3481783,0 -48.7975132,-27.3490748,0 -48.7975233,-27.3491744,0 -48.7975019,-27.3493974,0 -48.7973462,-27.3506024,0 -48.79737,-27.350883,0 -48.7974068,-27.3511213,0 -48.7975205,-27.351369,0 -48.7977008,-27.3516126,0 -48.7979077,-27.3518374,0 -48.7981275,-27.3520233,0 -48.7983929,-27.3521779,0 -48.799617,-27.3527169,0 -48.7997086,-27.3528059,0 -48.7999263,-27.3532746,0 -48.7999817,-27.3533524,0 -48.8002042,-27.3535581,0 -48.8003281,-27.3538259,0 -48.8004075,-27.3540197,0 -48.8004694,-27.3541141,0 -48.8005747,-27.3542266,0 -48.8009198,-27.3544861,0 -48.803,-27.356,0 -48.801,-27.359,0 -48.793,-27.351,0 -48.7590133,-27.3160373,0 -48.7586828,-27.3161256,0 -48.7585499,-27.3161205,0 -48.7582422,-27.3160134,0 -48.7572778,-27.3155837,0 -48.7569599,-27.3152741,0 -48.756456,-27.3148205,0 -48.7559662,-27.3144864,0 -48.7557911,-27.3143904,0 -48.7552636,-27.31415,0 -48.7547097,-27.3137659,0 -48.7545781,-27.3136414,0 -48.7537961,-27.3129753,0 -48.7536213,-27.3128734,0 -48.7534453,-27.3127953,0 -48.7526976,-27.3125642,0 -48.7525041,-27.3124377,0 -48.7521792,-27.3120695,0 -48.7514319,-27.3113445,0 -48.7506806,-27.3105409,0 -48.7500948,-27.3100325,0 -48.7496141,-27.309657,0 -48.7490149,-27.3092524,0 -48.747942,-27.3085626,0 -48.7466395,-27.3077707,0 -48.7458404,-27.3073871,0 -48.7455507,-27.3072517,0 -48.7450782,-27.3070738,0 -48.7445633,-27.3067855,0 -48.7444615,-27.30671,0 -48.7443751,-27.3066164,0 -48.7442748,-27.3063812,0 -48.7442196,-27.306155,0 -48.7441439,-27.3059683,0 -48.7440235,-27.3057853,0 -48.7438438,-27.3056059,0 -48.7428152,-27.3047733,0 -48.7422577,-27.3044161,0 -48.7420337,-27.3042228,0 -48.7416322,-27.3037263,0 -48.7413548,-27.3034748,0 -48.7412001,-27.3032825,0 -48.7409755,-27.3028461,0 -48.7408211,-27.3026359,0 -48.7407989,-27.3024988,0 -48.74068,-27.3022364,0 -48.7403831,-27.3017017,0 -48.7403022,-27.3015282,0 -48.7402564,-27.3013242,0 -48.7402686,-27.3009311,0 -48.7402551,-27.3005906,0 -48.7402251,-27.3003338,0 -48.7401143,-27.2999035,0 -48.7398542,-27.2992501,0 -48.7396865,-27.2988841,0 -48.7394378,-27.2984348,0 -48.7394342,-27.2983582,0 -48.7394873,-27.298206,0 -48.7398355,-27.2977306,0 -48.7401286,-27.2972412,0 -48.7401671,-27.2971246,0 -48.7401881,-27.2969779,0 -48.7401947,-27.2962861,0 -48.7402755,-27.296115,0 -48.7403811,-27.2959857,0 -48.7409563,-27.2955447,0 -48.7410613,-27.2954407,0 -48.7412278,-27.2952297,0 -48.7413976,-27.2949797,0 -48.7419573,-27.2939224,0 -48.7419931,-27.293808,0 -48.742023,-27.2936039,0 -48.7420149,-27.2934981,0 -48.741939,-27.2933129,0 -48.7415732,-27.2928357,0 -48.741504,-27.2926989,0 -48.7412478,-27.2920281,0 -48.7412192,-27.2917931,0 -48.7412707,-27.2912929,0 -48.7412684,-27.2911549,0 -48.7412402,-27.2910281,0 -48.7411782,-27.2909155,0 -48.7409828,-27.2907847,0 -48.740778,-27.290609,0 -48.7407178,-27.2905367,0 -48.7405746,-27.2902447,0 -48.7401342,-27.2898926,0 -48.7400663,-27.2898203,0 -48.7399273,-27.289572,0 -48.7398144,-27.2894322,0 -48.7397407,-27.2893919,0 -48.7391869,-27.2893,0 -48.7389027,-27.2891741,0 -48.7387798,-27.2890772,0 -48.7387423,-27.289026,0 -48.7386926,-27.2889425,0 -48.7386449,-27.2887601,0 -48.7386032,-27.2886629,0 -48.7385683,-27.2886094,0 -48.7385074,-27.2885693,0 -48.738428,-27.2885519,0 -48.7382372,-27.2885717,0 -48.7375069,-27.2886769,0 -48.7373815,-27.2886426,0 -48.7370631,-27.288488,0 -48.7368768,-27.2884159,0 -48.7367795,-27.2883959,0 -48.7363942,-27.2883665,0 -48.7359668,-27.2882583,0 -48.7354344,-27.2882495,0 -48.7351494,-27.2882218,0 -48.7350445,-27.2881948,0 -48.7349604,-27.2881566,0 -48.734821,-27.2880532,0 -48.7339335,-27.287171,0 -48.7334999,-27.2870106,0 -48.7332598,-27.2868665,0 -48.733166,-27.2867465,0 -48.7330608,-27.286732,0 -48.7328793,-27.2866434,0 -48.7328538,-27.2866249,0 -48.7328596,-27.2865515,0 -48.7328471,-27.286517,0 -48.7327145,-27.2864219,0 -48.7326568,-27.2862723,0 -48.7325074,-27.2861769,0 -48.73246,-27.2861722,0 -48.7324546,-27.286202,0 -48.7324845,-27.286294,0 -48.7324613,-27.2863099,0 -48.732428,-27.2863027,0 -48.7322951,-27.286226,0 -48.7319704,-27.286079,0 -48.7317451,-27.2860085,0 -48.7316013,-27.2860005,0 -48.7313768,-27.2861136,0 -48.7311734,-27.2861671,0 -48.7310959,-27.2862239,0 -48.7310043,-27.2864044,0 -48.7309627,-27.2864546,0 -48.7307381,-27.2865814,0 -48.7306634,-27.2866675,0 -48.7304482,-27.2868201,0 -48.7302961,-27.2868809,0 -48.7301033,-27.2869083,0 -48.730065,-27.2868957,0 -48.7300243,-27.2868472,0 -48.7299605,-27.2868054,0 -48.7299057,-27.2866329,0 -48.7296838,-27.2864706,0 -48.7294305,-27.2863724,0 -48.7293169,-27.2864357,0 -48.7292014,-27.286428,0 -48.7287871,-27.2862436,0 -48.7285019,-27.2862587,0 -48.7284534,-27.2862296,0 -48.7284216,-27.2860642,0 -48.7283661,-27.2859582,0 -48.7282561,-27.2859092,0 -48.7282384,-27.2858838,0 -48.7281957,-27.2857734,0 -48.7281789,-27.2856585,0 -48.7281305,-27.2856077,0 -48.7280616,-27.2855681,0 -48.7279667,-27.2855491,0 -48.7279127,-27.2855624,0 -48.727879,-27.2855943,0 -48.7278314,-27.2857408,0 -48.7277875,-27.2857703,0 -48.7276383,-27.2857921,0 -48.7274048,-27.2857674,0 -48.7271181,-27.2856757,0 -48.7270436,-27.2856729,0 -48.7267344,-27.2855191,0 -48.7266524,-27.2854955,0 -48.7264318,-27.2854709,0 -48.7262514,-27.2854043,0 -48.7261734,-27.2853657,0 -48.7260434,-27.2852661,0 -48.7256878,-27.284855,0 -48.7256139,-27.2848146,0 -48.7255192,-27.2847853,0 -48.7254237,-27.2847906,0 -48.7250336,-27.2849566,0 -48.724893,-27.2849635,0 -48.7248307,-27.2849256,0 -48.7247141,-27.284714,0 -48.724591,-27.2845623,0 -48.7242767,-27.2842636,0 -48.7241938,-27.284217,0 -48.7239071,-27.2841246,0 -48.7235569,-27.28387,0 -48.7229832,-27.2836143,0 -48.7228346,-27.2835422,0 -48.7226688,-27.2833892,0 -48.7225341,-27.2832562,0 -48.7224214,-27.2831023,0 -48.7221592,-27.2825867,0 -48.7221688,-27.2824993,0 -48.7222775,-27.2823584,0 -48.7223086,-27.28223,0 -48.722242,-27.2817292,0 -48.7221833,-27.2815809,0 -48.7220635,-27.2813992,0 -48.7219023,-27.2812238,0 -48.7217748,-27.2811594,0 -48.7216583,-27.2810631,0 -48.7214804,-27.2809472,0 -48.7212751,-27.2806697,0 -48.7210259,-27.2803891,0 -48.7209866,-27.280301,0 -48.7207743,-27.2799842,0 -48.7206528,-27.2797611,0 -48.7205799,-27.2796746,0 -48.7204932,-27.279634,0 -48.720282,-27.2796281,0 -48.7201392,-27.2795589,0 -48.7200812,-27.2794957,0 -48.7199641,-27.2792121,0 -48.7198867,-27.2790245,0 -48.7194955,-27.27905,0 -48.7190785,-27.2791504,0 -48.7187056,-27.279294,0 -48.7181008,-27.279588,0 -48.7178499,-27.2796748,0 -48.7174593,-27.2797433,0 -48.717321,-27.2797474,0 -48.7171974,-27.2797307,0 -48.7170166,-27.279636,0 -48.7167733,-27.2794223,0 -48.7165998,-27.2792155,0 -48.7164233,-27.2789434,0 -48.7162645,-27.278616,0 -48.7161786,-27.2783703,0 -48.7159564,-27.2774029,0 -48.7158339,-27.2771489,0 -48.7156832,-27.2769783,0 -48.7155765,-27.2769074,0 -48.7154701,-27.2768682,0 -48.7153618,-27.2768573,0 -48.7152479,-27.2768711,0 -48.7150584,-27.2769302,0 -48.7144834,-27.2771574,0 -48.7140121,-27.277275,0 -48.7137179,-27.2773105,0 -48.713493,-27.2773131,0 -48.7132668,-27.2772898,0 -48.7130353,-27.2772391,0 -48.7126033,-27.2770922,0 -48.7113032,-27.2765412,0 -48.7109123,-27.2764019,0 -48.7105031,-27.2762855,0 -48.7097685,-27.2761414,0 -48.7081224,-27.2759467,0 -48.7078827,-27.2758916,0 -48.7076114,-27.2757714,0 -48.7074551,-27.275655,0 -48.7072036,-27.2754098,0 -48.7058396,-27.2739231,0 -48.7048841,-27.2728306,0 -48.704586,-27.2725202,0 -48.704283,-27.2722392,0 -48.7038118,-27.271878,0 -48.7034797,-27.2716775,0 -48.7029447,-27.2714349,0 -48.7019839,-27.271111,0 -48.701,-27.265,0 -48.705,-27.264,0 -48.704,-27.268,0 -48.712,-27.261,0 -48.716,-27.263,0 -48.716,-27.26,0 -48.72,-27.261,0 -48.717,-27.266,0 -48.731,-27.263,0 -48.741,-27.271,0 -48.741,-27.265,0 -48.747,-27.264,0 -48.749,-27.261,0 -48.744,-27.257,0 -48.744,-27.251,0 -48.744,-27.238,0 -48.748,-27.231,0 -48.754,-27.232,0 -48.756,-27.227,0 -48.764,-27.229,0 -48.773,-27.211,0 -48.789,-27.206,0 -48.794,-27.197,0 -48.804,-27.192,0 -48.804,-27.1869876,0 -48.804,-27.1862449,0 -48.804,-27.186,0 -48.799,-27.181,0 -48.7990001,-27.1785177,0 -48.799,-27.177,0 -48.809,-27.174,0 -48.803,-27.173,0 -48.793,-27.162,0 -48.799,-27.155,0 -48.802,-27.145,0 -48.8030804,-27.1439197,0 -48.812,-27.135,0 -48.821,-27.138,0 -48.8235386,-27.1401761,0 -48.823585,-27.1402159,0 -48.842,-27.156,0 -48.8476622,-27.1578017,0 -48.864,-27.163,0 -48.8655,-27.1645,0 -48.867,-27.166,0 -48.864,-27.168,0 -48.872,-27.175,0 -48.8723773,-27.1746772,0 -48.8724977,-27.1742207,0 -48.8727815,-27.17398,0 -48.8728507,-27.1739213,0 -48.8729114,-27.1739517,0 -48.879,-27.177,0 -48.882,-27.183,0 -48.895,-27.21,0 -48.895,-27.2142758,0 -48.895,-27.216,0 -48.8929093,-27.2155354,0</coordinates></LinearRing></outerBoundaryIs></Polygon></Placemark>
<Placemark><name>Camboriú</name><styleUrl>#v</styleUrl><Polygon><outerBoundaryIs><LinearRing><coordinates>-48.812,-27.135,0 -48.803,-27.127,0 -48.806,-27.12,0 -48.8023736,-27.1169781,0 -48.794,-27.11,0 -48.7943446,-27.1094832,0 -48.7977306,-27.1044041,0 -48.798,-27.104,0 -48.79,-27.096,0 -48.786,-27.095,0 -48.784,-27.084,0 -48.779,-27.079,0 -48.777,-27.077,0 -48.7763745,-27.0581998,0 -48.767,-27.055,0 -48.763,-27.05,0 -48.765,-27.046,0 -48.753,-27.037,0 -48.754,-27.03,0 -48.747,-27.023,0 -48.721,-27.015,0 -48.714745,-27.0068674,0 -48.711,-27.002,0 -48.712,-26.995,0 -48.7047995,-26.9887,0 -48.6936272,-26.9789241,0 -48.692012,-26.9775107,0 -48.688,-26.974,0 -48.688,-26.973,0 -48.685,-26.971,0 -48.6829778,-26.9728497,0 -48.682923,-26.9728998,0 -48.6823862,-26.976352,0 -48.6822496,-26.9769677,0 -48.6821773,-26.9772146,0 -48.6820909,-26.977476,0 -48.6819886,-26.9777411,0 -48.6818918,-26.9779529,0 -48.6817566,-26.9782069,0 -48.681626,-26.9784071,0 -48.6814568,-26.9786553,0 -48.6812898,-26.9788669,0 -48.681109,-26.979084,0 -48.6809245,-26.9792858,0 -48.680739,-26.9794661,0 -48.680566,-26.9796183,0 -48.6802728,-26.9798536,0 -48.6800347,-26.9800237,0 -48.6798354,-26.9801567,0 -48.6795504,-26.9803199,0 -48.679231,-26.9804847,0 -48.6789798,-26.9805963,0 -48.6787233,-26.980699,0 -48.6692056,-26.9842274,0 -48.668931,-26.984345,0 -48.6686315,-26.984495,0 -48.668388,-26.9846238,0 -48.6681149,-26.984783,0 -48.6678796,-26.9849379,0 -48.6677149,-26.985053,0 -48.6674691,-26.9852388,0 -48.6672695,-26.9854134,0 -48.6670399,-26.985633,0 -48.6668283,-26.9858581,0 -48.6666305,-26.9860846,0 -48.6627206,-26.9910138,0 -48.661881,-26.9920314,0 -48.6617088,-26.9922267,0 -48.6615063,-26.9924318,0 -48.6613121,-26.9926163,0 -48.6610842,-26.9928228,0 -48.6608666,-26.9930178,0 -48.6606369,-26.9932037,0 -48.6594806,-26.9940993,0 -48.6580599,-26.9951842,0 -48.6578037,-26.9953691,0 -48.6576176,-26.9954994,0 -48.6573697,-26.9956623,0 -48.6571329,-26.9958006,0 -48.6568341,-26.9959588,0 -48.656568,-26.9960931,0 -48.6563271,-26.9962035,0 -48.6560589,-26.9963193,0 -48.6557229,-26.9964492,0 -48.6554474,-26.9965472,0 -48.6551326,-26.9966507,0 -48.6546618,-26.996799,0 -48.6542894,-26.9969162,0 -48.6540907,-26.9969759,0 -48.6538953,-26.9970322,0 -48.653357,-26.9971668,0 -48.6530118,-26.9972565,0 -48.6526155,-26.9973647,0 -48.6507664,-26.9979071,0 -48.6510087,-26.9987013,0 -48.6509007,-26.9987655,0 -48.6504972,-26.9988928,0 -48.6499335,-26.9990747,0 -48.6498639,-26.9991026,0 -48.6498271,-26.9991321,0 -48.6497837,-26.999185,0 -48.6497708,-26.9992424,0 -48.6497131,-26.9993018,0 -48.6496152,-26.9994763,0 -48.6494275,-26.9996053,0 -48.6492853,-26.999689,0 -48.6491539,-26.9996914,0 -48.6489044,-26.9996699,0 -48.648604,-26.9996364,0 -48.6479871,-26.9996149,0 -48.6476143,-26.9996197,0 -48.6473622,-26.9996077,0 -48.6471744,-26.9995719,0 -48.6469679,-26.9995814,0 -48.6466138,-26.9996459,0 -48.6461824,-26.9997379,0 -48.6457153,-26.9998849,0 -48.6454954,-27.000002,0 -48.6453478,-27.0001215,0 -48.6452486,-27.0002506,0 -48.6452084,-27.0003796,0 -48.6451544,-27.0007002,0 -48.6452354,-27.0008323,0 -48.6452808,-27.000906,0 -48.6452926,-27.0009261,0 -48.6452935,-27.0009275,0 -48.6453305,-27.0009855,0 -48.645352,-27.0010236,0 -48.6454187,-27.0011778,0 -48.6454196,-27.0012786,0 -48.6453414,-27.0016036,0 -48.6453544,-27.0017141,0 -48.6454113,-27.0018111,0 -48.645761,-27.0021602,0 -48.6458109,-27.0022933,0 -48.6457667,-27.0027808,0 -48.6457553,-27.0028923,0 -48.6458776,-27.0030822,0 -48.6459629,-27.0032367,0 -48.6459373,-27.0034039,0 -48.6453431,-27.0040828,0 -48.645218,-27.0042626,0 -48.6452294,-27.0044526,0 -48.6454398,-27.0048122,0 -48.645744,-27.0053847,0 -48.646105,-27.0057798,0 -48.6462528,-27.0060179,0 -48.6463381,-27.0063016,0 -48.646486,-27.0065853,0 -48.6466025,-27.0071907,0 -48.6466894,-27.0072997,0 -48.6468698,-27.0074754,0 -48.6469226,-27.0075769,0 -48.6469892,-27.007834,0 -48.6470489,-27.007991,0 -48.6471768,-27.0082266,0 -48.6472309,-27.0085216,0 -48.6472059,-27.0090209,0 -48.647092,-27.0093779,0 -48.646887,-27.0098541,0 -48.6468194,-27.0099731,0 -48.6468069,-27.0099949,0 -48.6466837,-27.0102214,0 -48.6463638,-27.0106709,0 -48.6462136,-27.0108574,0 -48.6461297,-27.010963,0 -48.6455441,-27.0110796,0 -48.6448379,-27.0114316,0 -48.6439212,-27.0118068,0 -48.6438629,-27.0122022,0 -48.6448185,-27.0124446,0 -48.6450582,-27.0128054,0 -48.6449351,-27.0131806,0 -48.6443326,-27.0131806,0 -48.6434742,-27.012791,0 -48.6415338,-27.0127361,0 -48.6405284,-27.0132956,0 -48.6399265,-27.0133735,0 -48.6385873,-27.0135426,0 -48.6369286,-27.0144802,0 -48.6365524,-27.0146928,0 -48.6352911,-27.0155008,0 -48.6347275,-27.0163435,0 -48.6345137,-27.0170823,0 -48.63395,-27.0171516,0 -48.6332503,-27.0169149,0 -48.631961,-27.0158587,0 -48.6303676,-27.0154432,0 -48.6294999,-27.0149451,0 -48.6291398,-27.0144733,0 -48.6288365,-27.0134867,0 -48.6286767,-27.0132183,0 -48.6285237,-27.0131339,0 -48.6283084,-27.0154771,0 -48.6284296,-27.0185565,0 -48.62838,-27.0187516,0 -48.6282889,-27.0188872,0 -48.6265445,-27.0192853,0 -48.6259408,-27.0198798,0 -48.6257658,-27.0204585,0 -48.6256654,-27.0207906,0 -48.6256139,-27.0234776,0 -48.6255182,-27.0284779,0 -48.625444,-27.0290015,0 -48.6251978,-27.0295557,0 -48.6245068,-27.030211,0 -48.6232872,-27.0307427,0 -48.6209537,-27.0309377,0 -48.6160467,-27.0313479,0 -48.6152546,-27.0316946,0 -48.6149146,-27.0323647,0 -48.6158498,-27.0352287,0 -48.6156695,-27.0373097,0 -48.6148576,-27.0393053,0 -48.6134492,-27.0420794,0 -48.6105708,-27.0462671,0 -48.6142874,-27.0537369,0 -48.617,-27.06,0 -48.6156691,-27.0639927,0 -48.614,-27.069,0 -48.621,-27.071,0 -48.6220008,-27.0716092,0 -48.644,-27.085,0 -48.6468577,-27.0840475,0 -48.659,-27.08,0 -48.668,-27.093,0 -48.676,-27.098,0 -48.673,-27.112,0 -48.665,-27.114,0 -48.66,-27.124,0 -48.686,-27.136,0 -48.689,-27.142,0 -48.691,-27.14,0 -48.698,-27.138,0 -48.716,-27.145,0 -48.721,-27.143,0 -48.736,-27.149,0 -48.749,-27.149,0 -48.754,-27.135,0 -48.772,-27.134,0 -48.774,-27.136,0 -48.772,-27.145,0 -48.781,-27.151,0 -48.799,-27.155,0 -48.802,-27.145,0 -48.8030804,-27.1439197,0 -48.812,-27.135,0</coordinates></LinearRing></outerBoundaryIs></Polygon></Placemark>
<Placemark><name>Itajaí</name><styleUrl>#v</styleUrl><Polygon><outerBoundaryIs><LinearRing><coordinates>-48.866,-27.003,0 -48.869,-27.012,0 -48.855,-27.025,0 -48.8519741,-27.0266265,0 -48.8524435,-27.0269834,0 -48.8529612,-27.0276395,0 -48.8533045,-27.0280887,0 -48.8537444,-27.028471,0 -48.8540662,-27.0287864,0 -48.8544042,-27.0290755,0 -48.855182,-27.0298568,0 -48.8554234,-27.0302486,0 -48.8558365,-27.0307073,0 -48.8561476,-27.0310132,0 -48.8563729,-27.0312425,0 -48.8565124,-27.0315292,0 -48.8565661,-27.031835,0 -48.8566519,-27.0322077,0 -48.8566733,-27.0324945,0 -48.8569067,-27.0329183,0 -48.8571132,-27.0332877,0 -48.8572849,-27.0334214,0 -48.8578321,-27.033517,0 -48.8585938,-27.0335457,0 -48.8596962,-27.0333292,0 -48.8602434,-27.0332241,0 -48.8607905,-27.0331285,0 -48.8611446,-27.0331476,0 -48.8614262,-27.0331443,0 -48.8622175,-27.0331476,0 -48.8627861,-27.0332145,0 -48.8631616,-27.0333101,0 -48.8637092,-27.0334486,0 -48.8637543,-27.033597,0 -48.8637567,-27.0337141,0 -48.8638165,-27.0338548,0 -48.8638261,-27.0339357,0 -48.8637567,-27.0340167,0 -48.8635941,-27.0340401,0 -48.8634529,-27.0340465,0 -48.8632066,-27.0341552,0 -48.8630385,-27.0342627,0 -48.8629668,-27.0344054,0 -48.8628822,-27.034611,0 -48.8627419,-27.034855,0 -48.8627371,-27.0350617,0 -48.8627656,-27.0353232,0 -48.8629246,-27.0356727,0 -48.8628772,-27.0357481,0 -48.8628772,-27.0358776,0 -48.8628738,-27.0361397,0 -48.8629753,-27.0363718,0 -48.8630607,-27.0365863,0 -48.8630956,-27.0367439,0 -48.8631763,-27.0376933,0 -48.8638035,-27.0378484,0 -48.8641583,-27.0379895,0 -48.8641013,-27.0380629,0 -48.8640189,-27.0381555,0 -48.8640126,-27.0382147,0 -48.8640395,-27.0383445,0 -48.8641298,-27.0383817,0 -48.8641393,-27.0384212,0 -48.8641067,-27.0386574,0 -48.8640999,-27.0387925,0 -48.8641234,-27.0389743,0 -48.8639784,-27.0391203,0 -48.8638094,-27.039266,0 -48.8636027,-27.0394357,0 -48.8633144,-27.0394385,0 -48.8631607,-27.0394464,0 -48.8631012,-27.0394732,0 -48.8630262,-27.0395457,0 -48.8630104,-27.0396388,0 -48.8630009,-27.0398025,0 -48.8628583,-27.0399661,0 -48.8626936,-27.040031,0 -48.862532,-27.0400846,0 -48.8625415,-27.040347,0 -48.8626699,-27.0436197,0 -48.8626794,-27.0436621,0 -48.8626446,-27.0436931,0 -48.8624767,-27.0436874,0 -48.8619414,-27.0436169,0 -48.8616119,-27.043569,0 -48.8615517,-27.0435901,0 -48.8614773,-27.0435845,0 -48.8613849,-27.0436503,0 -48.8609969,-27.0438943,0 -48.8609256,-27.0439598,0 -48.8608232,-27.0439921,0 -48.8606616,-27.0439357,0 -48.8605856,-27.0438539,0 -48.8604621,-27.0439019,0 -48.8603829,-27.0438116,0 -48.8602214,-27.0438708,0 -48.8601422,-27.0438849,0 -48.8600281,-27.0438342,0 -48.8599584,-27.0438821,0 -48.8598381,-27.0438483,0 -48.8596829,-27.0438624,0 -48.8596195,-27.0439498,0 -48.8596581,-27.0440402,0 -48.859636,-27.0442941,0 -48.8596233,-27.0444887,0 -48.8595948,-27.0445536,0 -48.8594997,-27.0446467,0 -48.8592938,-27.0447596,0 -48.8590848,-27.0448583,0 -48.8589676,-27.0448894,0 -48.8586825,-27.0448329,0 -48.8585051,-27.044816,0 -48.8584259,-27.0448922,0 -48.8582707,-27.0451404,0 -48.8582105,-27.0452815,0 -48.858163,-27.0453944,0 -48.8579254,-27.0456088,0 -48.8577956,-27.0456906,0 -48.8576784,-27.045857,0 -48.8575928,-27.0459981,0 -48.8569783,-27.045874,0 -48.856789,-27.0458577,0 -48.8566367,-27.0458378,0 -48.8564888,-27.0458418,0 -48.8563903,-27.045746,0 -48.8561887,-27.0456902,0 -48.8560185,-27.0458178,0 -48.8558438,-27.0459216,0 -48.8555123,-27.0462088,0 -48.8553934,-27.0463239,0 -48.8554003,-27.0464442,0 -48.8553689,-27.0465879,0 -48.8552973,-27.0467036,0 -48.8551763,-27.0468432,0 -48.8551405,-27.0470267,0 -48.8550016,-27.0471385,0 -48.8549702,-27.0473539,0 -48.8549299,-27.0474936,0 -48.8548403,-27.0476172,0 -48.8548179,-27.0477688,0 -48.8547361,-27.047807,0 -48.8547582,-27.0479875,0 -48.8547234,-27.0481004,0 -48.8547677,-27.0482302,0 -48.8549673,-27.0483345,0 -48.8551444,-27.0483773,0 -48.8553952,-27.0483289,0 -48.8555375,-27.0484333,0 -48.8556072,-27.0485066,0 -48.855623,-27.0487154,0 -48.855623,-27.0489637,0 -48.8557054,-27.0490539,0 -48.8558796,-27.0490116,0 -48.8559873,-27.0490962,0 -48.8559176,-27.0492994,0 -48.8557814,-27.0493896,0 -48.8556705,-27.0493755,0 -48.8554931,-27.0494912,0 -48.8554013,-27.0494686,0 -48.8553062,-27.0493727,0 -48.8552302,-27.049336,0 -48.8551479,-27.0493868,0 -48.8551479,-27.0495307,0 -48.8551985,-27.0497677,0 -48.8550465,-27.0499539,0 -48.8548944,-27.0499369,0 -48.8547519,-27.0499228,0 -48.8546189,-27.0499821,0 -48.8545333,-27.0501401,0 -48.8545682,-27.0502219,0 -48.8546157,-27.0502755,0 -48.8545808,-27.0503827,0 -48.8546442,-27.0503996,0 -48.8546759,-27.0503686,0 -48.8547107,-27.0504278,0 -48.8547076,-27.0505096,0 -48.8548374,-27.0506422,0 -48.8549103,-27.0507353,0 -48.8549039,-27.0509018,0 -48.85498,-27.0510372,0 -48.8550085,-27.0511274,0 -48.8549705,-27.0512403,0 -48.855037,-27.051308,0 -48.8550085,-27.0514293,0 -48.8549388,-27.0515365,0 -48.8548818,-27.0516606,0 -48.8548818,-27.0517481,0 -48.8548976,-27.0518327,0 -48.8548754,-27.0519681,0 -48.8547994,-27.0520104,0 -48.8547836,-27.0521402,0 -48.8548754,-27.0521628,0 -48.85498,-27.0520838,0 -48.8550497,-27.0520923,0 -48.855075,-27.0521769,0 -48.8550908,-27.0523123,0 -48.8550592,-27.0524082,0 -48.854961,-27.0524223,0 -48.8548818,-27.0524421,0 -48.8547741,-27.0524392,0 -48.8546189,-27.0523659,0 -48.8544446,-27.0523687,0 -48.8543845,-27.0524787,0 -48.8542071,-27.0525464,0 -48.8540297,-27.0525972,0 -48.8539093,-27.0526819,0 -48.8537288,-27.0527693,0 -48.853545,-27.0528652,0 -48.8534896,-27.0529104,0 -48.8534342,-27.0529555,0 -48.853362,-27.0529873,0 -48.8532489,-27.0530644,0 -48.8531952,-27.0531322,0 -48.8530765,-27.053204,0 -48.8530272,-27.0532858,0 -48.85296,-27.0533277,0 -48.852893,-27.0533636,0 -48.8527606,-27.0534115,0 -48.8526935,-27.0535232,0 -48.852633,-27.0537147,0 -48.8524784,-27.0539401,0 -48.8524695,-27.053996,0 -48.8524004,-27.053996,0 -48.8523086,-27.0540977,0 -48.8522145,-27.0541077,0 -48.8520532,-27.0541037,0 -48.8520308,-27.0541715,0 -48.8519368,-27.0542054,0 -48.8518203,-27.0542253,0 -48.8517262,-27.0543151,0 -48.8517195,-27.0544527,0 -48.8517195,-27.0545465,0 -48.8518225,-27.0545485,0 -48.8518965,-27.0545565,0 -48.8519368,-27.0546622,0 -48.8518315,-27.0547599,0 -48.8517329,-27.0549155,0 -48.8517105,-27.0550093,0 -48.851715,-27.055135,0 -48.8517218,-27.0552649,0 -48.8516569,-27.0553185,0 -48.8515618,-27.0553538,0 -48.8515143,-27.0553453,0 -48.8514985,-27.0554031,0 -48.8514399,-27.0554215,0 -48.8512783,-27.0555625,0 -48.8512118,-27.0556302,0 -48.8510677,-27.0557882,0 -48.8510598,-27.0558742,0 -48.8509806,-27.0559264,0 -48.8508761,-27.0559701,0 -48.8508033,-27.0560366,0 -48.8508212,-27.0561383,0 -48.8508369,-27.0562121,0 -48.8507652,-27.0562181,0 -48.8507406,-27.056244,0 -48.8506936,-27.056228,0 -48.8506309,-27.0563417,0 -48.8505659,-27.0564395,0 -48.8505592,-27.0565412,0 -48.8506398,-27.0566928,0 -48.8506309,-27.0567447,0 -48.8505278,-27.0567447,0 -48.8504539,-27.0567786,0 -48.8504158,-27.0568644,0 -48.8504584,-27.0569781,0 -48.8504427,-27.0570319,0 -48.8503083,-27.0570638,0 -48.850165,-27.0570219,0 -48.8500395,-27.05699,0 -48.8499477,-27.057014,0 -48.8498111,-27.0570918,0 -48.8497976,-27.0571436,0 -48.8497551,-27.0571476,0 -48.8496968,-27.0571835,0 -48.849605,-27.0572354,0 -48.8495154,-27.0573271,0 -48.8495154,-27.057395,0 -48.8494773,-27.0575106,0 -48.8493945,-27.0575366,0 -48.8493004,-27.0575226,0 -48.8492981,-27.0575825,0 -48.8483744,-27.0595617,0 -48.8476756,-27.0607744,0 -48.847138,-27.0616999,0 -48.8465646,-27.0632956,0 -48.8458299,-27.0638701,0 -48.8456866,-27.0651147,0 -48.844934,-27.0675081,0 -48.8436166,-27.0678539,0 -48.841507,-27.068426,0 -48.839429,-27.0700281,0 -48.8385167,-27.0705697,0 -48.8378072,-27.0714723,0 -48.837,-27.073,0 -48.8257235,-27.073,0 -48.824,-27.073,0 -48.808,-27.089,0 -48.8047409,-27.0902675,0 -48.79,-27.096,0 -48.786,-27.095,0 -48.784,-27.084,0 -48.779,-27.079,0 -48.777,-27.077,0 -48.7763745,-27.0581998,0 -48.767,-27.055,0 -48.763,-27.05,0 -48.765,-27.046,0 -48.753,-27.037,0 -48.754,-27.03,0 -48.747,-27.023,0 -48.721,-27.015,0 -48.714745,-27.0068674,0 -48.711,-27.002,0 -48.712,-26.995,0 -48.7047995,-26.9887,0 -48.6936272,-26.9789241,0 -48.692012,-26.9775107,0 -48.688,-26.974,0 -48.688,-26.973,0 -48.685,-26.971,0 -48.6829778,-26.9728497,0 -48.682923,-26.9728998,0 -48.6828722,-26.9728727,0 -48.6750706,-26.9687199,0 -48.6641406,-26.9627789,0 -48.6623573,-26.9648683,0 -48.6620968,-26.9666542,0 -48.6611651,-26.9674042,0 -48.6601376,-26.9676131,0 -48.6599063,-26.9674527,0 -48.6596831,-26.9672728,0 -48.6595145,-26.9671376,0 -48.6594163,-26.9670628,0 -48.6592861,-26.9671622,0 -48.6591208,-26.9670327,0 -48.6590356,-26.9668452,0 -48.6590913,-26.9666515,0 -48.6591314,-26.9664729,0 -48.6591063,-26.9662631,0 -48.6590256,-26.9661219,0 -48.658803,-26.9660003,0 -48.6586645,-26.9659299,0 -48.6585547,-26.965921,0 -48.6584846,-26.9660282,0 -48.6584495,-26.9661219,0 -48.6585347,-26.9663586,0 -48.6584195,-26.9664166,0 -48.6582892,-26.9662603,0 -48.658174,-26.9661755,0 -48.6579636,-26.966171,0 -48.6578885,-26.9662648,0 -48.6577232,-26.9662157,0 -48.6574877,-26.9660371,0 -48.6574827,-26.9659523,0 -48.6574226,-26.9658183,0 -48.6572523,-26.9655505,0 -48.6572673,-26.9653451,0 -48.6573325,-26.9651219,0 -48.6572817,-26.9649541,0 -48.657145,-26.9647642,0 -48.6569412,-26.964728,0 -48.6565907,-26.9648492,0 -48.6563937,-26.9648702,0 -48.6559132,-26.96473,0 -48.6553581,-26.9648157,0 -48.6552293,-26.9646923,0 -48.6552083,-26.9646132,0 -48.6552296,-26.9644269,0 -48.6551446,-26.9643543,0 -48.6549958,-26.9643228,0 -48.6547727,-26.964206,0 -48.6545353,-26.9641049,0 -48.6542839,-26.9637166,0 -48.6542059,-26.9635619,0 -48.6540394,-26.9634483,0 -48.6536038,-26.9632399,0 -48.65354,-26.9630915,0 -48.6533806,-26.9628737,0 -48.6532814,-26.9627695,0 -48.6533165,-26.9625367,0 -48.6531663,-26.9624072,0 -48.6532013,-26.9622778,0 -48.6531472,-26.9621349,0 -48.6529766,-26.9620372,0 -48.652797,-26.961953,0 -48.6526143,-26.9618526,0 -48.6524742,-26.9617956,0 -48.6522154,-26.9617251,0 -48.6518104,-26.9615487,0 -48.6516856,-26.9614347,0 -48.6515547,-26.9613804,0 -48.6513811,-26.9612257,0 -48.6512502,-26.9610737,0 -48.6509883,-26.960976,0 -48.6508726,-26.9608729,0 -48.6505224,-26.9604414,0 -48.6502941,-26.9602894,0 -48.6500261,-26.9599365,0 -48.6498739,-26.959828,0 -48.6498185,-26.9596726,0 -48.6496635,-26.9596304,0 -48.6494094,-26.9595306,0 -48.6492242,-26.9593617,0 -48.6490692,-26.9593694,0 -48.6489142,-26.9593003,0 -48.6487453,-26.9592693,0 -48.6484926,-26.959158,0 -48.6484134,-26.958816,0 -48.6484012,-26.9586261,0 -48.6482459,-26.9585229,0 -48.6481014,-26.9585419,0 -48.6479723,-26.9584805,0 -48.6478237,-26.9585573,0 -48.6477268,-26.9585899,0 -48.6476794,-26.9585266,0 -48.6475804,-26.9585112,0 -48.6475029,-26.958565,0 -48.6473931,-26.9585074,0 -48.647307,-26.9584153,0 -48.6471928,-26.9584249,0 -48.6470271,-26.958517,0 -48.6468957,-26.9586206,0 -48.6466546,-26.9585419,0 -48.6465189,-26.9586091,0 -48.646267,-26.9584191,0 -48.6461809,-26.9582829,0 -48.6460948,-26.9581696,0 -48.6459613,-26.958089,0 -48.6457783,-26.9580833,0 -48.6455371,-26.9581581,0 -48.6454445,-26.958256,0 -48.6453477,-26.9583539,0 -48.6451151,-26.9584038,0 -48.6448472,-26.9581011,0 -48.6445584,-26.9578163,0 -48.6444555,-26.9577119,0 -48.6441267,-26.9575517,0 -48.6438983,-26.9575002,0 -48.6435329,-26.957454,0 -48.6434081,-26.9573726,0 -48.6434081,-26.9571093,0 -48.6434612,-26.9564089,0 -48.6434629,-26.9559423,0 -48.6434416,-26.9558581,0 -48.6433685,-26.9558744,0 -48.643198,-26.9559884,0 -48.6430305,-26.9560536,0 -48.6429361,-26.9559938,0 -48.642927,-26.955831,0 -48.6429879,-26.9556682,0 -48.6428691,-26.95547,0 -48.6426316,-26.955337,0 -48.6425525,-26.9552312,0 -48.6423667,-26.9552203,0 -48.6421871,-26.9552339,0 -48.6421201,-26.9553018,0 -48.6418795,-26.9553397,0 -48.6416938,-26.9553669,0 -48.6410666,-26.955508,0 -48.6407773,-26.9554673,0 -48.6405002,-26.9556112,0 -48.6399577,-26.9559254,0 -48.6398518,-26.9559625,0 -48.6397943,-26.9559818,0 -48.6397366,-26.9560017,0 -48.6397233,-26.9560063,0 -48.6396899,-26.9560178,0 -48.6395546,-26.9560655,0 -48.6391513,-26.9561187,0 -48.6388407,-26.9559477,0 -48.638655,-26.9557903,0 -48.6386693,-26.9556253,0 -48.6386777,-26.9554474,0 -48.6387555,-26.9549869,0 -48.6386032,-26.9547481,0 -48.638314,-26.9545174,0 -48.6381039,-26.954341,0 -48.6378968,-26.9542351,0 -48.637638,-26.9542215,0 -48.63737,-26.9542351,0 -48.6372482,-26.9541917,0 -48.637026,-26.9542161,0 -48.6365083,-26.9542812,0 -48.6354761,-26.9544658,0 -48.6349585,-26.9544278,0 -48.6346113,-26.9544414,0 -48.6341211,-26.9546042,0 -48.633771,-26.9545798,0 -48.6335669,-26.9545445,0 -48.6333355,-26.9546449,0 -48.6330676,-26.9545961,0 -48.6329762,-26.9545527,0 -48.6328544,-26.9546585,0 -48.6325895,-26.9548756,0 -48.6326078,-26.9552068,0 -48.6325134,-26.9555107,0 -48.6325134,-26.9557794,0 -48.6324277,-26.956156,0 -48.6323835,-26.9563739,0 -48.6323307,-26.9565909,0 -48.6321358,-26.9573265,0 -48.6319988,-26.9579914,0 -48.6319449,-26.9582451,0 -48.6318255,-26.9584894,0 -48.6316889,-26.9586846,0 -48.6315329,-26.9588735,0 -48.631064,-26.9591883,0 -48.6306408,-26.9594027,0 -48.6302541,-26.959514,0 -48.6299465,-26.9596008,0 -48.6294959,-26.9597989,0 -48.6292858,-26.9598451,0 -48.6290331,-26.9598559,0 -48.6288199,-26.9599184,0 -48.628622,-26.9600432,0 -48.628415,-26.9601029,0 -48.628259,-26.9600791,0 -48.6280161,-26.9601002,0 -48.6278182,-26.9600242,0 -48.6277584,-26.959995,0 -48.6282862,-26.9590646,0 -48.6287853,-26.9576197,0 -48.6290738,-26.9565515,0 -48.6292867,-26.9553202,0 -48.6291398,-26.9528637,0 -48.628946,-26.9499095,0 -48.628516,-26.9455752,0 -48.627912,-26.941705,0 -48.6278716,-26.9409249,0 -48.6277649,-26.9404105,0 -48.6276609,-26.9397849,0 -48.6276153,-26.9396964,0 -48.6276032,-26.939596,0 -48.6275938,-26.9393736,0 -48.6275254,-26.9390329,0 -48.6274436,-26.9386886,0 -48.627335,-26.9382259,0 -48.627221,-26.9377751,0 -48.6271539,-26.9374774,0 -48.627107,-26.9371714,0 -48.6270989,-26.9368617,0 -48.6271217,-26.936509,0 -48.6271097,-26.9363607,0 -48.6270708,-26.9362053,0 -48.6269715,-26.9358825,0 -48.6268428,-26.9353038,0 -48.6266899,-26.934474,0 -48.6266041,-26.9339671,0 -48.6264512,-26.9333741,0 -48.6263452,-26.9328492,0 -48.6263117,-26.9326615,0 -48.6263131,-26.9325963,0 -48.6263198,-26.9325371,0 -48.625896,-26.9320584,0 -48.6258002,-26.9318128,0 -48.6256766,-26.9314818,0 -48.6255766,-26.9313017,0 -48.6252847,-26.930952,0 -48.6248698,-26.9305906,0 -48.6247466,-26.930804,0 -48.6245969,-26.9309989,0 -48.6244262,-26.9310737,0 -48.6242195,-26.931055,0 -48.6241417,-26.9309429,0 -48.6241237,-26.9308467,0 -48.6241417,-26.9307506,0 -48.6241746,-26.9306705,0 -48.6242075,-26.9303822,0 -48.6241237,-26.9302487,0 -48.6241926,-26.9302006,0 -48.6241534,-26.930018,0 -48.6242614,-26.930001,0 -48.6243482,-26.9300312,0 -48.6244435,-26.9298632,0 -48.624579,-26.9298405,0 -48.6247887,-26.9298934,0 -48.6248755,-26.9298009,0 -48.6248819,-26.9296763,0 -48.6248437,-26.9295347,0 -48.6247611,-26.9294667,0 -48.624723,-26.9293515,0 -48.6246818,-26.9292594,0 -48.6246669,-26.929199,0 -48.6247228,-26.9291755,0 -48.6247421,-26.9290853,0 -48.6244393,-26.9289834,0 -48.6243164,-26.9287417,0 -48.6242,-26.928702,0 -48.6240898,-26.9285661,0 -48.6243757,-26.9285416,0 -48.6244647,-26.9284792,0 -48.6244943,-26.9283905,0 -48.6243461,-26.9282244,0 -48.6242106,-26.9281507,0 -48.6241237,-26.927977,0 -48.6237193,-26.9278524,0 -48.6233889,-26.9277202,0 -48.6230649,-26.9275484,0 -48.622995,-26.927437,0 -48.6225863,-26.9272803,0 -48.6225736,-26.9272218,0 -48.6225207,-26.9271482,0 -48.6222327,-26.9269669,0 -48.6221776,-26.9268196,0 -48.6218578,-26.9266346,0 -48.6216122,-26.9263703,0 -48.6216079,-26.9262419,0 -48.6214449,-26.9261607,0 -48.6214639,-26.9260587,0 -48.6213686,-26.9260436,0 -48.6213454,-26.9259568,0 -48.621447,-26.9259209,0 -48.6214724,-26.9258416,0 -48.6214639,-26.9255924,0 -48.6216101,-26.9255414,0 -48.6217138,-26.9255943,0 -48.6218091,-26.9255999,0 -48.6218663,-26.925515,0 -48.6219298,-26.9254734,0 -48.6219997,-26.9254904,0 -48.6221077,-26.9254055,0 -48.6220759,-26.9253639,0 -48.6221395,-26.9253148,0 -48.6222411,-26.9252941,0 -48.6225418,-26.9254281,0 -48.6225778,-26.9254942,0 -48.6227282,-26.9255414,0 -48.6228362,-26.925532,0 -48.6228701,-26.9255962,0 -48.6230352,-26.9256622,0 -48.6231496,-26.925734,0 -48.623175,-26.9258133,0 -48.6234058,-26.9260153,0 -48.6233931,-26.9261097,0 -48.6235138,-26.9262419,0 -48.6237426,-26.9264043,0 -48.624092,-26.9265874,0 -48.6245451,-26.9268026,0 -48.624579,-26.9268008,0 -48.6248416,-26.9269103,0 -48.6249666,-26.9269575,0 -48.6250216,-26.9270066,0 -48.6250597,-26.9270179,0 -48.6251254,-26.9270632,0 -48.6251804,-26.9270689,0 -48.6252249,-26.9270368,0 -48.6253202,-26.9270613,0 -48.6253562,-26.9270462,0 -48.6254833,-26.9271217,0 -48.6254155,-26.9271878,0 -48.6254176,-26.9272577,0 -48.6255722,-26.9273993,0 -48.6256463,-26.9273898,0 -48.625784,-26.9274899,0 -48.625784,-26.9275522,0 -48.6258369,-26.9276145,0 -48.6259492,-26.9276561,0 -48.6262393,-26.9277844,0 -48.6262988,-26.9278558,0 -48.6261927,-26.9278977,0 -48.6262245,-26.9281205,0 -48.6262903,-26.9284134,0 -48.6264913,-26.9285057,0 -48.6266628,-26.9285397,0 -48.6267306,-26.928585,0 -48.6269953,-26.9286492,0 -48.6271344,-26.9286242,0 -48.6274383,-26.9287497,0 -48.6274503,-26.928703,0 -48.6275357,-26.9286789,0 -48.6276674,-26.9287911,0 -48.6278232,-26.9288338,0 -48.6279385,-26.9288939,0 -48.6280253,-26.9289233,0 -48.6281152,-26.9287817,0 -48.6279834,-26.9287056,0 -48.6279996,-26.9286731,0 -48.6280133,-26.9286456,0 -48.6280642,-26.9286015,0 -48.6280433,-26.9285615,0 -48.627934,-26.9285174,0 -48.6280305,-26.928484,0 -48.6281211,-26.9285414,0 -48.6282065,-26.9285454,0 -48.6282379,-26.9286189,0 -48.6284012,-26.928687,0 -48.628497,-26.9286402,0 -48.6288309,-26.928743,0 -48.6289612,-26.9287417,0 -48.6290361,-26.9288378,0 -48.6290945,-26.9289019,0 -48.6291963,-26.92895,0 -48.6293685,-26.9290755,0 -48.6294464,-26.9291062,0 -48.6294733,-26.9290755,0 -48.6296395,-26.9290982,0 -48.6297803,-26.9290901,0 -48.6298611,-26.9291943,0 -48.629933,-26.9291903,0 -48.6300438,-26.9291008,0 -48.6301561,-26.9291008,0 -48.6302984,-26.9291529,0 -48.6303388,-26.929201,0 -48.6303887,-26.9292072,0 -48.6304165,-26.9292322,0 -48.6309327,-26.9290698,0 -48.6309766,-26.929056,0 -48.6315424,-26.9287843,0 -48.63286,-26.9274942,0 -48.6337325,-26.9261743,0 -48.6338503,-26.9259625,0 -48.6343997,-26.9249609,0 -48.6346415,-26.9242827,0 -48.6344024,-26.9242021,0 -48.6343233,-26.9241527,0 -48.634283,-26.9241288,0 -48.6343552,-26.9240649,0 -48.6343285,-26.9240411,0 -48.6343131,-26.9240374,0 -48.6343244,-26.9240155,0 -48.6343747,-26.9240155,0 -48.6344414,-26.9240301,0 -48.6344065,-26.9239926,0 -48.6343983,-26.9239743,0 -48.6344258,-26.923968,0 -48.6344732,-26.9239871,0 -48.6345594,-26.9239908,0 -48.6347185,-26.9240283,0 -48.6348221,-26.9240521,0 -48.6349011,-26.9240878,0 -48.6349596,-26.9240814,0 -48.6350459,-26.924058,0 -48.6350437,-26.9238668,0 -48.635013,-26.9237922,0 -48.6350233,-26.9237519,0 -48.6350561,-26.9237025,0 -48.6351218,-26.9236586,0 -48.635169,-26.9235982,0 -48.6352655,-26.9235488,0 -48.6354358,-26.9235323,0 -48.6355261,-26.9234848,0 -48.6356062,-26.9234573,0 -48.6356247,-26.9234006,0 -48.6356401,-26.923299,0 -48.635561,-26.9232789,0 -48.6355754,-26.9232404,0 -48.6355877,-26.9231883,0 -48.6355836,-26.9231261,0 -48.6355877,-26.9230785,0 -48.6355487,-26.9229559,0 -48.6355426,-26.9228204,0 -48.6355775,-26.9226887,0 -48.6356247,-26.9225752,0 -48.6356657,-26.9225221,0 -48.6357129,-26.9224544,0 -48.6358833,-26.9223775,0 -48.6360154,-26.9223184,0 -48.636171,-26.9221762,0 -48.6367778,-26.9220931,0 -48.6368484,-26.9218761,0 -48.6369869,-26.9218075,0 -48.637069,-26.921851,0 -48.637093,-26.9220221,0 -48.6371649,-26.922031,0 -48.6374134,-26.9218312,0 -48.637577,-26.9216036,0 -48.6376153,-26.92153,0 -48.6375607,-26.9214164,0 -48.6376519,-26.9212849,0 -48.6378559,-26.9213022,0 -48.6380421,-26.9213961,0 -48.6385477,-26.9215396,0 -48.6388089,-26.9217171,0 -48.6390435,-26.9216263,0 -48.639356,-26.9215187,0 -48.6398347,-26.9210844,0 -48.639854,-26.9210329,0 -48.6398322,-26.9209775,0 -48.6397791,-26.9209028,0 -48.6398569,-26.9208586,0 -48.639903,-26.9208666,0 -48.6399103,-26.920833,0 -48.6398776,-26.92074,0 -48.6398302,-26.9206495,0 -48.6397833,-26.9206324,0 -48.6397112,-26.9205746,0 -48.6397131,-26.9205339,0 -48.6399056,-26.9205251,0 -48.6400194,-26.9205628,0 -48.6402423,-26.9206489,0 -48.640372,-26.920705,0 -48.6404159,-26.9207239,0 -48.6404899,-26.920621,0 -48.6405297,-26.9205507,0 -48.640475,-26.9205187,0 -48.640213,-26.9203846,0 -48.6401701,-26.920308,0 -48.6402117,-26.9202423,0 -48.640323,-26.9201837,0 -48.6405898,-26.9203021,0 -48.6408748,-26.9202697,0 -48.6410083,-26.9196054,0 -48.6410673,-26.9191988,0 -48.6411692,-26.9187732,0 -48.6412389,-26.9182422,0 -48.6412784,-26.9180066,0 -48.6411746,-26.9176682,0 -48.6412121,-26.9172234,0 -48.6410887,-26.9167163,0 -48.6410136,-26.9162524,0 -48.6408581,-26.9158171,0 -48.6406327,-26.9153698,0 -48.640504,-26.9149226,0 -48.6404743,-26.9146117,0 -48.6360616,-26.9151845,0 -48.6353146,-26.9152288,0 -48.6344415,-26.91523,0 -48.6338058,-26.9151893,0 -48.6333284,-26.9150936,0 -48.6331943,-26.9150231,0 -48.6331084,-26.9149143,0 -48.6331031,-26.9147959,0 -48.6332204,-26.9146627,0 -48.6339476,-26.9137352,0 -48.6360026,-26.9138091,0 -48.6377879,-26.9136719,0 -48.6395082,-26.9134912,0 -48.6417397,-26.9130638,0 -48.6437626,-26.9126556,0 -48.6456177,-26.9117854,0 -48.6475704,-26.9106948,0 -48.6495015,-26.9089727,0 -48.649845,-26.9086472,0 -48.6507034,-26.9075551,0 -48.6516044,-26.9064087,0 -48.6537716,-26.9039403,0 -48.6555612,-26.9022793,0 -48.6569688,-26.901223,0 -48.6587284,-26.9004384,0 -48.6602304,-26.9000558,0 -48.6663243,-26.8989267,0 -48.6680612,-26.898278,0 -48.6687383,-26.8977881,0 -48.6697147,-26.8965347,0 -48.6699268,-26.8960671,0 -48.6704871,-26.8948315,0 -48.6704013,-26.893846,0 -48.670058,-26.8928987,0 -48.669307,-26.8920567,0 -48.6687565,-26.8915866,0 -48.66821,-26.8911548,0 -48.667285,-26.8905617,0 -48.6664316,-26.8900281,0 -48.6653939,-26.889252,0 -48.6648438,-26.8884014,0 -48.6646077,-26.8873105,0 -48.664715,-26.8860665,0 -48.6651871,-26.8846886,0 -48.6664316,-26.8830427,0 -48.6679766,-26.881856,0 -48.6694313,-26.8814412,0 -48.6708948,-26.8812819,0 -48.6725256,-26.8813585,0 -48.6743281,-26.8817795,0 -48.6757443,-26.8824302,0 -48.6806574,-26.8855824,0 -48.6816237,-26.8862005,0 -48.6836622,-26.8868129,0 -48.6856148,-26.8868512,0 -48.6875889,-26.8865067,0 -48.6889193,-26.8855115,0 -48.6899493,-26.8842675,0 -48.6909363,-26.8826407,0 -48.6913869,-26.8813967,0 -48.6915157,-26.8799996,0 -48.6914695,-26.8792843,0 -48.6912582,-26.8785067,0 -48.6904213,-26.8765736,0 -48.6891982,-26.8737025,0 -48.6884258,-26.8718268,0 -48.6882112,-26.8704486,0 -48.6884258,-26.8686494,0 -48.6892626,-26.8671755,0 -48.6908287,-26.8656057,0 -48.6924169,-26.8643808,0 -48.6940906,-26.8636343,0 -48.6965582,-26.8634237,0 -48.6989186,-26.8637491,0 -48.7006566,-26.8642468,0 -48.7023732,-26.8649934,0 -48.7040469,-26.8661419,0 -48.705549,-26.8673669,0 -48.7067721,-26.8691279,0 -48.7083385,-26.8718651,0 -48.7099478,-26.8738174,0 -48.7109594,-26.8747971,0 -48.7114498,-26.875272,0 -48.7132523,-26.8764396,0 -48.7153981,-26.8771478,0 -48.7176726,-26.8776837,0 -48.7194965,-26.8776837,0 -48.7212131,-26.8770138,0 -48.722758,-26.8758845,0 -48.7244532,-26.8740279,0 -48.7256119,-26.8719416,0 -48.7261913,-26.869951,0 -48.7265131,-26.8681134,0 -48.7265346,-26.8661419,0 -48.7261269,-26.8647828,0 -48.7253115,-26.8634237,0 -48.7240026,-26.8615478,0 -48.722286,-26.8591932,0 -48.7206161,-26.8565783,0 -48.7195614,-26.8547326,0 -48.7189815,-26.8526079,0 -48.7186811,-26.8505404,0 -48.7183592,-26.8484536,0 -48.7185534,-26.8470197,0 -48.71896,-26.8457542,0 -48.7196217,-26.8445322,0 -48.7200115,-26.8438014,0 -48.7203224,-26.8434051,0 -48.7213633,-26.8420783,0 -48.7215062,-26.8419424,0 -48.7226722,-26.8408338,0 -48.724818,-26.8394361,0 -48.7266633,-26.8383831,0 -48.728101,-26.8379236,0 -48.7300966,-26.8378087,0 -48.7311694,-26.8381342,0 -48.732414,-26.8389958,0 -48.7335942,-26.8400679,0 -48.7338418,-26.8405966,0 -48.734195,-26.8413507,0 -48.7346027,-26.8429398,0 -48.7349674,-26.8454479,0 -48.7355253,-26.8479941,0 -48.7362335,-26.8498129,0 -48.7372634,-26.851555,0 -48.7397311,-26.8543117,0 -48.7418339,-26.855824,0 -48.7441728,-26.8570684,0 -48.7457607,-26.8575278,0 -48.7493012,-26.8573364,0 -48.7513717,-26.85697,0 -48.7518976,-26.8568769,0 -48.7544725,-26.8559581,0 -48.7578628,-26.8551349,0 -48.7594292,-26.8551732,0 -48.760545,-26.8554603,0 -48.7616393,-26.8560729,0 -48.7623045,-26.8572024,0 -48.7626908,-26.8589252,0 -48.762562,-26.8615669,0 -48.7621114,-26.8647828,0 -48.7620256,-26.8679603,0 -48.7622187,-26.8715588,0 -48.7626017,-26.8762476,0 -48.7623689,-26.8803823,0 -48.7620256,-26.8826407,0 -48.7619397,-26.8846312,0 -48.7626264,-26.8865641,0 -48.7635491,-26.888076,0 -48.765094,-26.8894157,0 -48.7665686,-26.8904156,0 -48.7665995,-26.891537,0 -48.7665975,-26.8917623,0 -48.7664592,-26.8918553,0 -48.7664031,-26.8919393,0 -48.766418,-26.892056,0 -48.7664552,-26.892667,0 -48.7665254,-26.8928297,0 -48.7668722,-26.8931176,0 -48.7671569,-26.8932499,0 -48.7672711,-26.8934651,0 -48.7675378,-26.8937291,0 -48.7678506,-26.8940188,0 -48.7678265,-26.8941654,0 -48.768039,-26.8943263,0 -48.7682235,-26.8944193,0 -48.7683959,-26.8946875,0 -48.7685282,-26.8952096,0 -48.7686645,-26.8953741,0 -48.768861,-26.8953526,0 -48.7690575,-26.895299,0 -48.769274,-26.8952561,0 -48.7694945,-26.8951953,0 -48.7699196,-26.8954527,0 -48.7699877,-26.8954921,0 -48.770529,-26.8958068,0 -48.7709621,-26.8959319,0 -48.7711345,-26.896032,0 -48.7714873,-26.8963432,0 -48.7717359,-26.8963861,0 -48.7719083,-26.8963896,0 -48.7722353,-26.8967011,0 -48.7772234,-26.9008991,0 -48.7776083,-26.9013997,0 -48.7788994,-26.9036739,0 -48.7800542,-26.9057549,0 -48.7822996,-26.9097739,0 -48.7851884,-26.9134916,0 -48.7859943,-26.9145392,0 -48.7863803,-26.9155787,0 -48.7823345,-26.9166697,0 -48.7803967,-26.9183899,0 -48.7779881,-26.9196735,0 -48.7768789,-26.9217267,0 -48.7647461,-26.9320608,0 -48.7590268,-26.9359042,0 -48.7590344,-26.9360317,0 -48.7590466,-26.9370155,0 -48.7593164,-26.9383271,0 -48.7602482,-26.9417265,0 -48.7605608,-26.9423167,0 -48.7610513,-26.9428304,0 -48.763048,-26.9446312,0 -48.7671327,-26.9487326,0 -48.7676922,-26.9493451,0 -48.7682362,-26.9499075,0 -48.7690209,-26.9503501,0 -48.7699895,-26.9504868,0 -48.7712831,-26.9506726,0 -48.7720371,-26.9510606,0 -48.7726134,-26.9516999,0 -48.7734655,-26.9527382,0 -48.7746977,-26.9537,0 -48.7751514,-26.95423,0 -48.7757399,-26.9546344,0 -48.776825,-26.9547054,0 -48.7781248,-26.9546661,0 -48.7806995,-26.9541754,0 -48.7816191,-26.9537437,0 -48.7824099,-26.9537054,0 -48.7837947,-26.9536759,0 -48.7848376,-26.9539295,0 -48.785892,-26.9542901,0 -48.7863518,-26.9545743,0 -48.7868055,-26.9551371,0 -48.7874921,-26.9560224,0 -48.7880508,-26.9566637,0 -48.7883442,-26.9570005,0 -48.7900914,-26.958995,0 -48.7920409,-26.961279,0 -48.7923474,-26.9617872,0 -48.7927949,-26.9626396,0 -48.7932976,-26.9633937,0 -48.7941253,-26.9639619,0 -48.7947506,-26.9642679,0 -48.7954311,-26.9644919,0 -48.7961115,-26.9649236,0 -48.7985274,-26.9661473,0 -48.7994381,-26.9665237,0 -48.8004111,-26.9669594,0 -48.802082,-26.9678624,0 -48.814,-26.965,0 -48.829,-26.965,0 -48.8410737,-26.965,0 -48.844,-26.965,0 -48.85,-26.977,0 -48.855,-26.991,0 -48.8555755,-26.9916279,0 -48.866,-27.003,0</coordinates></LinearRing></outerBoundaryIs></Polygon></Placemark>
<Placemark><name>Guabiruba</name><styleUrl>#v</styleUrl><Polygon><outerBoundaryIs><LinearRing><coordinates>-49.139,-27.132,0 -49.139,-27.14,0 -49.105,-27.138,0 -49.097,-27.166,0 -49.093,-27.17,0 -49.08,-27.174,0 -49.073,-27.171,0 -49.066,-27.172,0 -49.06,-27.166,0 -49.045,-27.175,0 -49.0308445,-27.1950107,0 -49.0302853,-27.1945878,0 -49.0298006,-27.1937256,0 -49.0296608,-27.1923493,0 -49.0296794,-27.191172,0 -49.0294277,-27.1894807,0 -49.0294837,-27.1880131,0 -49.0292227,-27.1872752,0 -49.0286541,-27.1869767,0 -49.0275076,-27.1868109,0 -49.0269204,-27.1865787,0 -49.0256341,-27.1852853,0 -49.0252333,-27.184481,0 -49.0248604,-27.1831378,0 -49.0247952,-27.1819355,0 -49.0250934,-27.1813385,0 -49.0260442,-27.1807581,0 -49.0260162,-27.1802689,0 -49.0253824,-27.1792905,0 -49.024646,-27.1790334,0 -49.0242639,-27.1785857,0 -49.0243198,-27.1779389,0 -49.0246274,-27.1767117,0 -49.0247486,-27.1748211,0 -49.0247113,-27.1742987,0 -49.0244969,-27.1739338,0 -49.0241054,-27.1738094,0 -49.0235648,-27.1738177,0 -49.0232479,-27.174307,0 -49.0230708,-27.1746386,0 -49.0225861,-27.1747216,0 -49.0221293,-27.1746304,0 -49.0217751,-27.1743401,0 -49.0212532,-27.1742655,0 -49.0209083,-27.1743899,0 -49.0200787,-27.1749206,0 -49.0194449,-27.175103,0 -49.0184382,-27.1751611,0 -49.0172078,-27.1752191,0 -49.016341,-27.1751611,0 -49.0157071,-27.1753766,0 -49.0149242,-27.1755176,0 -49.0143369,-27.1752274,0 -49.0137218,-27.1744977,0 -49.0131159,-27.1734694,0 -49.0129388,-27.1730382,0 -49.0124821,-27.1726817,0 -49.011755,-27.1727148,0 -49.0112983,-27.1732455,0 -49.0110839,-27.1739587,0 -49.0104314,-27.1741079,0 -49.0099001,-27.1736602,0 -49.0092383,-27.1726568,0 -49.0092011,-27.1722007,0 -49.0092383,-27.1715207,0 -49.0088002,-27.1703598,0 -49.0087723,-27.1698208,0 -49.0091078,-27.1695223,0 -49.0101704,-27.1695803,0 -49.0108136,-27.1696135,0 -49.0114847,-27.1691906,0 -49.0119974,-27.1689335,0 -49.0128829,-27.1689003,0 -49.0136285,-27.1691076,0 -49.0141878,-27.1690413,0 -49.0150453,-27.1682535,0 -49.0172265,-27.1671671,0 -49.0173756,-27.1666779,0 -49.0171892,-27.1660808,0 -49.0172638,-27.1653427,0 -49.0176459,-27.1638417,0 -49.0185594,-27.1625314,0 -49.0194728,-27.161387,0 -49.0202092,-27.1612626,0 -49.0214676,-27.1611713,0 -49.0222785,-27.1608562,0 -49.0224369,-27.1604001,0 -49.0221293,-27.1599025,0 -49.0213837,-27.1595044,0 -49.020377,-27.1592307,0 -49.0197432,-27.1587165,0 -49.019622,-27.1581692,0 -49.0196686,-27.1577047,0 -49.0202931,-27.1572818,0 -49.022148,-27.1563114,0 -49.0226554,-27.1557601,0 -49.0230335,-27.1553494,0 -49.0233318,-27.1547688,0 -49.0231919,-27.1543873,0 -49.0228682,-27.1540821,0 -49.0222878,-27.1537819,0 -49.0215235,-27.1535994,0 -49.0203677,-27.153475,0 -49.0199109,-27.1535331,0 -49.0197245,-27.1540141,0 -49.0198364,-27.1552416,0 -49.0197338,-27.1555235,0 -49.0191186,-27.1556977,0 -49.0184009,-27.1556645,0 -49.0177485,-27.1553245,0 -49.0170494,-27.1545698,0 -49.0161918,-27.1534584,0 -49.01553,-27.1521563,0 -49.01553,-27.1515425,0 -49.0153995,-27.1511195,0 -49.0147191,-27.1506966,0 -49.014514,-27.1502902,0 -49.0145327,-27.1499252,0 -49.014803,-27.149552,0 -49.0162384,-27.1486728,0 -49.0170494,-27.148001,0 -49.0178976,-27.147495,0 -49.0197245,-27.1469725,0 -49.0205821,-27.1467817,0 -49.0210667,-27.1464085,0 -49.0213743,-27.1454961,0 -49.0214023,-27.1449238,0 -49.0209829,-27.1446418,0 -49.0203211,-27.1442934,0 -49.0189695,-27.1440031,0 -49.018424,-27.1441573,0 -49.0179628,-27.1443266,0 -49.0164715,-27.1446916,0 -49.0160054,-27.1449155,0 -49.0154089,-27.1446335,0 -49.0139175,-27.1436216,0 -49.0130879,-27.142817,0 -49.012277,-27.1423442,0 -49.0112424,-27.1422115,0 -49.010478,-27.1424272,0 -49.0092477,-27.1423857,0 -49.0088748,-27.1427092,0 -49.0086418,-27.1432732,0 -49.0076444,-27.1437294,0 -49.006992,-27.1438787,0 -49.005976,-27.1438124,0 -49.0052396,-27.1437211,0 -49.0045126,-27.1432981,0 -49.003944,-27.1431239,0 -49.0035245,-27.1432317,0 -49.0030678,-27.1436796,0 -49.0024433,-27.144169,0 -49.0017722,-27.1452141,0 -49.0012316,-27.1461099,0 -49.0002435,-27.1469891,0 -48.9989101,-27.1474974,0 -48.9980717,-27.1472213,0 -48.9974099,-27.1465827,0 -48.9967429,-27.1459554,0 -48.9957012,-27.1456475,0 -48.9944865,-27.1454268,0 -48.9931782,-27.1455376,0 -48.992713,-27.1455939,0 -48.9921941,-27.1458889,0 -48.9917614,-27.1460684,0 -48.9910343,-27.1461597,0 -48.9899786,-27.1460752,0 -48.9892383,-27.1459702,0 -48.9884444,-27.1457028,0 -48.9880474,-27.1454164,0 -48.9879126,-27.1452203,0 -48.9879401,-27.144414,0 -48.9882727,-27.1438125,0 -48.9884825,-27.1435572,0 -48.9884506,-27.143279,0 -48.9878764,-27.1429667,0 -48.9871426,-27.1424045,0 -48.986613,-27.1418481,0 -48.9861269,-27.141397,0 -48.9856549,-27.1408624,0 -48.9852901,-27.1405569,0 -48.984847,-27.1401885,0 -48.9843606,-27.139744,0 -48.9838852,-27.1393047,0 -48.9833144,-27.139158,0 -48.9829384,-27.1392016,0 -48.9827342,-27.1394362,0 -48.9829019,-27.1398127,0 -48.9827305,-27.1402865,0 -48.9821143,-27.1411584,0 -48.981447,-27.1414963,0 -48.9807814,-27.1418765,0 -48.98035,-27.1423009,0 -48.9804336,-27.1427444,0 -48.980715,-27.143067,0 -48.9812594,-27.1434501,0 -48.9814942,-27.1437635,0 -48.9813679,-27.1441971,0 -48.981007,-27.1443979,0 -48.9804655,-27.144438,0 -48.9792473,-27.1441088,0 -48.9787641,-27.1440603,0 -48.9784352,-27.1440847,0 -48.9781555,-27.1442012,0 -48.978125,-27.1442863,0 -48.9780201,-27.1445785,0 -48.9781194,-27.1448917,0 -48.9782367,-27.1452812,0 -48.9782954,-27.1455582,0 -48.9782367,-27.145771,0 -48.9780374,-27.1460179,0 -48.9774967,-27.1461885,0 -48.9768894,-27.1462566,0 -48.976235,-27.146247,0 -48.9759672,-27.1460641,0 -48.9758183,-27.1458272,0 -48.9757236,-27.1455622,0 -48.9758636,-27.1451005,0 -48.9762515,-27.1448717,0 -48.9766777,-27.1447112,0 -48.97731,-27.1441396,0 -48.9773579,-27.1437528,0 -48.9771326,-27.1435129,0 -48.9771084,-27.1419578,0 -48.977,-27.135,0 -48.982,-27.121,0 -48.971,-27.117,0 -48.9691994,-27.1160131,0 -48.9657799,-27.1128361,0 -48.9611609,-27.111819,0 -48.9581343,-27.1109592,0 -48.9571211,-27.1097655,0 -48.956632,-27.1079942,0 -48.95501,-27.1062161,0 -48.953,-27.103,0 -48.9494451,-27.0961883,0 -48.9511747,-27.0880355,0 -48.9510243,-27.0857157,0 -48.9507832,-27.085181,0 -48.9493881,-27.0846776,0 -48.9476749,-27.0846466,0 -48.9464638,-27.0841422,0 -48.9463575,-27.0838674,0 -48.9475152,-27.0824599,0 -48.9483099,-27.0818097,0 -48.9497122,-27.0809306,0 -48.9508725,-27.0799273,0 -48.9520315,-27.0770426,0 -48.9522022,-27.0761832,0 -48.9520056,-27.0751634,0 -48.951348,-27.0745291,0 -48.9505852,-27.073239,0 -48.9506517,-27.0721003,0 -48.9507031,-27.0710758,0 -48.950896,-27.0704653,0 -48.9506593,-27.0694948,0 -48.9498499,-27.0686098,0 -48.9494046,-27.0683068,0 -48.946317,-27.0674612,0 -48.9450337,-27.0662928,0 -48.944837,-27.066439,0 -48.9438692,-27.0654323,0 -48.9422681,-27.0636728,0 -48.9417494,-27.0632747,0 -48.9393983,-27.061559,0 -48.9382725,-27.0610409,0 -48.936254,-27.060725,0 -48.9358328,-27.0606536,0 -48.9354209,-27.0604325,0 -48.9351019,-27.060073,0 -48.9349697,-27.0595804,0 -48.9349483,-27.0592154,0 -48.939,-27.054,0 -48.935,-27.049,0 -48.93,-27.05,0 -48.9277911,-27.0482329,0 -48.925,-27.046,0 -48.935,-27.033,0 -48.935,-27.028,0 -48.9384055,-27.0267698,0 -48.9397574,-27.0266169,0 -48.9407015,-27.0270374,0 -48.9417744,-27.0274197,0 -48.9428044,-27.0275726,0 -48.9439416,-27.0281651,0 -48.9461732,-27.028318,0 -48.947568,-27.0281843,0 -48.9487267,-27.0273241,0 -48.9494348,-27.0265787,0 -48.9508724,-27.026139,0 -48.9523959,-27.0260243,0 -48.9544559,-27.0258141,0 -48.9555288,-27.0250686,0 -48.9573312,-27.0238261,0 -48.9584899,-27.0229277,0 -48.9608717,-27.021972,0 -48.9629531,-27.0208251,0 -48.9634896,-27.0209398,0 -48.9641977,-27.0213794,0 -48.9646697,-27.0222778,0 -48.966794,-27.0243231,0 -48.9688111,-27.026636,0 -48.9699054,-27.0274006,0 -48.9716435,-27.0277829,0 -48.9729095,-27.0285665,0 -48.9743471,-27.0291782,0 -48.975699,-27.0289488,0 -48.9773298,-27.0284327,0 -48.9790035,-27.0280696,0 -48.9811492,-27.028471,0 -48.9833164,-27.0291591,0 -48.986,-27.03,0 -48.9874149,-27.0310131,0 -48.9884019,-27.0325995,0 -48.9884019,-27.0341477,0 -48.99,-27.038,0 -48.9908266,-27.0382761,0 -48.991642,-27.0378747,0 -48.9927578,-27.0374733,0 -48.9941311,-27.0370529,0 -48.9948607,-27.0364795,0 -48.9958048,-27.035543,0 -48.9967275,-27.0350269,0 -48.998251,-27.0344726,0 -48.9994097,-27.033689,0 -49.0005255,-27.0335934,0 -49.0013194,-27.0342815,0 -49.0027142,-27.0347402,0 -49.0047741,-27.0357341,0 -49.0062862,-27.0369468,0 -49.0122414,-27.038945,0 -49.0142155,-27.0404739,0 -49.0157175,-27.0427674,0 -49.018,-27.045,0 -49.0181174,-27.0451058,0 -49.0206957,-27.0474305,0 -49.0229702,-27.0488447,0 -49.025631,-27.0494562,0 -49.0271759,-27.0489594,0 -49.0288067,-27.0486154,0 -49.0311242,-27.0485772,0 -49.0334845,-27.0477363,0 -49.0355444,-27.0480803,0 -49.0370036,-27.0476216,0 -49.0379477,-27.0469145,0 -49.0387523,-27.0458921,0 -49.0392888,-27.0452997,0 -49.0400827,-27.0449174,0 -49.0406191,-27.0448123,0 -49.0412521,-27.0448314,0 -49.0419495,-27.0453952,0 -49.0428078,-27.0466565,0 -49.0442884,-27.0494181,0 -49.0452647,-27.0513673,0 -49.0463591,-27.0525712,0 -49.0477538,-27.0535458,0 -49.0492988,-27.0541574,0 -49.0513802,-27.0550746,0 -49.0540409,-27.057062,0 -49.0556288,-27.0580939,0 -49.0579248,-27.0599857,0 -49.0588689,-27.0611704,0 -49.0572596,-27.0639602,0 -49.0582895,-27.0665207,0 -49.0600491,-27.0678582,0 -49.061,-27.07,0 -49.0614224,-27.0712975,0 -49.0610361,-27.0731126,0 -49.0605097,-27.082648,0 -49.0604782,-27.0832195,0 -49.0608645,-27.0843657,0 -49.0611649,-27.0856457,0 -49.0613151,-27.0872505,0 -49.060843,-27.089008,0 -49.0600062,-27.0899632,0 -49.0589547,-27.0909375,0 -49.0587187,-27.0917781,0 -49.0584612,-27.093249,0 -49.059,-27.098,0 -49.0596843,-27.099018,0 -49.0611112,-27.099486,0 -49.062345,-27.0995528,0 -49.0634287,-27.0995146,0 -49.0650058,-27.0999349,0 -49.0665508,-27.1013675,0 -49.0681172,-27.1021698,0 -49.0683961,-27.1036406,0 -49.068954,-27.1057035,0 -49.0677309,-27.10769,0 -49.0674949,-27.1085495,0 -49.0677738,-27.1092753,0 -49.069469,-27.110555,0 -49.072237,-27.1125987,0 -49.0738893,-27.1139739,0 -49.0788675,-27.119398,0 -49.0812063,-27.1205439,0 -49.0834594,-27.1212315,0 -49.0863776,-27.1217662,0 -49.0881372,-27.1214034,0 -49.0903259,-27.1198564,0 -49.0920425,-27.118806,0 -49.0937591,-27.1167433,0 -49.0957761,-27.1147761,0 -49.0972781,-27.1151581,0 -49.0985012,-27.1159411,0 -49.0999174,-27.1163422,0 -49.1012049,-27.1160366,0 -49.1031575,-27.1151008,0 -49.104,-27.115,0 -49.11,-27.121,0 -49.1122771,-27.1214033,0 -49.1146374,-27.1212505,0 -49.1194869,-27.1218235,0 -49.1226626,-27.1227784,0 -49.1253663,-27.123084,0 -49.13,-27.122,0 -49.1314173,-27.1231222,0 -49.1320181,-27.1246118,0 -49.1335631,-27.1263688,0 -49.135108,-27.1275528,0 -49.1349364,-27.1290042,0 -49.135,-27.131,0 -49.139,-27.132,0</coordinates></LinearRing></outerBoundaryIs></Polygon></Placemark>
<Placemark><name>Nova Trento</name><styleUrl>#v</styleUrl><Polygon><outerBoundaryIs><LinearRing><coordinates>-49.2240821,-27.3212307,0 -49.2235698,-27.3220031,0 -49.2232122,-27.322262,0 -49.2219846,-27.3227287,0 -49.2203114,-27.322919,0 -49.2195133,-27.3231035,0 -49.2183111,-27.3237338,0 -49.2178799,-27.3238719,0 -49.2153983,-27.3246138,0 -49.2150683,-27.3246869,0 -49.2148416,-27.3247884,0 -49.2146313,-27.3249416,0 -49.2142757,-27.3256561,0 -49.2138071,-27.3267237,0 -49.2136455,-27.3271495,0 -49.2134756,-27.3277827,0 -49.2130369,-27.328552,0 -49.2127152,-27.3290881,0 -49.2118631,-27.3300445,0 -49.2112508,-27.3303488,0 -49.2107227,-27.3304902,0 -49.2102158,-27.3303535,0 -49.2097929,-27.3301045,0 -49.2094632,-27.3299374,0 -49.2090126,-27.3298568,0 -49.2078159,-27.3300169,0 -49.207477,-27.3299129,0 -49.206905,-27.3298859,0 -49.2064964,-27.3298013,0 -49.2060532,-27.329851,0 -49.205697,-27.3298747,0 -49.2055072,-27.3298179,0 -49.2051945,-27.3295589,0 -49.2048793,-27.3293798,0 -49.2046048,-27.3291386,0 -49.204349,-27.3289236,0 -49.2040142,-27.3286573,0 -49.2036318,-27.328489,0 -49.2032522,-27.3283388,0 -49.2022926,-27.3281955,0 -49.201999,-27.3283054,0 -49.2017476,-27.3286823,0 -49.2016478,-27.3290458,0 -49.2013878,-27.3293408,0 -49.2010463,-27.3296339,0 -49.2007078,-27.3301972,0 -49.2004202,-27.3305696,0 -49.2002146,-27.3308366,0 -49.1998623,-27.3312103,0 -49.19923,-27.3316953,0 -49.199014,-27.3318771,0 -49.198793,-27.3319812,0 -49.1985736,-27.3319524,0 -49.1983107,-27.3318231,0 -49.1981293,-27.3316739,0 -49.1979037,-27.3314639,0 -49.197686,-27.3312617,0 -49.1974915,-27.3310051,0 -49.197196,-27.3306084,0 -49.1968771,-27.3304217,0 -49.1965504,-27.3301417,0 -49.1962082,-27.3299084,0 -49.1959516,-27.3298618,0 -49.195726,-27.3299006,0 -49.1955471,-27.329924,0 -49.1952593,-27.3300329,0 -49.194832,-27.3301484,0 -49.1943398,-27.3301324,0 -49.1941087,-27.3302342,0 -49.1939208,-27.3304194,0 -49.1938381,-27.3305717,0 -49.1938178,-27.3309014,0 -49.1938724,-27.331241,0 -49.1940003,-27.3318115,0 -49.1941166,-27.3322051,0 -49.194123,-27.3325504,0 -49.1940679,-27.3328958,0 -49.1939522,-27.3333855,0 -49.19389,-27.3336301,0 -49.1936896,-27.3340628,0 -49.1934787,-27.3343458,0 -49.1927858,-27.3346922,0 -49.191885,-27.3349001,0 -49.1907774,-27.3352357,0 -49.1907074,-27.3353286,0 -49.1906167,-27.3354566,0 -49.1905514,-27.3355628,0 -49.1904729,-27.3356768,0 -49.1903837,-27.3357862,0 -49.1902611,-27.3359135,0 -49.190174,-27.3360158,0 -49.1901158,-27.3361178,0 -49.1900545,-27.3362606,0 -49.190016,-27.3363665,0 -49.1899184,-27.3366118,0 -49.1898536,-27.336775,0 -49.1898095,-27.3369101,0 -49.1897867,-27.3370253,0 -49.1897701,-27.3372099,0 -49.1897465,-27.3373971,0 -49.1896945,-27.3375685,0 -49.1896426,-27.3378147,0 -49.18958,-27.3380473,0 -49.1894996,-27.3382413,0 -49.1893967,-27.3384544,0 -49.1893375,-27.3386738,0 -49.1892917,-27.3388165,0 -49.1892458,-27.3389591,0 -49.1891805,-27.3392237,0 -49.1891661,-27.3394795,0 -49.1891081,-27.3397727,0 -49.1890653,-27.3400111,0 -49.1890199,-27.3401343,0 -49.1889619,-27.3402271,0 -49.188904,-27.3403198,0 -49.1887569,-27.3405139,0 -49.1886796,-27.3406376,0 -49.1886279,-27.3408079,0 -49.1886132,-27.3409827,0 -49.1885847,-27.3412163,0 -49.1885603,-27.3414499,0 -49.1884775,-27.3415884,0 -49.1884505,-27.3416337,0 -49.1883033,-27.3418351,0 -49.1881845,-27.342052,0 -49.1881014,-27.3422419,0 -49.1880017,-27.3424351,0 -49.1879223,-27.3425403,0 -49.1879185,-27.3425637,0 -49.1879435,-27.342614,0 -49.1880065,-27.3426961,0 -49.1881519,-27.3428748,0 -49.1881729,-27.342971,0 -49.1883523,-27.3432529,0 -49.1883611,-27.3432964,0 -49.1883514,-27.343339,0 -49.1882911,-27.3433467,0 -49.1881934,-27.3433938,0 -49.1880276,-27.3434913,0 -49.1876586,-27.3437953,0 -49.1875001,-27.3439409,0 -49.1870967,-27.3441934,0 -49.1868411,-27.3443697,0 -49.1866597,-27.3445593,0 -49.1862452,-27.3450113,0 -49.1860398,-27.3452263,0 -49.1857714,-27.3453884,0 -49.1855706,-27.3454539,0 -49.1853819,-27.3454417,0 -49.1849908,-27.345375,0 -49.1849299,-27.345372,0 -49.1848559,-27.3453589,0 -49.1847563,-27.3452985,0 -49.1846417,-27.3453872,0 -49.1843678,-27.3455927,0 -49.1842856,-27.3456802,0 -49.184211,-27.3457262,0 -49.1840711,-27.3457887,0 -49.1833506,-27.3458652,0 -49.1832647,-27.345916,0 -49.1831926,-27.3459679,0 -49.183142,-27.3460101,0 -49.1830967,-27.3460558,0 -49.1830464,-27.3461201,0 -49.1829922,-27.346211,0 -49.18294,-27.3463259,0 -49.182906,-27.3464192,0 -49.1828263,-27.3466741,0 -49.182768,-27.3468905,0 -49.1827248,-27.3470507,0 -49.1827222,-27.3471471,0 -49.1827197,-27.3472382,0 -49.1827343,-27.3472984,0 -49.1827646,-27.3473601,0 -49.1827985,-27.3474038,0 -49.1828486,-27.3474487,0 -49.1829207,-27.3474932,0 -49.1829974,-27.3475355,0 -49.1830957,-27.347579,0 -49.1831689,-27.3476171,0 -49.1832096,-27.3476606,0 -49.1832162,-27.3477154,0 -49.183204,-27.3477697,0 -49.183182,-27.3478067,0 -49.1831724,-27.3478229,0 -49.1831297,-27.3478722,0 -49.1830817,-27.3479161,0 -49.1828003,-27.348141,0 -49.1827378,-27.3482039,0 -49.18271,-27.3482499,0 -49.1827011,-27.3482802,0 -49.1827022,-27.3483084,0 -49.182719,-27.3483502,0 -49.1827477,-27.3483898,0 -49.1828922,-27.3485623,0 -49.1829561,-27.3486458,0 -49.1829987,-27.3487112,0 -49.1830325,-27.3487664,0 -49.183049,-27.3488037,0 -49.1830989,-27.3489312,0 -49.1832607,-27.3495581,0 -49.1832762,-27.3495918,0 -49.1833082,-27.349635,0 -49.18335,-27.3496745,0 -49.1833959,-27.3497111,0 -49.1834421,-27.3497444,0 -49.1838207,-27.3500302,0 -49.1839093,-27.350112,0 -49.1839405,-27.3501545,0 -49.1839554,-27.3501913,0 -49.1839592,-27.3502108,0 -49.1839588,-27.3503712,0 -49.1839674,-27.3503948,0 -49.1839779,-27.3504154,0 -49.1839974,-27.3504306,0 -49.1840301,-27.350444,0 -49.1840676,-27.3504595,0 -49.1840878,-27.3504673,0 -49.1841046,-27.3504789,0 -49.1841101,-27.3504914,0 -49.1841078,-27.3504984,0 -49.1841032,-27.3505025,0 -49.1840737,-27.3505193,0 -49.184039,-27.3505378,0 -49.1840155,-27.3505514,0 -49.1839998,-27.3505665,0 -49.1839929,-27.3505776,0 -49.1839931,-27.350587,0 -49.1839983,-27.3505976,0 -49.1840087,-27.3506104,0 -49.1840242,-27.350628,0 -49.1840341,-27.3506478,0 -49.1840313,-27.3506612,0 -49.1840191,-27.3506763,0 -49.1840048,-27.3506875,0 -49.1839479,-27.3507177,0 -49.1839106,-27.350727,0 -49.1838757,-27.3507306,0 -49.183851,-27.3507289,0 -49.1838264,-27.3507232,0 -49.183803,-27.3507145,0 -49.1836017,-27.3506135,0 -49.1835763,-27.350599,0 -49.1835533,-27.3505899,0 -49.1835387,-27.3505861,0 -49.1834111,-27.3505765,0 -49.1833481,-27.3505758,0 -49.1833089,-27.3505821,0 -49.1832789,-27.3505938,0 -49.1832557,-27.3506063,0 -49.1832275,-27.3506274,0 -49.1831444,-27.3506967,0 -49.1831179,-27.3507068,0 -49.1830975,-27.3507103,0 -49.183084,-27.3507101,0 -49.1829202,-27.3506907,0 -49.182803,-27.3506743,0 -49.1827304,-27.350667,0 -49.1825573,-27.350673,0 -49.1825213,-27.3506722,0 -49.1824917,-27.3506714,0 -49.1824692,-27.3506678,0 -49.1824548,-27.3506638,0 -49.1824278,-27.3506603,0 -49.1824023,-27.3506602,0 -49.1823725,-27.3506644,0 -49.1822847,-27.350686,0 -49.1822557,-27.3506988,0 -49.182238,-27.3507088,0 -49.1822217,-27.3507213,0 -49.1822052,-27.3507381,0 -49.1821745,-27.3507641,0 -49.1821658,-27.3507692,0 -49.1817801,-27.3509109,0 -49.1813004,-27.351005,0 -49.1812588,-27.3510191,0 -49.1812369,-27.351033,0 -49.1812203,-27.3510519,0 -49.1811712,-27.3512425,0 -49.1811624,-27.3512635,0 -49.1811449,-27.3512789,0 -49.1811274,-27.3512886,0 -49.1811053,-27.3512955,0 -49.1808423,-27.351385,0 -49.1808072,-27.3513873,0 -49.1807831,-27.3513849,0 -49.1807716,-27.3513798,0 -49.1807619,-27.3513757,0 -49.1807542,-27.3513751,0 -49.1807411,-27.3513813,0 -49.1807326,-27.3513914,0 -49.1807283,-27.351405,0 -49.1807098,-27.3514833,0 -49.180696,-27.3515284,0 -49.1806827,-27.3515593,0 -49.1806734,-27.3515736,0 -49.180659,-27.3515856,0 -49.1806442,-27.3515949,0 -49.1806299,-27.3516017,0 -49.1806153,-27.3516067,0 -49.1804019,-27.3516693,0 -49.1803668,-27.3516878,0 -49.1803511,-27.351701,0 -49.180342,-27.3517118,0 -49.1803329,-27.3517271,0 -49.1802793,-27.3518919,0 -49.1802308,-27.3520162,0 -49.1801929,-27.3520778,0 -49.1801744,-27.3521018,0 -49.1801624,-27.3521156,0 -49.1801392,-27.3521353,0 -49.1801077,-27.3521554,0 -49.1800667,-27.3521805,0 -49.180049,-27.3521868,0 -49.1800138,-27.35221,0 -49.1799485,-27.3522604,0 -49.1798831,-27.3523109,0 -49.1798471,-27.352347,0 -49.1798324,-27.3523651,0 -49.1798232,-27.3523892,0 -49.1798207,-27.3524061,0 -49.1798257,-27.3524258,0 -49.179838,-27.3524459,0 -49.1798494,-27.3524684,0 -49.1798506,-27.3524904,0 -49.1798395,-27.3525094,0 -49.1798148,-27.3525299,0 -49.1797163,-27.3525876,0 -49.179547,-27.3526644,0 -49.1795069,-27.352672,0 -49.1794764,-27.3526725,0 -49.1794452,-27.3526713,0 -49.1794142,-27.3526738,0 -49.1793503,-27.352698,0 -49.1792956,-27.3527273,0 -49.1792638,-27.3527525,0 -49.1792345,-27.3527852,0 -49.1792143,-27.352824,0 -49.1791507,-27.3529539,0 -49.179045,-27.3531423,0 -49.1789994,-27.3531967,0 -49.1789607,-27.3532253,0 -49.1789138,-27.3532548,0 -49.1788753,-27.3532752,0 -49.1788366,-27.3532969,0 -49.1787952,-27.3533193,0 -49.1786536,-27.3534308,0 -49.1785996,-27.3534757,0 -49.1785374,-27.3535313,0 -49.178519,-27.3535532,0 -49.1784761,-27.3536075,0 -49.1784459,-27.3536463,0 -49.1784155,-27.3537011,0 -49.1783971,-27.3537487,0 -49.1783859,-27.3537911,0 -49.1783825,-27.3538625,0 -49.1781809,-27.3539773,0 -49.1781305,-27.354013,0 -49.1781136,-27.3540276,0 -49.1780941,-27.3540478,0 -49.178082,-27.3540718,0 -49.1780788,-27.3540896,0 -49.1780798,-27.3541114,0 -49.1780798,-27.3541359,0 -49.1780793,-27.3541549,0 -49.178055,-27.3542046,0 -49.1780349,-27.3542224,0 -49.1780005,-27.3542403,0 -49.1779815,-27.3542452,0 -49.1779619,-27.3542491,0 -49.1779427,-27.3542545,0 -49.1779297,-27.3542665,0 -49.1779129,-27.3542912,0 -49.1778949,-27.3543218,0 -49.1778854,-27.3543444,0 -49.177884,-27.354365,0 -49.177896,-27.3544873,0 -49.1778961,-27.3545114,0 -49.1778939,-27.3545277,0 -49.1778877,-27.3545428,0 -49.1778799,-27.3545532,0 -49.1778218,-27.3546017,0 -49.1777953,-27.3546308,0 -49.177775,-27.3546572,0 -49.1777697,-27.3546763,0 -49.1777707,-27.3546954,0 -49.1777796,-27.3547146,0 -49.1777899,-27.3547288,0 -49.177804,-27.3547438,0 -49.1778157,-27.3547613,0 -49.1778184,-27.3547761,0 -49.1778184,-27.3547973,0 -49.1778146,-27.3548143,0 -49.1777732,-27.3548858,0 -49.1777575,-27.3549153,0 -49.1777566,-27.3549363,0 -49.1777657,-27.3549668,0 -49.1777744,-27.355,0 -49.17778,-27.3550289,0 -49.1777802,-27.3550586,0 -49.1777745,-27.3550931,0 -49.1777675,-27.3551119,0 -49.1777597,-27.3551254,0 -49.1777388,-27.3551539,0 -49.1775014,-27.3554609,0 -49.1772689,-27.3556522,0 -49.177221,-27.3556787,0 -49.1771591,-27.3557014,0 -49.1770968,-27.3557221,0 -49.1770093,-27.3557425,0 -49.1765736,-27.3558247,0 -49.1761045,-27.3558913,0 -49.1757247,-27.3559511,0 -49.1755363,-27.3559993,0 -49.175063,-27.3560735,0 -49.1750418,-27.3560767,0 -49.1750217,-27.3560797,0 -49.1749891,-27.3560899,0 -49.1749175,-27.3561229,0 -49.1742377,-27.3565796,0 -49.1741496,-27.3566419,0 -49.1740801,-27.356703,0 -49.1738796,-27.3569963,0 -49.1738268,-27.3570768,0 -49.1736919,-27.3572014,0 -49.1736185,-27.3572536,0 -49.1733515,-27.3573966,0 -49.1730345,-27.3575482,0 -49.1729268,-27.3575966,0 -49.1728526,-27.3576604,0 -49.1728179,-27.3577052,0 -49.172792,-27.3577604,0 -49.1727687,-27.3578388,0 -49.1725553,-27.3585574,0 -49.1725052,-27.3586577,0 -49.1723228,-27.3589331,0 -49.1722669,-27.3589876,0 -49.1722161,-27.3590358,0 -49.1721662,-27.3590701,0 -49.1721137,-27.3590978,0 -49.1720576,-27.359122,0 -49.1718516,-27.3591673,0 -49.1717695,-27.3591803,0 -49.1716917,-27.3592088,0 -49.1716079,-27.3592567,0 -49.171568,-27.3593003,0 -49.1715442,-27.3593263,0 -49.1715195,-27.3593699,0 -49.1715062,-27.3594127,0 -49.1715032,-27.3594539,0 -49.1715043,-27.3595149,0 -49.1715096,-27.3595565,0 -49.171518,-27.3595949,0 -49.1715315,-27.3596388,0 -49.1716805,-27.3599063,0 -49.1717063,-27.3599626,0 -49.1717143,-27.3600097,0 -49.1717053,-27.3600478,0 -49.1716565,-27.3601056,0 -49.1716172,-27.3601598,0 -49.1713934,-27.3602606,0 -49.1713597,-27.3602685,0 -49.1711047,-27.3602809,0 -49.1710283,-27.3602837,0 -49.1709432,-27.3603195,0 -49.1705807,-27.3604961,0 -49.1704926,-27.3605434,0 -49.1704227,-27.3606011,0 -49.170402,-27.3606278,0 -49.1703967,-27.3606347,0 -49.1703822,-27.3606698,0 -49.1703023,-27.3608254,0 -49.1701963,-27.3611143,0 -49.1701245,-27.3612918,0 -49.1701019,-27.3613569,0 -49.1700778,-27.3614083,0 -49.1700341,-27.3614633,0 -49.1699848,-27.3615415,0 -49.1699669,-27.3615996,0 -49.169888,-27.3617786,0 -49.1698697,-27.3617934,0 -49.1698248,-27.3618297,0 -49.169743,-27.3618774,0 -49.169655,-27.3619138,0 -49.169582,-27.3619438,0 -49.1694856,-27.3619928,0 -49.1694041,-27.3620564,0 -49.1693591,-27.3621162,0 -49.1693063,-27.3622178,0 -49.1692039,-27.3625178,0 -49.1692159,-27.3629922,0 -49.1692056,-27.3630719,0 -49.1691305,-27.3632494,0 -49.1690375,-27.3634034,0 -49.1688449,-27.3636969,0 -49.1687826,-27.3638479,0 -49.1687886,-27.3638938,0 -49.1689911,-27.3641154,0 -49.1690249,-27.3642033,0 -49.1690179,-27.3642676,0 -49.1689726,-27.3643108,0 -49.1689103,-27.3643323,0 -49.1688158,-27.3643136,0 -49.1685036,-27.3641307,0 -49.1683985,-27.3641129,0 -49.1680739,-27.364194,0 -49.1679797,-27.3642708,0 -49.1679025,-27.3643654,0 -49.167859,-27.3644726,0 -49.16785,-27.3646043,0 -49.1678255,-27.3646845,0 -49.1677805,-27.3647569,0 -49.167562,-27.3648682,0 -49.1674041,-27.3649277,0 -49.1672531,-27.3649486,0 -49.1671222,-27.3649919,0 -49.1667636,-27.3649481,0 -49.1664749,-27.3650273,0 -49.1663528,-27.3651527,0 -49.1662649,-27.3651662,0 -49.1661056,-27.3651488,0 -49.1659791,-27.3651529,0 -49.1657809,-27.365234,0 -49.1656284,-27.3653223,0 -49.1655092,-27.3654492,0 -49.1654324,-27.3656067,0 -49.1654151,-27.3657725,0 -49.1654437,-27.3659754,0 -49.1654939,-27.3662493,0 -49.165489,-27.3663768,0 -49.1654492,-27.3664879,0 -49.1653534,-27.3665884,0 -49.1652037,-27.3666953,0 -49.1649448,-27.3668312,0 -49.1646726,-27.3670921,0 -49.1645901,-27.3672084,0 -49.1644268,-27.3675021,0 -49.1642141,-27.3677977,0 -49.1638002,-27.3680443,0 -49.1636885,-27.3681281,0 -49.1635803,-27.3682368,0 -49.1635022,-27.3683517,0 -49.1633756,-27.3686068,0 -49.1628475,-27.3693239,0 -49.1627349,-27.3695454,0 -49.1627149,-27.3696856,0 -49.1627121,-27.370028,0 -49.1626945,-27.3701211,0 -49.162654,-27.3701966,0 -49.1625948,-27.3702376,0 -49.1623485,-27.3702532,0 -49.162298,-27.3702913,0 -49.1622524,-27.3704486,0 -49.1622049,-27.3705301,0 -49.1619404,-27.3707513,0 -49.1614455,-27.3711033,0 -49.1614036,-27.3711713,0 -49.1613919,-27.3712277,0 -49.1613912,-27.371279,0 -49.1614313,-27.3713906,0 -49.1615083,-27.3715509,0 -49.1616556,-27.3717336,0 -49.1619319,-27.3719343,0 -49.1622042,-27.3723539,0 -49.1623208,-27.3725608,0 -49.1625285,-27.372827,0 -49.1625954,-27.3730335,0 -49.1626986,-27.3731202,0 -49.1630166,-27.3735017,0 -49.1633242,-27.3737762,0 -49.1693892,-27.3807173,0 -49.1699191,-27.381152,0 -49.1704204,-27.3814414,0 -49.170697,-27.3816173,0 -49.1709025,-27.3818457,0 -49.1712976,-27.3825013,0 -49.1716478,-27.3827139,0 -49.1719696,-27.3827279,0 -49.1723007,-27.3827855,0 -49.172508,-27.3829188,0 -49.1726623,-27.3832115,0 -49.1727329,-27.3834395,0 -49.1728073,-27.3835642,0 -49.1729271,-27.3836358,0 -49.1730656,-27.3836686,0 -49.1733307,-27.3836883,0 -49.1736245,-27.3837513,0 -49.1741363,-27.3839643,0 -49.1743645,-27.3839986,0 -49.1745847,-27.3839901,0 -49.1750461,-27.3838576,0 -49.1752601,-27.3838148,0 -49.1755066,-27.3838297,0 -49.1759442,-27.3840059,0 -49.1763922,-27.3840851,0 -49.1769073,-27.3841074,0 -49.1776443,-27.3840599,0 -49.1781179,-27.3840293,0 -49.1788868,-27.3840491,0 -49.1791908,-27.3840346,0 -49.1799841,-27.3840629,0 -49.180308,-27.3842205,0 -49.1806875,-27.3845083,0 -49.1809344,-27.38481,0 -49.1810418,-27.3848789,0 -49.1811235,-27.3849528,0 -49.1811585,-27.3850306,0 -49.1811624,-27.3851239,0 -49.1811235,-27.3852211,0 -49.1811174,-27.3852286,0 -49.1810379,-27.3853261,0 -49.1809562,-27.3854895,0 -49.1809135,-27.3856917,0 -49.1809135,-27.3857656,0 -49.1809407,-27.3858628,0 -49.1810146,-27.3860145,0 -49.181069,-27.3861292,0 -49.1811351,-27.3862303,0 -49.1811589,-27.3862724,0 -49.1812362,-27.3864092,0 -49.1812829,-27.3865531,0 -49.1812868,-27.3866814,0 -49.1812479,-27.3867786,0 -49.1810924,-27.3870119,0 -49.1809368,-27.3872064,0 -49.1807501,-27.3875622,0 -49.1806179,-27.3877839,0 -49.1804763,-27.3879349,0 -49.1804429,-27.3879705,0 -49.1802874,-27.3881416,0 -49.1802368,-27.3882428,0 -49.1802368,-27.3883244,0 -49.1802524,-27.3883847,0 -49.1803263,-27.3884352,0 -49.1804699,-27.3884439,0 -49.1805966,-27.3884753,0 -49.1808615,-27.3886183,0 -49.1809884,-27.3887297,0 -49.1810267,-27.388889,0 -49.181064,-27.3890607,0 -49.1810319,-27.3892189,0 -49.1809096,-27.3894048,0 -49.1808754,-27.389576,0 -49.1808833,-27.3896476,0 -49.1809303,-27.3897094,0 -49.1810735,-27.3899279,0 -49.1811406,-27.3901177,0 -49.1812274,-27.3902873,0 -49.1812387,-27.3904188,0 -49.1811774,-27.3906471,0 -49.181045,-27.3908185,0 -49.1809444,-27.3910459,0 -49.1808891,-27.3912917,0 -49.1808565,-27.3914523,0 -49.1808921,-27.3916392,0 -49.1809022,-27.3918206,0 -49.1810676,-27.3921091,0 -49.1814153,-27.3923752,0 -49.1816797,-27.3927357,0 -49.1818866,-27.3928355,0 -49.1820266,-27.3928549,0 -49.1821861,-27.3928549,0 -49.1823922,-27.3928238,0 -49.1826372,-27.3927499,0 -49.1828744,-27.3926955,0 -49.1831272,-27.3926099,0 -49.1832827,-27.3925788,0 -49.1834227,-27.3925749,0 -49.1835588,-27.3925749,0 -49.1836911,-27.3926235,0 -49.1839011,-27.3927518,0 -49.1841927,-27.3929307,0 -49.1843327,-27.3931252,0 -49.1843833,-27.3931952,0 -49.1844241,-27.3933449,0 -49.1844435,-27.3934266,0 -49.1844049,-27.3940159,0 -49.1843605,-27.3945106,0 -49.1843321,-27.3946773,0 -49.1842443,-27.3950612,0 -49.1841687,-27.3952655,0 -49.1841596,-27.3954982,0 -49.184189,-27.3955912,0 -49.1842528,-27.3956677,0 -49.1844639,-27.3957895,0 -49.1846334,-27.3958736,0 -49.184706,-27.3959526,0 -49.1847811,-27.3961125,0 -49.1848253,-27.39635,0 -49.184906,-27.3965004,0 -49.1849828,-27.3966296,0 -49.1851174,-27.3967373,0 -49.1852831,-27.3967808,0 -49.1854369,-27.3968149,0 -49.1857457,-27.3968171,0 -49.1860056,-27.3969047,0 -49.1862318,-27.3970363,0 -49.1864647,-27.3971979,0 -49.1865531,-27.3974437,0 -49.1865978,-27.3976901,0 -49.1866785,-27.3982155,0 -49.1867007,-27.3985839,0 -49.1867013,-27.3991867,0 -49.1867424,-27.3993191,0 -49.186831,-27.3994264,0 -49.1869785,-27.3995097,0 -49.1871535,-27.3995964,0 -49.1874799,-27.3997309,0 -49.1877031,-27.3998626,0 -49.1878441,-27.4000351,0 -49.187931,-27.4002549,0 -49.1879763,-27.4004644,0 -49.1879492,-27.4006661,0 -49.1878072,-27.4011555,0 -49.1877479,-27.4014489,0 -49.1877387,-27.4020083,0 -49.1877851,-27.4033246,0 -49.1878632,-27.4041762,0 -49.188002,-27.4047849,0 -49.1880967,-27.4052231,0 -49.1882412,-27.4056822,0 -49.1886027,-27.4060499,0 -49.1886864,-27.4063015,0 -49.1888715,-27.4064498,0 -49.1890579,-27.4065567,0 -49.1891001,-27.4066017,0 -49.1891173,-27.4066726,0 -49.1891029,-27.4067614,0 -49.1889915,-27.4069128,0 -49.1888306,-27.4070181,0 -49.188576,-27.4071053,0 -49.1883181,-27.4071616,0 -49.1881751,-27.4071912,0 -49.1880643,-27.4072629,0 -49.1880342,-27.4073914,0 -49.1880727,-27.4075768,0 -49.163,-27.42,0 -49.146,-27.421,0 -49.142,-27.425,0 -49.13,-27.42,0 -49.122,-27.412,0 -49.125,-27.408,0 -49.118,-27.396,0 -49.097,-27.396,0 -49.087,-27.4,0 -49.0862973,-27.4005622,0 -49.082,-27.404,0 -49.08,-27.4,0 -49.063,-27.397,0 -49.058,-27.387,0 -49.046,-27.384,0 -49.039,-27.375,0 -49.015,-27.371,0 -49.008,-27.376,0 -49.0,-27.362,0 -48.9756138,-27.3504193,0 -48.9707422,-27.3452391,0 -48.9714933,-27.341732,0 -48.9686823,-27.3379961,0 -48.9424137,-27.3385603,0 -48.943,-27.337,0 -48.937,-27.329,0 -48.922,-27.329,0 -48.899,-27.306,0 -48.883,-27.306,0 -48.8845307,-27.2911697,0 -48.885,-27.286,0 -48.893,-27.264,0 -48.899,-27.249,0 -48.889,-27.246,0 -48.881,-27.234,0 -48.875,-27.235,0 -48.876,-27.224,0 -48.8757624,-27.223802,0 -48.87,-27.219,0 -48.866,-27.22,0 -48.886,-27.214,0 -48.8929093,-27.2155354,0 -48.895,-27.216,0 -48.895,-27.2142758,0 -48.895,-27.21,0 -48.882,-27.183,0 -48.894,-27.182,0 -48.898,-27.19,0 -48.906,-27.189,0 -48.914,-27.197,0 -48.931,-27.201,0 -48.934,-27.203,0 -48.932,-27.205,0 -48.934,-27.212,0 -48.935,-27.212,0 -48.9351694,-27.212081,0 -48.958,-27.223,0 -48.971,-27.237,0 -48.986,-27.247,0 -48.9954547,-27.247,0 -48.996,-27.247,0 -49.004,-27.253,0 -49.021,-27.256,0 -49.026,-27.261,0 -49.0300889,-27.2666338,0 -49.037,-27.271,0 -49.05,-27.272,0 -49.065,-27.277,0 -49.074,-27.276,0 -49.075,-27.275,0 -49.075,-27.27,0 -49.087,-27.275,0 -49.091,-27.276,0 -49.101,-27.276,0 -49.108,-27.275,0 -49.111,-27.279,0 -49.124,-27.277,0 -49.128,-27.281,0 -49.134,-27.28,0 -49.138,-27.282,0 -49.142,-27.283,0 -49.154,-27.29,0 -49.17,-27.293,0 -49.175,-27.293,0 -49.179,-27.291,0 -49.205,-27.294,0 -49.2216169,-27.3087774,0 -49.2223995,-27.3093931,0 -49.2225362,-27.3100994,0 -49.2235759,-27.3117899,0 -49.2242361,-27.3129869,0 -49.2244846,-27.3133285,0 -49.2246941,-27.3135057,0 -49.224975,-27.3136037,0 -49.2251412,-27.3136514,0 -49.2252591,-27.3137531,0 -49.2256218,-27.3142152,0 -49.2260358,-27.3147946,0 -49.2261881,-27.3151293,0 -49.226276,-27.3159013,0 -49.2263215,-27.3165005,0 -49.2262773,-27.3167898,0 -49.2261573,-27.3170627,0 -49.2259929,-27.3173707,0 -49.225806,-27.3176408,0 -49.2257081,-27.3179547,0 -49.2257047,-27.3182476,0 -49.2257917,-27.3185107,0 -49.22582,-27.3187977,0 -49.2257686,-27.3190551,0 -49.2257031,-27.3192175,0 -49.2252079,-27.3200285,0 -49.2251161,-27.320122,0 -49.2246805,-27.3205086,0 -49.2243988,-27.3206757,0 -49.2242173,-27.3207987,0 -49.2241049,-27.3209289,0 -49.224056,-27.3210925,0 -49.2240821,-27.3212307,0</coordinates></LinearRing></outerBoundaryIs></Polygon></Placemark>
<Placemark><name>Gaspar</name><styleUrl>#v</styleUrl><Polygon><outerBoundaryIs><LinearRing><coordinates>-49.0588689,-27.0611704,0 -49.059577,-27.0601576,0 -49.061358,-27.0591258,0 -49.0627313,-27.0575015,0 -49.064,-27.055,0 -49.066,-27.041,0 -49.055,-27.034,0 -49.054,-27.027,0 -49.06,-27.016,0 -49.055,-27.01,0 -49.054,-27.001,0 -49.055,-27.001,0 -49.056,-26.993,0 -49.046,-26.989,0 -49.042,-26.985,0 -49.042,-26.978,0 -49.0421593,-26.9776616,0 -49.0430442,-26.9757813,0 -49.0446558,-26.9723568,0 -49.05,-26.961,0 -49.051202,-26.9604146,0 -49.0531964,-26.9596593,0 -49.054009,-26.9584431,0 -49.0543616,-26.9571313,0 -49.0562167,-26.9557101,0 -49.0568299,-26.9553684,0 -49.0569219,-26.9549995,0 -49.056,-26.954,0 -49.0547151,-26.9518684,0 -49.0547151,-26.9496651,0 -49.0549319,-26.9488147,0 -49.0544766,-26.9485635,0 -49.0538482,-26.9485748,0 -49.0496416,-26.9463022,0 -49.0496633,-26.9449879,0 -49.049,-26.944,0 -49.0443297,-26.9406004,0 -49.0413053,-26.9401564,0 -49.0391695,-26.940813,0 -49.0380589,-26.9404231,0 -49.0373916,-26.9391894,0 -49.032,-26.936,0 -49.028,-26.935,0 -49.031,-26.929,0 -49.030266,-26.925442,0 -49.0300273,-26.9226758,0 -49.0296657,-26.9219104,0 -49.0285326,-26.9204919,0 -49.0278543,-26.9204135,0 -49.0270379,-26.9210407,0 -49.0253547,-26.9212199,0 -49.0239605,-26.9207383,0 -49.0195904,-26.9175296,0 -49.0190241,-26.9161688,0 -49.0185912,-26.9156831,0 -49.0177681,-26.9147912,0 -49.0174415,-26.91422,0 -49.0174917,-26.9118679,0 -49.016,-26.909,0 -49.0136226,-26.9087519,0 -49.0096552,-26.9059545,0 -49.0122365,-26.9044527,0 -49.0122776,-26.9042518,0 -49.0122973,-26.9040664,0 -49.0123357,-26.9039181,0 -49.0124189,-26.9038418,0 -49.0126337,-26.9035487,0 -49.0126916,-26.9033304,0 -49.0129141,-26.9031796,0 -49.0130861,-26.9029408,0 -49.0131047,-26.9026479,0 -49.0130179,-26.9024544,0 -49.013,-26.902,0 -49.0132258,-26.9018956,0 -49.0133639,-26.9018194,0 -49.0134406,-26.9017002,0 -49.0135282,-26.9016846,0 -49.0135939,-26.9016123,0 -49.013579,-26.9015483,0 -49.0136246,-26.9012398,0 -49.0136814,-26.9011908,0 -49.013751,-26.9011593,0 -49.0138114,-26.9009092,0 -49.0137572,-26.9008056,0 -49.0138083,-26.9006522,0 -49.0140463,-26.900496,0 -49.015114,-26.9002906,0 -49.015761,-26.8999763,0 -49.0164712,-26.8994599,0 -49.0169289,-26.8988574,0 -49.0174686,-26.8984767,0 -49.0191094,-26.8971693,0 -49.0283607,-26.8897972,0 -49.038967,-26.8814369,0 -49.0394596,-26.8810486,0 -49.0413863,-26.8795298,0 -49.0416146,-26.8793499,0 -49.0418441,-26.8791547,0 -49.0423731,-26.8787048,0 -49.0427034,-26.8784722,0 -49.0434342,-26.8779577,0 -49.0436997,-26.8777707,0 -49.0440809,-26.8771601,0 -49.044235,-26.8764945,0 -49.0441766,-26.8758694,0 -49.0439819,-26.8752183,0 -49.0433298,-26.8742112,0 -49.043166,-26.873618,0 -49.043398,-26.8728568,0 -49.0442155,-26.8715806,0 -49.044235,-26.8709815,0 -49.0440779,-26.8704791,0 -49.0419202,-26.8658735,0 -49.0414903,-26.8649821,0 -49.0407717,-26.8644843,0 -49.0401666,-26.864218,0 -49.0398297,-26.8636285,0 -49.0397763,-26.8628407,0 -49.0399002,-26.8623841,0 -49.0404306,-26.8618382,0 -49.0409426,-26.8612144,0 -49.0412401,-26.8605701,0 -49.0412297,-26.8600382,0 -49.04092,-26.8592592,0 -49.0395564,-26.8587728,0 -49.0391249,-26.8580769,0 -49.0392731,-26.8576141,0 -49.0395461,-26.8573306,0 -49.0401747,-26.8571443,0 -49.0408013,-26.8564531,0 -49.0413071,-26.8556235,0 -49.0414263,-26.8554186,0 -49.0420336,-26.854082,0 -49.04259,-26.8523772,0 -49.0426812,-26.8496225,0 -49.0429432,-26.8487483,0 -49.0428976,-26.8479148,0 -49.0426128,-26.8473354,0 -49.0422596,-26.846939,0 -49.0421343,-26.8454447,0 -49.0419634,-26.8443773,0 -49.0416102,-26.84393,0 -49.0412342,-26.8426695,0 -49.0413026,-26.8417851,0 -49.0410519,-26.8414801,0 -49.0402088,-26.8409109,0 -49.0396278,-26.8401993,0 -49.0389328,-26.8398943,0 -49.0387961,-26.8394775,0 -49.039024,-26.8385016,0 -49.039662,-26.8377493,0 -49.039981,-26.837424,0 -49.0401861,-26.8370479,0 -49.0398443,-26.8365294,0 -49.0395253,-26.8360211,0 -49.0393658,-26.8353908,0 -49.0397759,-26.834852,0 -49.040562,-26.8344352,0 -49.0408013,-26.833937,0 -49.0408469,-26.8334389,0 -49.0400835,-26.8331644,0 -49.0388531,-26.8326459,0 -49.038546,-26.8320141,0 -49.038,-26.831,0 -49.0376953,-26.8296285,0 -49.0381966,-26.8279815,0 -49.0387663,-26.8276155,0 -49.0420703,-26.8281238,0 -49.0428834,-26.8280779,0 -49.0436627,-26.828034,0 -49.0452575,-26.8274561,0 -49.0464637,-26.827196,0 -49.0478641,-26.8255706,0 -49.0482203,-26.8239163,0 -49.0485846,-26.8219369,0 -49.0483499,-26.820362,0 -49.047257,-26.8191771,0 -49.0464556,-26.8178767,0 -49.0452575,-26.8166124,0 -49.0446503,-26.8144233,0 -49.0455327,-26.8137586,0 -49.0460913,-26.8126749,0 -49.0471275,-26.8118368,0 -49.0486575,-26.8100884,0 -49.0494857,-26.8084447,0 -49.0500982,-26.8072748,0 -49.0496689,-26.8057421,0 -49.0492567,-26.8046385,0 -49.0500982,-26.8029882,0 -49.0505733,-26.8018795,0 -49.0524623,-26.8011182,0 -49.0528458,-26.8003365,0 -49.0521932,-26.7966935,0 -49.0526913,-26.7953446,0 -49.0525424,-26.7943124,0 -49.052007,-26.7930348,0 -49.0519242,-26.7929022,0 -49.0502069,-26.7901838,0 -49.0500123,-26.7887377,0 -49.0504874,-26.7865251,0 -49.0514663,-26.7855593,0 -49.0526455,-26.7848133,0 -49.0537731,-26.7835766,0 -49.0546432,-26.7823655,0 -49.0545345,-26.7814662,0 -49.0533372,-26.781298,0 -49.0522936,-26.7809555,0 -49.0517172,-26.7807665,0 -49.0500858,-26.7803986,0 -49.0490669,-26.7795196,0 -49.0473382,-26.7782881,0 -49.0466513,-26.7770514,0 -49.0459129,-26.7767703,0 -49.0436747,-26.776617,0 -49.0424555,-26.7770309,0 -49.0396735,-26.7778179,0 -49.0380135,-26.7777719,0 -49.0345618,-26.7780939,0 -49.0320431,-26.7786509,0 -49.0314364,-26.7783852,0 -49.0303535,-26.7785233,0 -49.030136,-26.7802812,0 -49.027915,-26.7830612,0 -49.0269533,-26.7851869,0 -49.0257742,-26.7863316,0 -49.0242973,-26.7872003,0 -49.0203705,-26.7887537,0 -49.0170962,-26.7888048,0 -49.015711,-26.7894997,0 -49.014051,-26.7899392,0 -49.0128718,-26.7898983,0 -49.0102615,-26.7887946,0 -49.0080291,-26.7858001,0 -49.0057966,-26.7839912,0 -49.0052242,-26.7838686,0 -49.0021446,-26.7847066,0 -48.9990192,-26.786771,0 -48.9986757,-26.7875273,0 -48.9991108,-26.7885186,0 -49.0022598,-26.7922442,0 -49.0023544,-26.7930077,0 -49.0022654,-26.7932805,0 -49.0011944,-26.7947832,0 -48.9998664,-26.7962241,0 -48.9987215,-26.7965102,0 -48.998401,-26.7976138,0 -49.0004159,-26.8012313,0 -49.0003701,-26.8028356,0 -48.9951611,-26.8071272,0 -48.993959,-26.8068411,0 -48.9921845,-26.8075258,0 -48.9905702,-26.8074236,0 -48.9877425,-26.8084352,0 -48.9858993,-26.8079856,0 -48.9864145,-26.8088847,0 -48.9864717,-26.8115005,0 -48.9873647,-26.8139834,0 -48.9869983,-26.8150971,0 -48.9847767,-26.8179326,0 -48.983048,-26.8188419,0 -48.9809872,-26.8190156,0 -48.9796586,-26.8195408,0 -48.9792356,-26.8197308,0 -48.9779086,-26.8199923,0 -48.9775362,-26.8204836,0 -48.9775524,-26.8210688,0 -48.9786857,-26.8218129,0 -48.9805476,-26.8224558,0 -48.9816243,-26.8233227,0 -48.9830401,-26.824341,0 -48.9832396,-26.8249404,0 -48.9832272,-26.82549,0 -48.981681,-26.8283651,0 -48.9798757,-26.8303734,0 -48.9774634,-26.8315364,0 -48.9752291,-26.8313991,0 -48.9738286,-26.831233,0 -48.9728167,-26.8315364,0 -48.9723714,-26.8333423,0 -48.9707605,-26.8343247,0 -48.9691415,-26.8368164,0 -48.9689665,-26.8369921,0 -48.967239,-26.8380664,0 -48.9655714,-26.838182,0 -48.9641305,-26.8375753,0 -48.9624466,-26.8376403,0 -48.9603985,-26.8367301,0 -48.9587876,-26.8362462,0 -48.9547723,-26.8358344,0 -48.9537766,-26.836889,0 -48.9524166,-26.8384998,0 -48.9497371,-26.8388032,0 -48.9480533,-26.8399445,0 -48.9466528,-26.8415408,0 -48.9359879,-26.8420054,0 -48.931944,-26.8478877,0 -48.9249879,-26.8580054,0 -48.9195102,-26.8609933,0 -48.914,-26.864,0 -48.9108879,-26.8700498,0 -48.9107837,-26.8726471,0 -48.9084613,-26.8738849,0 -48.9070022,-26.8751194,0 -48.90535,-26.8756745,0 -48.9045882,-26.8755022,0 -48.903923,-26.8757893,0 -48.9034402,-26.8764975,0 -48.9023352,-26.8768803,0 -48.9016593,-26.8774258,0 -48.9014232,-26.8782201,0 -48.9011443,-26.8797703,0 -48.9006508,-26.8809474,0 -48.9002001,-26.8815407,0 -48.8996798,-26.8823781,0 -48.8991165,-26.8829283,0 -48.898564,-26.8832441,0 -48.8982099,-26.8834068,0 -48.8980919,-26.8836747,0 -48.8978934,-26.88389,0 -48.8979203,-26.8842537,0 -48.8978881,-26.8846269,0 -48.8980919,-26.8852728,0 -48.8982046,-26.8856316,0 -48.8981134,-26.8861484,0 -48.8978612,-26.8864498,0 -48.8978076,-26.8867034,0 -48.8973731,-26.8875119,0 -48.8969547,-26.8878947,0 -48.8969815,-26.8882105,0 -48.8968688,-26.8883971,0 -48.8965201,-26.8885023,0 -48.8961661,-26.8889234,0 -48.8958228,-26.8890382,0 -48.8953078,-26.8898085,0 -48.8942617,-26.8904065,0 -48.8934839,-26.8904448,0 -48.8898307,-26.8907175,0 -48.8875508,-26.8909328,0 -48.8871985,-26.8909732,0 -48.8870597,-26.8910091,0 -48.88684,-26.8911816,0 -48.8865745,-26.8912534,0 -48.8861641,-26.891433,0 -48.8860451,-26.8915257,0 -48.8859817,-26.8916236,0 -48.8859308,-26.891727,0 -48.8858798,-26.8918036,0 -48.8839808,-26.8931336,0 -48.883785,-26.8931264,0 -48.883549,-26.893014,0 -48.8828087,-26.8929757,0 -48.8811135,-26.8933106,0 -48.8808078,-26.8946885,0 -48.8796705,-26.8957027,0 -48.879295,-26.8956692,0 -48.8790911,-26.8956214,0 -48.8771814,-26.8957553,0 -48.8767791,-26.8958606,0 -48.8745475,-26.896229,0 -48.8740115,-26.8970025,0 -48.8739798,-26.897039,0 -48.8731076,-26.8977313,0 -48.8730438,-26.8977845,0 -48.8729606,-26.8978538,0 -48.8717687,-26.8988411,0 -48.8711126,-26.8997312,0 -48.8710583,-26.899817,0 -48.8709748,-26.899951,0 -48.8680458,-26.902075,0 -48.8661361,-26.9026874,0 -48.8658129,-26.902691,0 -48.8657069,-26.9027711,0 -48.8657404,-26.9030557,0 -48.8660556,-26.903338,0 -48.8660932,-26.9035867,0 -48.8660502,-26.9043091,0 -48.8663775,-26.9048688,0 -48.8659988,-26.9066981,0 -48.8659839,-26.9067656,0 -48.8659711,-26.9068505,0 -48.8659215,-26.9070717,0 -48.8657042,-26.9072487,0 -48.8654307,-26.907208,0 -48.8652858,-26.9070956,0 -48.865149,-26.9071148,0 -48.8650283,-26.9072607,0 -48.8649774,-26.9075979,0 -48.8650632,-26.9078156,0 -48.86509,-26.9080093,0 -48.8650149,-26.9082628,0 -48.8650712,-26.9083418,0 -48.8652563,-26.9083489,0 -48.865326,-26.9084637,0 -48.8652429,-26.9086575,0 -48.8651893,-26.908789,0 -48.8652322,-26.9090043,0 -48.8651919,-26.9093224,0 -48.8644952,-26.9099559,0 -48.8590926,-26.9096142,0 -48.8546133,-26.9088919,0 -48.8460856,-26.9068084,0 -48.8464747,-26.9077925,0 -48.8466601,-26.9084417,0 -48.846671,-26.9084838,0 -48.8467077,-26.9086126,0 -48.8468704,-26.9088969,0 -48.8469018,-26.9093617,0 -48.8469988,-26.9096265,0 -48.8470957,-26.9105995,0 -48.8472776,-26.9107995,0 -48.84755,-26.9108903,0 -48.8478591,-26.9108146,0 -48.8492048,-26.91042,0 -48.8501565,-26.9101605,0 -48.8506294,-26.9101822,0 -48.8509143,-26.9103605,0 -48.8510961,-26.9110416,0 -48.8517755,-26.9136731,0 -48.8523671,-26.9148808,0 -48.85307,-26.915844,0 -48.8534386,-26.9161115,0 -48.853653,-26.9162873,0 -48.8537644,-26.9168071,0 -48.8539606,-26.9207375,0 -48.8513445,-26.929016,0 -48.8509601,-26.9303951,0 -48.8488063,-26.9410809,0 -48.8446053,-26.9619739,0 -48.8445335,-26.9623328,0 -48.844,-26.965,0 -48.85,-26.977,0 -48.855,-26.991,0 -48.8555755,-26.9916279,0 -48.866,-27.003,0 -48.871,-26.999,0 -48.8788872,-26.998907,0 -48.8818755,-26.9998942,0 -48.883,-27.001,0 -48.888,-27.002,0 -48.8884388,-27.0025725,0 -48.8889664,-27.0032579,0 -48.895,-27.011,0 -48.909,-27.011,0 -48.913,-27.02,0 -48.918,-27.02,0 -48.926,-27.019,0 -48.9269966,-27.0199967,0 -48.935,-27.028,0 -48.9384055,-27.0267698,0 -48.9397574,-27.0266169,0 -48.9407015,-27.0270374,0 -48.9417744,-27.0274197,0 -48.9428044,-27.0275726,0 -48.9439416,-27.0281651,0 -48.9461732,-27.028318,0 -48.947568,-27.0281843,0 -48.9487267,-27.0273241,0 -48.9494348,-27.0265787,0 -48.9508724,-27.026139,0 -48.9523959,-27.0260243,0 -48.9544559,-27.0258141,0 -48.9555288,-27.0250686,0 -48.9573312,-27.0238261,0 -48.9584899,-27.0229277,0 -48.9608717,-27.021972,0 -48.9629531,-27.0208251,0 -48.9634896,-27.0209398,0 -48.9641977,-27.0213794,0 -48.9646697,-27.0222778,0 -48.966794,-27.0243231,0 -48.9688111,-27.026636,0 -48.9699054,-27.0274006,0 -48.9716435,-27.0277829,0 -48.9729095,-27.0285665,0 -48.9743471,-27.0291782,0 -48.975699,-27.0289488,0 -48.9773298,-27.0284327,0 -48.9790035,-27.0280696,0 -48.9811492,-27.028471,0 -48.9833164,-27.0291591,0 -48.986,-27.03,0 -48.9874149,-27.0310131,0 -48.9884019,-27.0325995,0 -48.9884019,-27.0341477,0 -48.99,-27.038,0 -48.9908266,-27.0382761,0 -48.991642,-27.0378747,0 -48.9927578,-27.0374733,0 -48.9941311,-27.0370529,0 -48.9948607,-27.0364795,0 -48.9958048,-27.035543,0 -48.9967275,-27.0350269,0 -48.998251,-27.0344726,0 -48.9994097,-27.033689,0 -49.0005255,-27.0335934,0 -49.0013194,-27.0342815,0 -49.0027142,-27.0347402,0 -49.0047741,-27.0357341,0 -49.0062862,-27.0369468,0 -49.0122414,-27.038945,0 -49.0142155,-27.0404739,0 -49.0157175,-27.0427674,0 -49.018,-27.045,0 -49.0181174,-27.0451058,0 -49.0206957,-27.0474305,0 -49.0229702,-27.0488447,0 -49.025631,-27.0494562,0 -49.0271759,-27.0489594,0 -49.0288067,-27.0486154,0 -49.0311242,-27.0485772,0 -49.0334845,-27.0477363,0 -49.0355444,-27.0480803,0 -49.0370036,-27.0476216,0 -49.0379477,-27.0469145,0 -49.0387523,-27.0458921,0 -49.0392888,-27.0452997,0 -49.0400827,-27.0449174,0 -49.0406191,-27.0448123,0 -49.0412521,-27.0448314,0 -49.0419495,-27.0453952,0 -49.0428078,-27.0466565,0 -49.0442884,-27.0494181,0 -49.0452647,-27.0513673,0 -49.0463591,-27.0525712,0 -49.0477538,-27.0535458,0 -49.0492988,-27.0541574,0 -49.0513802,-27.0550746,0 -49.0540409,-27.057062,0 -49.0556288,-27.0580939,0 -49.0579248,-27.0599857,0 -49.0588689,-27.0611704,0</coordinates></LinearRing></outerBoundaryIs></Polygon></Placemark>
</Document></kml>