<?xml version="1.0" encoding="UTF-8"?>
<kml xmlns="http://www.opengis.net/kml/2.2"><Document><name>Brusque — Camadas</name>
<Style id="zr"><LineStyle><color>ff76e600</color><width>1.5</width></LineStyle><PolyStyle><fill>0</fill></PolyStyle></Style>
<Style id="ba"><LineStyle><color>ff0aeefa</color><width>1.2</width></LineStyle><PolyStyle><fill>0</fill></PolyStyle></Style>
<Placemark><name>Centro I</name><styleUrl>#ba</styleUrl><Polygon><outerBoundaryIs><LinearRing><coordinates>-48.9279607,-27.0984746,0 -48.9274127,-27.0990145,0 -48.9267103,-27.0998247,0 -48.9250992,-27.1022401,0 -48.9246861,-27.1025242,0 -48.9241443,-27.1028227,0 -48.9232887,-27.102827,0 -48.9223382,-27.1028328,0 -48.9218725,-27.1028547,0 -48.9213957,-27.1028436,0 -48.9203233,-27.1025741,0 -48.9198431,-27.1024013,0 -48.9193954,-27.1022068,0 -48.9190824,-27.1019842,0 -48.9186231,-27.1016314,0 -48.9180275,-27.1011548,0 -48.9177582,-27.1009636,0 -48.9175056,-27.1008028,0 -48.9173762,-27.1007099,0 -48.9172815,-27.1006384,0 -48.9171762,-27.1005814,0 -48.9170332,-27.1005292,0 -48.9165722,-27.1004828,0 -48.9162791,-27.1004754,0 -48.9159814,-27.1004847,0 -48.9152407,-27.1005479,0 -48.9148633,-27.100594,0 -48.9145093,-27.1006235,0 -48.91433,-27.1006362,0 -48.9141741,-27.1006322,0 -48.914031,-27.1006075,0 -48.9139159,-27.1005787,0 -48.9137206,-27.100497,0 -48.9134458,-27.1003868,0 -48.9132864,-27.100312,0 -48.9132128,-27.1002723,0 -48.9131463,-27.1002231,0 -48.9129928,-27.1000951,0 -48.9128516,-27.0999718,0 -48.9126907,-27.0998207,0 -48.9125588,-27.0996812,0 -48.912443,-27.0995656,0 -48.9123204,-27.0994642,0 -48.9121872,-27.0993653,0 -48.9111821,-27.0986649,0 -48.9100079,-27.097798,0 -48.9090208,-27.0970651,0 -48.9080758,-27.0962656,0 -48.9071203,-27.0952166,0 -48.9068034,-27.0946409,0 -48.90654,-27.0942615,0 -48.9062728,-27.0938412,0 -48.9061118,-27.093335,0 -48.9060367,-27.0928001,0 -48.9059402,-27.0922366,0 -48.9059254,-27.0919416,0 -48.9059187,-27.0918068,0 -48.9059225,-27.0913317,0 -48.9059836,-27.0909964,0 -48.9060678,-27.0908342,0 -48.906195,-27.0907413,0 -48.9070463,-27.0904732,0 -48.9075413,-27.0903342,0 -48.9076757,-27.0906956,0 -48.9076962,-27.0907461,0 -48.9081041,-27.0906407,0 -48.9087488,-27.0906173,0 -48.9094038,-27.090594,0 -48.9122689,-27.0904896,0 -48.9123611,-27.0904863,0 -48.91408,-27.090424,0 -48.9148775,-27.0903904,0 -48.9160529,-27.0903741,0 -48.9160573,-27.0904661,0 -48.9182734,-27.0904264,0 -48.9190554,-27.0903974,0 -48.919041,-27.0900448,0 -48.9206989,-27.0899549,0 -48.9211057,-27.0899161,0 -48.9211549,-27.0899286,0 -48.9215611,-27.0898465,0 -48.9218204,-27.0897941,0 -48.92191,-27.0899768,0 -48.9219751,-27.0901216,0 -48.9220104,-27.0902104,0 -48.9221345,-27.090523,0 -48.9222231,-27.0904968,0 -48.9222913,-27.0904737,0 -48.9223481,-27.0904433,0 -48.9224456,-27.0904592,0 -48.9225577,-27.0904202,0 -48.9226389,-27.0903985,0 -48.9227396,-27.0904043,0 -48.9228159,-27.0904563,0 -48.9229085,-27.0905677,0 -48.9230888,-27.0906993,0 -48.9231196,-27.0907513,0 -48.9232041,-27.0909017,0 -48.9233503,-27.0911027,0 -48.9236735,-27.091136,0 -48.9237482,-27.0911605,0 -48.9238635,-27.0911793,0 -48.9240113,-27.0912025,0 -48.924125,-27.091256,0 -48.9244174,-27.0913167,0 -48.9244986,-27.0913543,0 -48.9245603,-27.0913876,0 -48.9246155,-27.091444,0 -48.9246659,-27.0915032,0 -48.9247178,-27.0915264,0 -48.9247991,-27.0915524,0 -48.9248494,-27.0915524,0 -48.9248916,-27.0915553,0 -48.9249111,-27.0915727,0 -48.9249322,-27.0916016,0 -48.9249631,-27.0916218,0 -48.9249842,-27.0916146,0 -48.9249988,-27.091577,0 -48.9250118,-27.0915596,0 -48.9250086,-27.0915293,0 -48.9250216,-27.091509,0 -48.9250638,-27.0915163,0 -48.9250849,-27.0915741,0 -48.9251206,-27.0915799,0 -48.925158,-27.0915741,0 -48.925197,-27.0915886,0 -48.9252473,-27.0916247,0 -48.9254163,-27.0916985,0 -48.9256648,-27.0920238,0 -48.9257833,-27.092138,0 -48.9258727,-27.0921858,0 -48.9259311,-27.0921944,0 -48.9259636,-27.0922089,0 -48.9259928,-27.0922465,0 -48.9260822,-27.0923289,0 -48.9261439,-27.0923506,0 -48.926191,-27.092352,0 -48.926243,-27.0923376,0 -48.926355,-27.092326,0 -48.9263973,-27.0923289,0 -48.9265061,-27.0923622,0 -48.9266198,-27.092339,0 -48.9267822,-27.0923824,0 -48.9269917,-27.0923983,0 -48.9270811,-27.092501,0 -48.9270691,-27.0926367,0 -48.9270199,-27.0926848,0 -48.9269334,-27.0930202,0 -48.926922,-27.0933556,0 -48.9270272,-27.0937125,0 -48.9269178,-27.0940789,0 -48.9270062,-27.0944618,0 -48.9272559,-27.0951143,0 -48.9278512,-27.0972097,0 -48.9276724,-27.0982498,0 -48.9279607,-27.0984746,0</coordinates></LinearRing></outerBoundaryIs></Polygon></Placemark>
<Placemark><name>Centro II</name><styleUrl>#ba</styleUrl><Polygon><outerBoundaryIs><LinearRing><coordinates>-48.9223382,-27.1028328,0 -48.9218725,-27.1028547,0 -48.9213957,-27.1028436,0 -48.9203233,-27.1025741,0 -48.9198431,-27.1024013,0 -48.9193954,-27.1022068,0 -48.9190824,-27.1019842,0 -48.9186231,-27.1016314,0 -48.9180275,-27.1011548,0 -48.9177582,-27.1009636,0 -48.9175056,-27.1008028,0 -48.9173762,-27.1007099,0 -48.9172815,-27.1006384,0 -48.9171762,-27.1005814,0 -48.9170332,-27.1005292,0 -48.9165722,-27.1004828,0 -48.9162791,-27.1004754,0 -48.9159814,-27.1004847,0 -48.9152407,-27.1005479,0 -48.9148633,-27.100594,0 -48.9145093,-27.1006235,0 -48.91433,-27.1006362,0 -48.9141741,-27.1006322,0 -48.914031,-27.1006075,0 -48.9139159,-27.1005787,0 -48.9137206,-27.100497,0 -48.9134458,-27.1003868,0 -48.9132864,-27.100312,0 -48.9132128,-27.1002723,0 -48.9131463,-27.1002231,0 -48.9129928,-27.1000951,0 -48.9128516,-27.0999718,0 -48.9126907,-27.0998207,0 -48.9125588,-27.0996812,0 -48.912443,-27.0995656,0 -48.9123204,-27.0994642,0 -48.9121872,-27.0993653,0 -48.9111821,-27.0986649,0 -48.9100079,-27.097798,0 -48.9090208,-27.0970651,0 -48.9080758,-27.0962656,0 -48.9071203,-27.0952166,0 -48.9068034,-27.0946409,0 -48.90654,-27.0942615,0 -48.9062728,-27.0938412,0 -48.9061118,-27.093335,0 -48.9060367,-27.0928001,0 -48.9059402,-27.0922366,0 -48.9059254,-27.0919416,0 -48.9059187,-27.0918068,0 -48.9059225,-27.0913317,0 -48.9059836,-27.0909964,0 -48.9060678,-27.0908342,0 -48.906195,-27.0907413,0 -48.9070463,-27.0904732,0 -48.9075413,-27.0903342,0 -48.9074058,-27.0900119,0 -48.90702,-27.0901298,0 -48.9067169,-27.0902257,0 -48.9062943,-27.0903515,0 -48.9056426,-27.0905413,0 -48.9055491,-27.0905685,0 -48.9053543,-27.0906239,0 -48.9053191,-27.0906339,0 -48.904899,-27.0907534,0 -48.903564,-27.0911332,0 -48.9031279,-27.0912573,0 -48.902581,-27.0914129,0 -48.9027333,-27.0919754,0 -48.9027631,-27.0921115,0 -48.9028414,-27.0925801,0 -48.9028657,-27.0927444,0 -48.9028825,-27.0928001,0 -48.902844,-27.0928733,0 -48.9026829,-27.0929513,0 -48.9025364,-27.0926396,0 -48.9021963,-27.0919598,0 -48.9020169,-27.0916938,0 -48.9018567,-27.091489,0 -48.9016655,-27.0912998,0 -48.901467,-27.0911469,0 -48.9012578,-27.0910132,0 -48.9009413,-27.090846,0 -48.8998238,-27.0902724,0 -48.8996858,-27.0901968,0 -48.8995577,-27.0901154,0 -48.8994727,-27.090043,0 -48.8976038,-27.0900662,0 -48.8975311,-27.0900844,0 -48.8974743,-27.0901156,0 -48.8974239,-27.0901726,0 -48.8973961,-27.0902205,0 -48.8973566,-27.0904435,0 -48.8973146,-27.0905916,0 -48.8969551,-27.0912887,0 -48.8965876,-27.0915628,0 -48.8964545,-27.092247,0 -48.8959961,-27.092244,0 -48.8954525,-27.0925201,0 -48.894999,-27.0931954,0 -48.8949899,-27.093422,0 -48.8951461,-27.0938217,0 -48.8978625,-27.0938684,0 -48.897143,-27.09528,0 -48.8970473,-27.0969927,0 -48.895921,-27.0970953,0 -48.8954069,-27.0977744,0 -48.8936084,-27.0980189,0 -48.8935511,-27.0987232,0 -48.8934674,-27.0988021,0 -48.8932852,-27.0991153,0 -48.8929508,-27.0991647,0 -48.8923714,-27.0991597,0 -48.8921634,-27.0992667,0 -48.8919856,-27.0994006,0 -48.8917566,-27.0996956,0 -48.8916295,-27.1000332,0 -48.8913635,-27.1001261,0 -48.8906629,-27.1004154,0 -48.8905113,-27.1005505,0 -48.890422,-27.1007647,0 -48.8919442,-27.1024108,0 -48.8965587,-27.1019506,0 -48.897257,-27.1011695,0 -48.9017826,-27.1010467,0 -48.9027852,-27.1020946,0 -48.9076615,-27.104815,0 -48.9011446,-27.1049746,0 -48.9005145,-27.1054164,0 -48.9003262,-27.1057858,0 -48.8995071,-27.1065545,0 -48.8999265,-27.1070533,0 -48.9002058,-27.1072421,0 -48.9006031,-27.1072839,0 -48.9010976,-27.1077243,0 -48.9010683,-27.1083063,0 -48.9013731,-27.1086469,0 -48.9011492,-27.110155,0 -48.9016488,-27.110661,0 -48.9021014,-27.1112861,0 -48.902012,-27.1123422,0 -48.9022376,-27.1131135,0 -48.9028328,-27.1136135,0 -48.9036097,-27.1137154,0 -48.9037429,-27.1143499,0 -48.9040193,-27.1146198,0 -48.9045174,-27.1140725,0 -48.9048953,-27.1139358,0 -48.9055672,-27.1140486,0 -48.9062448,-27.1128904,0 -48.9065891,-27.1127747,0 -48.9070805,-27.1114252,0 -48.9080393,-27.1113899,0 -48.9083037,-27.1115655,0 -48.908797,-27.1116098,0 -48.9089911,-27.1116132,0 -48.909093,-27.1115819,0 -48.9093233,-27.1115374,0 -48.9094093,-27.1116311,0 -48.9095549,-27.1117123,0 -48.9101592,-27.1109765,0 -48.9103052,-27.1107718,0 -48.9103056,-27.1105192,0 -48.9111141,-27.1094574,0 -48.9114725,-27.1088273,0 -48.9119704,-27.1086108,0 -48.911583,-27.1060756,0 -48.9116939,-27.1055124,0 -48.9119363,-27.1047857,0 -48.9120748,-27.1048244,0 -48.9122386,-27.1047824,0 -48.9122914,-27.1048048,0 -48.9128038,-27.1052819,0 -48.9133572,-27.1057467,0 -48.9138043,-27.1053407,0 -48.9140983,-27.105537,0 -48.9139518,-27.1046473,0 -48.9142575,-27.1046221,0 -48.9143999,-27.1046304,0 -48.9145167,-27.1046512,0 -48.9146077,-27.1046803,0 -48.9147035,-27.1047198,0 -48.9152031,-27.1049526,0 -48.9172551,-27.10605,0 -48.9180986,-27.1064957,0 -48.9182851,-27.1065942,0 -48.9186442,-27.106784,0 -48.9197597,-27.1073735,0 -48.9198034,-27.1073966,0 -48.9199207,-27.1074641,0 -48.9200386,-27.1074581,0 -48.9200849,-27.1074509,0 -48.9202303,-27.1074281,0 -48.9212881,-27.1072629,0 -48.9217289,-27.1064691,0 -48.9217837,-27.1063931,0 -48.9216925,-27.1063531,0 -48.9216038,-27.1063141,0 -48.9204563,-27.1058107,0 -48.9203195,-27.1057507,0 -48.9207935,-27.1051371,0 -48.9211586,-27.1046621,0 -48.9213967,-27.1043571,0 -48.9214556,-27.104281,0 -48.9215244,-27.1042235,0 -48.92157,-27.104202,0 -48.9216317,-27.1041901,0 -48.9219973,-27.1036794,0 -48.9230395,-27.1042186,0 -48.9229159,-27.1039509,0 -48.9226498,-27.1035628,0 -48.9223382,-27.1028328,0</coordinates></LinearRing></outerBoundaryIs></Polygon></Placemark>
<Placemark><name>Santa Rita</name><styleUrl>#ba</styleUrl><Polygon><outerBoundaryIs><LinearRing><coordinates>-48.9077076,-27.0805328,0 -48.9075252,-27.0803895,0 -48.9069673,-27.0800791,0 -48.9066885,-27.0799559,0 -48.9061655,-27.079943,0 -48.9058838,-27.0798795,0 -48.9055539,-27.0797424,0 -48.9048029,-27.0795895,0 -48.9040412,-27.0793794,0 -48.90362,-27.0792299,0 -48.9028489,-27.0790045,0 -48.9022388,-27.0788563,0 -48.901598,-27.0786862,0 -48.9013453,-27.0786149,0 -48.9007152,-27.0783859,0 -48.8999401,-27.0780931,0 -48.8994492,-27.0778223,0 -48.898945,-27.0776121,0 -48.8985051,-27.0774019,0 -48.8981134,-27.0772634,0 -48.8979945,-27.0771304,0 -48.8978296,-27.0772529,0 -48.8977035,-27.0774816,0 -48.8976568,-27.0775065,0 -48.897442,-27.077573,0 -48.8973953,-27.0775793,0 -48.8972855,-27.0776312,0 -48.8971034,-27.0776708,0 -48.8970357,-27.0777061,0 -48.896975,-27.0777768,0 -48.8968325,-27.0779306,0 -48.8967531,-27.0780595,0 -48.8967415,-27.0781115,0 -48.8967438,-27.0783007,0 -48.8968909,-27.0786022,0 -48.89701,-27.0787124,0 -48.8971804,-27.0788059,0 -48.8974186,-27.0789618,0 -48.8975867,-27.0790492,0 -48.8978412,-27.079151,0 -48.8980187,-27.0791885,0 -48.8981751,-27.0792779,0 -48.8982405,-27.0793319,0 -48.8982335,-27.0793756,0 -48.8981798,-27.0794587,0 -48.8978739,-27.0801219,0 -48.8977858,-27.0802018,0 -48.8979379,-27.0803277,0 -48.8981113,-27.0804884,0 -48.8984257,-27.0807976,0 -48.8980772,-27.0810729,0 -48.8975836,-27.0814726,0 -48.8974829,-27.0815273,0 -48.8973966,-27.0815602,0 -48.8972795,-27.0815766,0 -48.8971686,-27.0815766,0 -48.8956022,-27.0815179,0 -48.8953063,-27.0817373,0 -48.895358,-27.0818022,0 -48.895414,-27.0818726,0 -48.8954978,-27.0819961,0 -48.8955708,-27.0821037,0 -48.8956643,-27.0822774,0 -48.8957519,-27.0824588,0 -48.8958085,-27.0826213,0 -48.8958412,-27.0827283,0 -48.8959607,-27.0831483,0 -48.8961478,-27.0838057,0 -48.896368,-27.0845775,0 -48.896496,-27.085026,0 -48.8965762,-27.0852616,0 -48.8966649,-27.0854529,0 -48.8967677,-27.0856317,0 -48.8968564,-27.0857606,0 -48.8969451,-27.0858645,0 -48.8970806,-27.0859976,0 -48.8972393,-27.0861265,0 -48.8974215,-27.0862595,0 -48.8976223,-27.0863967,0 -48.8980005,-27.0866545,0 -48.8981687,-27.0867834,0 -48.8982948,-27.0868957,0 -48.8983975,-27.0870204,0 -48.8984535,-27.0871077,0 -48.8985002,-27.0872075,0 -48.8985563,-27.0873738,0 -48.8988892,-27.0884788,0 -48.899126,-27.0893071,0 -48.899245,-27.0897021,0 -48.8992859,-27.0897935,0 -48.8993319,-27.0898722,0 -48.8993962,-27.0899612,0 -48.8994727,-27.090043,0 -48.8995577,-27.0901154,0 -48.8996858,-27.0901968,0 -48.8998238,-27.0902724,0 -48.9009413,-27.090846,0 -48.9012578,-27.0910132,0 -48.901467,-27.0911469,0 -48.9016655,-27.0912998,0 -48.9018567,-27.091489,0 -48.9020169,-27.0916938,0 -48.9021963,-27.0919598,0 -48.9025364,-27.0926396,0 -48.9026829,-27.0929513,0 -48.902844,-27.0928733,0 -48.9028825,-27.0928001,0 -48.9028657,-27.0927444,0 -48.9028414,-27.0925801,0 -48.9027631,-27.0921115,0 -48.9027333,-27.0919754,0 -48.902581,-27.0914129,0 -48.9031279,-27.0912573,0 -48.903564,-27.0911332,0 -48.904899,-27.0907534,0 -48.9053191,-27.0906339,0 -48.9053543,-27.0906239,0 -48.9055491,-27.0905685,0 -48.9056426,-27.0905413,0 -48.9062943,-27.0903515,0 -48.9067169,-27.0902257,0 -48.90702,-27.0901298,0 -48.9074058,-27.0900119,0 -48.9075413,-27.0903342,0 -48.9080645,-27.0902498,0 -48.9085258,-27.0900588,0 -48.9091105,-27.0897818,0 -48.909427,-27.0895334,0 -48.9099635,-27.0890845,0 -48.9102639,-27.0885878,0 -48.9104248,-27.0881866,0 -48.9105214,-27.0876899,0 -48.9103738,-27.0872481,0 -48.9101351,-27.0868876,0 -48.9099313,-27.086601,0 -48.9096523,-27.0861902,0 -48.9093841,-27.0858941,0 -48.9091159,-27.0855025,0 -48.908912,-27.085044,0 -48.9087913,-27.0846748,0 -48.9086224,-27.0842225,0 -48.9085043,-27.0836685,0 -48.9084507,-27.0833246,0 -48.9084051,-27.0829936,0 -48.9082576,-27.0816529,0 -48.9081181,-27.0811657,0 -48.9079249,-27.0808146,0 -48.9077076,-27.0805328,0</coordinates></LinearRing></outerBoundaryIs></Polygon></Placemark>
<Placemark><name>São Luiz</name><styleUrl>#ba</styleUrl><Polygon><outerBoundaryIs><LinearRing><coordinates>-48.9211549,-27.0899286,0 -48.9207383,-27.0894238,0 -48.9202817,-27.0893293,0 -48.919581,-27.0889291,0 -48.9195721,-27.0888945,0 -48.9195102,-27.0888299,0 -48.9195031,-27.0887842,0 -48.919512,-27.0887527,0 -48.9195615,-27.0886834,0 -48.9195721,-27.0886172,0 -48.9195544,-27.0883966,0 -48.9195456,-27.0881508,0 -48.919581,-27.0880894,0 -48.9195951,-27.0880122,0 -48.9195951,-27.0879571,0 -48.9196464,-27.0878751,0 -48.9196765,-27.0878436,0 -48.9197438,-27.0876262,0 -48.9197562,-27.0875663,0 -48.9198128,-27.0874513,0 -48.9198694,-27.0872323,0 -48.9198694,-27.0871205,0 -48.9198464,-27.0870543,0 -48.9198181,-27.0870007,0 -48.9198269,-27.0869535,0 -48.9199473,-27.086651,0 -48.9199296,-27.0866242,0 -48.919919,-27.0865202,0 -48.9199614,-27.0863374,0 -48.9190536,-27.0861184,0 -48.9187448,-27.0861338,0 -48.9184964,-27.0860653,0 -48.918547,-27.0833389,0 -48.9176174,-27.081558,0 -48.9176908,-27.0814995,0 -48.9179,-27.0813323,0 -48.9179912,-27.0812463,0 -48.9180448,-27.0811747,0 -48.9181038,-27.0810696,0 -48.9181467,-27.080955,0 -48.9181736,-27.0808308,0 -48.9181843,-27.0807018,0 -48.9181789,-27.0805824,0 -48.9181467,-27.0803961,0 -48.9181038,-27.0802146,0 -48.9178861,-27.0794081,0 -48.917649,-27.0785236,0 -48.9175491,-27.0781211,0 -48.9175047,-27.0779423,0 -48.917472,-27.077803,0 -48.9174627,-27.0777593,0 -48.9174556,-27.0777275,0 -48.9156285,-27.0777412,0 -48.9155682,-27.0778146,0 -48.9154547,-27.077952,0 -48.9151498,-27.0783176,0 -48.9151281,-27.0783443,0 -48.9150674,-27.0784195,0 -48.9150034,-27.0784986,0 -48.9147229,-27.0787882,0 -48.914544,-27.0789149,0 -48.9142683,-27.0789686,0 -48.9135978,-27.079088,0 -48.9130291,-27.0791525,0 -48.9127448,-27.079119,0 -48.9123988,-27.0790068,0 -48.9120904,-27.0788945,0 -48.9118329,-27.0787919,0 -48.9115807,-27.0787202,0 -48.9114144,-27.0787202,0 -48.9112079,-27.0788062,0 -48.9111194,-27.0789543,0 -48.9110309,-27.0792289,0 -48.9107573,-27.0795131,0 -48.9105481,-27.0797495,0 -48.9103255,-27.0799167,0 -48.9099312,-27.0801746,0 -48.9097863,-27.0802176,0 -48.9095315,-27.0802057,0 -48.9093357,-27.0801483,0 -48.9091104,-27.0799979,0 -48.9089549,-27.0799334,0 -48.90881,-27.0799358,0 -48.9084613,-27.08006,0 -48.9080336,-27.0803283,0 -48.9078855,-27.0804212,0 -48.9077076,-27.0805328,0 -48.9079249,-27.0808146,0 -48.9081181,-27.0811657,0 -48.9082576,-27.0816529,0 -48.9084051,-27.0829936,0 -48.9084507,-27.0833246,0 -48.9085043,-27.0836685,0 -48.9086224,-27.0842225,0 -48.9087913,-27.0846748,0 -48.908912,-27.085044,0 -48.9091159,-27.0855025,0 -48.9093841,-27.0858941,0 -48.9096523,-27.0861902,0 -48.9099313,-27.086601,0 -48.9101351,-27.0868876,0 -48.9103738,-27.0872481,0 -48.9105214,-27.0876899,0 -48.9104248,-27.0881866,0 -48.9102639,-27.0885878,0 -48.9099635,-27.0890845,0 -48.909427,-27.0895334,0 -48.9091105,-27.0897818,0 -48.9085258,-27.0900588,0 -48.9080645,-27.0902498,0 -48.9075413,-27.0903342,0 -48.9076757,-27.0906956,0 -48.9076962,-27.0907461,0 -48.9081041,-27.0906407,0 -48.9087488,-27.0906173,0 -48.9094038,-27.090594,0 -48.9122689,-27.0904896,0 -48.9123611,-27.0904863,0 -48.91408,-27.090424,0 -48.9148775,-27.0903904,0 -48.9160529,-27.0903741,0 -48.9160573,-27.0904661,0 -48.9182734,-27.0904264,0 -48.9190554,-27.0903974,0 -48.919041,-27.0900448,0 -48.9206989,-27.0899549,0 -48.9211057,-27.0899161,0 -48.9211549,-27.0899286,0</coordinates></LinearRing></outerBoundaryIs></Polygon></Placemark>
<Placemark><name>Guarani</name><styleUrl>#ba</styleUrl><Polygon><outerBoundaryIs><LinearRing><coordinates>-48.956632,-27.1079942,0 -48.956573,-27.1080488,0 -48.9562966,-27.1083043,0 -48.955943,-27.1088311,0 -48.9559181,-27.1089219,0 -48.9558787,-27.1089658,0 -48.9556946,-27.1090503,0 -48.9554027,-27.1090706,0 -48.9551732,-27.1091249,0 -48.9548498,-27.1091405,0 -48.9545072,-27.1090845,0 -48.9543263,-27.1091332,0 -48.9540533,-27.1091726,0 -48.9536178,-27.1094398,0 -48.9534762,-27.1095568,0 -48.9534031,-27.1096541,0 -48.9533496,-27.1097701,0 -48.9532707,-27.1098846,0 -48.9531928,-27.1099264,0 -48.9530487,-27.110066,0 -48.952821,-27.110133,0 -48.9526423,-27.1103235,0 -48.9525024,-27.1106261,0 -48.9524483,-27.1108356,0 -48.9525113,-27.1109915,0 -48.9524198,-27.1113614,0 -48.9523014,-27.1115122,0 -48.952136,-27.1116745,0 -48.951926,-27.1117725,0 -48.9517687,-27.1118851,0 -48.951498,-27.1122115,0 -48.9512871,-27.1123006,0 -48.9509049,-27.112708,0 -48.9508192,-27.1128278,0 -48.9506701,-27.1129601,0 -48.9503871,-27.1130915,0 -48.9503329,-27.1131679,0 -48.9501468,-27.1133028,0 -48.9499765,-27.1135021,0 -48.9498259,-27.1135422,0 -48.9496129,-27.1136389,0 -48.9493617,-27.113603,0 -48.9493186,-27.1136234,0 -48.949185,-27.1137803,0 -48.949085,-27.1138653,0 -48.9488403,-27.1139684,0 -48.9484315,-27.1140812,0 -48.9483277,-27.1140773,0 -48.948205,-27.1140535,0 -48.9480459,-27.1140443,0 -48.9476987,-27.1143071,0 -48.9476732,-27.1143587,0 -48.947596,-27.1143841,0 -48.9475222,-27.1143546,0 -48.9473026,-27.1142371,0 -48.9472028,-27.1141568,0 -48.9471268,-27.1140699,0 -48.9469606,-27.1140307,0 -48.9466339,-27.114086,0 -48.9464397,-27.114075,0 -48.9463566,-27.1140175,0 -48.9462776,-27.1139446,0 -48.9462358,-27.1138827,0 -48.9460281,-27.1134996,0 -48.9455421,-27.1126195,0 -48.945228,-27.1123145,0 -48.9451453,-27.1120322,0 -48.9449777,-27.1119201,0 -48.9445942,-27.1117093,0 -48.9444,-27.1114918,0 -48.944033,-27.1114302,0 -48.9435304,-27.1105999,0 -48.9432881,-27.1101117,0 -48.9430948,-27.109767,0 -48.9428888,-27.1094367,0 -48.9427194,-27.1092069,0 -48.9422782,-27.1087306,0 -48.9418383,-27.1083963,0 -48.9414156,-27.1081166,0 -48.9408599,-27.1078102,0 -48.9402612,-27.1075463,0 -48.9396925,-27.1072885,0 -48.9392949,-27.1070454,0 -48.9388557,-27.1067919,0 -48.9383833,-27.1064781,0 -48.9377828,-27.1060947,0 -48.9370854,-27.1056745,0 -48.936657,-27.1054046,0 -48.9360447,-27.1049396,0 -48.9355881,-27.1044674,0 -48.9353461,-27.1041407,0 -48.9351646,-27.1037026,0 -48.9350516,-27.103279,0 -48.9350678,-27.1028912,0 -48.9351686,-27.1024854,0 -48.9352452,-27.1018571,0 -48.935221,-27.1013436,0 -48.935165,-27.1008423,0 -48.9349804,-27.1005782,0 -48.9347128,-27.1003382,0 -48.9342127,-27.1000725,0 -48.9337367,-27.0999863,0 -48.9335512,-27.0999109,0 -48.9329098,-27.0995842,0 -48.9323209,-27.0992718,0 -48.9319034,-27.0988393,0 -48.9313348,-27.0985119,0 -48.9307125,-27.0982826,0 -48.9301186,-27.098033,0 -48.9298327,-27.0978433,0 -48.9293926,-27.097699,0 -48.9290175,-27.0977852,0 -48.9282511,-27.0982771,0 -48.9279607,-27.0984746,0 -48.9276724,-27.0982498,0 -48.9278512,-27.0972097,0 -48.9272559,-27.0951143,0 -48.9277553,-27.0947101,0 -48.9278504,-27.094206,0 -48.9283956,-27.0938391,0 -48.9287665,-27.0938431,0 -48.9290782,-27.0940235,0 -48.9293494,-27.0942906,0 -48.9297582,-27.0942963,0 -48.930356,-27.0937046,0 -48.9312203,-27.093703,0 -48.9314108,-27.0934754,0 -48.9320472,-27.0934765,0 -48.9322195,-27.0932514,0 -48.9325019,-27.0929739,0 -48.9327773,-27.0929261,0 -48.9329961,-27.0927467,0 -48.9332305,-27.0927423,0 -48.9335458,-27.0923335,0 -48.9340453,-27.0923388,0 -48.9340895,-27.0922502,0 -48.9345431,-27.0923381,0 -48.9347732,-27.0925171,0 -48.935005,-27.0925617,0 -48.9351832,-27.092385,0 -48.9351846,-27.0922033,0 -48.9353183,-27.0921578,0 -48.9353238,-27.0917425,0 -48.9354983,-27.0915433,0 -48.9355075,-27.0912897,0 -48.9364543,-27.0905211,0 -48.9364605,-27.0895602,0 -48.936928,-27.0892262,0 -48.9373709,-27.0888264,0 -48.9378345,-27.0886,0 -48.9381966,-27.0885624,0 -48.9393789,-27.0885521,0 -48.9394665,-27.0876035,0 -48.9399277,-27.0876897,0 -48.9399678,-27.0877925,0 -48.9408485,-27.0877877,0 -48.9410275,-27.088007,0 -48.941359,-27.088002,0 -48.9415197,-27.0878701,0 -48.9426547,-27.0878709,0 -48.9427942,-27.0877402,0 -48.9429338,-27.0873241,0 -48.9433424,-27.0867773,0 -48.9435701,-27.0862329,0 -48.9440255,-27.0860927,0 -48.9443423,-27.0857755,0 -48.94521,-27.0855471,0 -48.9459818,-27.0856857,0 -48.947171,-27.0856858,0 -48.9478997,-27.0860063,0 -48.9482175,-27.086326,0 -48.949451,-27.0868691,0 -48.9497684,-27.0868679,0 -48.9509031,-27.0859482,0 -48.950929,-27.0858092,0 -48.9509503,-27.0857524,0 -48.9510243,-27.0857157,0 -48.9511747,-27.0880355,0 -48.9494451,-27.0961883,0 -48.953,-27.103,0 -48.95501,-27.1062161,0 -48.956632,-27.1079942,0</coordinates></LinearRing></outerBoundaryIs></Polygon></Placemark>
<Placemark><name>Nova Brasília</name><styleUrl>#ba</styleUrl><Polygon><outerBoundaryIs><LinearRing><coordinates>-48.8994727,-27.090043,0 -48.8976038,-27.0900662,0 -48.8975311,-27.0900844,0 -48.8974743,-27.0901156,0 -48.8974239,-27.0901726,0 -48.8973961,-27.0902205,0 -48.8973566,-27.0904435,0 -48.8973146,-27.0905916,0 -48.8969551,-27.0912887,0 -48.8965876,-27.0915628,0 -48.8964545,-27.092247,0 -48.8959961,-27.092244,0 -48.8954525,-27.0925201,0 -48.894999,-27.0931954,0 -48.8949899,-27.093422,0 -48.8951461,-27.0938217,0 -48.8687425,-27.0944614,0 -48.8697465,-27.0940273,0 -48.8704711,-27.093436,0 -48.8710747,-27.0931969,0 -48.8716733,-27.0932432,0 -48.8726807,-27.0928305,0 -48.8734876,-27.091607,0 -48.873636,-27.0901795,0 -48.8745437,-27.0887682,0 -48.8754539,-27.0876268,0 -48.8762686,-27.0867737,0 -48.8767156,-27.0865939,0 -48.8780045,-27.0869149,0 -48.8786823,-27.0867833,0 -48.8791329,-27.0837988,0 -48.8794102,-27.0832191,0 -48.8794568,-27.0823115,0 -48.8806862,-27.0810837,0 -48.8810286,-27.0811,0 -48.8812294,-27.0813611,0 -48.881711,-27.0813464,0 -48.8820151,-27.0812639,0 -48.8823659,-27.0808078,0 -48.8823536,-27.0780049,0 -48.8819535,-27.0775969,0 -48.8811745,-27.0771958,0 -48.8809254,-27.076829,0 -48.8809149,-27.0765242,0 -48.8811497,-27.0760551,0 -48.8811317,-27.0734698,0 -48.8805863,-27.072887,0 -48.8798223,-27.07287,0 -48.8793267,-27.0725185,0 -48.8791372,-27.0714225,0 -48.8792784,-27.0700097,0 -48.8785947,-27.0693589,0 -48.8781829,-27.0681022,0 -48.8782487,-27.0678988,0 -48.8783641,-27.067738,0 -48.8785072,-27.0676213,0 -48.8786735,-27.0674278,0 -48.8788973,-27.0672401,0 -48.8792463,-27.066836,0 -48.8795517,-27.0666892,0 -48.8797064,-27.0666174,0 -48.8799528,-27.0671225,0 -48.8810735,-27.0694119,0 -48.8811762,-27.0696183,0 -48.8812621,-27.0697759,0 -48.8813801,-27.0699527,0 -48.8814927,-27.0700817,0 -48.8816376,-27.070225,0 -48.8829411,-27.0714621,0 -48.8831772,-27.0716771,0 -48.8833193,-27.0717989,0 -48.883499,-27.071935,0 -48.8837042,-27.0720819,0 -48.8839121,-27.0722312,0 -48.885221,-27.0731387,0 -48.8854356,-27.0732964,0 -48.8856019,-27.0734253,0 -48.8857413,-27.0735495,0 -48.8858755,-27.073688,0 -48.8860096,-27.0738409,0 -48.8863713,-27.0742674,0 -48.8866925,-27.0746513,0 -48.886757,-27.0747283,0 -48.8868335,-27.0748197,0 -48.8870738,-27.0751188,0 -48.8871262,-27.0751819,0 -48.8872482,-27.0753371,0 -48.887423,-27.0755797,0 -48.8875023,-27.0756973,0 -48.8877767,-27.0761046,0 -48.8879932,-27.0764308,0 -48.888115,-27.0766142,0 -48.8881585,-27.0766798,0 -48.8881878,-27.0767239,0 -48.8884978,-27.0771878,0 -48.8886864,-27.07747,0 -48.8887967,-27.0776368,0 -48.8891303,-27.0781471,0 -48.8892406,-27.0782967,0 -48.889415,-27.0784973,0 -48.8895867,-27.0786717,0 -48.8897744,-27.0788197,0 -48.8899622,-27.0789439,0 -48.8901311,-27.0790418,0 -48.8903538,-27.0791589,0 -48.8905818,-27.0792687,0 -48.8908459,-27.0793863,0 -48.8914334,-27.0796563,0 -48.8917772,-27.0798144,0 -48.8920542,-27.0799417,0 -48.8921878,-27.0800031,0 -48.8929323,-27.0803411,0 -48.8931332,-27.0804323,0 -48.8940685,-27.0808562,0 -48.8943313,-27.0809803,0 -48.8945459,-27.081095,0 -48.8947337,-27.0812144,0 -48.8949053,-27.0813433,0 -48.8950341,-27.0814532,0 -48.8952057,-27.0816204,0 -48.8953063,-27.0817373,0 -48.895358,-27.0818022,0 -48.895414,-27.0818726,0 -48.8954978,-27.0819961,0 -48.8955708,-27.0821037,0 -48.8956643,-27.0822774,0 -48.8957519,-27.0824588,0 -48.8958085,-27.0826213,0 -48.8958412,-27.0827283,0 -48.8959607,-27.0831483,0 -48.8961478,-27.0838057,0 -48.896368,-27.0845775,0 -48.896496,-27.085026,0 -48.8965762,-27.0852616,0 -48.8966649,-27.0854529,0 -48.8967677,-27.0856317,0 -48.8968564,-27.0857606,0 -48.8969451,-27.0858645,0 -48.8970806,-27.0859976,0 -48.8972393,-27.0861265,0 -48.8974215,-27.0862595,0 -48.8976223,-27.0863967,0 -48.8980005,-27.0866545,0 -48.8981687,-27.0867834,0 -48.8982948,-27.0868957,0 -48.8983975,-27.0870204,0 -48.8984535,-27.0871077,0 -48.8985002,-27.0872075,0 -48.8985563,-27.0873738,0 -48.8988892,-27.0884788,0 -48.899126,-27.0893071,0 -48.899245,-27.0897021,0 -48.8992859,-27.0897935,0 -48.8993319,-27.0898722,0 -48.8993962,-27.0899612,0 -48.8994727,-27.090043,0</coordinates></LinearRing></outerBoundaryIs></Polygon></Placemark>
<Placemark><name>Ponta Russa</name><styleUrl>#ba</styleUrl><Polygon><outerBoundaryIs><LinearRing><coordinates>-48.899277,-27.1432096,0 -48.8992549,-27.1431793,0 -48.8992497,-27.1431547,0 -48.899248,-27.143124,0 -48.8992422,-27.1431072,0 -48.8991934,-27.1430993,0 -48.8991131,-27.1430884,0 -48.8989978,-27.1430797,0 -48.8988993,-27.1430511,0 -48.8988101,-27.1430468,0 -48.898728,-27.1430339,0 -48.8985916,-27.1430079,0 -48.8985211,-27.1429746,0 -48.8983523,-27.1429093,0 -48.8982282,-27.1428441,0 -48.8981204,-27.1428001,0 -48.8980246,-27.1427741,0 -48.8979511,-27.1427382,0 -48.8978476,-27.1426564,0 -48.897794,-27.1425937,0 -48.897673,-27.1424862,0 -48.897644,-27.1424405,0 -48.8976187,-27.1424103,0 -48.8975737,-27.1424099,0 -48.897509,-27.1424217,0 -48.8974384,-27.1424477,0 -48.8973839,-27.1424623,0 -48.8973255,-27.1424365,0 -48.8972962,-27.1423792,0 -48.8972838,-27.1423294,0 -48.8972167,-27.1422751,0 -48.8971535,-27.1422578,0 -48.897048,-27.1422631,0 -48.8969216,-27.14227,0 -48.896846,-27.1422883,0 -48.8967385,-27.1423066,0 -48.8966254,-27.1422866,0 -48.8965395,-27.1422707,0 -48.8964834,-27.1422887,0 -48.8964771,-27.1423249,0 -48.8964646,-27.1423783,0 -48.8963844,-27.1424813,0 -48.8962976,-27.1425732,0 -48.8959071,-27.1427005,0 -48.8957332,-27.1426749,0 -48.8956223,-27.1426369,0 -48.8955941,-27.1426045,0 -48.8955925,-27.1425639,0 -48.8955678,-27.1425332,0 -48.8954729,-27.1425221,0 -48.8953791,-27.1425388,0 -48.8952786,-27.1425083,0 -48.8951989,-27.1424515,0 -48.895168,-27.1423797,0 -48.8951052,-27.1423182,0 -48.8949704,-27.1422755,0 -48.8947819,-27.1422697,0 -48.894557,-27.14229,0 -48.894425,-27.1422839,0 -48.8943015,-27.1422664,0 -48.8941859,-27.1422031,0 -48.8936866,-27.1419623,0 -48.8935829,-27.1418852,0 -48.8935364,-27.1418062,0 -48.8934963,-27.1417207,0 -48.8934243,-27.1416468,0 -48.8933883,-27.1415985,0 -48.8933257,-27.1415951,0 -48.8932568,-27.1416313,0 -48.8932065,-27.1416271,0 -48.8931708,-27.1415533,0 -48.8931605,-27.1414531,0 -48.8931165,-27.141132,0 -48.893119,-27.1410762,0 -48.8931407,-27.1410319,0 -48.8931573,-27.1409727,0 -48.8931868,-27.1408191,0 -48.8931831,-27.1407214,0 -48.893161,-27.1406319,0 -48.8931259,-27.1405481,0 -48.8930973,-27.1405054,0 -48.8930705,-27.1404742,0 -48.893029,-27.1404413,0 -48.8929838,-27.1404101,0 -48.8929801,-27.1403469,0 -48.8929939,-27.1402968,0 -48.8930133,-27.1402631,0 -48.8930354,-27.1402368,0 -48.893101,-27.1402023,0 -48.8932043,-27.1401793,0 -48.8932514,-27.1401645,0 -48.8933051,-27.1401267,0 -48.8933793,-27.1400362,0 -48.8934672,-27.1399657,0 -48.8925331,-27.1390448,0 -48.8918499,-27.138634,0 -48.8913103,-27.1386718,0 -48.8912762,-27.1386923,0 -48.8911646,-27.1385367,0 -48.891068,-27.1384134,0 -48.8895352,-27.1366555,0 -48.8888485,-27.1373069,0 -48.888801,-27.1378142,0 -48.8882077,-27.1388208,0 -48.8881185,-27.138903,0 -48.8880682,-27.1393035,0 -48.8880581,-27.1401385,0 -48.8878892,-27.140403,0 -48.8875295,-27.1404572,0 -48.8873912,-27.1406328,0 -48.887067,-27.1407286,0 -48.8870587,-27.1413735,0 -48.886641,-27.1418662,0 -48.8862858,-27.1420896,0 -48.8858025,-27.1419104,0 -48.8847807,-27.1419229,0 -48.8843674,-27.1420606,0 -48.8837965,-27.1426048,0 -48.8836781,-27.142473,0 -48.8834331,-27.1424708,0 -48.8833274,-27.1426433,0 -48.8830669,-27.1425539,0 -48.8824707,-27.1425562,0 -48.8823279,-27.1427298,0 -48.8809169,-27.1427344,0 -48.8805938,-27.1424166,0 -48.8802274,-27.1423227,0 -48.8799082,-27.1420536,0 -48.879685,-27.1420508,0 -48.879457,-27.1418686,0 -48.8791827,-27.1419075,0 -48.8786894,-27.1424022,0 -48.878682,-27.1426348,0 -48.8783323,-27.1430574,0 -48.8790391,-27.1436897,0 -48.8792261,-27.1439194,0 -48.8792763,-27.1441006,0 -48.8794521,-27.1443266,0 -48.8796418,-27.1444681,0 -48.8796362,-27.1447387,0 -48.8797757,-27.1450143,0 -48.8798204,-27.1451534,0 -48.8799069,-27.1452353,0 -48.880091,-27.1452378,0 -48.8803644,-27.1454786,0 -48.8801859,-27.1456971,0 -48.8800015,-27.1461533,0 -48.8796562,-27.1464224,0 -48.8795725,-27.1463976,0 -48.8794595,-27.1463789,0 -48.8791693,-27.1462908,0 -48.8790926,-27.1462908,0 -48.8789586,-27.1463107,0 -48.8788908,-27.1463107,0 -48.8788231,-27.146926,0 -48.8784552,-27.1469731,0 -48.8782691,-27.1468884,0 -48.8778436,-27.1468702,0 -48.8772766,-27.1467424,0 -48.8764503,-27.1470632,0 -48.8750051,-27.1472924,0 -48.8744464,-27.1472491,0 -48.874036,-27.1476555,0 -48.8738465,-27.1476598,0 -48.8733996,-27.1480229,0 -48.8732125,-27.1480207,0 -48.8729866,-27.1482477,0 -48.8728482,-27.1482498,0 -48.8725251,-27.1485697,0 -48.8715244,-27.1484789,0 -48.8715067,-27.1506091,0 -48.8716039,-27.1505616,0 -48.8718747,-27.150487,0 -48.8719925,-27.1504719,0 -48.8720872,-27.150487,0 -48.8722269,-27.1505184,0 -48.8723022,-27.1505562,0 -48.8723532,-27.1505897,0 -48.8724115,-27.1506383,0 -48.8726091,-27.1508922,0 -48.8726707,-27.1510678,0 -48.8727156,-27.1510816,0 -48.8727909,-27.1510872,0 -48.8728319,-27.1511028,0 -48.8729973,-27.1511318,0 -48.8730522,-27.1511327,0 -48.8731886,-27.1510735,0 -48.8734445,-27.1509869,0 -48.8737299,-27.1508599,0 -48.8737828,-27.1507705,0 -48.8738018,-27.1506539,0 -48.8738335,-27.150604,0 -48.8738579,-27.1505824,0 -48.873897,-27.1505542,0 -48.873972,-27.1504112,0 -48.8741338,-27.1503275,0 -48.874175,-27.1502898,0 -48.8743135,-27.1502691,0 -48.8743992,-27.1502465,0 -48.8745028,-27.1502541,0 -48.8747206,-27.1504516,0 -48.8747798,-27.1504921,0 -48.8748316,-27.1505053,0 -48.8749204,-27.1505034,0 -48.8749986,-27.1504761,0 -48.8750557,-27.1504498,0 -48.8751911,-27.1504272,0 -48.8752397,-27.1503971,0 -48.875283,-27.1503293,0 -48.8752861,-27.1502599,0 -48.8752502,-27.1501301,0 -48.8752671,-27.1500454,0 -48.8753242,-27.1499005,0 -48.8754086,-27.1498215,0 -48.8778138,-27.1503493,0 -48.8793711,-27.1505688,0 -48.8800964,-27.1498317,0 -48.880645,-27.1492028,0 -48.8818194,-27.1492093,0 -48.8820513,-27.1492912,0 -48.8822869,-27.1495729,0 -48.8829239,-27.1497662,0 -48.8840099,-27.1497531,0 -48.8843302,-27.1500643,0 -48.885015,-27.1500742,0 -48.8854678,-27.1504378,0 -48.8858397,-27.1492912,0 -48.8863882,-27.1486098,0 -48.8863417,-27.1480252,0 -48.8867909,-27.1480186,0 -48.8875658,-27.1474732,0 -48.8881085,-27.1473369,0 -48.8883819,-27.146612,0 -48.8890236,-27.1459714,0 -48.8908037,-27.1458473,0 -48.8917567,-27.1449261,0 -48.8917647,-27.1441839,0 -48.8918474,-27.1440907,0 -48.8926247,-27.1440904,0 -48.8928748,-27.144104,0 -48.8932695,-27.144102,0 -48.8935282,-27.1441214,0 -48.8937299,-27.1441024,0 -48.8939478,-27.1439928,0 -48.8990794,-27.1441734,0 -48.8991223,-27.1439922,0 -48.8991268,-27.14387,0 -48.8991874,-27.1435952,0 -48.8992086,-27.1434823,0 -48.8992194,-27.1434218,0 -48.8992497,-27.1433092,0 -48.899277,-27.1432096,0</coordinates></LinearRing></outerBoundaryIs></Polygon></Placemark>
<Placemark><name>1º de Maio</name><styleUrl>#ba</styleUrl><Polygon><outerBoundaryIs><LinearRing><coordinates>-48.9180374,-27.1148136,0 -48.9176127,-27.1144072,0 -48.91751,-27.114319,0 -48.9174109,-27.114256,0 -48.9173331,-27.1142308,0 -48.9172446,-27.1142182,0 -48.9170712,-27.1142151,0 -48.9168199,-27.1142165,0 -48.9168163,-27.1141552,0 -48.9168305,-27.1141331,0 -48.9168694,-27.1141174,0 -48.9173826,-27.1140512,0 -48.9174569,-27.1140323,0 -48.9175065,-27.1140008,0 -48.9175419,-27.1139693,0 -48.917556,-27.1139315,0 -48.9175393,-27.1138307,0 -48.9175245,-27.1138032,0 -48.917537,-27.1135549,0 -48.9174629,-27.1133848,0 -48.9172429,-27.1130404,0 -48.9171063,-27.1126632,0 -48.9169158,-27.1124406,0 -48.9166167,-27.1122454,0 -48.9168143,-27.1118739,0 -48.9164528,-27.1114255,0 -48.916317,-27.110602,0 -48.9169245,-27.110461,0 -48.9170943,-27.1102845,0 -48.9172335,-27.1096519,0 -48.9172313,-27.1089641,0 -48.917001,-27.1085128,0 -48.917723,-27.1080851,0 -48.917778,-27.1082153,0 -48.9178496,-27.1085154,0 -48.9178658,-27.1085878,0 -48.9178927,-27.1086591,0 -48.9179724,-27.1086414,0 -48.9180221,-27.1085997,0 -48.9182742,-27.1082869,0 -48.9183292,-27.1081735,0 -48.9183359,-27.1080935,0 -48.9183292,-27.1080314,0 -48.9182903,-27.1079765,0 -48.9171557,-27.1068499,0 -48.9170673,-27.1067523,0 -48.916892,-27.1065498,0 -48.9169361,-27.1064891,0 -48.9172065,-27.1061169,0 -48.9172551,-27.10605,0 -48.9152031,-27.1049526,0 -48.9147035,-27.1047198,0 -48.9146077,-27.1046803,0 -48.9145167,-27.1046512,0 -48.9143999,-27.1046304,0 -48.9142575,-27.1046221,0 -48.9139518,-27.1046473,0 -48.9140983,-27.105537,0 -48.9138043,-27.1053407,0 -48.9133572,-27.1057467,0 -48.9128038,-27.1052819,0 -48.9122914,-27.1048048,0 -48.9122386,-27.1047824,0 -48.9120748,-27.1048244,0 -48.9119363,-27.1047857,0 -48.9116939,-27.1055124,0 -48.911583,-27.1060756,0 -48.9119704,-27.1086108,0 -48.9114725,-27.1088273,0 -48.9111141,-27.1094574,0 -48.9103056,-27.1105192,0 -48.9103052,-27.1107718,0 -48.9101592,-27.1109765,0 -48.9095549,-27.1117123,0 -48.9094093,-27.1116311,0 -48.9093233,-27.1115374,0 -48.909093,-27.1115819,0 -48.9089911,-27.1116132,0 -48.908797,-27.1116098,0 -48.9083037,-27.1115655,0 -48.9080393,-27.1113899,0 -48.9070805,-27.1114252,0 -48.9065891,-27.1127747,0 -48.9062448,-27.1128904,0 -48.9055672,-27.1140486,0 -48.9048953,-27.1139358,0 -48.9045174,-27.1140725,0 -48.9040193,-27.1146198,0 -48.9036074,-27.1156673,0 -48.9031796,-27.1160276,0 -48.9023494,-27.1165272,0 -48.9023861,-27.117398,0 -48.9023768,-27.1182535,0 -48.9023007,-27.118256,0 -48.9022862,-27.118309,0 -48.9009423,-27.1196913,0 -48.8998911,-27.1206278,0 -48.8992262,-27.1206285,0 -48.8984636,-27.1211325,0 -48.8978696,-27.1217666,0 -48.8979056,-27.1222922,0 -48.8977256,-27.1227833,0 -48.8969034,-27.1228239,0 -48.8961337,-27.1237796,0 -48.8950835,-27.124646,0 -48.8939478,-27.1246428,0 -48.8932652,-27.1248293,0 -48.892543,-27.1248284,0 -48.8922146,-27.1247886,0 -48.8921712,-27.1259514,0 -48.8928351,-27.1271641,0 -48.8935347,-27.1282631,0 -48.8949915,-27.1292048,0 -48.8944004,-27.1296589,0 -48.8922596,-27.1318445,0 -48.8917876,-27.1319827,0 -48.889529,-27.1323303,0 -48.8886916,-27.132689,0 -48.8900616,-27.1354895,0 -48.8898006,-27.136399,0 -48.8895352,-27.1366555,0 -48.891068,-27.1384134,0 -48.8911646,-27.1385367,0 -48.8912762,-27.1386923,0 -48.8913103,-27.1386718,0 -48.8918499,-27.138634,0 -48.8925331,-27.1390448,0 -48.8934672,-27.1399657,0 -48.8933793,-27.1400362,0 -48.8933051,-27.1401267,0 -48.8932514,-27.1401645,0 -48.8932043,-27.1401793,0 -48.893101,-27.1402023,0 -48.8930354,-27.1402368,0 -48.8930133,-27.1402631,0 -48.8929939,-27.1402968,0 -48.8929801,-27.1403469,0 -48.8929838,-27.1404101,0 -48.893029,-27.1404413,0 -48.8930705,-27.1404742,0 -48.8930973,-27.1405054,0 -48.8931259,-27.1405481,0 -48.893161,-27.1406319,0 -48.8931831,-27.1407214,0 -48.8931868,-27.1408191,0 -48.8931573,-27.1409727,0 -48.8931407,-27.1410319,0 -48.893119,-27.1410762,0 -48.8931165,-27.141132,0 -48.8931605,-27.1414531,0 -48.8931708,-27.1415533,0 -48.8932065,-27.1416271,0 -48.8932568,-27.1416313,0 -48.8933257,-27.1415951,0 -48.8933883,-27.1415985,0 -48.8934243,-27.1416468,0 -48.8934963,-27.1417207,0 -48.8935364,-27.1418062,0 -48.8935829,-27.1418852,0 -48.8936866,-27.1419623,0 -48.8941859,-27.1422031,0 -48.8943015,-27.1422664,0 -48.894425,-27.1422839,0 -48.894557,-27.14229,0 -48.8947819,-27.1422697,0 -48.8949704,-27.1422755,0 -48.8951052,-27.1423182,0 -48.895168,-27.1423797,0 -48.8951989,-27.1424515,0 -48.8952786,-27.1425083,0 -48.8953791,-27.1425388,0 -48.8954729,-27.1425221,0 -48.8955678,-27.1425332,0 -48.8955925,-27.1425639,0 -48.8955941,-27.1426045,0 -48.8956223,-27.1426369,0 -48.8957332,-27.1426749,0 -48.8959071,-27.1427005,0 -48.8962976,-27.1425732,0 -48.8963844,-27.1424813,0 -48.8964646,-27.1423783,0 -48.8964771,-27.1423249,0 -48.8964834,-27.1422887,0 -48.8965395,-27.1422707,0 -48.8966254,-27.1422866,0 -48.8967385,-27.1423066,0 -48.896846,-27.1422883,0 -48.8969216,-27.14227,0 -48.897048,-27.1422631,0 -48.8971535,-27.1422578,0 -48.8972167,-27.1422751,0 -48.8972838,-27.1423294,0 -48.8972962,-27.1423792,0 -48.8973255,-27.1424365,0 -48.8973839,-27.1424623,0 -48.8974384,-27.1424477,0 -48.897509,-27.1424217,0 -48.8975737,-27.1424099,0 -48.8976187,-27.1424103,0 -48.897644,-27.1424405,0 -48.897673,-27.1424862,0 -48.897794,-27.1425937,0 -48.8978476,-27.1426564,0 -48.8979511,-27.1427382,0 -48.8980246,-27.1427741,0 -48.8981204,-27.1428001,0 -48.8982282,-27.1428441,0 -48.8983523,-27.1429093,0 -48.8985211,-27.1429746,0 -48.8985916,-27.1430079,0 -48.898728,-27.1430339,0 -48.8988101,-27.1430468,0 -48.8988993,-27.1430511,0 -48.8989978,-27.1430797,0 -48.8991131,-27.1430884,0 -48.8991934,-27.1430993,0 -48.8992422,-27.1431072,0 -48.899248,-27.143124,0 -48.8992497,-27.1431547,0 -48.8992549,-27.1431793,0 -48.899277,-27.1432096,0 -48.8994994,-27.1430402,0 -48.8998421,-27.1428557,0 -48.8999333,-27.1428128,0 -48.8999579,-27.1428081,0 -48.9000274,-27.1427948,0 -48.9000945,-27.1427847,0 -48.9004045,-27.1427498,0 -48.9005364,-27.1427241,0 -48.9006822,-27.1426859,0 -48.9007326,-27.1426657,0 -48.9007938,-27.1426574,0 -48.9008928,-27.1426481,0 -48.9010401,-27.1426431,0 -48.9012658,-27.1426151,0 -48.9014125,-27.1425799,0 -48.9014947,-27.1425394,0 -48.9016421,-27.1424543,0 -48.901796,-27.1423737,0 -48.901937,-27.1422971,0 -48.9019803,-27.1422906,0 -48.9020553,-27.1422783,0 -48.902117,-27.1422444,0 -48.9021845,-27.1422369,0 -48.9022544,-27.1422366,0 -48.9023497,-27.1422266,0 -48.9024255,-27.1422212,0 -48.9024817,-27.1422283,0 -48.9026285,-27.1422464,0 -48.9027838,-27.1422371,0 -48.9029062,-27.1421953,0 -48.9030736,-27.1421434,0 -48.9031716,-27.1420849,0 -48.9032082,-27.1419464,0 -48.9032592,-27.1417519,0 -48.9032675,-27.1417211,0 -48.9032367,-27.1416239,0 -48.9032962,-27.1412839,0 -48.9037586,-27.1373537,0 -48.9037477,-27.1370911,0 -48.9040131,-27.136908,0 -48.9045643,-27.1368509,0 -48.9051143,-27.1363518,0 -48.9052954,-27.1356213,0 -48.9055665,-27.1351252,0 -48.9070173,-27.1336236,0 -48.9070251,-27.1329842,0 -48.9065825,-27.1326707,0 -48.9061114,-27.1319346,0 -48.9059777,-27.1311557,0 -48.9053597,-27.1306752,0 -48.9051192,-27.1304348,0 -48.9049815,-27.1291554,0 -48.9053484,-27.1288249,0 -48.9060278,-27.1277812,0 -48.9065071,-27.1273469,0 -48.9068996,-27.1266953,0 -48.9070891,-27.1266614,0 -48.9073436,-27.1265153,0 -48.9081203,-27.1265141,0 -48.9086161,-27.1266041,0 -48.9093468,-27.1265629,0 -48.9103032,-27.1261953,0 -48.9113065,-27.1252386,0 -48.9121264,-27.1248295,0 -48.9121268,-27.1231414,0 -48.9115805,-27.1228228,0 -48.9113527,-27.1224126,0 -48.9113528,-27.1220026,0 -48.9115345,-27.1218664,0 -48.9124076,-27.1219098,0 -48.9130854,-27.121683,0 -48.9133126,-27.1210907,0 -48.9137215,-27.1208178,0 -48.9137672,-27.12068,0 -48.9137683,-27.11977,0 -48.913461,-27.1196493,0 -48.913408,-27.1189206,0 -48.9133772,-27.1185529,0 -48.913345,-27.1182282,0 -48.9129741,-27.1180775,0 -48.9129111,-27.1180423,0 -48.9128548,-27.117997,0 -48.912826,-27.1179641,0 -48.9128018,-27.1179173,0 -48.9128015,-27.1178797,0 -48.91283,-27.1178254,0 -48.9128897,-27.1177615,0 -48.9130305,-27.1176493,0 -48.9134623,-27.1173819,0 -48.9137775,-27.1174058,0 -48.9138955,-27.1174249,0 -48.9140511,-27.1174589,0 -48.9141878,-27.1175067,0 -48.9143099,-27.1175586,0 -48.9143917,-27.117601,0 -48.9144211,-27.1172358,0 -48.9145857,-27.1169958,0 -48.914836,-27.1163299,0 -48.9148897,-27.1163246,0 -48.9157365,-27.1157297,0 -48.9158356,-27.1157045,0 -48.915917,-27.1156636,0 -48.9160019,-27.1156037,0 -48.916094,-27.1155187,0 -48.9162214,-27.1153895,0 -48.9163877,-27.11521,0 -48.9164267,-27.1151406,0 -48.9164373,-27.1150713,0 -48.916416,-27.1150115,0 -48.9163771,-27.1149674,0 -48.9163162,-27.1149253,0 -48.9162538,-27.1149134,0 -48.9162511,-27.1147802,0 -48.9168754,-27.114794,0 -48.917259,-27.1148071,0 -48.9177149,-27.1148146,0 -48.9180374,-27.1148136,0</coordinates></LinearRing></outerBoundaryIs></Polygon></Placemark>
<Placemark><name>Santa Terezinha</name><styleUrl>#ba</styleUrl><Polygon><outerBoundaryIs><LinearRing><coordinates>-48.8984257,-27.0807976,0 -48.8981113,-27.0804884,0 -48.8979379,-27.0803277,0 -48.8977858,-27.0802018,0 -48.8978739,-27.0801219,0 -48.8981798,-27.0794587,0 -48.8982335,-27.0793756,0 -48.8982405,-27.0793319,0 -48.8981751,-27.0792779,0 -48.8980187,-27.0791885,0 -48.8978412,-27.079151,0 -48.8975867,-27.0790492,0 -48.8974186,-27.0789618,0 -48.8971804,-27.0788059,0 -48.89701,-27.0787124,0 -48.8968909,-27.0786022,0 -48.8967438,-27.0783007,0 -48.8967415,-27.0781115,0 -48.8967531,-27.0780595,0 -48.8968325,-27.0779306,0 -48.896975,-27.0777768,0 -48.8970357,-27.0777061,0 -48.8971034,-27.0776708,0 -48.8972855,-27.0776312,0 -48.8973953,-27.0775793,0 -48.897442,-27.077573,0 -48.8976568,-27.0775065,0 -48.8977035,-27.0774816,0 -48.8978296,-27.0772529,0 -48.8979945,-27.0771304,0 -48.8979043,-27.0770294,0 -48.8975716,-27.076695,0 -48.8970594,-27.0760884,0 -48.8963298,-27.0755391,0 -48.8958551,-27.0750997,0 -48.8954366,-27.0747271,0 -48.8946749,-27.074173,0 -48.8942457,-27.0737909,0 -48.8932737,-27.0730029,0 -48.8925077,-27.0724152,0 -48.8920141,-27.0721,0 -48.8915099,-27.071737,0 -48.8909627,-27.0713262,0 -48.8904799,-27.0709631,0 -48.889753,-27.0704711,0 -48.8895288,-27.0702632,0 -48.8891871,-27.0699552,0 -48.8887847,-27.0695301,0 -48.8883851,-27.0691035,0 -48.8881625,-27.0687276,0 -48.8879238,-27.0684157,0 -48.8877441,-27.0680875,0 -48.8875777,-27.0677006,0 -48.8873364,-27.0672468,0 -48.8872934,-27.066922,0 -48.8872613,-27.0665494,0 -48.8871969,-27.0660143,0 -48.887154,-27.0657086,0 -48.887154,-27.0653169,0 -48.8868724,-27.0648521,0 -48.8865907,-27.0644809,0 -48.8864379,-27.0643219,0 -48.8863037,-27.064126,0 -48.8861026,-27.0638121,0 -48.8856895,-27.0634539,0 -48.8850672,-27.0630574,0 -48.8847668,-27.0627182,0 -48.8843993,-27.0622869,0 -48.8842572,-27.0620685,0 -48.8841749,-27.0618278,0 -48.884107,-27.061629,0 -48.8840855,-27.0610558,0 -48.883946,-27.0607883,0 -48.8837315,-27.0603488,0 -48.8836,-27.0600273,0 -48.8835056,-27.059594,0 -48.8834372,-27.0591312,0 -48.8832588,-27.0592627,0 -48.882862,-27.0593564,0 -48.8827096,-27.0593924,0 -48.8822821,-27.0595635,0 -48.8819227,-27.0596702,0 -48.8817519,-27.0595701,0 -48.8816361,-27.0593277,0 -48.8817063,-27.0592524,0 -48.8816446,-27.0591353,0 -48.8815373,-27.059047,0 -48.8814381,-27.0590159,0 -48.8812638,-27.0590368,0 -48.8808894,-27.0588434,0 -48.8801256,-27.0586367,0 -48.8797662,-27.05869,0 -48.8795804,-27.0590666,0 -48.8794986,-27.0592159,0 -48.8793584,-27.0593415,0 -48.8792527,-27.0594162,0 -48.8790867,-27.0594877,0 -48.878816,-27.0595272,0 -48.8787158,-27.059571,0 -48.8786273,-27.0597517,0 -48.8786152,-27.0599027,0 -48.8785073,-27.0600706,0 -48.8783108,-27.060207,0 -48.8782658,-27.0602784,0 -48.8782985,-27.0603904,0 -48.8784483,-27.0605371,0 -48.8785681,-27.0607972,0 -48.8785142,-27.0609049,0 -48.8781413,-27.0609772,0 -48.8775772,-27.061146,0 -48.8772324,-27.0612881,0 -48.8770591,-27.0613274,0 -48.8777116,-27.062579,0 -48.8778008,-27.0627564,0 -48.8779332,-27.0630199,0 -48.878247,-27.0636442,0 -48.8782491,-27.0636485,0 -48.8785004,-27.0641033,0 -48.8785683,-27.0642784,0 -48.8787289,-27.0645977,0 -48.8787501,-27.0646419,0 -48.8788242,-27.0647961,0 -48.8788514,-27.0648528,0 -48.8789288,-27.0650138,0 -48.8792892,-27.0657643,0 -48.8794543,-27.0661019,0 -48.8797064,-27.0666174,0 -48.8799528,-27.0671225,0 -48.8810735,-27.0694119,0 -48.8811762,-27.0696183,0 -48.8812621,-27.0697759,0 -48.8813801,-27.0699527,0 -48.8814927,-27.0700817,0 -48.8816376,-27.070225,0 -48.8829411,-27.0714621,0 -48.8831772,-27.0716771,0 -48.8833193,-27.0717989,0 -48.883499,-27.071935,0 -48.8837042,-27.0720819,0 -48.8839121,-27.0722312,0 -48.885221,-27.0731387,0 -48.8854356,-27.0732964,0 -48.8856019,-27.0734253,0 -48.8857413,-27.0735495,0 -48.8858755,-27.073688,0 -48.8860096,-27.0738409,0 -48.8863713,-27.0742674,0 -48.8866925,-27.0746513,0 -48.886757,-27.0747283,0 -48.8868335,-27.0748197,0 -48.8870738,-27.0751188,0 -48.8871262,-27.0751819,0 -48.8872482,-27.0753371,0 -48.887423,-27.0755797,0 -48.8875023,-27.0756973,0 -48.8877767,-27.0761046,0 -48.8879932,-27.0764308,0 -48.888115,-27.0766142,0 -48.8881585,-27.0766798,0 -48.8881878,-27.0767239,0 -48.8884978,-27.0771878,0 -48.8886864,-27.07747,0 -48.8887967,-27.0776368,0 -48.8891303,-27.0781471,0 -48.8892406,-27.0782967,0 -48.889415,-27.0784973,0 -48.8895867,-27.0786717,0 -48.8897744,-27.0788197,0 -48.8899622,-27.0789439,0 -48.8901311,-27.0790418,0 -48.8903538,-27.0791589,0 -48.8905818,-27.0792687,0 -48.8908459,-27.0793863,0 -48.8914334,-27.0796563,0 -48.8917772,-27.0798144,0 -48.8920542,-27.0799417,0 -48.8921878,-27.0800031,0 -48.8929323,-27.0803411,0 -48.8931332,-27.0804323,0 -48.8940685,-27.0808562,0 -48.8943313,-27.0809803,0 -48.8945459,-27.081095,0 -48.8947337,-27.0812144,0 -48.8949053,-27.0813433,0 -48.8950341,-27.0814532,0 -48.8952057,-27.0816204,0 -48.8953063,-27.0817373,0 -48.8956022,-27.0815179,0 -48.8971686,-27.0815766,0 -48.8972795,-27.0815766,0 -48.8973966,-27.0815602,0 -48.8974829,-27.0815273,0 -48.8975836,-27.0814726,0 -48.8980772,-27.0810729,0 -48.8984257,-27.0807976,0</coordinates></LinearRing></outerBoundaryIs></Polygon></Placemark>
<Placemark><name>Águas Claras</name><styleUrl>#ba</styleUrl><Polygon><outerBoundaryIs><LinearRing><coordinates>-48.9197762,-27.1552152,0 -48.9196556,-27.1552184,0 -48.9194198,-27.1555466,0 -48.9194198,-27.1557226,0 -48.9192357,-27.1559515,0 -48.9192337,-27.1562213,0 -48.9194161,-27.1564017,0 -48.9196505,-27.1568165,0 -48.9196428,-27.1572511,0 -48.9196454,-27.1582283,0 -48.9193129,-27.1585877,0 -48.9190143,-27.1589085,0 -48.9185545,-27.1590014,0 -48.9183736,-27.1593192,0 -48.918139,-27.1594141,0 -48.9178674,-27.15996,0 -48.9177267,-27.1603298,0 -48.9172287,-27.1607784,0 -48.9167748,-27.1607812,0 -48.9165949,-27.160596,0 -48.9159588,-27.1605973,0 -48.9157282,-27.1603249,0 -48.9157261,-27.1600473,0 -48.9155932,-27.1599622,0 -48.9155931,-27.1597308,0 -48.9153195,-27.1590542,0 -48.9150387,-27.1586842,0 -48.9134978,-27.1586407,0 -48.9131792,-27.1585014,0 -48.9129487,-27.1585004,0 -48.9122507,-27.1591835,0 -48.9119915,-27.1591801,0 -48.9116377,-27.1589805,0 -48.9115769,-27.1586863,0 -48.9113898,-27.1586342,0 -48.9106746,-27.1582337,0 -48.9105402,-27.1582293,0 -48.9104513,-27.158105,0 -48.9097599,-27.1580032,0 -48.9095798,-27.1577781,0 -48.909312,-27.157773,0 -48.9092484,-27.157865,0 -48.9083944,-27.157815,0 -48.9079768,-27.1574537,0 -48.9076273,-27.1574967,0 -48.9073988,-27.157683,0 -48.9072622,-27.1576851,0 -48.9068027,-27.1571442,0 -48.9063931,-27.1570858,0 -48.9062142,-27.1568712,0 -48.9058936,-27.1568601,0 -48.9054717,-27.1564475,0 -48.904735,-27.1564536,0 -48.9045609,-27.1565883,0 -48.9036487,-27.1556864,0 -48.9028126,-27.155431,0 -48.9027032,-27.15544,0 -48.9025398,-27.1554237,0 -48.9023316,-27.1554166,0 -48.9022388,-27.1555367,0 -48.8987762,-27.1555422,0 -48.8986876,-27.155673,0 -48.8981391,-27.1557199,0 -48.89792,-27.1560332,0 -48.8979085,-27.1566881,0 -48.8977331,-27.1569921,0 -48.8977295,-27.1571323,0 -48.8973685,-27.1571783,0 -48.8971811,-27.1573595,0 -48.8962688,-27.1574057,0 -48.8956859,-27.1574998,0 -48.8954953,-27.1574987,0 -48.8952648,-27.1577258,0 -48.894947,-27.1577272,0 -48.8944932,-27.1572743,0 -48.8944007,-27.1569512,0 -48.8942686,-27.1568645,0 -48.8937621,-27.1562684,0 -48.8933552,-27.1562707,0 -48.8931284,-27.156132,0 -48.8921697,-27.1560876,0 -48.8918139,-27.1558086,0 -48.8917141,-27.1553595,0 -48.8917173,-27.1547178,0 -48.8914917,-27.1538431,0 -48.8913616,-27.1536755,0 -48.8913596,-27.1535268,0 -48.8916353,-27.1533738,0 -48.8919857,-27.1531295,0 -48.8921748,-27.1526179,0 -48.8926788,-27.1518448,0 -48.8926576,-27.1514893,0 -48.8926954,-27.1507189,0 -48.8926286,-27.1502108,0 -48.8926618,-27.1501717,0 -48.8927028,-27.1501006,0 -48.8927887,-27.1498742,0 -48.8928676,-27.1497778,0 -48.8931534,-27.147494,0 -48.8924871,-27.1460098,0 -48.8920379,-27.1454721,0 -48.8917567,-27.1449261,0 -48.8917647,-27.1441839,0 -48.8918474,-27.1440907,0 -48.8926247,-27.1440904,0 -48.8928748,-27.144104,0 -48.8932695,-27.144102,0 -48.8935282,-27.1441214,0 -48.8937299,-27.1441024,0 -48.8939478,-27.1439928,0 -48.8990794,-27.1441734,0 -48.8991223,-27.1439922,0 -48.8991268,-27.14387,0 -48.8991874,-27.1435952,0 -48.8992086,-27.1434823,0 -48.8992194,-27.1434218,0 -48.8992497,-27.1433092,0 -48.899277,-27.1432096,0 -48.8994994,-27.1430402,0 -48.8998421,-27.1428557,0 -48.8999333,-27.1428128,0 -48.8999579,-27.1428081,0 -48.9000274,-27.1427948,0 -48.9000945,-27.1427847,0 -48.9004045,-27.1427498,0 -48.9005364,-27.1427241,0 -48.9006822,-27.1426859,0 -48.9007326,-27.1426657,0 -48.9007938,-27.1426574,0 -48.9008928,-27.1426481,0 -48.9010401,-27.1426431,0 -48.9012658,-27.1426151,0 -48.9014125,-27.1425799,0 -48.9014947,-27.1425394,0 -48.9016421,-27.1424543,0 -48.901796,-27.1423737,0 -48.901937,-27.1422971,0 -48.9019803,-27.1422906,0 -48.9020553,-27.1422783,0 -48.902117,-27.1422444,0 -48.9021845,-27.1422369,0 -48.9022544,-27.1422366,0 -48.9023497,-27.1422266,0 -48.9024255,-27.1422212,0 -48.9024817,-27.1422283,0 -48.9026285,-27.1422464,0 -48.9027838,-27.1422371,0 -48.9029062,-27.1421953,0 -48.9030736,-27.1421434,0 -48.9031716,-27.1420849,0 -48.9032082,-27.1419464,0 -48.9032592,-27.1417519,0 -48.9032675,-27.1417211,0 -48.9032367,-27.1416239,0 -48.9032962,-27.1412839,0 -48.9037586,-27.1373537,0 -48.9044659,-27.1374065,0 -48.9045632,-27.1379435,0 -48.9048873,-27.1379548,0 -48.9055769,-27.1385981,0 -48.9058624,-27.138626,0 -48.905859,-27.1388369,0 -48.9058817,-27.1389391,0 -48.9059061,-27.1389747,0 -48.9059417,-27.1389995,0 -48.906872,-27.1392261,0 -48.9081627,-27.1392728,0 -48.9088566,-27.1391352,0 -48.9096287,-27.13933,0 -48.9099795,-27.1396714,0 -48.9102571,-27.1413255,0 -48.9109463,-27.1418689,0 -48.9115392,-27.1419225,0 -48.9118145,-27.1421898,0 -48.9118557,-27.1424223,0 -48.9118565,-27.1429222,0 -48.9119474,-27.1429666,0 -48.912854,-27.1438258,0 -48.9132682,-27.1438291,0 -48.9134086,-27.1438802,0 -48.9135907,-27.1440617,0 -48.9135883,-27.144235,0 -48.913678,-27.144283,0 -48.9136816,-27.1444245,0 -48.9139085,-27.1446088,0 -48.9140382,-27.1446012,0 -48.9143399,-27.14449,0 -48.9155911,-27.1442141,0 -48.9161881,-27.1444856,0 -48.916111,-27.1446626,0 -48.9160815,-27.1450087,0 -48.9160869,-27.1453834,0 -48.9159903,-27.1459109,0 -48.9158884,-27.1461448,0 -48.9157704,-27.1463811,0 -48.9157409,-27.1467128,0 -48.9157033,-27.1470231,0 -48.9156255,-27.147288,0 -48.9156812,-27.1473147,0 -48.9159,-27.1474557,0 -48.9160418,-27.1475845,0 -48.9161404,-27.1476421,0 -48.9161897,-27.1477024,0 -48.916393,-27.1478559,0 -48.9165101,-27.1479766,0 -48.9166241,-27.148078,0 -48.9166179,-27.1481822,0 -48.9165717,-27.1482398,0 -48.916507,-27.1483138,0 -48.9164885,-27.1483686,0 -48.9164824,-27.1484728,0 -48.9164392,-27.1485605,0 -48.9163868,-27.1486099,0 -48.9163591,-27.1486674,0 -48.916356,-27.1487853,0 -48.9164146,-27.1488923,0 -48.9164885,-27.1489416,0 -48.9166025,-27.1489608,0 -48.9166765,-27.1490101,0 -48.9167319,-27.1491061,0 -48.9169137,-27.1495777,0 -48.9169938,-27.1499094,0 -48.9170893,-27.150041,0 -48.9172372,-27.1501643,0 -48.9172773,-27.1502576,0 -48.9172619,-27.1503809,0 -48.9171787,-27.1505948,0 -48.9169353,-27.1509101,0 -48.9167843,-27.151335,0 -48.9167412,-27.1513843,0 -48.9167288,-27.1514309,0 -48.9167288,-27.1515653,0 -48.9167073,-27.1516311,0 -48.916544,-27.1518668,0 -48.9165347,-27.1519244,0 -48.9164824,-27.1520012,0 -48.9164577,-27.1521026,0 -48.9163807,-27.1522068,0 -48.9163191,-27.1523521,0 -48.9160418,-27.1526591,0 -48.9179758,-27.1539365,0 -48.9193229,-27.1545196,0 -48.9196897,-27.1549444,0 -48.9196921,-27.1550877,0 -48.9197762,-27.1552152,0</coordinates></LinearRing></outerBoundaryIs></Polygon></Placemark>
<Placemark><name>Azambuja</name><styleUrl>#ba</styleUrl><Polygon><outerBoundaryIs><LinearRing><coordinates>-48.9274262,-27.1136556,0 -48.9274117,-27.1135763,0 -48.9273993,-27.1135052,0 -48.9272917,-27.1128798,0 -48.9272583,-27.1127575,0 -48.9272368,-27.1126954,0 -48.9271966,-27.1126417,0 -48.9271436,-27.1125981,0 -48.9270691,-27.1125737,0 -48.9270675,-27.1120896,0 -48.9269914,-27.1120902,0 -48.9268345,-27.1120926,0 -48.9266628,-27.11212,0 -48.9264804,-27.1121427,0 -48.9263517,-27.1121391,0 -48.9262538,-27.1121344,0 -48.9260292,-27.1121263,0 -48.9260363,-27.1119566,0 -48.9257683,-27.111888,0 -48.925568,-27.1118661,0 -48.9254817,-27.1118606,0 -48.925414,-27.111803,0 -48.9253338,-27.111729,0 -48.9251582,-27.1116001,0 -48.924921,-27.1113642,0 -48.9248101,-27.1112929,0 -48.924693,-27.1112435,0 -48.9245759,-27.1112326,0 -48.9244342,-27.1112737,0 -48.9241415,-27.1114328,0 -48.9239628,-27.1114959,0 -48.9235961,-27.1115809,0 -48.9234975,-27.1115864,0 -48.9234051,-27.1115534,0 -48.9233752,-27.1115206,0 -48.9233599,-27.1114182,0 -48.9233455,-27.1113197,0 -48.9233313,-27.1111225,0 -48.9233252,-27.1109163,0 -48.9231626,-27.1104965,0 -48.923067,-27.1104096,0 -48.9230583,-27.1102385,0 -48.92304,-27.1102194,0 -48.922984,-27.1099301,0 -48.9226374,-27.110031,0 -48.9226145,-27.1099937,0 -48.9224064,-27.1095557,0 -48.9223075,-27.1090308,0 -48.9222562,-27.1088308,0 -48.9222314,-27.1087693,0 -48.9222208,-27.1085519,0 -48.922235,-27.1084086,0 -48.9221943,-27.1081046,0 -48.9221837,-27.1078305,0 -48.9221713,-27.107725,0 -48.9221748,-27.1076336,0 -48.9221921,-27.1075557,0 -48.9222229,-27.1075055,0 -48.9222124,-27.107499,0 -48.921664,-27.1075773,0 -48.9215922,-27.107317,0 -48.9215719,-27.1072699,0 -48.9215394,-27.107241,0 -48.9214824,-27.1072337,0 -48.9212881,-27.1072629,0 -48.9202303,-27.1074281,0 -48.9200849,-27.1074509,0 -48.9200386,-27.1074581,0 -48.9199207,-27.1074641,0 -48.9198034,-27.1073966,0 -48.9197597,-27.1073735,0 -48.9186442,-27.106784,0 -48.9182851,-27.1065942,0 -48.9180986,-27.1064957,0 -48.9172551,-27.10605,0 -48.9172065,-27.1061169,0 -48.9169361,-27.1064891,0 -48.916892,-27.1065498,0 -48.9170673,-27.1067523,0 -48.9171557,-27.1068499,0 -48.9182903,-27.1079765,0 -48.9183292,-27.1080314,0 -48.9183359,-27.1080935,0 -48.9183292,-27.1081735,0 -48.9182742,-27.1082869,0 -48.9180221,-27.1085997,0 -48.9179724,-27.1086414,0 -48.9178927,-27.1086591,0 -48.9178658,-27.1085878,0 -48.9178496,-27.1085154,0 -48.917778,-27.1082153,0 -48.917723,-27.1080851,0 -48.917001,-27.1085128,0 -48.9172313,-27.1089641,0 -48.9172335,-27.1096519,0 -48.9170943,-27.1102845,0 -48.9169245,-27.110461,0 -48.916317,-27.110602,0 -48.9164528,-27.1114255,0 -48.9168143,-27.1118739,0 -48.9166167,-27.1122454,0 -48.9169158,-27.1124406,0 -48.9171063,-27.1126632,0 -48.9172429,-27.1130404,0 -48.9174629,-27.1133848,0 -48.917537,-27.1135549,0 -48.9175245,-27.1138032,0 -48.9175393,-27.1138307,0 -48.917556,-27.1139315,0 -48.9175419,-27.1139693,0 -48.9175065,-27.1140008,0 -48.9174569,-27.1140323,0 -48.9173826,-27.1140512,0 -48.9168694,-27.1141174,0 -48.9168305,-27.1141331,0 -48.9168163,-27.1141552,0 -48.9168199,-27.1142165,0 -48.9170712,-27.1142151,0 -48.9172446,-27.1142182,0 -48.9173331,-27.1142308,0 -48.9174109,-27.114256,0 -48.91751,-27.114319,0 -48.9176127,-27.1144072,0 -48.9180374,-27.1148136,0 -48.9177149,-27.1148146,0 -48.917259,-27.1148071,0 -48.9168754,-27.114794,0 -48.9162511,-27.1147802,0 -48.9162538,-27.1149134,0 -48.9163162,-27.1149253,0 -48.9163771,-27.1149674,0 -48.916416,-27.1150115,0 -48.9164373,-27.1150713,0 -48.9164267,-27.1151406,0 -48.9163877,-27.11521,0 -48.9162214,-27.1153895,0 -48.916094,-27.1155187,0 -48.9160019,-27.1156037,0 -48.915917,-27.1156636,0 -48.9158356,-27.1157045,0 -48.9157365,-27.1157297,0 -48.9148897,-27.1163246,0 -48.914836,-27.1163299,0 -48.9145857,-27.1169958,0 -48.9144211,-27.1172358,0 -48.9143917,-27.117601,0 -48.9143099,-27.1175586,0 -48.9141878,-27.1175067,0 -48.9140511,-27.1174589,0 -48.9138955,-27.1174249,0 -48.9137775,-27.1174058,0 -48.9134623,-27.1173819,0 -48.9130305,-27.1176493,0 -48.9128897,-27.1177615,0 -48.91283,-27.1178254,0 -48.9128015,-27.1178797,0 -48.9128018,-27.1179173,0 -48.912826,-27.1179641,0 -48.9128548,-27.117997,0 -48.9129111,-27.1180423,0 -48.9129741,-27.1180775,0 -48.913345,-27.1182282,0 -48.9133772,-27.1185529,0 -48.913408,-27.1189206,0 -48.913461,-27.1196493,0 -48.9137683,-27.11977,0 -48.9137672,-27.12068,0 -48.9137215,-27.1208178,0 -48.9133126,-27.1210907,0 -48.9130854,-27.121683,0 -48.9124076,-27.1219098,0 -48.9115345,-27.1218664,0 -48.9113528,-27.1220026,0 -48.9113527,-27.1224126,0 -48.9115805,-27.1228228,0 -48.9121268,-27.1231414,0 -48.9121264,-27.1248295,0 -48.9113065,-27.1252386,0 -48.9103032,-27.1261953,0 -48.9093468,-27.1265629,0 -48.9086161,-27.1266041,0 -48.9081203,-27.1265141,0 -48.9073436,-27.1265153,0 -48.9070891,-27.1266614,0 -48.9068996,-27.1266953,0 -48.9065071,-27.1273469,0 -48.9060278,-27.1277812,0 -48.9053484,-27.1288249,0 -48.9049815,-27.1291554,0 -48.9051192,-27.1304348,0 -48.9053597,-27.1306752,0 -48.9059777,-27.1311557,0 -48.9061114,-27.1319346,0 -48.9065825,-27.1326707,0 -48.9070251,-27.1329842,0 -48.9070173,-27.1336236,0 -48.9055665,-27.1351252,0 -48.9052954,-27.1356213,0 -48.9051143,-27.1363518,0 -48.9045643,-27.1368509,0 -48.9040131,-27.136908,0 -48.9037477,-27.1370911,0 -48.9037586,-27.1373537,0 -48.9044659,-27.1374065,0 -48.9045632,-27.1379435,0 -48.9048873,-27.1379548,0 -48.9055769,-27.1385981,0 -48.9058624,-27.138626,0 -48.905859,-27.1388369,0 -48.9058817,-27.1389391,0 -48.9059061,-27.1389747,0 -48.9059417,-27.1389995,0 -48.906872,-27.1392261,0 -48.9081627,-27.1392728,0 -48.9088566,-27.1391352,0 -48.9096287,-27.13933,0 -48.9099795,-27.1396714,0 -48.9102571,-27.1413255,0 -48.9109463,-27.1418689,0 -48.9115392,-27.1419225,0 -48.9118145,-27.1421898,0 -48.9118557,-27.1424223,0 -48.9118565,-27.1429222,0 -48.9119474,-27.1429666,0 -48.912854,-27.1438258,0 -48.9132682,-27.1438291,0 -48.9134086,-27.1438802,0 -48.9135907,-27.1440617,0 -48.9135883,-27.144235,0 -48.913678,-27.144283,0 -48.9136816,-27.1444245,0 -48.9139085,-27.1446088,0 -48.9140382,-27.1446012,0 -48.9143399,-27.14449,0 -48.9155911,-27.1442141,0 -48.9161881,-27.1444856,0 -48.9164677,-27.1442927,0 -48.9166309,-27.1441069,0 -48.9168339,-27.1439309,0 -48.9170256,-27.1437079,0 -48.9171168,-27.1435026,0 -48.9172456,-27.1432281,0 -48.917326,-27.1430348,0 -48.9175352,-27.1428773,0 -48.9177659,-27.1427746,0 -48.9179912,-27.1426577,0 -48.9180797,-27.1424835,0 -48.9181119,-27.142283,0 -48.9181146,-27.1421135,0 -48.9182165,-27.1419536,0 -48.9183667,-27.1415383,0 -48.9183936,-27.1413306,0 -48.9184062,-27.1412734,0 -48.9183785,-27.1412478,0 -48.9183231,-27.1411835,0 -48.9181249,-27.1409063,0 -48.9180719,-27.1408276,0 -48.9180046,-27.1407362,0 -48.9179374,-27.1406543,0 -48.917863,-27.1405819,0 -48.9177,-27.1404262,0 -48.9180331,-27.140164,0 -48.9181176,-27.1400892,0 -48.9181565,-27.1400482,0 -48.9181742,-27.1400199,0 -48.9181813,-27.1399852,0 -48.9182275,-27.1396704,0 -48.9184172,-27.13939,0 -48.9185915,-27.139148,0 -48.9188527,-27.1386687,0 -48.9189719,-27.1384136,0 -48.9194267,-27.1376245,0 -48.9190541,-27.1369351,0 -48.9190574,-27.1364842,0 -48.919373,-27.136211,0 -48.9195593,-27.1356691,0 -48.9202878,-27.1355769,0 -48.9206014,-27.1352288,0 -48.9206007,-27.1348972,0 -48.9211396,-27.1344866,0 -48.9211027,-27.1344437,0 -48.9211138,-27.1336199,0 -48.9212891,-27.1335751,0 -48.9215172,-27.1332536,0 -48.9215671,-27.1329307,0 -48.9219699,-27.1323918,0 -48.922241,-27.1323926,0 -48.9227456,-27.1317952,0 -48.922748,-27.1314318,0 -48.9230677,-27.1313456,0 -48.9231975,-27.1312083,0 -48.923158,-27.1308421,0 -48.923386,-27.130793,0 -48.9240206,-27.1297955,0 -48.9241975,-27.1294315,0 -48.9242039,-27.1289696,0 -48.9240663,-27.1287038,0 -48.9237942,-27.1285653,0 -48.9237974,-27.1279687,0 -48.9240723,-27.1273367,0 -48.9245212,-27.1272858,0 -48.9253426,-27.1265097,0 -48.9254811,-27.1261927,0 -48.92557,-27.1252352,0 -48.9255716,-27.1245171,0 -48.924882,-27.1233062,0 -48.9248376,-27.1225943,0 -48.9236947,-27.1221839,0 -48.9237019,-27.1214012,0 -48.9239881,-27.1205421,0 -48.9243203,-27.1200192,0 -48.9254882,-27.1190817,0 -48.9262535,-27.1187214,0 -48.9271159,-27.1186332,0 -48.9269901,-27.118196,0 -48.9269428,-27.1181977,0 -48.926839,-27.1182035,0 -48.9267261,-27.1182164,0 -48.9267968,-27.1181471,0 -48.9268428,-27.1180841,0 -48.9268641,-27.1180242,0 -48.9269179,-27.1176072,0 -48.9269736,-27.1171755,0 -48.9253535,-27.1171789,0 -48.9249571,-27.1170938,0 -48.9249323,-27.116971,0 -48.9249571,-27.1165111,0 -48.9249818,-27.115503,0 -48.9250168,-27.1154666,0 -48.9251347,-27.1154033,0 -48.9252363,-27.1153689,0 -48.925342,-27.1153508,0 -48.9255291,-27.1152893,0 -48.9258502,-27.1151536,0 -48.9262283,-27.1148659,0 -48.9263259,-27.114761,0 -48.9263767,-27.114656,0 -48.9264072,-27.1145746,0 -48.926519,-27.1141657,0 -48.9274262,-27.1136556,0</coordinates></LinearRing></outerBoundaryIs></Polygon></Placemark>
<Placemark><name>Cedrinho</name><styleUrl>#ba</styleUrl><Polygon><outerBoundaryIs><LinearRing><coordinates>-48.9481261,-27.1569979,0 -48.9486353,-27.1561803,0 -48.9480433,-27.1558706,0 -48.9478224,-27.1557744,0 -48.9476514,-27.1556902,0 -48.9476414,-27.1556787,0 -48.9476397,-27.1556443,0 -48.9476576,-27.1556121,0 -48.9476746,-27.1555503,0 -48.9476865,-27.1554665,0 -48.9476851,-27.155389,0 -48.9476701,-27.1553059,0 -48.9476691,-27.1552689,0 -48.9476748,-27.1552298,0 -48.9467639,-27.1539962,0 -48.9457678,-27.1531142,0 -48.9457878,-27.1524094,0 -48.945875,-27.15141,0 -48.9458486,-27.1514047,0 -48.9455953,-27.1515481,0 -48.9455587,-27.151591,0 -48.9455101,-27.1516239,0 -48.9454349,-27.151626,0 -48.9453855,-27.1516355,0 -48.9453475,-27.1516597,0 -48.9452963,-27.1516675,0 -48.9451632,-27.1516647,0 -48.9451088,-27.1516571,0 -48.9450041,-27.151634,0 -48.944936,-27.1515988,0 -48.944905,-27.1515581,0 -48.9448555,-27.1514308,0 -48.9447974,-27.1513682,0 -48.9447631,-27.1513515,0 -48.9447368,-27.1513547,0 -48.9447183,-27.151359,0 -48.9446998,-27.1513762,0 -48.9446773,-27.1514259,0 -48.9446419,-27.151472,0 -48.9446081,-27.1514891,0 -48.9445517,-27.1515014,0 -48.9443392,-27.1514991,0 -48.944273,-27.151475,0 -48.9442423,-27.1514378,0 -48.9441952,-27.1513959,0 -48.9441136,-27.1513436,0 -48.9440626,-27.1512814,0 -48.9440478,-27.1512456,0 -48.9440467,-27.1512119,0 -48.9440628,-27.1511809,0 -48.9441069,-27.151151,0 -48.9441368,-27.1511048,0 -48.9441585,-27.1510307,0 -48.9441911,-27.1508661,0 -48.9441425,-27.1504901,0 -48.9441506,-27.1503914,0 -48.9441871,-27.150356,0 -48.9442356,-27.1503257,0 -48.9442601,-27.1502594,0 -48.944256,-27.15021,0 -48.9442117,-27.1501004,0 -48.9441776,-27.1499781,0 -48.9441743,-27.1498819,0 -48.9441556,-27.1496678,0 -48.9440153,-27.1494659,0 -48.9439222,-27.1493166,0 -48.9438677,-27.1492964,0 -48.9438212,-27.1492564,0 -48.9437771,-27.1492016,0 -48.9436371,-27.1491124,0 -48.9435116,-27.1490557,0 -48.9434698,-27.1490198,0 -48.9428588,-27.1487213,0 -48.9427187,-27.1486325,0 -48.94267,-27.1485637,0 -48.9426539,-27.1484984,0 -48.9426071,-27.1484605,0 -48.9425432,-27.1484577,0 -48.9424743,-27.1484542,0 -48.9424371,-27.1484086,0 -48.9423958,-27.1483739,0 -48.9423404,-27.1483357,0 -48.9420655,-27.1480172,0 -48.9419865,-27.1479217,0 -48.9419399,-27.1478226,0 -48.941944,-27.147767,0 -48.9419318,-27.147726,0 -48.9419033,-27.1477085,0 -48.9417998,-27.147688,0 -48.9417125,-27.147664,0 -48.9416513,-27.1476392,0 -48.9415847,-27.1476223,0 -48.9415528,-27.1475959,0 -48.941536,-27.1475446,0 -48.9412773,-27.1474045,0 -48.9411849,-27.147388,0 -48.9411468,-27.1473646,0 -48.9411291,-27.1472864,0 -48.9410718,-27.1472035,0 -48.9410265,-27.1471588,0 -48.9409704,-27.1471238,0 -48.9409155,-27.1471002,0 -48.9408024,-27.146984,0 -48.9407825,-27.1469442,0 -48.9407076,-27.1468575,0 -48.9406645,-27.1467687,0 -48.9406397,-27.1467302,0 -48.9404603,-27.1466568,0 -48.9403438,-27.1466321,0 -48.9400968,-27.1466106,0 -48.9398682,-27.1466181,0 -48.9394458,-27.1466869,0 -48.9394312,-27.1467088,0 -48.9393758,-27.1467379,0 -48.9392286,-27.146778,0 -48.9391086,-27.1467685,0 -48.9390658,-27.14673,0 -48.9388406,-27.1466734,0 -48.9387549,-27.1466675,0 -48.9385009,-27.1465942,0 -48.9382857,-27.1464485,0 -48.9382171,-27.1464317,0 -48.938168,-27.1464321,0 -48.9381132,-27.1464466,0 -48.9379771,-27.1464285,0 -48.9378834,-27.1464683,0 -48.9378364,-27.1464431,0 -48.9377853,-27.1464324,0 -48.9372386,-27.1464277,0 -48.9372334,-27.1467981,0 -48.9373248,-27.1468677,0 -48.9373306,-27.1471931,0 -48.9371088,-27.1473801,0 -48.9368387,-27.1474287,0 -48.9355132,-27.1472502,0 -48.9338964,-27.1465995,0 -48.9334126,-27.1460148,0 -48.9331803,-27.1459641,0 -48.9330867,-27.1455999,0 -48.9329058,-27.1453283,0 -48.9317257,-27.145197,0 -48.9309005,-27.1445568,0 -48.9301278,-27.1445582,0 -48.9297612,-27.1444213,0 -48.9295379,-27.1444199,0 -48.929169,-27.144783,0 -48.9285329,-27.1447875,0 -48.9278518,-27.1443769,0 -48.9260648,-27.1443724,0 -48.9257549,-27.1442409,0 -48.9254403,-27.1442366,0 -48.925065,-27.144101,0 -48.9247044,-27.1437327,0 -48.9247045,-27.1430602,0 -48.923436,-27.1435531,0 -48.9224356,-27.1442343,0 -48.9224465,-27.1442902,0 -48.9224209,-27.1443545,0 -48.9224142,-27.1444582,0 -48.9223279,-27.1446515,0 -48.9222732,-27.1447177,0 -48.9228655,-27.1452512,0 -48.9224792,-27.145251,0 -48.9226644,-27.1454785,0 -48.9227284,-27.1456429,0 -48.9227258,-27.1456652,0 -48.922678,-27.1456818,0 -48.9226606,-27.1457209,0 -48.922662,-27.1458322,0 -48.9227019,-27.1460153,0 -48.9226964,-27.1461734,0 -48.9226866,-27.1464603,0 -48.9226284,-27.1465526,0 -48.9226104,-27.1465881,0 -48.9225763,-27.1466121,0 -48.9225357,-27.146618,0 -48.9224922,-27.1466317,0 -48.9224568,-27.1466637,0 -48.9224466,-27.1466887,0 -48.9224356,-27.1467273,0 -48.9223972,-27.1467881,0 -48.9223662,-27.1468084,0 -48.922326,-27.1468246,0 -48.9222953,-27.1468297,0 -48.9222196,-27.1468211,0 -48.9221556,-27.1468181,0 -48.9221244,-27.1468226,0 -48.9221144,-27.1468446,0 -48.9221151,-27.1469057,0 -48.9221286,-27.1469527,0 -48.9221407,-27.1469626,0 -48.9221727,-27.146979,0 -48.9221901,-27.1469971,0 -48.922187,-27.1470141,0 -48.9221735,-27.1470296,0 -48.9221229,-27.1470657,0 -48.9220881,-27.1471124,0 -48.9220829,-27.1472025,0 -48.9220909,-27.1472335,0 -48.9221549,-27.1472876,0 -48.9222226,-27.1473692,0 -48.9222851,-27.1474707,0 -48.9224342,-27.1476528,0 -48.9224667,-27.1477419,0 -48.9224735,-27.1482611,0 -48.9224691,-27.1482988,0 -48.9224212,-27.1484051,0 -48.9224175,-27.1484481,0 -48.9224602,-27.1485287,0 -48.9225062,-27.1485443,0 -48.9226852,-27.1485547,0 -48.9227231,-27.1485742,0 -48.9227344,-27.1485953,0 -48.922731,-27.1489592,0 -48.9227329,-27.1491722,0 -48.9227032,-27.1492587,0 -48.9225373,-27.1494076,0 -48.9224125,-27.1494812,0 -48.9223867,-27.1495031,0 -48.9223674,-27.1495867,0 -48.9224761,-27.1497734,0 -48.9224801,-27.1499131,0 -48.9224615,-27.1499517,0 -48.9224628,-27.1500285,0 -48.922584,-27.1501615,0 -48.922598,-27.150256,0 -48.9226426,-27.1503391,0 -48.9227421,-27.1504565,0 -48.92276,-27.1505936,0 -48.9228388,-27.1507538,0 -48.922885,-27.1508778,0 -48.9230171,-27.1510453,0 -48.9233987,-27.1513385,0 -48.9237206,-27.1514887,0 -48.9238284,-27.1515832,0 -48.923924,-27.1518743,0 -48.9240084,-27.1519602,0 -48.9240994,-27.1520194,0 -48.9242067,-27.1520677,0 -48.9243758,-27.1522519,0 -48.9245294,-27.152461,0 -48.9244383,-27.1526563,0 -48.9244525,-27.1528277,0 -48.9245849,-27.153068,0 -48.9248451,-27.1533585,0 -48.9249418,-27.1533663,0 -48.9250269,-27.1534653,0 -48.9250167,-27.1535405,0 -48.9249079,-27.1536717,0 -48.9247915,-27.1540794,0 -48.9234776,-27.1541707,0 -48.9223378,-27.1544446,0 -48.9221064,-27.1550384,0 -48.9215539,-27.1552216,0 -48.9205267,-27.1552205,0 -48.9197762,-27.1552152,0 -48.9196556,-27.1552184,0 -48.9194198,-27.1555466,0 -48.9194198,-27.1557226,0 -48.9192357,-27.1559515,0 -48.9192337,-27.1562213,0 -48.9194161,-27.1564017,0 -48.9196505,-27.1568165,0 -48.9196428,-27.1572511,0 -48.9196454,-27.1582283,0 -48.9193129,-27.1585877,0 -48.9190143,-27.1589085,0 -48.9185545,-27.1590014,0 -48.9183736,-27.1593192,0 -48.918139,-27.1594141,0 -48.9178674,-27.15996,0 -48.9180491,-27.160139,0 -48.9183707,-27.1601933,0 -48.9183712,-27.1604211,0 -48.9185533,-27.1605548,0 -48.9185974,-27.1607336,0 -48.9190536,-27.1606891,0 -48.919327,-27.1608691,0 -48.9194168,-27.1610498,0 -48.9195092,-27.1614201,0 -48.9199116,-27.161602,0 -48.9200068,-27.1617292,0 -48.92001,-27.1620088,0 -48.9202919,-27.1623325,0 -48.9202895,-27.1626052,0 -48.9201515,-27.1628737,0 -48.9204236,-27.1629662,0 -48.9212451,-27.1639328,0 -48.9215274,-27.1639915,0 -48.9216352,-27.1638572,0 -48.9217237,-27.16371,0 -48.9218654,-27.1634742,0 -48.9219702,-27.1633317,0 -48.9221119,-27.1631837,0 -48.9222105,-27.1631014,0 -48.922383,-27.1629644,0 -48.9225247,-27.1628273,0 -48.9226541,-27.1626903,0 -48.9227589,-27.162608,0 -48.9229068,-27.1625203,0 -48.9233976,-27.1622732,0 -48.9235937,-27.1621818,0 -48.9237011,-27.1621402,0 -48.9238179,-27.1621112,0 -48.9239346,-27.162107,0 -48.9240654,-27.1621153,0 -48.9241728,-27.1621361,0 -48.9244764,-27.1622233,0 -48.9246118,-27.1622358,0 -48.9247426,-27.162215,0 -48.9248453,-27.162186,0 -48.9249434,-27.1621486,0 -48.9250554,-27.1620862,0 -48.9252142,-27.1619948,0 -48.9254898,-27.1618286,0 -48.9256112,-27.1617705,0 -48.9257419,-27.1617247,0 -48.925868,-27.1616957,0 -48.9263304,-27.1616126,0 -48.9264534,-27.1615853,0 -48.9265469,-27.1615419,0 -48.9266566,-27.1614587,0 -48.9272624,-27.1609052,0 -48.9274413,-27.1607461,0 -48.927691,-27.16054,0 -48.9277926,-27.1604532,0 -48.9278821,-27.1603628,0 -48.9279573,-27.1602742,0 -48.9280386,-27.1606465,0 -48.9280854,-27.1606881,0 -48.9281708,-27.1606918,0 -48.9282805,-27.1607333,0 -48.9283212,-27.1607695,0 -48.9283923,-27.1609142,0 -48.9285245,-27.1610716,0 -48.9288599,-27.1612524,0 -48.929114,-27.1614676,0 -48.9349598,-27.1621922,0 -48.935595,-27.1621919,0 -48.936323,-27.1626012,0 -48.9366422,-27.1626041,0 -48.9374157,-27.161829,0 -48.9371982,-27.1614269,0 -48.9371911,-27.1610088,0 -48.9379605,-27.1602833,0 -48.9379698,-27.1598093,0 -48.9381947,-27.159639,0 -48.9382888,-27.1593249,0 -48.9382825,-27.1585932,0 -48.9388583,-27.1586401,0 -48.9390162,-27.1588221,0 -48.9392844,-27.1589158,0 -48.9401501,-27.1588688,0 -48.9407388,-27.1582312,0 -48.9406993,-27.1576851,0 -48.9409732,-27.1574551,0 -48.9414277,-27.1573172,0 -48.9418355,-27.1572708,0 -48.9423402,-27.1577293,0 -48.9427029,-27.1580465,0 -48.9427936,-27.1585926,0 -48.9430221,-27.1585935,0 -48.9434307,-27.1591388,0 -48.9438461,-27.1593973,0 -48.9440345,-27.1590526,0 -48.9446293,-27.1591041,0 -48.9447624,-27.1591892,0 -48.9454457,-27.1591791,0 -48.9456783,-27.1590369,0 -48.9463217,-27.1582783,0 -48.9471684,-27.1575448,0 -48.9472176,-27.1574062,0 -48.9477622,-27.156997,0 -48.9481261,-27.1569979,0</coordinates></LinearRing></outerBoundaryIs></Polygon></Placemark>
<Placemark><name>Dom Joaquim</name><styleUrl>#ba</styleUrl><Polygon><outerBoundaryIs><LinearRing><coordinates>-48.9774967,-27.1461885,0 -48.9768894,-27.1462566,0 -48.976235,-27.146247,0 -48.9759672,-27.1460641,0 -48.9758183,-27.1458272,0 -48.9757236,-27.1455622,0 -48.9758636,-27.1451005,0 -48.9762515,-27.1448717,0 -48.9766777,-27.1447112,0 -48.97731,-27.1441396,0 -48.9773579,-27.1437528,0 -48.9771326,-27.1435129,0 -48.9767639,-27.1433637,0 -48.9760872,-27.1431639,0 -48.9755113,-27.1432974,0 -48.9752859,-27.1433675,0 -48.9750899,-27.1433603,0 -48.9746042,-27.143228,0 -48.9742716,-27.1431538,0 -48.9740141,-27.1431633,0 -48.9735671,-27.1432368,0 -48.9733882,-27.1434788,0 -48.9734978,-27.1440261,0 -48.9738092,-27.1443616,0 -48.9741106,-27.144729,0 -48.9740785,-27.1452159,0 -48.9738356,-27.1454535,0 -48.9735165,-27.1455199,0 -48.972909,-27.1454355,0 -48.9724048,-27.145321,0 -48.9719971,-27.14513,0 -48.9716967,-27.1449868,0 -48.9713839,-27.1447184,0 -48.971179,-27.1441275,0 -48.9711948,-27.1437627,0 -48.9713094,-27.1433903,0 -48.9713962,-27.1430201,0 -48.971289,-27.1427337,0 -48.9711173,-27.1424091,0 -48.9709456,-27.1421608,0 -48.9707847,-27.141884,0 -48.9706774,-27.1415689,0 -48.970356,-27.1412188,0 -48.9699567,-27.1410032,0 -48.9695874,-27.1408112,0 -48.9691861,-27.1405378,0 -48.9689101,-27.1403939,0 -48.9686385,-27.1401332,0 -48.9684458,-27.1397835,0 -48.9681788,-27.1394506,0 -48.9680165,-27.1391019,0 -48.9680713,-27.1388433,0 -48.9680912,-27.1385028,0 -48.9683642,-27.1378455,0 -48.9684051,-27.1376629,0 -48.9683153,-27.1374882,0 -48.9679737,-27.137368,0 -48.9675124,-27.1370624,0 -48.9671584,-27.1367569,0 -48.9668687,-27.1362509,0 -48.966659,-27.1359814,0 -48.9665767,-27.1356633,0 -48.9665892,-27.1351915,0 -48.9667946,-27.1347805,0 -48.9669545,-27.1343317,0 -48.9669057,-27.1340549,0 -48.966737,-27.1338098,0 -48.9660855,-27.1336825,0 -48.9655168,-27.1334438,0 -48.965077,-27.1333101,0 -48.9648087,-27.1331191,0 -48.9645406,-27.1328041,0 -48.9644118,-27.1324842,0 -48.9642616,-27.1320354,0 -48.9641114,-27.1315055,0 -48.9639611,-27.131009,0 -48.9639708,-27.1306802,0 -48.9640595,-27.130278,0 -48.9641007,-27.1299968,0 -48.964047,-27.1297295,0 -48.9637127,-27.1292344,0 -48.9635266,-27.1291208,0 -48.9633246,-27.1290392,0 -48.9629383,-27.1287573,0 -48.9625342,-27.1283163,0 -48.9623518,-27.1279917,0 -48.9620622,-27.1276957,0 -48.9617591,-27.1274808,0 -48.9615593,-27.1274403,0 -48.9613702,-27.1274761,0 -48.9611395,-27.1276145,0 -48.9608981,-27.1278293,0 -48.9606245,-27.1280871,0 -48.9601953,-27.128493,0 -48.9599593,-27.128746,0 -48.959637,-27.1289743,0 -48.9593169,-27.1291574,0 -48.9589243,-27.1293326,0 -48.9585297,-27.1294502,0 -48.9580358,-27.1295881,0 -48.9576741,-27.1297963,0 -48.9573584,-27.130022,0 -48.9570876,-27.1303515,0 -48.9569383,-27.130735,0 -48.9568915,-27.1312139,0 -48.9569318,-27.1315109,0 -48.9569419,-27.1316658,0 -48.9568335,-27.1318616,0 -48.9567246,-27.1319359,0 -48.9565124,-27.1319893,0 -48.9563875,-27.1320259,0 -48.9561659,-27.1320195,0 -48.9557683,-27.131879,0 -48.9556584,-27.1317958,0 -48.9553555,-27.1315884,0 -48.9551896,-27.1314715,0 -48.9550069,-27.1313973,0 -48.9546815,-27.1313393,0 -48.9545501,-27.1313536,0 -48.9544187,-27.1314108,0 -48.9543259,-27.1315101,0 -48.9542626,-27.1316095,0 -48.9542893,-27.1319822,0 -48.9543904,-27.1322872,0 -48.9546057,-27.1326569,0 -48.9547489,-27.1330266,0 -48.9549919,-27.1333483,0 -48.9550312,-27.1337711,0 -48.9546966,-27.1342149,0 -48.9534558,-27.1344634,0 -48.952953,-27.1348058,0 -48.9528258,-27.1352044,0 -48.9526854,-27.1356362,0 -48.9526686,-27.1364152,0 -48.9526746,-27.1367676,0 -48.9527527,-27.1370895,0 -48.9528517,-27.137385,0 -48.9529353,-27.1376874,0 -48.9529589,-27.1378236,0 -48.9529574,-27.1378924,0 -48.952929,-27.1379742,0 -48.9529015,-27.1380435,0 -48.9528475,-27.1380813,0 -48.952634,-27.1381724,0 -48.9524635,-27.1382059,0 -48.952277,-27.1382013,0 -48.9518129,-27.1381177,0 -48.9513757,-27.1379195,0 -48.9510556,-27.1377675,0 -48.9507738,-27.1375365,0 -48.9506228,-27.1373905,0 -48.950345,-27.1372074,0 -48.9500608,-27.1370271,0 -48.9498595,-27.1368896,0 -48.9497368,-27.1367673,0 -48.9495436,-27.1364781,0 -48.9494112,-27.1362977,0 -48.949308,-27.13612,0 -48.9492588,-27.1359524,0 -48.9492373,-27.1357601,0 -48.9491889,-27.135644,0 -48.9490365,-27.1356558,0 -48.9490055,-27.1356663,0 -48.9489985,-27.1356862,0 -48.9489845,-27.1357576,0 -48.9489208,-27.1358461,0 -48.9489101,-27.1359116,0 -48.9489074,-27.1361249,0 -48.9488755,-27.1362059,0 -48.9488335,-27.1362656,0 -48.9487992,-27.1363022,0 -48.9487309,-27.1363338,0 -48.9486195,-27.136334,0 -48.9484564,-27.1363764,0 -48.9483811,-27.1363744,0 -48.9483142,-27.1363578,0 -48.9482332,-27.1363282,0 -48.9481225,-27.1363075,0 -48.9480936,-27.1362866,0 -48.9478743,-27.136297,0 -48.9476431,-27.1362406,0 -48.9475536,-27.1362283,0 -48.9473419,-27.1362322,0 -48.9470922,-27.1362536,0 -48.9469227,-27.1362403,0 -48.946737,-27.1362429,0 -48.9463938,-27.1364021,0 -48.94639,-27.1370351,0 -48.9466659,-27.137128,0 -48.9466682,-27.1374548,0 -48.9469411,-27.1375045,0 -48.9469397,-27.1377136,0 -48.9465298,-27.1382263,0 -48.9456658,-27.1382232,0 -48.9455327,-27.1383595,0 -48.9450724,-27.1384528,0 -48.9444791,-27.1390451,0 -48.9445757,-27.13918,0 -48.9448015,-27.139226,0 -48.9450326,-27.1394606,0 -48.9451628,-27.1401885,0 -48.9449889,-27.1403591,0 -48.9449853,-27.1411015,0 -48.9453009,-27.1415002,0 -48.9451683,-27.1420946,0 -48.9455272,-27.144235,0 -48.9459434,-27.1447423,0 -48.9460732,-27.1451933,0 -48.9458476,-27.1450624,0 -48.9454395,-27.145058,0 -48.9447055,-27.1452019,0 -48.9446206,-27.1453768,0 -48.9439406,-27.1455586,0 -48.9438803,-27.1457882,0 -48.9430145,-27.145698,0 -48.9428836,-27.145517,0 -48.9426174,-27.145514,0 -48.9425213,-27.1456484,0 -48.9423394,-27.1456492,0 -48.9422886,-27.1453315,0 -48.9417464,-27.1448343,0 -48.9413918,-27.1447828,0 -48.940785,-27.1451036,0 -48.9404684,-27.1451065,0 -48.9400123,-27.1448756,0 -48.9399211,-27.1439663,0 -48.9387334,-27.1439625,0 -48.938504,-27.1437801,0 -48.9379696,-27.143786,0 -48.9377371,-27.1440124,0 -48.9374644,-27.1439738,0 -48.9374616,-27.1443715,0 -48.9375552,-27.1446872,0 -48.9375042,-27.1450667,0 -48.9373285,-27.1456498,0 -48.937327,-27.1460595,0 -48.9372367,-27.1461974,0 -48.9372386,-27.1464277,0 -48.9377853,-27.1464324,0 -48.9378364,-27.1464431,0 -48.9378834,-27.1464683,0 -48.9379771,-27.1464285,0 -48.9381132,-27.1464466,0 -48.938168,-27.1464321,0 -48.9382171,-27.1464317,0 -48.9382857,-27.1464485,0 -48.9385009,-27.1465942,0 -48.9387549,-27.1466675,0 -48.9388406,-27.1466734,0 -48.9390658,-27.14673,0 -48.9391086,-27.1467685,0 -48.9392286,-27.146778,0 -48.9393758,-27.1467379,0 -48.9394312,-27.1467088,0 -48.9394458,-27.1466869,0 -48.9398682,-27.1466181,0 -48.9400968,-27.1466106,0 -48.9403438,-27.1466321,0 -48.9404603,-27.1466568,0 -48.9406397,-27.1467302,0 -48.9406645,-27.1467687,0 -48.9407076,-27.1468575,0 -48.9407825,-27.1469442,0 -48.9408024,-27.146984,0 -48.9409155,-27.1471002,0 -48.9409704,-27.1471238,0 -48.9410265,-27.1471588,0 -48.9410718,-27.1472035,0 -48.9411291,-27.1472864,0 -48.9411468,-27.1473646,0 -48.9411849,-27.147388,0 -48.9412773,-27.1474045,0 -48.941536,-27.1475446,0 -48.9415528,-27.1475959,0 -48.9415847,-27.1476223,0 -48.9416513,-27.1476392,0 -48.9417125,-27.147664,0 -48.9417998,-27.147688,0 -48.9419033,-27.1477085,0 -48.9419318,-27.147726,0 -48.941944,-27.147767,0 -48.9419399,-27.1478226,0 -48.9419865,-27.1479217,0 -48.9420655,-27.1480172,0 -48.9423404,-27.1483357,0 -48.9423958,-27.1483739,0 -48.9424371,-27.1484086,0 -48.9424743,-27.1484542,0 -48.9425432,-27.1484577,0 -48.9426071,-27.1484605,0 -48.9426539,-27.1484984,0 -48.94267,-27.1485637,0 -48.9427187,-27.1486325,0 -48.9428588,-27.1487213,0 -48.9434698,-27.1490198,0 -48.9435116,-27.1490557,0 -48.9436371,-27.1491124,0 -48.9437771,-27.1492016,0 -48.9438212,-27.1492564,0 -48.9438677,-27.1492964,0 -48.9439222,-27.1493166,0 -48.9440153,-27.1494659,0 -48.9441556,-27.1496678,0 -48.9441743,-27.1498819,0 -48.9441776,-27.1499781,0 -48.9442117,-27.1501004,0 -48.944256,-27.15021,0 -48.9442601,-27.1502594,0 -48.9442356,-27.1503257,0 -48.9441871,-27.150356,0 -48.9441506,-27.1503914,0 -48.9441425,-27.1504901,0 -48.9441911,-27.1508661,0 -48.9441585,-27.1510307,0 -48.9441368,-27.1511048,0 -48.9441069,-27.151151,0 -48.9440628,-27.1511809,0 -48.9440467,-27.1512119,0 -48.9440478,-27.1512456,0 -48.9440626,-27.1512814,0 -48.9441136,-27.1513436,0 -48.9441952,-27.1513959,0 -48.9442423,-27.1514378,0 -48.944273,-27.151475,0 -48.9443392,-27.1514991,0 -48.9445517,-27.1515014,0 -48.9446081,-27.1514891,0 -48.9446419,-27.151472,0 -48.9446773,-27.1514259,0 -48.9446998,-27.1513762,0 -48.9447183,-27.151359,0 -48.9447368,-27.1513547,0 -48.9447631,-27.1513515,0 -48.9447974,-27.1513682,0 -48.9448555,-27.1514308,0 -48.944905,-27.1515581,0 -48.944936,-27.1515988,0 -48.9450041,-27.151634,0 -48.9451088,-27.1516571,0 -48.9451632,-27.1516647,0 -48.9452963,-27.1516675,0 -48.9453475,-27.1516597,0 -48.9453855,-27.1516355,0 -48.9454349,-27.151626,0 -48.9455101,-27.1516239,0 -48.9455587,-27.151591,0 -48.9455953,-27.1515481,0 -48.9458486,-27.1514047,0 -48.945875,-27.15141,0 -48.9457878,-27.1524094,0 -48.9457678,-27.1531142,0 -48.9467639,-27.1539962,0 -48.9476748,-27.1552298,0 -48.9476691,-27.1552689,0 -48.9476701,-27.1553059,0 -48.9476851,-27.155389,0 -48.9476865,-27.1554665,0 -48.9476746,-27.1555503,0 -48.9476576,-27.1556121,0 -48.9476397,-27.1556443,0 -48.9476414,-27.1556787,0 -48.9476514,-27.1556902,0 -48.9478224,-27.1557744,0 -48.9480433,-27.1558706,0 -48.9486353,-27.1561803,0 -48.9481261,-27.1569979,0 -48.9484451,-27.1572686,0 -48.94849,-27.1594528,0 -48.9485628,-27.1594273,0 -48.9487605,-27.159669,0 -48.9488882,-27.1597862,0 -48.9490357,-27.1598507,0 -48.9493831,-27.1599217,0 -48.9493934,-27.1602034,0 -48.9494761,-27.1603908,0 -48.9495606,-27.16045,0 -48.9496697,-27.1604943,0 -48.9498598,-27.1607255,0 -48.9500845,-27.1609492,0 -48.950202,-27.1610205,0 -48.9504401,-27.1611442,0 -48.9505221,-27.1612014,0 -48.950549,-27.1613085,0 -48.9506056,-27.1613329,0 -48.9506465,-27.1615092,0 -48.9506762,-27.1615883,0 -48.9506918,-27.1615858,0 -48.950707,-27.1615909,0 -48.9507186,-27.1616031,0 -48.9507579,-27.1616709,0 -48.95079,-27.1617406,0 -48.9508564,-27.1618215,0 -48.9510267,-27.1618883,0 -48.9510763,-27.161911,0 -48.9511013,-27.1619198,0 -48.9511641,-27.1619254,0 -48.9512322,-27.1619232,0 -48.9512632,-27.1619257,0 -48.9512823,-27.1619302,0 -48.9513092,-27.1619497,0 -48.9513357,-27.1619797,0 -48.9513792,-27.1620704,0 -48.9513841,-27.1621206,0 -48.9514059,-27.1622055,0 -48.9514079,-27.1622194,0 -48.9514226,-27.1622285,0 -48.9514461,-27.1622352,0 -48.9516156,-27.1622524,0 -48.951662,-27.1622742,0 -48.9516862,-27.1622803,0 -48.9517204,-27.1622822,0 -48.9518074,-27.1622637,0 -48.9519769,-27.1622297,0 -48.9520915,-27.1622248,0 -48.9521332,-27.1622189,0 -48.9522117,-27.1621984,0 -48.9522437,-27.1621344,0 -48.952275,-27.1620934,0 -48.9523235,-27.1619559,0 -48.9523514,-27.1619131,0 -48.9523746,-27.1618845,0 -48.9524096,-27.1618504,0 -48.9524438,-27.1618164,0 -48.9524534,-27.1618018,0 -48.9524886,-27.1617461,0 -48.9525096,-27.1617224,0 -48.9525906,-27.1616743,0 -48.9527018,-27.1615773,0 -48.9528214,-27.1614312,0 -48.9528364,-27.1613952,0 -48.9529321,-27.1612781,0 -48.9530733,-27.1610288,0 -48.9531513,-27.1608021,0 -48.9532317,-27.160709,0 -48.9533619,-27.1605793,0 -48.9534397,-27.1604798,0 -48.9534873,-27.1603977,0 -48.9536059,-27.1602504,0 -48.9536185,-27.1601663,0 -48.9536091,-27.160082,0 -48.9536371,-27.1599365,0 -48.9536362,-27.1597236,0 -48.9536044,-27.1595511,0 -48.9535814,-27.1593754,0 -48.9535738,-27.1593443,0 -48.9535507,-27.159318,0 -48.9535048,-27.1592857,0 -48.9534356,-27.1592287,0 -48.9534163,-27.1591978,0 -48.9534073,-27.1591634,0 -48.9534041,-27.1591191,0 -48.9533749,-27.1590668,0 -48.9533714,-27.1590484,0 -48.9533732,-27.1589678,0 -48.9533853,-27.1589339,0 -48.9534183,-27.158872,0 -48.9534323,-27.1588519,0 -48.9534564,-27.1588354,0 -48.9534904,-27.1588335,0 -48.9535169,-27.1588427,0 -48.9535418,-27.1588635,0 -48.9535634,-27.1588718,0 -48.9537982,-27.1588697,0 -48.9538194,-27.1588849,0 -48.9539027,-27.1589845,0 -48.9539455,-27.1590128,0 -48.9539772,-27.159027,0 -48.9541147,-27.1590336,0 -48.954205,-27.1590258,0 -48.9542757,-27.1589985,0 -48.9542987,-27.158972,0 -48.9543171,-27.1589405,0 -48.954328,-27.1589052,0 -48.9543324,-27.1588601,0 -48.9543373,-27.158774,0 -48.9543472,-27.1587393,0 -48.9543749,-27.1586907,0 -48.9544707,-27.1585501,0 -48.9545957,-27.1583991,0 -48.9546348,-27.1582992,0 -48.9546459,-27.1582054,0 -48.954637,-27.1581149,0 -48.9546364,-27.1580551,0 -48.9546469,-27.1580271,0 -48.9547267,-27.1578732,0 -48.9547687,-27.1577593,0 -48.9548096,-27.1576022,0 -48.9548212,-27.1575885,0 -48.9548604,-27.1575678,0 -48.9549251,-27.1574994,0 -48.9549807,-27.1575909,0 -48.9550209,-27.1576433,0 -48.9551022,-27.1577327,0 -48.9552223,-27.1578433,0 -48.9553037,-27.1579502,0 -48.9555324,-27.1581339,0 -48.9558561,-27.1583722,0 -48.9558599,-27.1584805,0 -48.9558795,-27.158526,0 -48.9559168,-27.158566,0 -48.9561353,-27.1586962,0 -48.9562,-27.1587301,0 -48.9562577,-27.1587829,0 -48.9563296,-27.1588443,0 -48.9563992,-27.1588671,0 -48.9564582,-27.1588641,0 -48.9565152,-27.1588254,0 -48.9565641,-27.1587495,0 -48.9565918,-27.158661,0 -48.9566305,-27.1585906,0 -48.9566921,-27.158539,0 -48.9567566,-27.1585155,0 -48.9568086,-27.1585198,0 -48.9568481,-27.1585345,0 -48.956889,-27.1585573,0 -48.9569499,-27.1586906,0 -48.9569771,-27.1587969,0 -48.9569696,-27.1588657,0 -48.9569438,-27.1589019,0 -48.956914,-27.1589433,0 -48.9569085,-27.1590076,0 -48.9569473,-27.1590372,0 -48.9582497,-27.158687,0 -48.9591968,-27.1586846,0 -48.9598786,-27.1592745,0 -48.9614927,-27.1592515,0 -48.962054,-27.1593485,0 -48.9618651,-27.1569286,0 -48.9628572,-27.155937,0 -48.9626031,-27.1531993,0 -48.9631153,-27.1519837,0 -48.9644814,-27.151843,0 -48.9658918,-27.152175,0 -48.9664041,-27.1520456,0 -48.9668089,-27.1522369,0 -48.9671694,-27.1525859,0 -48.9681813,-27.1530642,0 -48.9684469,-27.1529291,0 -48.9685734,-27.1528166,0 -48.9687505,-27.1526421,0 -48.9688643,-27.1524846,0 -48.9691426,-27.1522595,0 -48.9701039,-27.151798,0 -48.9701925,-27.151798,0 -48.9717799,-27.151466,0 -48.9735148,-27.1515643,0 -48.9736673,-27.1513736,0 -48.9738054,-27.1512895,0 -48.9739652,-27.1512443,0 -48.9740742,-27.1512281,0 -48.9742267,-27.1511667,0 -48.9745028,-27.1509566,0 -48.974521,-27.1504976,0 -48.9745137,-27.1501938,0 -48.9758141,-27.1504847,0 -48.9760284,-27.1504524,0 -48.9767622,-27.1504686,0 -48.9774887,-27.1501518,0 -48.9776885,-27.1500096,0 -48.9780881,-27.1496282,0 -48.9777357,-27.1484096,0 -48.9780517,-27.1480023,0 -48.9781425,-27.1479312,0 -48.9782116,-27.1478666,0 -48.9782697,-27.1477082,0 -48.9782116,-27.1475951,0 -48.9780118,-27.1471878,0 -48.9779464,-27.1471199,0 -48.977703,-27.1469745,0 -48.9775977,-27.1468161,0 -48.9775868,-27.1465187,0 -48.9774967,-27.1461885,0</coordinates></LinearRing></outerBoundaryIs></Polygon></Placemark>
<Placemark><name>Jardim Maluche</name><styleUrl>#ba</styleUrl><Polygon><outerBoundaryIs><LinearRing><coordinates>-48.944033,-27.1114302,0 -48.9441202,-27.1116921,0 -48.9441557,-27.112159,0 -48.9441078,-27.1125048,0 -48.9439765,-27.1129516,0 -48.9437564,-27.11337,0 -48.9435697,-27.1136689,0 -48.943248,-27.1140469,0 -48.9429726,-27.1143218,0 -48.9424487,-27.1147307,0 -48.9418642,-27.115203,0 -48.9412601,-27.1155076,0 -48.9410496,-27.1155504,0 -48.9408021,-27.1155439,0 -48.9405946,-27.1155147,0 -48.940307,-27.1153977,0 -48.9400251,-27.1151672,0 -48.9397548,-27.1148082,0 -48.9395273,-27.1144241,0 -48.9393961,-27.1142007,0 -48.9391883,-27.1138971,0 -48.9389522,-27.1136393,0 -48.9386411,-27.1134865,0 -48.9382552,-27.1134188,0 -48.9377703,-27.1135508,0 -48.9374224,-27.1138453,0 -48.9371942,-27.1141296,0 -48.9370174,-27.1143327,0 -48.9366637,-27.1147084,0 -48.936464,-27.1149877,0 -48.9362986,-27.1153431,0 -48.936253,-27.1155767,0 -48.9362872,-27.1158356,0 -48.9364355,-27.1162316,0 -48.9365952,-27.1166277,0 -48.9366466,-27.1169018,0 -48.9366289,-27.1170751,0 -48.9366124,-27.1172369,0 -48.9364983,-27.117572,0 -48.9363614,-27.1180087,0 -48.936156,-27.1183489,0 -48.9360857,-27.1185298,0 -48.9360444,-27.1185481,0 -48.9358993,-27.1185749,0 -48.9357465,-27.1185724,0 -48.9354917,-27.1185787,0 -48.9351577,-27.1186447,0 -48.9348783,-27.1173851,0 -48.9348412,-27.1172117,0 -48.9348235,-27.117133,0 -48.934728,-27.1166636,0 -48.9345935,-27.1160399,0 -48.9342962,-27.1146853,0 -48.9342431,-27.1144521,0 -48.9341829,-27.1142379,0 -48.9341121,-27.1140017,0 -48.9340414,-27.1137969,0 -48.9339478,-27.1135513,0 -48.9335642,-27.1126918,0 -48.9334516,-27.1124483,0 -48.9333282,-27.1122191,0 -48.933178,-27.111966,0 -48.9330063,-27.1116891,0 -48.9328676,-27.1114846,0 -48.93277,-27.1113652,0 -48.9326842,-27.1112777,0 -48.9325903,-27.1111941,0 -48.9324122,-27.111072,0 -48.9320757,-27.1108749,0 -48.9319355,-27.1107933,0 -48.9318757,-27.1107585,0 -48.9315773,-27.1105872,0 -48.9302728,-27.1098084,0 -48.9284659,-27.1087381,0 -48.9282842,-27.1086315,0 -48.9278933,-27.108418,0 -48.9276941,-27.1083166,0 -48.9274583,-27.1082117,0 -48.9272739,-27.1081384,0 -48.9270256,-27.108056,0 -48.9267531,-27.1079835,0 -48.926385,-27.1078984,0 -48.9262012,-27.1078601,0 -48.9259013,-27.1077977,0 -48.9253516,-27.1076777,0 -48.9252253,-27.107651,0 -48.9249709,-27.1075973,0 -48.9243521,-27.1074679,0 -48.9241643,-27.1074248,0 -48.9240719,-27.1073973,0 -48.9239548,-27.1073507,0 -48.9237299,-27.107252,0 -48.9235083,-27.1071533,0 -48.9230988,-27.106971,0 -48.9229788,-27.1069175,0 -48.9228433,-27.1068579,0 -48.9227458,-27.1068151,0 -48.9223692,-27.1066499,0 -48.9218856,-27.1064378,0 -48.9217837,-27.1063931,0 -48.9216925,-27.1063531,0 -48.9216038,-27.1063141,0 -48.9204563,-27.1058107,0 -48.9203195,-27.1057507,0 -48.9207935,-27.1051371,0 -48.9211586,-27.1046621,0 -48.9213967,-27.1043571,0 -48.9214556,-27.104281,0 -48.9215244,-27.1042235,0 -48.92157,-27.104202,0 -48.9216317,-27.1041901,0 -48.9219973,-27.1036794,0 -48.9230395,-27.1042186,0 -48.9229159,-27.1039509,0 -48.9226498,-27.1035628,0 -48.9223382,-27.1028328,0 -48.9232887,-27.102827,0 -48.9241443,-27.1028227,0 -48.9246861,-27.1025242,0 -48.9250992,-27.1022401,0 -48.9267103,-27.0998247,0 -48.9274127,-27.0990145,0 -48.9279607,-27.0984746,0 -48.9282511,-27.0982771,0 -48.9290175,-27.0977852,0 -48.9293926,-27.097699,0 -48.9298327,-27.0978433,0 -48.9301186,-27.098033,0 -48.9307125,-27.0982826,0 -48.9313348,-27.0985119,0 -48.9319034,-27.0988393,0 -48.9323209,-27.0992718,0 -48.9329098,-27.0995842,0 -48.9335512,-27.0999109,0 -48.9337367,-27.0999863,0 -48.9342127,-27.1000725,0 -48.9347128,-27.1003382,0 -48.9349804,-27.1005782,0 -48.935165,-27.1008423,0 -48.935221,-27.1013436,0 -48.9352452,-27.1018571,0 -48.9351686,-27.1024854,0 -48.9350678,-27.1028912,0 -48.9350516,-27.103279,0 -48.9351646,-27.1037026,0 -48.9353461,-27.1041407,0 -48.9355881,-27.1044674,0 -48.9360447,-27.1049396,0 -48.936657,-27.1054046,0 -48.9370854,-27.1056745,0 -48.9377828,-27.1060947,0 -48.9383833,-27.1064781,0 -48.9388557,-27.1067919,0 -48.9392949,-27.1070454,0 -48.9396925,-27.1072885,0 -48.9402612,-27.1075463,0 -48.9408599,-27.1078102,0 -48.9414156,-27.1081166,0 -48.9418383,-27.1083963,0 -48.9422782,-27.1087306,0 -48.9427194,-27.1092069,0 -48.9428888,-27.1094367,0 -48.9430948,-27.109767,0 -48.9432881,-27.1101117,0 -48.9435304,-27.1105999,0 -48.944033,-27.1114302,0</coordinates></LinearRing></outerBoundaryIs></Polygon></Placemark>
<Placemark><name>Rio Branco</name><styleUrl>#ba</styleUrl><Polygon><outerBoundaryIs><LinearRing><coordinates>-48.982,-27.121,0 -48.977,-27.135,0 -48.9771084,-27.1419578,0 -48.9771326,-27.1435129,0 -48.9767639,-27.1433637,0 -48.9760872,-27.1431639,0 -48.9755113,-27.1432974,0 -48.9752859,-27.1433675,0 -48.9750899,-27.1433603,0 -48.9746042,-27.143228,0 -48.9742716,-27.1431538,0 -48.9740141,-27.1431633,0 -48.9735671,-27.1432368,0 -48.9733882,-27.1434788,0 -48.9734978,-27.1440261,0 -48.9738092,-27.1443616,0 -48.9741106,-27.144729,0 -48.9740785,-27.1452159,0 -48.9738356,-27.1454535,0 -48.9735165,-27.1455199,0 -48.972909,-27.1454355,0 -48.9724048,-27.145321,0 -48.9719971,-27.14513,0 -48.9716967,-27.1449868,0 -48.9713839,-27.1447184,0 -48.971179,-27.1441275,0 -48.9711948,-27.1437627,0 -48.9713094,-27.1433903,0 -48.9713962,-27.1430201,0 -48.971289,-27.1427337,0 -48.9711173,-27.1424091,0 -48.9709456,-27.1421608,0 -48.9707847,-27.141884,0 -48.9706774,-27.1415689,0 -48.970356,-27.1412188,0 -48.9699567,-27.1410032,0 -48.9695874,-27.1408112,0 -48.9691861,-27.1405378,0 -48.9689101,-27.1403939,0 -48.9686385,-27.1401332,0 -48.9684458,-27.1397835,0 -48.9681788,-27.1394506,0 -48.9680165,-27.1391019,0 -48.9680713,-27.1388433,0 -48.9680912,-27.1385028,0 -48.9683642,-27.1378455,0 -48.9684051,-27.1376629,0 -48.9683153,-27.1374882,0 -48.9679737,-27.137368,0 -48.9675124,-27.1370624,0 -48.9671584,-27.1367569,0 -48.9668687,-27.1362509,0 -48.966659,-27.1359814,0 -48.9665767,-27.1356633,0 -48.9665892,-27.1351915,0 -48.9667946,-27.1347805,0 -48.9669545,-27.1343317,0 -48.9669057,-27.1340549,0 -48.966737,-27.1338098,0 -48.9660855,-27.1336825,0 -48.9655168,-27.1334438,0 -48.965077,-27.1333101,0 -48.9648087,-27.1331191,0 -48.9645406,-27.1328041,0 -48.9644118,-27.1324842,0 -48.9642616,-27.1320354,0 -48.9641114,-27.1315055,0 -48.9639611,-27.131009,0 -48.9639708,-27.1306802,0 -48.9640595,-27.130278,0 -48.9641007,-27.1299968,0 -48.964047,-27.1297295,0 -48.9637127,-27.1292344,0 -48.9635266,-27.1291208,0 -48.9633246,-27.1290392,0 -48.9629383,-27.1287573,0 -48.9625342,-27.1283163,0 -48.9623518,-27.1279917,0 -48.9620622,-27.1276957,0 -48.9617591,-27.1274808,0 -48.9615593,-27.1274403,0 -48.9613702,-27.1274761,0 -48.9611395,-27.1276145,0 -48.9608981,-27.1278293,0 -48.9606245,-27.1280871,0 -48.9601953,-27.128493,0 -48.9599593,-27.128746,0 -48.959637,-27.1289743,0 -48.9593169,-27.1291574,0 -48.9589243,-27.1293326,0 -48.9585297,-27.1294502,0 -48.9580358,-27.1295881,0 -48.9576741,-27.1297963,0 -48.9573584,-27.130022,0 -48.9570876,-27.1303515,0 -48.9569383,-27.130735,0 -48.9568915,-27.1312139,0 -48.9569318,-27.1315109,0 -48.9569419,-27.1316658,0 -48.9568335,-27.1318616,0 -48.9567246,-27.1319359,0 -48.9565124,-27.1319893,0 -48.9563875,-27.1320259,0 -48.9561659,-27.1320195,0 -48.9557683,-27.131879,0 -48.9556584,-27.1317958,0 -48.9553555,-27.1315884,0 -48.9551896,-27.1314715,0 -48.9550069,-27.1313973,0 -48.9546815,-27.1313393,0 -48.9545501,-27.1313536,0 -48.9544187,-27.1314108,0 -48.9543259,-27.1315101,0 -48.9542626,-27.1316095,0 -48.9542893,-27.1319822,0 -48.9543904,-27.1322872,0 -48.9546057,-27.1326569,0 -48.9547489,-27.1330266,0 -48.9549919,-27.1333483,0 -48.9550312,-27.1337711,0 -48.9546966,-27.1342149,0 -48.9534558,-27.1344634,0 -48.952953,-27.1348058,0 -48.9528258,-27.1352044,0 -48.9526854,-27.1356362,0 -48.9526686,-27.1364152,0 -48.9526746,-27.1367676,0 -48.9527527,-27.1370895,0 -48.9528517,-27.137385,0 -48.9529353,-27.1376874,0 -48.9529589,-27.1378236,0 -48.9529574,-27.1378924,0 -48.952929,-27.1379742,0 -48.9529015,-27.1380435,0 -48.9528475,-27.1380813,0 -48.952634,-27.1381724,0 -48.9524635,-27.1382059,0 -48.952277,-27.1382013,0 -48.9518129,-27.1381177,0 -48.9513757,-27.1379195,0 -48.9510556,-27.1377675,0 -48.9507738,-27.1375365,0 -48.9506228,-27.1373905,0 -48.950345,-27.1372074,0 -48.9500608,-27.1370271,0 -48.9498595,-27.1368896,0 -48.9497368,-27.1367673,0 -48.9495436,-27.1364781,0 -48.9494112,-27.1362977,0 -48.949308,-27.13612,0 -48.9492588,-27.1359524,0 -48.9492373,-27.1357601,0 -48.9491889,-27.135644,0 -48.9491264,-27.1355477,0 -48.9489281,-27.1352594,0 -48.9487347,-27.1350329,0 -48.9485343,-27.1347521,0 -48.9483917,-27.1344373,0 -48.9482577,-27.1340991,0 -48.9480869,-27.1337012,0 -48.9478918,-27.1333828,0 -48.9477292,-27.1331512,0 -48.9475446,-27.1328912,0 -48.947379,-27.1327274,0 -48.9471892,-27.1325695,0 -48.946946,-27.1323781,0 -48.946787,-27.1322193,0 -48.9466861,-27.1320311,0 -48.9466468,-27.1318835,0 -48.9466063,-27.1316402,0 -48.9465766,-27.1313699,0 -48.9465392,-27.1311584,0 -48.9465244,-27.1308812,0 -48.9464906,-27.1307298,0 -48.9464623,-27.1306378,0 -48.9464011,-27.1305339,0 -48.946295,-27.1304301,0 -48.946168,-27.1303587,0 -48.9460011,-27.1302995,0 -48.9456306,-27.130238,0 -48.9453404,-27.1301858,0 -48.9450749,-27.130132,0 -48.9447694,-27.130034,0 -48.9445205,-27.1299014,0 -48.9441772,-27.129634,0 -48.9436729,-27.1292712,0 -48.9435012,-27.1291326,0 -48.9433549,-27.1289964,0 -48.9432171,-27.1289222,0 -48.9430713,-27.1288695,0 -48.9428955,-27.1288575,0 -48.9427479,-27.1288647,0 -48.9425005,-27.1289286,0 -48.9422938,-27.1290308,0 -48.941908,-27.1292592,0 -48.9415855,-27.1293735,0 -48.9413421,-27.1293786,0 -48.9411838,-27.1293189,0 -48.940862,-27.1290134,0 -48.9406903,-27.1288797,0 -48.9403284,-27.1285855,0 -48.9400478,-27.1284026,0 -48.9395745,-27.1280681,0 -48.9392312,-27.1277911,0 -48.9389093,-27.1274569,0 -48.9386304,-27.1271418,0 -48.9382495,-27.1268275,0 -48.9378673,-27.1265127,0 -48.937622,-27.1259847,0 -48.9376049,-27.1255379,0 -48.9376049,-27.1251876,0 -48.9376814,-27.1249188,0 -48.9378004,-27.124704,0 -48.9379408,-27.124494,0 -48.9381461,-27.1242662,0 -48.9382844,-27.1240457,0 -48.9383234,-27.1238542,0 -48.9382743,-27.1236706,0 -48.938169,-27.1235324,0 -48.9378958,-27.1231721,0 -48.9376862,-27.1228067,0 -48.9374281,-27.1223496,0 -48.9372249,-27.1219377,0 -48.9369352,-27.1215749,0 -48.9365952,-27.1210956,0 -48.9363386,-27.1207046,0 -48.936099,-27.1201969,0 -48.9359564,-27.1198415,0 -48.9359278,-27.119542,0 -48.9359621,-27.1192171,0 -48.9359963,-27.1187601,0 -48.9360857,-27.1185298,0 -48.936156,-27.1183489,0 -48.9363614,-27.1180087,0 -48.9364983,-27.117572,0 -48.9366124,-27.1172369,0 -48.9366289,-27.1170751,0 -48.9366466,-27.1169018,0 -48.9365952,-27.1166277,0 -48.9364355,-27.1162316,0 -48.9362872,-27.1158356,0 -48.936253,-27.1155767,0 -48.9362986,-27.1153431,0 -48.936464,-27.1149877,0 -48.9366637,-27.1147084,0 -48.9370174,-27.1143327,0 -48.9371942,-27.1141296,0 -48.9374224,-27.1138453,0 -48.9377703,-27.1135508,0 -48.9382552,-27.1134188,0 -48.9386411,-27.1134865,0 -48.9389522,-27.1136393,0 -48.9391883,-27.1138971,0 -48.9393961,-27.1142007,0 -48.9395273,-27.1144241,0 -48.9397548,-27.1148082,0 -48.9400251,-27.1151672,0 -48.940307,-27.1153977,0 -48.9405946,-27.1155147,0 -48.9408021,-27.1155439,0 -48.9410496,-27.1155504,0 -48.9412601,-27.1155076,0 -48.9418642,-27.115203,0 -48.9424487,-27.1147307,0 -48.9429726,-27.1143218,0 -48.943248,-27.1140469,0 -48.9435697,-27.1136689,0 -48.9437564,-27.11337,0 -48.9439765,-27.1129516,0 -48.9441078,-27.1125048,0 -48.9441557,-27.112159,0 -48.9441202,-27.1116921,0 -48.944033,-27.1114302,0 -48.9444,-27.1114918,0 -48.9445942,-27.1117093,0 -48.9449777,-27.1119201,0 -48.9451453,-27.1120322,0 -48.945228,-27.1123145,0 -48.9455421,-27.1126195,0 -48.9460281,-27.1134996,0 -48.9462358,-27.1138827,0 -48.9462776,-27.1139446,0 -48.9463566,-27.1140175,0 -48.9464397,-27.114075,0 -48.9466339,-27.114086,0 -48.9469606,-27.1140307,0 -48.9471268,-27.1140699,0 -48.9472028,-27.1141568,0 -48.9473026,-27.1142371,0 -48.9475222,-27.1143546,0 -48.947596,-27.1143841,0 -48.9476732,-27.1143587,0 -48.9476987,-27.1143071,0 -48.9480459,-27.1140443,0 -48.948205,-27.1140535,0 -48.9483277,-27.1140773,0 -48.9484315,-27.1140812,0 -48.9488403,-27.1139684,0 -48.949085,-27.1138653,0 -48.949185,-27.1137803,0 -48.9493186,-27.1136234,0 -48.9493617,-27.113603,0 -48.9496129,-27.1136389,0 -48.9498259,-27.1135422,0 -48.9499765,-27.1135021,0 -48.9501468,-27.1133028,0 -48.9503329,-27.1131679,0 -48.9503871,-27.1130915,0 -48.9506701,-27.1129601,0 -48.9508192,-27.1128278,0 -48.9509049,-27.112708,0 -48.9512871,-27.1123006,0 -48.951498,-27.1122115,0 -48.9517687,-27.1118851,0 -48.951926,-27.1117725,0 -48.952136,-27.1116745,0 -48.9523014,-27.1115122,0 -48.9524198,-27.1113614,0 -48.9525113,-27.1109915,0 -48.9524483,-27.1108356,0 -48.9525024,-27.1106261,0 -48.9526423,-27.1103235,0 -48.952821,-27.110133,0 -48.9530487,-27.110066,0 -48.9531928,-27.1099264,0 -48.9532707,-27.1098846,0 -48.9533496,-27.1097701,0 -48.9534031,-27.1096541,0 -48.9534762,-27.1095568,0 -48.9536178,-27.1094398,0 -48.9540533,-27.1091726,0 -48.9543263,-27.1091332,0 -48.9545072,-27.1090845,0 -48.9548498,-27.1091405,0 -48.9551732,-27.1091249,0 -48.9554027,-27.1090706,0 -48.9556946,-27.1090503,0 -48.9558787,-27.1089658,0 -48.9559181,-27.1089219,0 -48.955943,-27.1088311,0 -48.9562966,-27.1083043,0 -48.956573,-27.1080488,0 -48.956632,-27.1079942,0 -48.9571211,-27.1097655,0 -48.9581343,-27.1109592,0 -48.9611609,-27.111819,0 -48.9657799,-27.1128361,0 -48.9691994,-27.1160131,0 -48.971,-27.117,0 -48.982,-27.121,0</coordinates></LinearRing></outerBoundaryIs></Polygon></Placemark>
<Placemark><name>Souza Cruz</name><styleUrl>#ba</styleUrl><Polygon><outerBoundaryIs><LinearRing><coordinates>-48.9491889,-27.135644,0 -48.9491264,-27.1355477,0 -48.9489281,-27.1352594,0 -48.9487347,-27.1350329,0 -48.9485343,-27.1347521,0 -48.9483917,-27.1344373,0 -48.9482577,-27.1340991,0 -48.9480869,-27.1337012,0 -48.9478918,-27.1333828,0 -48.9477292,-27.1331512,0 -48.9475446,-27.1328912,0 -48.947379,-27.1327274,0 -48.9471892,-27.1325695,0 -48.946946,-27.1323781,0 -48.946787,-27.1322193,0 -48.9466861,-27.1320311,0 -48.9466468,-27.1318835,0 -48.9466063,-27.1316402,0 -48.9465766,-27.1313699,0 -48.9465392,-27.1311584,0 -48.9465244,-27.1308812,0 -48.9464906,-27.1307298,0 -48.9464623,-27.1306378,0 -48.9464011,-27.1305339,0 -48.946295,-27.1304301,0 -48.946168,-27.1303587,0 -48.9460011,-27.1302995,0 -48.9456306,-27.130238,0 -48.9453404,-27.1301858,0 -48.9450749,-27.130132,0 -48.9447694,-27.130034,0 -48.9445205,-27.1299014,0 -48.9441772,-27.129634,0 -48.9436729,-27.1292712,0 -48.9435012,-27.1291326,0 -48.9433549,-27.1289964,0 -48.9432171,-27.1289222,0 -48.9430713,-27.1288695,0 -48.9428955,-27.1288575,0 -48.9427479,-27.1288647,0 -48.9425005,-27.1289286,0 -48.9422938,-27.1290308,0 -48.941908,-27.1292592,0 -48.9415855,-27.1293735,0 -48.9413421,-27.1293786,0 -48.9411838,-27.1293189,0 -48.940862,-27.1290134,0 -48.9406903,-27.1288797,0 -48.9403284,-27.1285855,0 -48.9400478,-27.1284026,0 -48.9395745,-27.1280681,0 -48.9392312,-27.1277911,0 -48.9389093,-27.1274569,0 -48.9386304,-27.1271418,0 -48.9382495,-27.1268275,0 -48.9378673,-27.1265127,0 -48.937622,-27.1259847,0 -48.9376049,-27.1255379,0 -48.9376049,-27.1251876,0 -48.9376814,-27.1249188,0 -48.9378004,-27.124704,0 -48.9379408,-27.124494,0 -48.9381461,-27.1242662,0 -48.9382844,-27.1240457,0 -48.9383234,-27.1238542,0 -48.9382743,-27.1236706,0 -48.938169,-27.1235324,0 -48.9378958,-27.1231721,0 -48.9376862,-27.1228067,0 -48.9374281,-27.1223496,0 -48.9372249,-27.1219377,0 -48.9369352,-27.1215749,0 -48.9365952,-27.1210956,0 -48.9363386,-27.1207046,0 -48.936099,-27.1201969,0 -48.9359564,-27.1198415,0 -48.9359278,-27.119542,0 -48.9359621,-27.1192171,0 -48.9359963,-27.1187601,0 -48.9360857,-27.1185298,0 -48.9360444,-27.1185481,0 -48.9358993,-27.1185749,0 -48.9357465,-27.1185724,0 -48.9354917,-27.1185787,0 -48.9351577,-27.1186447,0 -48.9348783,-27.1173851,0 -48.9348412,-27.1172117,0 -48.9348235,-27.117133,0 -48.934728,-27.1166636,0 -48.9345935,-27.1160399,0 -48.9342962,-27.1146853,0 -48.9342431,-27.1144521,0 -48.9341829,-27.1142379,0 -48.9341121,-27.1140017,0 -48.9340414,-27.1137969,0 -48.9339478,-27.1135513,0 -48.9335642,-27.1126918,0 -48.9334516,-27.1124483,0 -48.9333282,-27.1122191,0 -48.933178,-27.111966,0 -48.9330063,-27.1116891,0 -48.9328676,-27.1114846,0 -48.93277,-27.1113652,0 -48.9326842,-27.1112777,0 -48.9325903,-27.1111941,0 -48.9324122,-27.111072,0 -48.9320757,-27.1108749,0 -48.9319355,-27.1107933,0 -48.9318757,-27.1107585,0 -48.9315773,-27.1105872,0 -48.9302728,-27.1098084,0 -48.9284659,-27.1087381,0 -48.9282842,-27.1086315,0 -48.9278933,-27.108418,0 -48.9276941,-27.1083166,0 -48.9274583,-27.1082117,0 -48.9272739,-27.1081384,0 -48.9270256,-27.108056,0 -48.9267531,-27.1079835,0 -48.926385,-27.1078984,0 -48.9262012,-27.1078601,0 -48.9259013,-27.1077977,0 -48.9253516,-27.1076777,0 -48.9252253,-27.107651,0 -48.9249709,-27.1075973,0 -48.9243521,-27.1074679,0 -48.9241643,-27.1074248,0 -48.9240719,-27.1073973,0 -48.9239548,-27.1073507,0 -48.9237299,-27.107252,0 -48.9235083,-27.1071533,0 -48.9230988,-27.106971,0 -48.9229788,-27.1069175,0 -48.9228433,-27.1068579,0 -48.9227458,-27.1068151,0 -48.9223692,-27.1066499,0 -48.9218856,-27.1064378,0 -48.9217837,-27.1063931,0 -48.9217289,-27.1064691,0 -48.9212881,-27.1072629,0 -48.9214824,-27.1072337,0 -48.9215394,-27.107241,0 -48.9215719,-27.1072699,0 -48.9215922,-27.107317,0 -48.921664,-27.1075773,0 -48.9222124,-27.107499,0 -48.9222229,-27.1075055,0 -48.9221921,-27.1075557,0 -48.9221748,-27.1076336,0 -48.9221713,-27.107725,0 -48.9221837,-27.1078305,0 -48.9221943,-27.1081046,0 -48.922235,-27.1084086,0 -48.9222208,-27.1085519,0 -48.9222314,-27.1087693,0 -48.9222562,-27.1088308,0 -48.9223075,-27.1090308,0 -48.9224064,-27.1095557,0 -48.9226145,-27.1099937,0 -48.9226374,-27.110031,0 -48.922984,-27.1099301,0 -48.92304,-27.1102194,0 -48.9230583,-27.1102385,0 -48.923067,-27.1104096,0 -48.9231626,-27.1104965,0 -48.9233252,-27.1109163,0 -48.9233313,-27.1111225,0 -48.9233455,-27.1113197,0 -48.9233599,-27.1114182,0 -48.9233752,-27.1115206,0 -48.9234051,-27.1115534,0 -48.9234975,-27.1115864,0 -48.9235961,-27.1115809,0 -48.9239628,-27.1114959,0 -48.9241415,-27.1114328,0 -48.9244342,-27.1112737,0 -48.9245759,-27.1112326,0 -48.924693,-27.1112435,0 -48.9248101,-27.1112929,0 -48.924921,-27.1113642,0 -48.9251582,-27.1116001,0 -48.9253338,-27.111729,0 -48.925414,-27.111803,0 -48.9254817,-27.1118606,0 -48.925568,-27.1118661,0 -48.9257683,-27.111888,0 -48.9260363,-27.1119566,0 -48.9260292,-27.1121263,0 -48.9262538,-27.1121344,0 -48.9263517,-27.1121391,0 -48.9264804,-27.1121427,0 -48.9266628,-27.11212,0 -48.9268345,-27.1120926,0 -48.9269914,-27.1120902,0 -48.9270675,-27.1120896,0 -48.9270691,-27.1125737,0 -48.9271436,-27.1125981,0 -48.9271966,-27.1126417,0 -48.9272368,-27.1126954,0 -48.9272583,-27.1127575,0 -48.9272917,-27.1128798,0 -48.9273993,-27.1135052,0 -48.9274117,-27.1135763,0 -48.9274262,-27.1136556,0 -48.926519,-27.1141657,0 -48.9264072,-27.1145746,0 -48.9263767,-27.114656,0 -48.9263259,-27.114761,0 -48.9262283,-27.1148659,0 -48.9258502,-27.1151536,0 -48.9255291,-27.1152893,0 -48.925342,-27.1153508,0 -48.9252363,-27.1153689,0 -48.9251347,-27.1154033,0 -48.9250168,-27.1154666,0 -48.9249818,-27.115503,0 -48.9249571,-27.1165111,0 -48.9249323,-27.116971,0 -48.9249571,-27.1170938,0 -48.9253535,-27.1171789,0 -48.9269736,-27.1171755,0 -48.9269179,-27.1176072,0 -48.9268641,-27.1180242,0 -48.9268428,-27.1180841,0 -48.9267968,-27.1181471,0 -48.9267261,-27.1182164,0 -48.926839,-27.1182035,0 -48.9269428,-27.1181977,0 -48.9269901,-27.118196,0 -48.9271159,-27.1186332,0 -48.9262535,-27.1187214,0 -48.9254882,-27.1190817,0 -48.9243203,-27.1200192,0 -48.9239881,-27.1205421,0 -48.9237019,-27.1214012,0 -48.9236947,-27.1221839,0 -48.9248376,-27.1225943,0 -48.924882,-27.1233062,0 -48.9255716,-27.1245171,0 -48.92557,-27.1252352,0 -48.9254811,-27.1261927,0 -48.9253426,-27.1265097,0 -48.9245212,-27.1272858,0 -48.9240723,-27.1273367,0 -48.9237974,-27.1279687,0 -48.9237942,-27.1285653,0 -48.9240663,-27.1287038,0 -48.9242039,-27.1289696,0 -48.9241975,-27.1294315,0 -48.9240206,-27.1297955,0 -48.923386,-27.130793,0 -48.923158,-27.1308421,0 -48.9231975,-27.1312083,0 -48.9230677,-27.1313456,0 -48.922748,-27.1314318,0 -48.9227456,-27.1317952,0 -48.922241,-27.1323926,0 -48.9219699,-27.1323918,0 -48.9215671,-27.1329307,0 -48.9215172,-27.1332536,0 -48.9212891,-27.1335751,0 -48.9211138,-27.1336199,0 -48.9211027,-27.1344437,0 -48.9211396,-27.1344866,0 -48.9215562,-27.1344861,0 -48.9217449,-27.1351237,0 -48.9221632,-27.1355366,0 -48.9229681,-27.1355373,0 -48.9231158,-27.13507,0 -48.9247017,-27.1337631,0 -48.9256167,-27.1337596,0 -48.9261617,-27.1339408,0 -48.9265283,-27.1338921,0 -48.9269371,-27.1336629,0 -48.9269366,-27.1334846,0 -48.927302,-27.1332123,0 -48.9276749,-27.1333943,0 -48.9278568,-27.1334316,0 -48.9279579,-27.1336805,0 -48.9279655,-27.1338027,0 -48.9281545,-27.1342245,0 -48.9282014,-27.1344352,0 -48.9282374,-27.1345024,0 -48.9283218,-27.1345652,0 -48.9283774,-27.1346753,0 -48.9284776,-27.1347498,0 -48.9285857,-27.1347616,0 -48.9286641,-27.1347847,0 -48.9290666,-27.1350837,0 -48.929123,-27.1351521,0 -48.9291805,-27.1352485,0 -48.9293476,-27.1353096,0 -48.929464,-27.1353986,0 -48.9294713,-27.1354472,0 -48.9295318,-27.1355552,0 -48.9295597,-27.1356261,0 -48.9295812,-27.1356537,0 -48.9300346,-27.13579,0 -48.9300894,-27.1358339,0 -48.930207,-27.1359789,0 -48.9301203,-27.1360529,0 -48.9300734,-27.1363268,0 -48.9300348,-27.1365417,0 -48.9300008,-27.1366646,0 -48.9299951,-27.1367564,0 -48.9302259,-27.1374495,0 -48.9302866,-27.1376625,0 -48.930258,-27.1379473,0 -48.9302077,-27.1381822,0 -48.930194,-27.1382951,0 -48.9302387,-27.1383901,0 -48.93034,-27.1384915,0 -48.9307235,-27.1391968,0 -48.9308452,-27.1394814,0 -48.930896,-27.1396967,0 -48.9309101,-27.1397721,0 -48.9309074,-27.1399675,0 -48.9308762,-27.1400557,0 -48.9307778,-27.1402825,0 -48.9306198,-27.1407706,0 -48.9306274,-27.140837,0 -48.9306798,-27.1408783,0 -48.930869,-27.1410675,0 -48.9309195,-27.141136,0 -48.9309315,-27.1412308,0 -48.9309014,-27.1413585,0 -48.9306398,-27.1421908,0 -48.9307182,-27.1424157,0 -48.9308144,-27.142502,0 -48.9305623,-27.1427587,0 -48.9302847,-27.1429775,0 -48.9299448,-27.1433405,0 -48.9295379,-27.1444199,0 -48.9297612,-27.1444213,0 -48.9301278,-27.1445582,0 -48.9309005,-27.1445568,0 -48.9317257,-27.145197,0 -48.9329058,-27.1453283,0 -48.9330867,-27.1455999,0 -48.9331803,-27.1459641,0 -48.9334126,-27.1460148,0 -48.9338964,-27.1465995,0 -48.9355132,-27.1472502,0 -48.9368387,-27.1474287,0 -48.9371088,-27.1473801,0 -48.9373306,-27.1471931,0 -48.9373248,-27.1468677,0 -48.9372334,-27.1467981,0 -48.9372386,-27.1464277,0 -48.9372367,-27.1461974,0 -48.937327,-27.1460595,0 -48.9373285,-27.1456498,0 -48.9375042,-27.1450667,0 -48.9375552,-27.1446872,0 -48.9374616,-27.1443715,0 -48.9374644,-27.1439738,0 -48.9377371,-27.1440124,0 -48.9379696,-27.143786,0 -48.938504,-27.1437801,0 -48.9387334,-27.1439625,0 -48.9399211,-27.1439663,0 -48.9400123,-27.1448756,0 -48.9404684,-27.1451065,0 -48.940785,-27.1451036,0 -48.9413918,-27.1447828,0 -48.9417464,-27.1448343,0 -48.9422886,-27.1453315,0 -48.9423394,-27.1456492,0 -48.9425213,-27.1456484,0 -48.9426174,-27.145514,0 -48.9428836,-27.145517,0 -48.9430145,-27.145698,0 -48.9438803,-27.1457882,0 -48.9439406,-27.1455586,0 -48.9446206,-27.1453768,0 -48.9447055,-27.1452019,0 -48.9454395,-27.145058,0 -48.9458476,-27.1450624,0 -48.9460732,-27.1451933,0 -48.9459434,-27.1447423,0 -48.9455272,-27.144235,0 -48.9451683,-27.1420946,0 -48.9453009,-27.1415002,0 -48.9449853,-27.1411015,0 -48.9449889,-27.1403591,0 -48.9451628,-27.1401885,0 -48.9450326,-27.1394606,0 -48.9448015,-27.139226,0 -48.9445757,-27.13918,0 -48.9444791,-27.1390451,0 -48.9450724,-27.1384528,0 -48.9455327,-27.1383595,0 -48.9456658,-27.1382232,0 -48.9465298,-27.1382263,0 -48.9469397,-27.1377136,0 -48.9469411,-27.1375045,0 -48.9466682,-27.1374548,0 -48.9466659,-27.137128,0 -48.94639,-27.1370351,0 -48.9463938,-27.1364021,0 -48.946737,-27.1362429,0 -48.9469227,-27.1362403,0 -48.9470922,-27.1362536,0 -48.9473419,-27.1362322,0 -48.9475536,-27.1362283,0 -48.9476431,-27.1362406,0 -48.9478743,-27.136297,0 -48.9480936,-27.1362866,0 -48.9481225,-27.1363075,0 -48.9482332,-27.1363282,0 -48.9483142,-27.1363578,0 -48.9483811,-27.1363744,0 -48.9484564,-27.1363764,0 -48.9486195,-27.136334,0 -48.9487309,-27.1363338,0 -48.9487992,-27.1363022,0 -48.9488335,-27.1362656,0 -48.9488755,-27.1362059,0 -48.9489074,-27.1361249,0 -48.9489101,-27.1359116,0 -48.9489208,-27.1358461,0 -48.9489845,-27.1357576,0 -48.9489985,-27.1356862,0 -48.9490055,-27.1356663,0 -48.9490365,-27.1356558,0 -48.9491889,-27.135644,0</coordinates></LinearRing></outerBoundaryIs></Polygon></Placemark>
<Placemark><name>Limoeiro</name><styleUrl>#ba</styleUrl><Polygon><outerBoundaryIs><LinearRing><coordinates>-48.8834311,-27.0586863,0 -48.8834525,-27.0582755,0 -48.8834311,-27.0575589,0 -48.8831387,-27.0571036,0 -48.8828732,-27.0566894,0 -48.8827015,-27.056355,0 -48.882444,-27.0558008,0 -48.8822911,-27.0554889,0 -48.88198,-27.0549251,0 -48.8815642,-27.0543867,0 -48.8812853,-27.0539185,0 -48.8811244,-27.0533357,0 -48.8810358,-27.0526702,0 -48.8811458,-27.0523611,0 -48.8812316,-27.0516253,0 -48.8813282,-27.0511858,0 -48.8814757,-27.0506732,0 -48.8816178,-27.0503736,0 -48.8819423,-27.0498003,0 -48.8824412,-27.0494491,0 -48.8827658,-27.0491935,0 -48.8835087,-27.0485748,0 -48.8836375,-27.0483694,0 -48.8836992,-27.0480301,0 -48.8836643,-27.0478558,0 -48.8834938,-27.0476979,0 -48.8833344,-27.0474927,0 -48.8833183,-27.047163,0 -48.883313,-27.0464846,0 -48.8831494,-27.0460962,0 -48.8827551,-27.0457775,0 -48.8823045,-27.0454239,0 -48.881465,-27.045045,0 -48.880824,-27.0451181,0 -48.8801588,-27.0451564,0 -48.8795231,-27.0451215,0 -48.8791073,-27.0449939,0 -48.878528,-27.0446212,0 -48.878013,-27.0442772,0 -48.8774417,-27.0440513,0 -48.8769535,-27.0440336,0 -48.8765591,-27.0440936,0 -48.8762508,-27.0441946,0 -48.8757941,-27.044303,0 -48.8752986,-27.0444206,0 -48.8746334,-27.0443728,0 -48.8740406,-27.044185,0 -48.8736115,-27.043927,0 -48.8731206,-27.0434746,0 -48.8727988,-27.0430732,0 -48.8724769,-27.0426145,0 -48.8721551,-27.042089,0 -48.8718546,-27.0417258,0 -48.8715757,-27.0413149,0 -48.8713504,-27.0408945,0 -48.8710285,-27.0405505,0 -48.8705779,-27.0401682,0 -48.870138,-27.0396522,0 -48.8697062,-27.0391968,0 -48.8693548,-27.0384863,0 -48.8688864,-27.0379878,0 -48.8686809,-27.0376052,0 -48.8678286,-27.0370085,0 -48.8674022,-27.0366611,0 -48.8670481,-27.0362788,0 -48.8666726,-27.0357246,0 -48.8662971,-27.0352085,0 -48.8659538,-27.0348263,0 -48.8654924,-27.0343962,0 -48.8649667,-27.0340426,0 -48.8646836,-27.0338535,0 -48.8645612,-27.0337902,0 -48.8641287,-27.0335661,0 -48.8637092,-27.0334486,0 -48.8637543,-27.033597,0 -48.8637567,-27.0337141,0 -48.8638165,-27.0338548,0 -48.8638261,-27.0339357,0 -48.8637567,-27.0340167,0 -48.8635941,-27.0340401,0 -48.8634529,-27.0340465,0 -48.8632066,-27.0341552,0 -48.8630385,-27.0342627,0 -48.8629668,-27.0344054,0 -48.8628822,-27.034611,0 -48.8627419,-27.034855,0 -48.8627371,-27.0350617,0 -48.8627656,-27.0353232,0 -48.8629246,-27.0356727,0 -48.8628772,-27.0357481,0 -48.8628772,-27.0358776,0 -48.8628738,-27.0361397,0 -48.8629753,-27.0363718,0 -48.8630607,-27.0365863,0 -48.8630956,-27.0367439,0 -48.8631763,-27.0376933,0 -48.8638035,-27.0378484,0 -48.8641583,-27.0379895,0 -48.8641013,-27.0380629,0 -48.8640189,-27.0381555,0 -48.8640126,-27.0382147,0 -48.8640395,-27.0383445,0 -48.8641298,-27.0383817,0 -48.8641393,-27.0384212,0 -48.8641067,-27.0386574,0 -48.8640999,-27.0387925,0 -48.8641234,-27.0389743,0 -48.8639784,-27.0391203,0 -48.864138,-27.0392305,0 -48.8644546,-27.039463,0 -48.8645907,-27.0395629,0 -48.8648612,-27.0397614,0 -48.8658391,-27.0404787,0 -48.866257,-27.0407914,0 -48.8663734,-27.0408705,0 -48.8679465,-27.0420094,0 -48.8687311,-27.0425739,0 -48.8688196,-27.0426372,0 -48.8689779,-27.0427602,0 -48.869081,-27.0428401,0 -48.8692676,-27.0430003,0 -48.869344,-27.043066,0 -48.8693936,-27.0431197,0 -48.8695117,-27.0432583,0 -48.8695854,-27.0433646,0 -48.8696444,-27.0434686,0 -48.8697436,-27.0436489,0 -48.8701018,-27.0443233,0 -48.870671,-27.0452937,0 -48.8707604,-27.045482,0 -48.8708661,-27.0457608,0 -48.8709271,-27.0460396,0 -48.8709596,-27.0463003,0 -48.8709677,-27.0465248,0 -48.8709271,-27.0468108,0 -48.8708295,-27.0471621,0 -48.8706872,-27.0476545,0 -48.8704962,-27.0483171,0 -48.8703986,-27.0488132,0 -48.870362,-27.0491209,0 -48.8703783,-27.0495808,0 -48.870427,-27.0498777,0 -48.8705775,-27.0503628,0 -48.8707401,-27.050714,0 -48.8709352,-27.0510182,0 -48.8722184,-27.0529428,0 -48.8726991,-27.0535657,0 -48.8735988,-27.0548402,0 -48.8738176,-27.0551749,0 -48.8743502,-27.0559919,0 -48.8746368,-27.0564227,0 -48.8748848,-27.0568427,0 -48.8751665,-27.0573707,0 -48.8770591,-27.0613274,0 -48.8772324,-27.0612881,0 -48.8775772,-27.061146,0 -48.8781413,-27.0609772,0 -48.8785142,-27.0609049,0 -48.8785681,-27.0607972,0 -48.8784483,-27.0605371,0 -48.8782985,-27.0603904,0 -48.8782658,-27.0602784,0 -48.8783108,-27.060207,0 -48.8785073,-27.0600706,0 -48.8786152,-27.0599027,0 -48.8786273,-27.0597517,0 -48.8787158,-27.059571,0 -48.878816,-27.0595272,0 -48.8790867,-27.0594877,0 -48.8792527,-27.0594162,0 -48.8793584,-27.0593415,0 -48.8794986,-27.0592159,0 -48.8795804,-27.0590666,0 -48.8797662,-27.05869,0 -48.8801256,-27.0586367,0 -48.8808894,-27.0588434,0 -48.8812638,-27.0590368,0 -48.8814381,-27.0590159,0 -48.8815373,-27.059047,0 -48.8816446,-27.0591353,0 -48.8817063,-27.0592524,0 -48.8816361,-27.0593277,0 -48.8817519,-27.0595701,0 -48.8819227,-27.0596702,0 -48.8822821,-27.0595635,0 -48.8827096,-27.0593924,0 -48.882862,-27.0593564,0 -48.8832588,-27.0592627,0 -48.8834372,-27.0591312,0 -48.8834311,-27.0586863,0</coordinates></LinearRing></outerBoundaryIs></Polygon></Placemark>
<Placemark><name>Bateas</name><styleUrl>#ba</styleUrl><Polygon><outerBoundaryIs><LinearRing><coordinates>-48.9219239,-27.0599792,0 -48.9219252,-27.059585,0 -48.9216137,-27.059224,0 -48.9216054,-27.0583045,0 -48.9219468,-27.0579485,0 -48.9218219,-27.0577557,0 -48.9214804,-27.0576519,0 -48.9208726,-27.0572885,0 -48.9205062,-27.0568733,0 -48.918974,-27.056851,0 -48.9185077,-27.0562058,0 -48.9181357,-27.056312,0 -48.9177616,-27.0563729,0 -48.9174608,-27.0564487,0 -48.9172669,-27.0565213,0 -48.915917,-27.055886,0 -48.9156423,-27.055404,0 -48.9155923,-27.0548367,0 -48.9148843,-27.0547176,0 -48.9141944,-27.0545228,0 -48.9138356,-27.0543647,0 -48.913542,-27.0541484,0 -48.9132738,-27.0538966,0 -48.9137976,-27.0521044,0 -48.9139239,-27.0520016,0 -48.9139679,-27.0518353,0 -48.9140778,-27.0512824,0 -48.9142206,-27.0508763,0 -48.9143744,-27.0507002,0 -48.9145447,-27.0505876,0 -48.9126219,-27.0498782,0 -48.9124351,-27.0498635,0 -48.9123692,-27.049795,0 -48.9121,-27.0493791,0 -48.9117704,-27.0490758,0 -48.9116166,-27.048973,0 -48.9114133,-27.0489339,0 -48.9114463,-27.0480336,0 -48.9115891,-27.0479259,0 -48.9117155,-27.0478183,0 -48.9118363,-27.0477449,0 -48.9119462,-27.047647,0 -48.9119901,-27.0475002,0 -48.9119682,-27.0474073,0 -48.9119132,-27.0472752,0 -48.9110397,-27.0471871,0 -48.9110342,-27.046644,0 -48.9107266,-27.046096,0 -48.9100893,-27.0453718,0 -48.9099904,-27.0451076,0 -48.9099904,-27.0445791,0 -48.9104794,-27.0438305,0 -48.9104409,-27.0432874,0 -48.9105233,-27.042984,0 -48.9107156,-27.0428617,0 -48.9102981,-27.0428568,0 -48.9098366,-27.0426855,0 -48.9092982,-27.0426708,0 -48.9091663,-27.0428078,0 -48.9088532,-27.0428078,0 -48.9087378,-27.0428617,0 -48.9084577,-27.0431406,0 -48.9079357,-27.0433461,0 -48.9076281,-27.0433461,0 -48.9074303,-27.0437131,0 -48.9064854,-27.0437277,0 -48.9062107,-27.043488,0 -48.9053921,-27.0435369,0 -48.9047219,-27.0429497,0 -48.9035188,-27.0426708,0 -48.9019256,-27.0439382,0 -48.9012773,-27.0435369,0 -48.9002884,-27.0433559,0 -48.898904,-27.0435271,0 -48.8987996,-27.0435125,0 -48.8979206,-27.0430085,0 -48.8959099,-27.0421962,0 -48.8959484,-27.0415846,0 -48.8963549,-27.0411246,0 -48.896278,-27.0403906,0 -48.8968274,-27.0397007,0 -48.8968328,-27.0392505,0 -48.8970856,-27.0389716,0 -48.8967834,-27.0376993,0 -48.8965417,-27.0375134,0 -48.8964428,-27.0369751,0 -48.8961022,-27.0366717,0 -48.8952781,-27.036706,0 -48.8938497,-27.0372442,0 -48.8911303,-27.0372442,0 -48.8910314,-27.0381055,0 -48.8906139,-27.0384235,0 -48.8898942,-27.0384382,0 -48.8896635,-27.0384823,0 -48.8894327,-27.0387563,0 -48.8889328,-27.0382425,0 -48.8885812,-27.0376161,0 -48.8886087,-27.0370632,0 -48.8880758,-27.0364809,0 -48.8880758,-27.0358741,0 -48.8882021,-27.0357713,0 -48.8882076,-27.0351156,0 -48.8878387,-27.0346024,0 -48.8839577,-27.0345685,0 -48.8837973,-27.0348971,0 -48.8815424,-27.0353314,0 -48.8800095,-27.0354739,0 -48.8801651,-27.0379071,0 -48.8801507,-27.0380801,0 -48.8801198,-27.0382335,0 -48.8800432,-27.0384796,0 -48.8800049,-27.0387039,0 -48.8799476,-27.0388941,0 -48.8798604,-27.0390286,0 -48.879688,-27.0391766,0 -48.8796307,-27.0391959,0 -48.8795763,-27.0392184,0 -48.8795307,-27.0392315,0 -48.8794842,-27.0392348,0 -48.879434,-27.0392307,0 -48.8793965,-27.0392202,0 -48.879357,-27.0392181,0 -48.8793182,-27.0392267,0 -48.8792308,-27.0392373,0 -48.8792026,-27.0392464,0 -48.8791541,-27.039277,0 -48.8791202,-27.0393044,0 -48.8790868,-27.0393456,0 -48.8790714,-27.0393714,0 -48.8790469,-27.039436,0 -48.8790405,-27.0394747,0 -48.8790931,-27.0396329,0 -48.8791049,-27.0396587,0 -48.8791221,-27.0396749,0 -48.879142,-27.0396951,0 -48.8791502,-27.0397136,0 -48.8791393,-27.0397419,0 -48.8791013,-27.0397951,0 -48.8790605,-27.0398484,0 -48.8790143,-27.0399259,0 -48.8789409,-27.040076,0 -48.8789297,-27.0400977,0 -48.8788584,-27.0402721,0 -48.8787398,-27.0405685,0 -48.8786586,-27.040655,0 -48.8785277,-27.0407744,0 -48.8784046,-27.0409402,0 -48.8783462,-27.0409992,0 -48.8782484,-27.0411651,0 -48.87822,-27.0412339,0 -48.8781916,-27.041359,0 -48.8781759,-27.041484,0 -48.8781396,-27.0416456,0 -48.8780276,-27.0418508,0 -48.8779424,-27.0419688,0 -48.8778871,-27.0420588,0 -48.8778698,-27.0421122,0 -48.8778714,-27.0421656,0 -48.8778903,-27.0422175,0 -48.8779408,-27.0422695,0 -48.878108,-27.042396,0 -48.8786728,-27.042708,0 -48.8787265,-27.0427276,0 -48.8787848,-27.0427318,0 -48.8788227,-27.0427361,0 -48.8788558,-27.0427571,0 -48.8788969,-27.0427993,0 -48.8789489,-27.0428429,0 -48.878971,-27.0428681,0 -48.8789789,-27.0428906,0 -48.8789663,-27.04293,0 -48.8789205,-27.0430578,0 -48.8788937,-27.0430986,0 -48.8788495,-27.043093,0 -48.8788211,-27.0430705,0 -48.8787848,-27.043055,0 -48.8787486,-27.0430508,0 -48.8786965,-27.0430578,0 -48.8786744,-27.0430775,0 -48.8786602,-27.043107,0 -48.8786539,-27.0431506,0 -48.8786365,-27.0431998,0 -48.8786176,-27.0432363,0 -48.8785939,-27.0432489,0 -48.8785118,-27.043241,0 -48.8784017,-27.0432841,0 -48.8781935,-27.0433731,0 -48.8780603,-27.0434176,0 -48.8779625,-27.0434454,0 -48.8779208,-27.043438,0 -48.8778688,-27.0434324,0 -48.8778043,-27.0434417,0 -48.877746,-27.0434602,0 -48.877696,-27.0434584,0 -48.8776336,-27.0434677,0 -48.8775857,-27.0434955,0 -48.8775482,-27.0435233,0 -48.8774774,-27.043527,0 -48.8774337,-27.0435363,0 -48.8773775,-27.04354,0 -48.8773046,-27.0435307,0 -48.877213,-27.0435196,0 -48.8771339,-27.0435288,0 -48.8770278,-27.0435474,0 -48.8769424,-27.0435381,0 -48.8768737,-27.0435325,0 -48.8768196,-27.0435325,0 -48.8767967,-27.0435511,0 -48.8767717,-27.0435641,0 -48.8767072,-27.0435789,0 -48.8766468,-27.043603,0 -48.8765802,-27.0436419,0 -48.8765136,-27.0436883,0 -48.8764615,-27.0437068,0 -48.8764053,-27.0437402,0 -48.876345,-27.0437977,0 -48.8762992,-27.0438366,0 -48.8762429,-27.0438681,0 -48.8761867,-27.0438848,0 -48.8761451,-27.0438922,0 -48.8761035,-27.0439071,0 -48.8760598,-27.0439349,0 -48.8760389,-27.0439534,0 -48.8760348,-27.0439868,0 -48.8760355,-27.0440144,0 -48.8760285,-27.0440443,0 -48.8760098,-27.0440591,0 -48.8759827,-27.0440814,0 -48.8759328,-27.0441073,0 -48.8757941,-27.044303,0 -48.8762508,-27.0441946,0 -48.8765591,-27.0440936,0 -48.8769535,-27.0440336,0 -48.8774417,-27.0440513,0 -48.878013,-27.0442772,0 -48.878528,-27.0446212,0 -48.8791073,-27.0449939,0 -48.8795231,-27.0451215,0 -48.8801588,-27.0451564,0 -48.880824,-27.0451181,0 -48.881465,-27.045045,0 -48.8823045,-27.0454239,0 -48.8827551,-27.0457775,0 -48.8831494,-27.0460962,0 -48.883313,-27.0464846,0 -48.8833183,-27.047163,0 -48.8833344,-27.0474927,0 -48.8834938,-27.0476979,0 -48.8836643,-27.0478558,0 -48.8836992,-27.0480301,0 -48.8836375,-27.0483694,0 -48.8835087,-27.0485748,0 -48.8827658,-27.0491935,0 -48.8824412,-27.0494491,0 -48.8819423,-27.0498003,0 -48.8816178,-27.0503736,0 -48.8814757,-27.0506732,0 -48.8813282,-27.0511858,0 -48.8812316,-27.0516253,0 -48.8811458,-27.0523611,0 -48.8810358,-27.0526702,0 -48.8811244,-27.0533357,0 -48.8812853,-27.0539185,0 -48.8815642,-27.0543867,0 -48.88198,-27.0549251,0 -48.8822911,-27.0554889,0 -48.882444,-27.0558008,0 -48.8827015,-27.056355,0 -48.8828732,-27.0566894,0 -48.8831387,-27.0571036,0 -48.8834311,-27.0575589,0 -48.8834525,-27.0582755,0 -48.8834311,-27.0586863,0 -48.8834372,-27.0591312,0 -48.8835056,-27.059594,0 -48.8836,-27.0600273,0 -48.8837315,-27.0603488,0 -48.883946,-27.0607883,0 -48.8840855,-27.0610558,0 -48.884107,-27.061629,0 -48.8841749,-27.0618278,0 -48.8842572,-27.0620685,0 -48.8843993,-27.0622869,0 -48.8847668,-27.0627182,0 -48.8850672,-27.0630574,0 -48.8856895,-27.0634539,0 -48.8861026,-27.0638121,0 -48.8863037,-27.064126,0 -48.8864379,-27.0643219,0 -48.8865907,-27.0644809,0 -48.8868724,-27.0648521,0 -48.887154,-27.0653169,0 -48.887154,-27.0657086,0 -48.8871969,-27.0660143,0 -48.8872613,-27.0665494,0 -48.8872934,-27.066922,0 -48.8873364,-27.0672468,0 -48.8875777,-27.0677006,0 -48.8877441,-27.0680875,0 -48.8879238,-27.0684157,0 -48.8881625,-27.0687276,0 -48.8883851,-27.0691035,0 -48.8887847,-27.0695301,0 -48.8891871,-27.0699552,0 -48.8895288,-27.0702632,0 -48.8897789,-27.0699822,0 -48.8898781,-27.0698842,0 -48.8899459,-27.0698321,0 -48.8900294,-27.0697706,0 -48.8901271,-27.069714,0 -48.8902748,-27.0696578,0 -48.8904565,-27.0696678,0 -48.8905669,-27.0696754,0 -48.891272,-27.0697469,0 -48.8914709,-27.0697602,0 -48.8916984,-27.0697665,0 -48.8919752,-27.0697711,0 -48.8927531,-27.0697813,0 -48.8953612,-27.0698067,0 -48.8956363,-27.0698094,0 -48.8961514,-27.0698144,0 -48.8965519,-27.0697951,0 -48.8967656,-27.0697279,0 -48.8970487,-27.0701474,0 -48.8972029,-27.0703772,0 -48.8972488,-27.0704456,0 -48.8995942,-27.070509,0 -48.9000585,-27.0713698,0 -48.9005315,-27.0713787,0 -48.9014322,-27.0712344,0 -48.9017458,-27.0712261,0 -48.9025202,-27.0704636,0 -48.9023323,-27.0699946,0 -48.9023724,-27.0695577,0 -48.9033269,-27.0695964,0 -48.9037079,-27.0694232,0 -48.9040654,-27.0694134,0 -48.904659,-27.0700984,0 -48.9049282,-27.0700991,0 -48.9053299,-27.070466,0 -48.9057536,-27.0706395,0 -48.9061806,-27.0701351,0 -48.9064394,-27.0701303,0 -48.9082169,-27.0690104,0 -48.9087132,-27.0690068,0 -48.9087578,-27.0684523,0 -48.9089865,-27.0682794,0 -48.9089765,-27.0676296,0 -48.908666,-27.0670523,0 -48.9086664,-27.0668989,0 -48.9088435,-27.0664997,0 -48.9088426,-27.0659081,0 -48.9091197,-27.0654973,0 -48.9091664,-27.0651865,0 -48.9091665,-27.0648091,0 -48.9090253,-27.0647181,0 -48.9089848,-27.0640865,0 -48.9092611,-27.0639907,0 -48.9094862,-27.0637689,0 -48.9097139,-27.0637667,0 -48.9097599,-27.0638578,0 -48.9100776,-27.0638594,0 -48.9104443,-27.0636752,0 -48.9107581,-27.063312,0 -48.9108963,-27.0628571,0 -48.9111718,-27.0626265,0 -48.911354,-27.0621701,0 -48.911854,-27.0616697,0 -48.9118541,-27.0615328,0 -48.9120839,-27.0614852,0 -48.9121285,-27.0613514,0 -48.9122655,-27.0613521,0 -48.9123557,-27.0616268,0 -48.9126732,-27.0619449,0 -48.9131328,-27.0619902,0 -48.9132246,-27.0621288,0 -48.9133595,-27.0621295,0 -48.9134505,-27.0622666,0 -48.9135854,-27.0623117,0 -48.9139533,-27.0623115,0 -48.914087,-27.0623628,0 -48.9142707,-27.0625886,0 -48.9148256,-27.0626806,0 -48.9151673,-27.0629839,0 -48.9155406,-27.063082,0 -48.9158107,-27.0628117,0 -48.9159064,-27.0613208,0 -48.9159549,-27.0609289,0 -48.9162655,-27.0605302,0 -48.9164215,-27.060527,0 -48.9165931,-27.0603035,0 -48.9167793,-27.0603016,0 -48.9175441,-27.0608523,0 -48.9181914,-27.0609027,0 -48.9187837,-27.0612152,0 -48.9191906,-27.0612166,0 -48.9203413,-27.0618542,0 -48.9212123,-27.0618472,0 -48.921605,-27.0616674,0 -48.9218746,-27.0607762,0 -48.9219239,-27.0599792,0</coordinates></LinearRing></outerBoundaryIs></Polygon></Placemark>
<Placemark><name>Limeira Alta</name><styleUrl>#ba</styleUrl><Polygon><outerBoundaryIs><LinearRing><coordinates>-48.8636156,-27.1058843,0 -48.8635867,-27.1006101,0 -48.8634455,-27.1005933,0 -48.8633075,-27.100535,0 -48.8632305,-27.100383,0 -48.8630659,-27.1002987,0 -48.8629279,-27.1002948,0 -48.8628208,-27.1002538,0 -48.8627014,-27.100079,0 -48.8623545,-27.0998514,0 -48.8623112,-27.099775,0 -48.8620852,-27.0996086,0 -48.861579,-27.0994847,0 -48.8613737,-27.0993444,0 -48.861141,-27.0993064,0 -48.860897,-27.0992304,0 -48.8604011,-27.0991997,0 -48.86021,-27.09912,0 -48.8599569,-27.0991155,0 -48.8597099,-27.0989952,0 -48.8595351,-27.098959,0 -48.8593369,-27.0989463,0 -48.8590656,-27.0989545,0 -48.8586747,-27.0990049,0 -48.8585114,-27.0990968,0 -48.8581217,-27.0992531,0 -48.8578721,-27.0994506,0 -48.8576472,-27.0996302,0 -48.8573946,-27.099633,0 -48.857259,-27.0996549,0 -48.8571065,-27.0996865,0 -48.8570387,-27.0996769,0 -48.856897,-27.0995863,0 -48.8565334,-27.0994231,0 -48.8563778,-27.0993683,0 -48.8556137,-27.0990227,0 -48.8550684,-27.0984974,0 -48.8550499,-27.0984467,0 -48.8550175,-27.098396,0 -48.8549467,-27.0983534,0 -48.8548974,-27.0982958,0 -48.8548542,-27.0982424,0 -48.8548373,-27.098219,0 -48.8548142,-27.0982232,0 -48.8547864,-27.0982396,0 -48.8547449,-27.0982108,0 -48.8547125,-27.0980997,0 -48.8547156,-27.0979736,0 -48.8546786,-27.0978323,0 -48.8546016,-27.0976472,0 -48.8545877,-27.0975827,0 -48.8545215,-27.0975251,0 -48.8544799,-27.0974538,0 -48.8544106,-27.0973948,0 -48.8542488,-27.0973797,0 -48.8541564,-27.0973564,0 -48.8540532,-27.0972618,0 -48.854039,-27.0972386,0 -48.854065,-27.0972167,0 -48.8541393,-27.097097,0 -48.8541582,-27.0969656,0 -48.8541451,-27.0968655,0 -48.8540969,-27.096574,0 -48.8540991,-27.096407,0 -48.8540849,-27.0963208,0 -48.8540367,-27.09624,0 -48.8539447,-27.0961833,0 -48.8538188,-27.0961142,0 -48.8536044,-27.0960357,0 -48.8535106,-27.0959819,0 -48.8534209,-27.0958556,0 -48.8533736,-27.0957435,0 -48.8533396,-27.0956677,0 -48.8533474,-27.095591,0 -48.8534253,-27.0954768,0 -48.8534597,-27.0954189,0 -48.8534633,-27.0953222,0 -48.8534138,-27.0951435,0 -48.8533678,-27.0950585,0 -48.8532722,-27.0947875,0 -48.8530583,-27.0941626,0 -48.8530457,-27.0941258,0 -48.8530143,-27.0940698,0 -48.8529537,-27.093962,0 -48.8527414,-27.0937131,0 -48.8524104,-27.0934379,0 -48.851859,-27.093083,0 -48.8517274,-27.092971,0 -48.8516239,-27.0928653,0 -48.8515516,-27.0927413,0 -48.8514531,-27.0924527,0 -48.8514048,-27.092336,0 -48.8513362,-27.0921706,0 -48.8512788,-27.0920017,0 -48.8512487,-27.0920224,0 -48.8511363,-27.0920512,0 -48.8510238,-27.092069,0 -48.8509298,-27.092106,0 -48.8509067,-27.0921431,0 -48.8509052,-27.0922034,0 -48.8509976,-27.0924434,0 -48.8509591,-27.0926684,0 -48.8509838,-27.0928672,0 -48.8509437,-27.0930016,0 -48.8507635,-27.0930551,0 -48.8500497,-27.093048,0 -48.8496289,-27.0932281,0 -48.8495689,-27.0932959,0 -48.8494886,-27.0934335,0 -48.8494276,-27.0934887,0 -48.8493667,-27.0935176,0 -48.8492559,-27.0935665,0 -48.8491075,-27.0936018,0 -48.8489327,-27.0937719,0 -48.8487741,-27.0938244,0 -48.8486877,-27.0938624,0 -48.8486034,-27.0939157,0 -48.8485404,-27.0939917,0 -48.8484895,-27.0940849,0 -48.8484072,-27.0941573,0 -48.8483056,-27.0943591,0 -48.848208,-27.094512,0 -48.8479742,-27.094817,0 -48.847835,-27.0950884,0 -48.8477283,-27.0951979,0 -48.8475923,-27.0952809,0 -48.8460788,-27.0955655,0 -48.8437998,-27.0950666,0 -48.8418187,-27.0927949,0 -48.8410903,-27.0929764,0 -48.8409063,-27.0931623,0 -48.8406391,-27.0932033,0 -48.8403135,-27.0934348,0 -48.8400427,-27.0934333,0 -48.8398074,-27.0937058,0 -48.8396764,-27.0937074,0 -48.8393119,-27.094065,0 -48.8389102,-27.0941611,0 -48.8387633,-27.0942919,0 -48.8378573,-27.0942966,0 -48.837629,-27.0943848,0 -48.8370804,-27.094796,0 -48.8368079,-27.0948007,0 -48.8368061,-27.0948905,0 -48.8365319,-27.0950291,0 -48.8364876,-27.0952072,0 -48.835893,-27.0951189,0 -48.8354878,-27.0948496,0 -48.8347941,-27.0947062,0 -48.8341657,-27.0943962,0 -48.8339351,-27.0940285,0 -48.8334254,-27.0939306,0 -48.8327843,-27.0933822,0 -48.8324714,-27.093299,0 -48.8312946,-27.0922513,0 -48.8303886,-27.0929664,0 -48.8294967,-27.093906,0 -48.8283852,-27.0947375,0 -48.8277734,-27.0950784,0 -48.8273671,-27.0947126,0 -48.827241,-27.0943134,0 -48.8265592,-27.0937522,0 -48.8257326,-27.0933406,0 -48.8252937,-27.0933364,0 -48.8249574,-27.0935734,0 -48.8245978,-27.0936108,0 -48.8240103,-27.0972612,0 -48.8245978,-27.0972171,0 -48.8251499,-27.0978788,0 -48.8244279,-27.0984333,0 -48.8230547,-27.0999015,0 -48.8218231,-27.1002229,0 -48.8215045,-27.1005757,0 -48.8207896,-27.102214,0 -48.8210869,-27.1022203,0 -48.8222195,-27.1029135,0 -48.8222195,-27.1031781,0 -48.8225309,-27.1034932,0 -48.8245199,-27.1038208,0 -48.8264115,-27.1038217,0 -48.8266497,-27.1040545,0 -48.8265236,-27.1042873,0 -48.8266469,-27.1046594,0 -48.8262966,-27.1051998,0 -48.8255821,-27.1051874,0 -48.8249657,-27.1056696,0 -48.8245874,-27.1064262,0 -48.8242325,-27.1068169,0 -48.8241344,-27.1070664,0 -48.8237655,-27.1073823,0 -48.8233265,-27.1080599,0 -48.8229016,-27.108434,0 -48.8227241,-27.1089204,0 -48.8225481,-27.1091053,0 -48.8219138,-27.1091921,0 -48.8215805,-27.109554,0 -48.8216252,-27.1101475,0 -48.8217228,-27.1101982,0 -48.8217228,-27.110285,0 -48.8213566,-27.1107042,0 -48.8213582,-27.1107481,0 -48.8212165,-27.1107483,0 -48.8203973,-27.110519,0 -48.8188007,-27.1104278,0 -48.8185268,-27.1102801,0 -48.8185205,-27.1101969,0 -48.8175816,-27.1089751,0 -48.8173869,-27.1082844,0 -48.8162002,-27.1083341,0 -48.8155734,-27.1081452,0 -48.8153393,-27.1077847,0 -48.8152038,-27.1076929,0 -48.8148896,-27.1076492,0 -48.8146123,-27.1069138,0 -48.8146145,-27.105328,0 -48.8143413,-27.103957,0 -48.8135975,-27.1041388,0 -48.8129003,-27.103963,0 -48.8122391,-27.1040521,0 -48.8100724,-27.1063099,0 -48.8095229,-27.1071797,0 -48.8091869,-27.1072848,0 -48.8087949,-27.1072818,0 -48.8086901,-27.1074846,0 -48.8083332,-27.1076459,0 -48.8070085,-27.1075167,0 -48.8068234,-27.1071461,0 -48.8046132,-27.1070433,0 -48.8043721,-27.1068341,0 -48.803942,-27.1067977,0 -48.8038982,-27.106681,0 -48.8031142,-27.106548,0 -48.8024556,-27.1063049,0 -48.8023663,-27.1061486,0 -48.8017353,-27.106018,0 -48.8013532,-27.1057767,0 -48.8003797,-27.1057575,0 -48.8003515,-27.1056814,0 -48.7996736,-27.1056154,0 -48.7993725,-27.1053543,0 -48.7991316,-27.1053028,0 -48.7985653,-27.1046936,0 -48.7980083,-27.1043958,0 -48.7977306,-27.1044041,0 -48.7943446,-27.1094832,0 -48.794,-27.11,0 -48.8023736,-27.1169781,0 -48.8028509,-27.1164889,0 -48.8048336,-27.1160142,0 -48.8057826,-27.1149311,0 -48.8065627,-27.1136184,0 -48.8073563,-27.1133152,0 -48.8081256,-27.1124402,0 -48.8091568,-27.1127009,0 -48.8103018,-27.1129036,0 -48.8108772,-27.1138874,0 -48.8108873,-27.1144337,0 -48.8110887,-27.1146452,0 -48.8111763,-27.1150159,0 -48.8111239,-27.1154099,0 -48.8113809,-27.1158622,0 -48.8117481,-27.1161272,0 -48.8125085,-27.1162641,0 -48.8129041,-27.1162482,0 -48.8130652,-27.1161771,0 -48.8136165,-27.1161625,0 -48.8137079,-27.1160268,0 -48.8140354,-27.1160343,0 -48.8144797,-27.1161607,0 -48.8148381,-27.1161678,0 -48.814983,-27.1162561,0 -48.8155645,-27.1162174,0 -48.8155658,-27.1161182,0 -48.815894,-27.1161269,0 -48.816505,-27.1164955,0 -48.8181607,-27.1165802,0 -48.8185451,-27.1163497,0 -48.8193561,-27.116165,0 -48.8197973,-27.1159035,0 -48.8209879,-27.1155779,0 -48.8215746,-27.1158781,0 -48.82164,-27.1163134,0 -48.8220257,-27.1165623,0 -48.8225905,-27.1158916,0 -48.8229108,-27.1159086,0 -48.8243006,-27.1173759,0 -48.8246438,-27.1174909,0 -48.8249148,-27.1172242,0 -48.8251367,-27.1166301,0 -48.825149,-27.1162115,0 -48.8255137,-27.1154829,0 -48.8258182,-27.1153562,0 -48.8315442,-27.1156452,0 -48.8315921,-27.1157501,0 -48.8317053,-27.1158549,0 -48.8318758,-27.1159232,0 -48.8319503,-27.1160342,0 -48.8319688,-27.1161535,0 -48.8321274,-27.1162812,0 -48.8322627,-27.1164115,0 -48.8323981,-27.1165751,0 -48.8324397,-27.1167384,0 -48.8324441,-27.1169432,0 -48.8323412,-27.1170386,0 -48.8320919,-27.1170965,0 -48.8320064,-27.1171776,0 -48.8319075,-27.1172015,0 -48.8318581,-27.1172966,0 -48.8318661,-27.1174938,0 -48.8318958,-27.1176174,0 -48.8318881,-27.1177409,0 -48.8318057,-27.1178323,0 -48.8317607,-27.1179403,0 -48.8317828,-27.1180483,0 -48.8317238,-27.1181935,0 -48.8318211,-27.1183692,0 -48.8319545,-27.1184207,0 -48.8321066,-27.1184805,0 -48.8323361,-27.1186583,0 -48.8323653,-27.1187396,0 -48.8325453,-27.1189437,0 -48.832712,-27.1192186,0 -48.8329289,-27.1194363,0 -48.8343248,-27.1208441,0 -48.8372834,-27.120665,0 -48.8373784,-27.1205752,0 -48.8374967,-27.1205187,0 -48.837598,-27.1203606,0 -48.8376286,-27.1201872,0 -48.8377013,-27.1200595,0 -48.83791,-27.1199395,0 -48.8380145,-27.119838,0 -48.8379952,-27.1196357,0 -48.8380732,-27.1195085,0 -48.8381791,-27.1194021,0 -48.8382099,-27.1192437,0 -48.838427,-27.1191849,0 -48.8385098,-27.1190712,0 -48.8385866,-27.1190332,0 -48.8385377,-27.1173962,0 -48.8389057,-27.1167184,0 -48.8398121,-27.1166796,0 -48.8399545,-27.1168041,0 -48.8403742,-27.1168081,0 -48.8411028,-27.1167179,0 -48.8415532,-27.1165423,0 -48.8420338,-27.1165292,0 -48.8426364,-27.116668,0 -48.8425974,-27.1163015,0 -48.8435034,-27.1154418,0 -48.8436147,-27.1147266,0 -48.8438367,-27.114572,0 -48.8440464,-27.1144503,0 -48.8442119,-27.1143874,0 -48.8443559,-27.114386,0 -48.844495,-27.1144306,0 -48.8446821,-27.1144323,0 -48.8448476,-27.114477,0 -48.8449922,-27.1145298,0 -48.8451304,-27.1145551,0 -48.8454841,-27.1145362,0 -48.8456156,-27.1145755,0 -48.8461614,-27.1145704,0 -48.8473294,-27.114582,0 -48.847384,-27.1143606,0 -48.8474097,-27.1143083,0 -48.8494263,-27.114527,0 -48.8497001,-27.114215,0 -48.8498427,-27.1137588,0 -48.8498398,-27.1135719,0 -48.8501119,-27.1133021,0 -48.8501186,-27.113116,0 -48.8508854,-27.1131179,0 -48.852078,-27.1137385,0 -48.8528269,-27.1131744,0 -48.8531559,-27.1131639,0 -48.8547923,-27.1137493,0 -48.8557982,-27.1136696,0 -48.8561711,-27.1133846,0 -48.8567707,-27.1133423,0 -48.8576207,-27.1137035,0 -48.8584564,-27.1136181,0 -48.8588631,-27.1142685,0 -48.8587686,-27.1149139,0 -48.8584155,-27.1159898,0 -48.8591801,-27.1163017,0 -48.8595495,-27.1175864,0 -48.8600261,-27.1182456,0 -48.8605698,-27.1185718,0 -48.8614002,-27.1188132,0 -48.8619419,-27.1188644,0 -48.8625089,-27.1186851,0 -48.8629647,-27.1192737,0 -48.8631896,-27.1196813,0 -48.8640842,-27.1188951,0 -48.8641954,-27.1186158,0 -48.8646128,-27.1182615,0 -48.8650491,-27.1176309,0 -48.865287,-27.1175309,0 -48.8652897,-27.1173139,0 -48.8656768,-27.1168583,0 -48.8659178,-27.1167985,0 -48.8661948,-27.1165181,0 -48.8666064,-27.1163882,0 -48.8668271,-27.1161209,0 -48.8670521,-27.1160405,0 -48.8659298,-27.1142011,0 -48.8619063,-27.111239,0 -48.8614182,-27.110519,0 -48.8617357,-27.109866,0 -48.861729,-27.1081529,0 -48.8615927,-27.1079627,0 -48.8623628,-27.1071935,0 -48.8623704,-27.1067839,0 -48.8627839,-27.1066379,0 -48.8636156,-27.1058843,0</coordinates></LinearRing></outerBoundaryIs></Polygon></Placemark>
<Placemark><name>Limeira Baixa</name><styleUrl>#ba</styleUrl><Polygon><outerBoundaryIs><LinearRing><coordinates>-48.8797064,-27.0666174,0 -48.8795517,-27.0666892,0 -48.8792463,-27.066836,0 -48.8788973,-27.0672401,0 -48.8786735,-27.0674278,0 -48.8785072,-27.0676213,0 -48.8783641,-27.067738,0 -48.8782487,-27.0678988,0 -48.8781829,-27.0681022,0 -48.8785947,-27.0693589,0 -48.8792784,-27.0700097,0 -48.8791372,-27.0714225,0 -48.8793267,-27.0725185,0 -48.8798223,-27.07287,0 -48.8805863,-27.072887,0 -48.8811317,-27.0734698,0 -48.8811497,-27.0760551,0 -48.8809149,-27.0765242,0 -48.8809254,-27.076829,0 -48.8811745,-27.0771958,0 -48.8819535,-27.0775969,0 -48.8823536,-27.0780049,0 -48.8823659,-27.0808078,0 -48.8820151,-27.0812639,0 -48.881711,-27.0813464,0 -48.8812294,-27.0813611,0 -48.8810286,-27.0811,0 -48.8806862,-27.0810837,0 -48.8794568,-27.0823115,0 -48.8794102,-27.0832191,0 -48.8791329,-27.0837988,0 -48.8786823,-27.0867833,0 -48.8780045,-27.0869149,0 -48.8767156,-27.0865939,0 -48.8762686,-27.0867737,0 -48.8754539,-27.0876268,0 -48.8745437,-27.0887682,0 -48.873636,-27.0901795,0 -48.8734876,-27.091607,0 -48.8726807,-27.0928305,0 -48.8716733,-27.0932432,0 -48.8710747,-27.0931969,0 -48.8704711,-27.093436,0 -48.8697465,-27.0940273,0 -48.8687425,-27.0944614,0 -48.8635536,-27.0945564,0 -48.8635867,-27.1006101,0 -48.8634455,-27.1005933,0 -48.8633075,-27.100535,0 -48.8632305,-27.100383,0 -48.8630659,-27.1002987,0 -48.8629279,-27.1002948,0 -48.8628208,-27.1002538,0 -48.8627014,-27.100079,0 -48.8623545,-27.0998514,0 -48.8623112,-27.099775,0 -48.8620852,-27.0996086,0 -48.861579,-27.0994847,0 -48.8613737,-27.0993444,0 -48.861141,-27.0993064,0 -48.860897,-27.0992304,0 -48.8604011,-27.0991997,0 -48.86021,-27.09912,0 -48.8599569,-27.0991155,0 -48.8597099,-27.0989952,0 -48.8595351,-27.098959,0 -48.8593369,-27.0989463,0 -48.8590656,-27.0989545,0 -48.8586747,-27.0990049,0 -48.8585114,-27.0990968,0 -48.8581217,-27.0992531,0 -48.8578721,-27.0994506,0 -48.8576472,-27.0996302,0 -48.8573946,-27.099633,0 -48.857259,-27.0996549,0 -48.8571065,-27.0996865,0 -48.8570387,-27.0996769,0 -48.856897,-27.0995863,0 -48.8565334,-27.0994231,0 -48.8563778,-27.0993683,0 -48.8556137,-27.0990227,0 -48.8550684,-27.0984974,0 -48.8550499,-27.0984467,0 -48.8550175,-27.098396,0 -48.8549467,-27.0983534,0 -48.8548974,-27.0982958,0 -48.8548542,-27.0982424,0 -48.8548373,-27.098219,0 -48.8548142,-27.0982232,0 -48.8547864,-27.0982396,0 -48.8547449,-27.0982108,0 -48.8547125,-27.0980997,0 -48.8547156,-27.0979736,0 -48.8546786,-27.0978323,0 -48.8546016,-27.0976472,0 -48.8545877,-27.0975827,0 -48.8545215,-27.0975251,0 -48.8544799,-27.0974538,0 -48.8544106,-27.0973948,0 -48.8542488,-27.0973797,0 -48.8541564,-27.0973564,0 -48.8540532,-27.0972618,0 -48.854039,-27.0972386,0 -48.854065,-27.0972167,0 -48.8541393,-27.097097,0 -48.8541582,-27.0969656,0 -48.8541451,-27.0968655,0 -48.8540969,-27.096574,0 -48.8540991,-27.096407,0 -48.8540849,-27.0963208,0 -48.8540367,-27.09624,0 -48.8539447,-27.0961833,0 -48.8538188,-27.0961142,0 -48.8536044,-27.0960357,0 -48.8535106,-27.0959819,0 -48.8534209,-27.0958556,0 -48.8533736,-27.0957435,0 -48.8533396,-27.0956677,0 -48.8533474,-27.095591,0 -48.8534253,-27.0954768,0 -48.8534597,-27.0954189,0 -48.8534633,-27.0953222,0 -48.8534138,-27.0951435,0 -48.8533678,-27.0950585,0 -48.8532722,-27.0947875,0 -48.8530583,-27.0941626,0 -48.8530457,-27.0941258,0 -48.8530143,-27.0940698,0 -48.8529537,-27.093962,0 -48.8527414,-27.0937131,0 -48.8524104,-27.0934379,0 -48.851859,-27.093083,0 -48.8517274,-27.092971,0 -48.8516239,-27.0928653,0 -48.8515516,-27.0927413,0 -48.8514531,-27.0924527,0 -48.8514048,-27.092336,0 -48.8513362,-27.0921706,0 -48.8512788,-27.0920017,0 -48.8512487,-27.0920224,0 -48.8511363,-27.0920512,0 -48.8510238,-27.092069,0 -48.8509298,-27.092106,0 -48.8509067,-27.0921431,0 -48.8509052,-27.0922034,0 -48.8509976,-27.0924434,0 -48.8509591,-27.0926684,0 -48.8509838,-27.0928672,0 -48.8509437,-27.0930016,0 -48.8507635,-27.0930551,0 -48.8500497,-27.093048,0 -48.8496289,-27.0932281,0 -48.8495689,-27.0932959,0 -48.8494886,-27.0934335,0 -48.8494276,-27.0934887,0 -48.8493667,-27.0935176,0 -48.8492559,-27.0935665,0 -48.8491075,-27.0936018,0 -48.8489327,-27.0937719,0 -48.8487741,-27.0938244,0 -48.8486877,-27.0938624,0 -48.8486034,-27.0939157,0 -48.8485404,-27.0939917,0 -48.8484895,-27.0940849,0 -48.8484072,-27.0941573,0 -48.8483056,-27.0943591,0 -48.848208,-27.094512,0 -48.8479742,-27.094817,0 -48.847835,-27.0950884,0 -48.8477283,-27.0951979,0 -48.8475923,-27.0952809,0 -48.8460788,-27.0955655,0 -48.8437998,-27.0950666,0 -48.8418187,-27.0927949,0 -48.8420475,-27.0920932,0 -48.84214,-27.0910626,0 -48.8424108,-27.0907445,0 -48.8424122,-27.0901513,0 -48.8421506,-27.0897441,0 -48.8422006,-27.0888287,0 -48.8424528,-27.0879889,0 -48.8421446,-27.0877311,0 -48.8411826,-27.0863757,0 -48.8409491,-27.0858019,0 -48.8408752,-27.0851313,0 -48.8410909,-27.0851367,0 -48.841134,-27.0846265,0 -48.8418242,-27.0843632,0 -48.842083,-27.0841053,0 -48.8425513,-27.0840889,0 -48.8428225,-27.0833976,0 -48.8431799,-27.0831013,0 -48.8441843,-27.0829093,0 -48.8452873,-27.0820534,0 -48.8454707,-27.0806207,0 -48.8460114,-27.0805374,0 -48.8462879,-27.0801646,0 -48.8461578,-27.0794841,0 -48.8458691,-27.0792995,0 -48.845926,-27.0784379,0 -48.8467879,-27.0775728,0 -48.846792,-27.0770262,0 -48.8470603,-27.0766714,0 -48.8476539,-27.074485,0 -48.8491947,-27.0745212,0 -48.8499671,-27.0740651,0 -48.8503818,-27.0740651,0 -48.8509794,-27.0746479,0 -48.8509713,-27.0751113,0 -48.851521,-27.0757988,0 -48.8518873,-27.0759295,0 -48.8519387,-27.0763487,0 -48.8521103,-27.0764842,0 -48.8523457,-27.0764842,0 -48.8527845,-27.0763455,0 -48.8528394,-27.0763077,0 -48.8529756,-27.0761864,0 -48.8531438,-27.0760461,0 -48.8533119,-27.0759248,0 -48.8534588,-27.0758413,0 -48.8538622,-27.0756711,0 -48.8540073,-27.0755845,0 -48.8541807,-27.0754411,0 -48.8543666,-27.0753072,0 -48.8548461,-27.0757877,0 -48.8549523,-27.0758697,0 -48.8553912,-27.0761233,0 -48.8556938,-27.0762478,0 -48.8560585,-27.0763255,0 -48.8564788,-27.0763588,0 -48.8565816,-27.0763047,0 -48.8569178,-27.07618,0 -48.8570159,-27.0761633,0 -48.8570486,-27.0762548,0 -48.8570766,-27.0763588,0 -48.8571513,-27.0764004,0 -48.8573661,-27.0763338,0 -48.8575296,-27.0763588,0 -48.857679,-27.0764669,0 -48.8580526,-27.0764877,0 -48.8583515,-27.0763796,0 -48.8588006,-27.0764041,0 -48.8591126,-27.0764032,0 -48.8591787,-27.0764077,0 -48.859322,-27.0764068,0 -48.859388,-27.0764122,0 -48.8594826,-27.0763951,0 -48.8597143,-27.0763371,0 -48.8598983,-27.0762693,0 -48.8600202,-27.0760901,0 -48.8600111,-27.0758548,0 -48.8602489,-27.0757027,0 -48.8606177,-27.0759789,0 -48.8606405,-27.0759633,0 -48.8606546,-27.0759496,0 -48.8606687,-27.0759341,0 -48.8606754,-27.0759156,0 -48.8606794,-27.075875,0 -48.860717,-27.0758236,0 -48.860782,-27.0757962,0 -48.8608108,-27.0757872,0 -48.860837,-27.0757717,0 -48.8608605,-27.0757657,0 -48.8609268,-27.0757687,0 -48.8609537,-27.0757651,0 -48.8610268,-27.0757179,0 -48.8610428,-27.0757036,0 -48.860951,-27.0756361,0 -48.8609148,-27.0756212,0 -48.8608846,-27.0756129,0 -48.8608544,-27.0756146,0 -48.8607699,-27.0756326,0 -48.8606613,-27.0756517,0 -48.860611,-27.0756529,0 -48.8605849,-27.0756499,0 -48.8605672,-27.0756463,0 -48.8600881,-27.0754296,0 -48.8596295,-27.0753885,0 -48.8594523,-27.0755201,0 -48.858984,-27.0755243,0 -48.8586792,-27.0751639,0 -48.8587624,-27.074467,0 -48.8581647,-27.0743738,0 -48.8574992,-27.0737099,0 -48.8567597,-27.0736934,0 -48.8562544,-27.073238,0 -48.8561127,-27.0727222,0 -48.8549542,-27.0712956,0 -48.8549419,-27.070917,0 -48.8544489,-27.0703848,0 -48.8542025,-27.0703683,0 -48.8533952,-27.0695233,0 -48.8533497,-27.067181,0 -48.8538019,-27.0667706,0 -48.8546224,-27.0665015,0 -48.8549424,-27.0665923,0 -48.8558516,-27.0665931,0 -48.856628,-27.0665462,0 -48.8568082,-27.066548,0 -48.8568546,-27.0666835,0 -48.8570798,-27.0666841,0 -48.8572151,-27.0667749,0 -48.8576241,-27.0667784,0 -48.859691,-27.0649478,0 -48.8601345,-27.0649587,0 -48.8605979,-27.0647647,0 -48.8611355,-27.064223,0 -48.8618736,-27.0641276,0 -48.8631522,-27.0633526,0 -48.8635278,-27.0632691,0 -48.8653724,-27.06399,0 -48.8658695,-27.0640422,0 -48.8692414,-27.0626928,0 -48.8693653,-27.0624273,0 -48.8694159,-27.0623541,0 -48.8694769,-27.0622989,0 -48.8700039,-27.0620571,0 -48.8702475,-27.0619454,0 -48.8709059,-27.06175,0 -48.8711535,-27.0617375,0 -48.871275,-27.0617772,0 -48.8720885,-27.0620428,0 -48.8724144,-27.0621492,0 -48.8752368,-27.0621424,0 -48.8760125,-27.0621405,0 -48.8761076,-27.0621351,0 -48.8761353,-27.0619622,0 -48.8761782,-27.0617329,0 -48.8762479,-27.0616087,0 -48.8764324,-27.0614347,0 -48.8766584,-27.0613519,0 -48.8769714,-27.0613428,0 -48.8769944,-27.0613421,0 -48.8770363,-27.0613326,0 -48.8770591,-27.0613274,0 -48.8777116,-27.062579,0 -48.8778008,-27.0627564,0 -48.8779332,-27.0630199,0 -48.878247,-27.0636442,0 -48.8782491,-27.0636485,0 -48.8785004,-27.0641033,0 -48.8785683,-27.0642784,0 -48.8787289,-27.0645977,0 -48.8787501,-27.0646419,0 -48.8788242,-27.0647961,0 -48.8788514,-27.0648528,0 -48.8789288,-27.0650138,0 -48.8792892,-27.0657643,0 -48.8794543,-27.0661019,0 -48.8797064,-27.0666174,0</coordinates></LinearRing></outerBoundaryIs></Polygon></Placemark>
<Placemark><name>Poço Fundo</name><styleUrl>#ba</styleUrl><Polygon><outerBoundaryIs><LinearRing><coordinates>-48.9040193,-27.1146198,0 -48.9036074,-27.1156673,0 -48.9031796,-27.1160276,0 -48.9023494,-27.1165272,0 -48.9023861,-27.117398,0 -48.9023768,-27.1182535,0 -48.9023007,-27.118256,0 -48.9022862,-27.118309,0 -48.9009423,-27.1196913,0 -48.8998911,-27.1206278,0 -48.8992262,-27.1206285,0 -48.8984636,-27.1211325,0 -48.8978696,-27.1217666,0 -48.8979056,-27.1222922,0 -48.8977256,-27.1227833,0 -48.8969034,-27.1228239,0 -48.8961337,-27.1237796,0 -48.8950835,-27.124646,0 -48.8939478,-27.1246428,0 -48.8932652,-27.1248293,0 -48.892543,-27.1248284,0 -48.8922146,-27.1247886,0 -48.8921712,-27.1259514,0 -48.8928351,-27.1271641,0 -48.8935347,-27.1282631,0 -48.8949915,-27.1292048,0 -48.8944004,-27.1296589,0 -48.8922596,-27.1318445,0 -48.8917876,-27.1319827,0 -48.889529,-27.1323303,0 -48.8886916,-27.132689,0 -48.8900616,-27.1354895,0 -48.8898006,-27.136399,0 -48.8895352,-27.1366555,0 -48.8888485,-27.1373069,0 -48.888801,-27.1378142,0 -48.8882077,-27.1388208,0 -48.8881185,-27.138903,0 -48.8880682,-27.1393035,0 -48.8880581,-27.1401385,0 -48.8878892,-27.140403,0 -48.8875295,-27.1404572,0 -48.8873912,-27.1406328,0 -48.887067,-27.1407286,0 -48.8870587,-27.1413735,0 -48.886641,-27.1418662,0 -48.8862858,-27.1420896,0 -48.8858025,-27.1419104,0 -48.8847807,-27.1419229,0 -48.8843674,-27.1420606,0 -48.8837965,-27.1426048,0 -48.8836781,-27.142473,0 -48.8834331,-27.1424708,0 -48.8833274,-27.1426433,0 -48.8830669,-27.1425539,0 -48.8824707,-27.1425562,0 -48.8823279,-27.1427298,0 -48.8809169,-27.1427344,0 -48.8805938,-27.1424166,0 -48.8802274,-27.1423227,0 -48.8799082,-27.1420536,0 -48.879685,-27.1420508,0 -48.879457,-27.1418686,0 -48.8799542,-27.141324,0 -48.8811028,-27.1410008,0 -48.8812778,-27.1407364,0 -48.8812778,-27.1404144,0 -48.8809591,-27.1400966,0 -48.8809183,-27.1395378,0 -48.8806882,-27.1389983,0 -48.8806882,-27.1384928,0 -48.8802281,-27.1381367,0 -48.8802305,-27.1379575,0 -48.8805037,-27.1377229,0 -48.8805109,-27.1366672,0 -48.8806787,-27.1364881,0 -48.8806835,-27.1360871,0 -48.8806739,-27.1360039,0 -48.8778881,-27.133335,0 -48.8773099,-27.1329969,0 -48.8759115,-27.1329381,0 -48.8755536,-27.1326637,0 -48.8754545,-27.1326098,0 -48.8753719,-27.1326098,0 -48.8752287,-27.1326539,0 -48.8752287,-27.1325755,0 -48.8751462,-27.1324824,0 -48.8749865,-27.1323942,0 -48.8749369,-27.1323109,0 -48.8749259,-27.1322129,0 -48.8748323,-27.1320855,0 -48.8746396,-27.1318944,0 -48.8744304,-27.1316788,0 -48.8744194,-27.1315808,0 -48.8744139,-27.1314338,0 -48.8744359,-27.1313162,0 -48.8744414,-27.1312525,0 -48.8743533,-27.131179,0 -48.8742542,-27.1312378,0 -48.8742212,-27.1312868,0 -48.8741937,-27.1313995,0 -48.8741771,-27.1315073,0 -48.874089,-27.1315857,0 -48.8739569,-27.1316739,0 -48.8738853,-27.1317425,0 -48.8737312,-27.1317915,0 -48.8737091,-27.1318944,0 -48.8736596,-27.131963,0 -48.8735935,-27.1320071,0 -48.8735054,-27.1320561,0 -48.8733458,-27.132061,0 -48.8716334,-27.1310369,0 -48.8715619,-27.1306841,0 -48.8715288,-27.1304146,0 -48.8716059,-27.130101,0 -48.8715343,-27.1298707,0 -48.8715288,-27.1297286,0 -48.8714518,-27.1295816,0 -48.8700294,-27.1280344,0 -48.8698224,-27.127637,0 -48.869095,-27.1273572,0 -48.8690389,-27.1274341,0 -48.8689155,-27.1275646,0 -48.8687299,-27.1277637,0 -48.8685329,-27.1279855,0 -48.8684832,-27.1280409,0 -48.8683097,-27.1282199,0 -48.8681018,-27.1284531,0 -48.8679275,-27.1286186,0 -48.8678096,-27.128757,0 -48.867746,-27.1288316,0 -48.8676846,-27.1288887,0 -48.8675632,-27.1289635,0 -48.8674278,-27.1290425,0 -48.867297,-27.1291464,0 -48.8671075,-27.1294965,0 -48.8670632,-27.1299355,0 -48.867019,-27.1303295,0 -48.8669763,-27.1304041,0 -48.8669146,-27.1304787,0 -48.8667761,-27.1306153,0 -48.8664377,-27.1312148,0 -48.8661088,-27.1319324,0 -48.8660867,-27.1320619,0 -48.8660867,-27.1321519,0 -48.8661278,-27.132318,0 -48.866131,-27.1324418,0 -48.8660772,-27.1325853,0 -48.8659665,-27.1328555,0 -48.8659159,-27.1330469,0 -48.8658717,-27.1335084,0 -48.8658748,-27.133711,0 -48.865859,-27.1338292,0 -48.8657452,-27.1343386,0 -48.8652866,-27.1345806,0 -48.8648724,-27.134575,0 -48.8644645,-27.1348508,0 -48.8642779,-27.1348424,0 -48.8639585,-27.1346116,0 -48.8638288,-27.1342626,0 -48.863734,-27.1330722,0 -48.8632343,-27.1319718,0 -48.8633324,-27.1316594,0 -48.8624596,-27.1307504,0 -48.8623804,-27.1298821,0 -48.8618628,-27.1298309,0 -48.8612732,-27.1291484,0 -48.8614985,-27.1287474,0 -48.8614506,-27.1281716,0 -48.8616519,-27.1278815,0 -48.862136,-27.1279199,0 -48.862414,-27.1274293,0 -48.8630802,-27.1274208,0 -48.8637848,-27.1272032,0 -48.8648968,-27.1281161,0 -48.8653953,-27.1282355,0 -48.8662341,-27.1281118,0 -48.8673365,-27.1270624,0 -48.8671927,-27.1258851,0 -48.8671256,-27.1257358,0 -48.8670873,-27.1255779,0 -48.8672502,-27.1246949,0 -48.8666655,-27.1241446,0 -48.8663347,-27.1237393,0 -48.8661478,-27.1228946,0 -48.8652371,-27.1219177,0 -48.8648739,-27.1212402,0 -48.8641181,-27.1206915,0 -48.8638504,-27.1206441,0 -48.8633573,-27.1201664,0 -48.8631896,-27.1196813,0 -48.8640842,-27.1188951,0 -48.8641954,-27.1186158,0 -48.8646128,-27.1182615,0 -48.8650491,-27.1176309,0 -48.865287,-27.1175309,0 -48.8652897,-27.1173139,0 -48.8656768,-27.1168583,0 -48.8659178,-27.1167985,0 -48.8661948,-27.1165181,0 -48.8666064,-27.1163882,0 -48.8668271,-27.1161209,0 -48.8670521,-27.1160405,0 -48.8659298,-27.1142011,0 -48.8619063,-27.111239,0 -48.8614182,-27.110519,0 -48.8617357,-27.109866,0 -48.861729,-27.1081529,0 -48.8615927,-27.1079627,0 -48.8623628,-27.1071935,0 -48.8623704,-27.1067839,0 -48.8627839,-27.1066379,0 -48.8636156,-27.1058843,0 -48.9011446,-27.1049746,0 -48.9005145,-27.1054164,0 -48.9003262,-27.1057858,0 -48.8995071,-27.1065545,0 -48.8999265,-27.1070533,0 -48.9002058,-27.1072421,0 -48.9006031,-27.1072839,0 -48.9010976,-27.1077243,0 -48.9010683,-27.1083063,0 -48.9013731,-27.1086469,0 -48.9011492,-27.110155,0 -48.9016488,-27.110661,0 -48.9021014,-27.1112861,0 -48.902012,-27.1123422,0 -48.9022376,-27.1131135,0 -48.9028328,-27.1136135,0 -48.9036097,-27.1137154,0 -48.9037429,-27.1143499,0 -48.9040193,-27.1146198,0</coordinates></LinearRing></outerBoundaryIs></Polygon></Placemark>
<Placemark><name>Steffen</name><styleUrl>#ba</styleUrl><Polygon><outerBoundaryIs><LinearRing><coordinates>-48.916862,-27.076278,0 -48.9157481,-27.0775968,0 -48.9157078,-27.0776457,0 -48.9156785,-27.0776811,0 -48.9156285,-27.0777412,0 -48.9155682,-27.0778146,0 -48.9154547,-27.077952,0 -48.9151498,-27.0783176,0 -48.9151281,-27.0783443,0 -48.9150674,-27.0784195,0 -48.9150034,-27.0784986,0 -48.9147229,-27.0787882,0 -48.914544,-27.0789149,0 -48.9142683,-27.0789686,0 -48.9135978,-27.079088,0 -48.9130291,-27.0791525,0 -48.9127448,-27.079119,0 -48.9123988,-27.0790068,0 -48.9120904,-27.0788945,0 -48.9118329,-27.0787919,0 -48.9115807,-27.0787202,0 -48.9114144,-27.0787202,0 -48.9112079,-27.0788062,0 -48.9111194,-27.0789543,0 -48.9110309,-27.0792289,0 -48.9107573,-27.0795131,0 -48.9105481,-27.0797495,0 -48.9103255,-27.0799167,0 -48.9099312,-27.0801746,0 -48.9097863,-27.0802176,0 -48.9095315,-27.0802057,0 -48.9093357,-27.0801483,0 -48.9091104,-27.0799979,0 -48.9089549,-27.0799334,0 -48.90881,-27.0799358,0 -48.9084613,-27.08006,0 -48.9080336,-27.0803283,0 -48.9078855,-27.0804212,0 -48.9077076,-27.0805328,0 -48.9075252,-27.0803895,0 -48.9069673,-27.0800791,0 -48.9066885,-27.0799559,0 -48.9061655,-27.079943,0 -48.9058838,-27.0798795,0 -48.9055539,-27.0797424,0 -48.9048029,-27.0795895,0 -48.9040412,-27.0793794,0 -48.90362,-27.0792299,0 -48.9028489,-27.0790045,0 -48.9022388,-27.0788563,0 -48.901598,-27.0786862,0 -48.9013453,-27.0786149,0 -48.9007152,-27.0783859,0 -48.8999401,-27.0780931,0 -48.8994492,-27.0778223,0 -48.898945,-27.0776121,0 -48.8985051,-27.0774019,0 -48.8981134,-27.0772634,0 -48.8979945,-27.0771304,0 -48.8979043,-27.0770294,0 -48.8975716,-27.076695,0 -48.8970594,-27.0760884,0 -48.8963298,-27.0755391,0 -48.8958551,-27.0750997,0 -48.8954366,-27.0747271,0 -48.8946749,-27.074173,0 -48.8942457,-27.0737909,0 -48.8932737,-27.0730029,0 -48.8925077,-27.0724152,0 -48.8920141,-27.0721,0 -48.8915099,-27.071737,0 -48.8909627,-27.0713262,0 -48.8904799,-27.0709631,0 -48.889753,-27.0704711,0 -48.8895288,-27.0702632,0 -48.8897789,-27.0699822,0 -48.8898781,-27.0698842,0 -48.8899459,-27.0698321,0 -48.8900294,-27.0697706,0 -48.8901271,-27.069714,0 -48.8902748,-27.0696578,0 -48.8904565,-27.0696678,0 -48.8905669,-27.0696754,0 -48.891272,-27.0697469,0 -48.8914709,-27.0697602,0 -48.8916984,-27.0697665,0 -48.8919752,-27.0697711,0 -48.8927531,-27.0697813,0 -48.8953612,-27.0698067,0 -48.8956363,-27.0698094,0 -48.8961514,-27.0698144,0 -48.8965519,-27.0697951,0 -48.8967656,-27.0697279,0 -48.8970487,-27.0701474,0 -48.8972029,-27.0703772,0 -48.8972488,-27.0704456,0 -48.8995942,-27.070509,0 -48.9000585,-27.0713698,0 -48.9005315,-27.0713787,0 -48.9014322,-27.0712344,0 -48.9017458,-27.0712261,0 -48.9025202,-27.0704636,0 -48.9023323,-27.0699946,0 -48.9023724,-27.0695577,0 -48.9033269,-27.0695964,0 -48.9037079,-27.0694232,0 -48.9040654,-27.0694134,0 -48.904659,-27.0700984,0 -48.9049282,-27.0700991,0 -48.9053299,-27.070466,0 -48.9057536,-27.0706395,0 -48.9061806,-27.0701351,0 -48.9064394,-27.0701303,0 -48.9082169,-27.0690104,0 -48.9087132,-27.0690068,0 -48.9142637,-27.0711007,0 -48.9143175,-27.0713664,0 -48.914676,-27.0714289,0 -48.9150961,-27.0717099,0 -48.9156352,-27.0726083,0 -48.9156293,-27.0731532,0 -48.9157834,-27.0732986,0 -48.9158288,-27.0736736,0 -48.9162754,-27.0740689,0 -48.9164173,-27.0743778,0 -48.9164015,-27.0747488,0 -48.9159717,-27.0752159,0 -48.9160632,-27.0754725,0 -48.916225,-27.0756252,0 -48.9164445,-27.075667,0 -48.9166165,-27.0757121,0 -48.916862,-27.076278,0</coordinates></LinearRing></outerBoundaryIs></Polygon></Placemark>
<Placemark><name>São Pedro</name><styleUrl>#ba</styleUrl><Polygon><outerBoundaryIs><LinearRing><coordinates>-48.9510243,-27.0857157,0 -48.9509503,-27.0857524,0 -48.950929,-27.0858092,0 -48.9509031,-27.0859482,0 -48.9497684,-27.0868679,0 -48.949451,-27.0868691,0 -48.9482175,-27.086326,0 -48.9478997,-27.0860063,0 -48.947171,-27.0856858,0 -48.9459818,-27.0856857,0 -48.94521,-27.0855471,0 -48.9443423,-27.0857755,0 -48.9440255,-27.0860927,0 -48.9435701,-27.0862329,0 -48.9433424,-27.0867773,0 -48.9429338,-27.0873241,0 -48.9427942,-27.0877402,0 -48.9426547,-27.0878709,0 -48.9415197,-27.0878701,0 -48.941359,-27.088002,0 -48.9410275,-27.088007,0 -48.9408485,-27.0877877,0 -48.9399678,-27.0877925,0 -48.9399277,-27.0876897,0 -48.9394665,-27.0876035,0 -48.9393789,-27.0885521,0 -48.9381966,-27.0885624,0 -48.9378345,-27.0886,0 -48.9373709,-27.0888264,0 -48.936928,-27.0892262,0 -48.9364605,-27.0895602,0 -48.9364543,-27.0905211,0 -48.9355075,-27.0912897,0 -48.9354983,-27.0915433,0 -48.9353238,-27.0917425,0 -48.9353183,-27.0921578,0 -48.9351846,-27.0922033,0 -48.9351832,-27.092385,0 -48.935005,-27.0925617,0 -48.9347732,-27.0925171,0 -48.9345431,-27.0923381,0 -48.9340895,-27.0922502,0 -48.9340453,-27.0923388,0 -48.9335458,-27.0923335,0 -48.9332305,-27.0927423,0 -48.9329961,-27.0927467,0 -48.9327773,-27.0929261,0 -48.9325019,-27.0929739,0 -48.9322195,-27.0932514,0 -48.9320472,-27.0934765,0 -48.9314108,-27.0934754,0 -48.9312203,-27.093703,0 -48.930356,-27.0937046,0 -48.9297582,-27.0942963,0 -48.9293494,-27.0942906,0 -48.9290782,-27.0940235,0 -48.9287665,-27.0938431,0 -48.9283956,-27.0938391,0 -48.9278504,-27.094206,0 -48.9277553,-27.0947101,0 -48.9272559,-27.0951143,0 -48.9270062,-27.0944618,0 -48.9269178,-27.0940789,0 -48.9270272,-27.0937125,0 -48.926922,-27.0933556,0 -48.9269334,-27.0930202,0 -48.9270199,-27.0926848,0 -48.9270691,-27.0926367,0 -48.9270811,-27.092501,0 -48.9269917,-27.0923983,0 -48.9267822,-27.0923824,0 -48.9266198,-27.092339,0 -48.9265061,-27.0923622,0 -48.9263973,-27.0923289,0 -48.926355,-27.092326,0 -48.926243,-27.0923376,0 -48.926191,-27.092352,0 -48.9261439,-27.0923506,0 -48.9260822,-27.0923289,0 -48.9259928,-27.0922465,0 -48.9259636,-27.0922089,0 -48.9259311,-27.0921944,0 -48.9258727,-27.0921858,0 -48.9257833,-27.092138,0 -48.9256648,-27.0920238,0 -48.9254163,-27.0916985,0 -48.9252473,-27.0916247,0 -48.925197,-27.0915886,0 -48.925158,-27.0915741,0 -48.9251206,-27.0915799,0 -48.9250849,-27.0915741,0 -48.9250638,-27.0915163,0 -48.9250216,-27.091509,0 -48.9250086,-27.0915293,0 -48.9250118,-27.0915596,0 -48.9249988,-27.091577,0 -48.9249842,-27.0916146,0 -48.9249631,-27.0916218,0 -48.9249322,-27.0916016,0 -48.9249111,-27.0915727,0 -48.9248916,-27.0915553,0 -48.9248494,-27.0915524,0 -48.9247991,-27.0915524,0 -48.9247178,-27.0915264,0 -48.9246659,-27.0915032,0 -48.9246155,-27.091444,0 -48.9245603,-27.0913876,0 -48.9244986,-27.0913543,0 -48.9244174,-27.0913167,0 -48.924125,-27.091256,0 -48.9240113,-27.0912025,0 -48.9238635,-27.0911793,0 -48.9237482,-27.0911605,0 -48.9236735,-27.091136,0 -48.9233503,-27.0911027,0 -48.9232041,-27.0909017,0 -48.9231196,-27.0907513,0 -48.9230888,-27.0906993,0 -48.9229085,-27.0905677,0 -48.9228159,-27.0904563,0 -48.9227396,-27.0904043,0 -48.9226389,-27.0903985,0 -48.9225577,-27.0904202,0 -48.9224456,-27.0904592,0 -48.9223481,-27.0904433,0 -48.9222913,-27.0904737,0 -48.9222231,-27.0904968,0 -48.9221345,-27.090523,0 -48.9220104,-27.0902104,0 -48.9219751,-27.0901216,0 -48.92191,-27.0899768,0 -48.9218204,-27.0897941,0 -48.9215611,-27.0898465,0 -48.9211549,-27.0899286,0 -48.9207383,-27.0894238,0 -48.9202817,-27.0893293,0 -48.919581,-27.0889291,0 -48.9195721,-27.0888945,0 -48.9195102,-27.0888299,0 -48.9195031,-27.0887842,0 -48.919512,-27.0887527,0 -48.9195615,-27.0886834,0 -48.9195721,-27.0886172,0 -48.9195544,-27.0883966,0 -48.9195456,-27.0881508,0 -48.919581,-27.0880894,0 -48.9195951,-27.0880122,0 -48.9195951,-27.0879571,0 -48.9196464,-27.0878751,0 -48.9196765,-27.0878436,0 -48.9197438,-27.0876262,0 -48.9197562,-27.0875663,0 -48.9198128,-27.0874513,0 -48.9198694,-27.0872323,0 -48.9198694,-27.0871205,0 -48.9198464,-27.0870543,0 -48.9198181,-27.0870007,0 -48.9198269,-27.0869535,0 -48.9199473,-27.086651,0 -48.9199296,-27.0866242,0 -48.919919,-27.0865202,0 -48.9199614,-27.0863374,0 -48.9190536,-27.0861184,0 -48.9187448,-27.0861338,0 -48.9184964,-27.0860653,0 -48.918547,-27.0833389,0 -48.9176174,-27.081558,0 -48.9176908,-27.0814995,0 -48.9179,-27.0813323,0 -48.9179912,-27.0812463,0 -48.9180448,-27.0811747,0 -48.9181038,-27.0810696,0 -48.9181467,-27.080955,0 -48.9181736,-27.0808308,0 -48.9181843,-27.0807018,0 -48.9181789,-27.0805824,0 -48.9181467,-27.0803961,0 -48.9181038,-27.0802146,0 -48.9178861,-27.0794081,0 -48.917649,-27.0785236,0 -48.9175491,-27.0781211,0 -48.9175047,-27.0779423,0 -48.917472,-27.077803,0 -48.9174627,-27.0777593,0 -48.9174556,-27.0777275,0 -48.9156285,-27.0777412,0 -48.9156785,-27.0776811,0 -48.9157078,-27.0776457,0 -48.9157481,-27.0775968,0 -48.916862,-27.076278,0 -48.9166165,-27.0757121,0 -48.9164445,-27.075667,0 -48.916225,-27.0756252,0 -48.9160632,-27.0754725,0 -48.9159717,-27.0752159,0 -48.9164015,-27.0747488,0 -48.9164173,-27.0743778,0 -48.9162754,-27.0740689,0 -48.9158288,-27.0736736,0 -48.9157834,-27.0732986,0 -48.9156293,-27.0731532,0 -48.9156352,-27.0726083,0 -48.9150961,-27.0717099,0 -48.914676,-27.0714289,0 -48.9143175,-27.0713664,0 -48.9142637,-27.0711007,0 -48.9144136,-27.0709656,0 -48.9144565,-27.0704618,0 -48.9147596,-27.0702387,0 -48.914868,-27.0700066,0 -48.9152173,-27.0697413,0 -48.9183312,-27.0696491,0 -48.9184731,-27.0696371,0 -48.9185285,-27.0696247,0 -48.918602,-27.0695783,0 -48.918626,-27.0695094,0 -48.9191023,-27.0674039,0 -48.9197848,-27.0673171,0 -48.9201042,-27.0670443,0 -48.9203739,-27.0670489,0 -48.9206427,-27.067226,0 -48.9211491,-27.0672277,0 -48.9214645,-27.0671401,0 -48.9216039,-27.0668683,0 -48.9217414,-27.0668648,0 -48.9218804,-27.066636,0 -48.9222454,-27.0666384,0 -48.9225564,-27.0667748,0 -48.9229279,-27.0667757,0 -48.9237039,-27.0671401,0 -48.9238427,-27.0671357,0 -48.924108,-27.0669604,0 -48.9241131,-27.0666395,0 -48.9242492,-27.0665006,0 -48.9243396,-27.0658162,0 -48.9246121,-27.0652719,0 -48.9244292,-27.0645804,0 -48.9244269,-27.0638487,0 -48.9238818,-27.0633579,0 -48.9233398,-27.0632626,0 -48.9233357,-27.0628103,0 -48.9221518,-27.0617634,0 -48.921605,-27.0616674,0 -48.9218746,-27.0607762,0 -48.9219239,-27.0599792,0 -48.922702,-27.0590938,0 -48.9241262,-27.0590586,0 -48.9242807,-27.0588052,0 -48.9243051,-27.0580883,0 -48.9247909,-27.0573842,0 -48.9251162,-27.0574367,0 -48.9253717,-27.0576584,0 -48.9271081,-27.0576471,0 -48.9272575,-27.0578428,0 -48.9274486,-27.0578491,0 -48.9285387,-27.0585209,0 -48.9290859,-27.058755,0 -48.9294453,-27.0592136,0 -48.9294453,-27.059935,0 -48.9303143,-27.0604844,0 -48.9307757,-27.0604891,0 -48.9310064,-27.0607614,0 -48.9317735,-27.0608092,0 -48.9319451,-27.0610242,0 -48.9321704,-27.0610289,0 -48.9327693,-27.060255,0 -48.9333551,-27.0603039,0 -48.9336718,-27.0603054,0 -48.9338629,-27.0605292,0 -48.9339904,-27.0605339,0 -48.9340912,-27.0600754,0 -48.9344151,-27.0596152,0 -48.9349483,-27.0592154,0 -48.9349697,-27.0595804,0 -48.9351019,-27.060073,0 -48.9354209,-27.0604325,0 -48.9358328,-27.0606536,0 -48.936254,-27.060725,0 -48.9382725,-27.0610409,0 -48.9393983,-27.061559,0 -48.9417494,-27.0632747,0 -48.9422681,-27.0636728,0 -48.9438692,-27.0654323,0 -48.944837,-27.066439,0 -48.9450337,-27.0662928,0 -48.946317,-27.0674612,0 -48.9494046,-27.0683068,0 -48.9498499,-27.0686098,0 -48.9506593,-27.0694948,0 -48.950896,-27.0704653,0 -48.9507031,-27.0710758,0 -48.9506517,-27.0721003,0 -48.9505852,-27.073239,0 -48.951348,-27.0745291,0 -48.9520056,-27.0751634,0 -48.9522022,-27.0761832,0 -48.9520315,-27.0770426,0 -48.9508725,-27.0799273,0 -48.9497122,-27.0809306,0 -48.9483099,-27.0818097,0 -48.9475152,-27.0824599,0 -48.9463575,-27.0838674,0 -48.9464638,-27.0841422,0 -48.9476749,-27.0846466,0 -48.9493881,-27.0846776,0 -48.9507832,-27.085181,0 -48.9510243,-27.0857157,0</coordinates></LinearRing></outerBoundaryIs></Polygon></Placemark>
<Placemark><name>Santa Luzia</name><styleUrl>#ba</styleUrl><Polygon><outerBoundaryIs><LinearRing><coordinates>-48.9045609,-27.1565883,0 -48.9036487,-27.1556864,0 -48.9028126,-27.155431,0 -48.9027032,-27.15544,0 -48.9025398,-27.1554237,0 -48.9023316,-27.1554166,0 -48.9022388,-27.1555367,0 -48.8987762,-27.1555422,0 -48.8986876,-27.155673,0 -48.8981391,-27.1557199,0 -48.89792,-27.1560332,0 -48.8979085,-27.1566881,0 -48.8977331,-27.1569921,0 -48.8977295,-27.1571323,0 -48.8973685,-27.1571783,0 -48.8971811,-27.1573595,0 -48.8962688,-27.1574057,0 -48.8956859,-27.1574998,0 -48.8954953,-27.1574987,0 -48.8952648,-27.1577258,0 -48.894947,-27.1577272,0 -48.8944932,-27.1572743,0 -48.8944007,-27.1569512,0 -48.8942686,-27.1568645,0 -48.8937621,-27.1562684,0 -48.8933552,-27.1562707,0 -48.8931284,-27.156132,0 -48.8921697,-27.1560876,0 -48.8917163,-27.1564004,0 -48.8909505,-27.1572205,0 -48.8907678,-27.1572225,0 -48.890358,-27.1575385,0 -48.8906551,-27.1578047,0 -48.8902626,-27.1584467,0 -48.8900764,-27.1591381,0 -48.8898463,-27.159411,0 -48.8898423,-27.1596399,0 -48.8895808,-27.1596007,0 -48.8893016,-27.1593218,0 -48.8890791,-27.159319,0 -48.8886667,-27.1596821,0 -48.8881134,-27.159691,0 -48.8876174,-27.1601845,0 -48.8870205,-27.1601417,0 -48.8867032,-27.1603666,0 -48.8862043,-27.1604151,0 -48.8857834,-27.1603698,0 -48.8851491,-27.1603688,0 -48.8833707,-27.1610031,0 -48.8827865,-27.1618277,0 -48.8825023,-27.1616454,0 -48.8820994,-27.1611943,0 -48.8818253,-27.1611907,0 -48.881234,-27.1606938,0 -48.8809151,-27.1607369,0 -48.880196,-27.161276,0 -48.8757621,-27.1630631,0 -48.8756237,-27.1634666,0 -48.8756291,-27.1638929,0 -48.8755286,-27.1638832,0 -48.8754512,-27.1638842,0 -48.8750474,-27.1639892,0 -48.8749839,-27.1640089,0 -48.8748908,-27.1640033,0 -48.8748414,-27.1639682,0 -48.874809,-27.1639399,0 -48.873915,-27.1639339,0 -48.8738106,-27.1639296,0 -48.8736221,-27.1639512,0 -48.8734734,-27.1639959,0 -48.8730138,-27.164271,0 -48.8727136,-27.1645122,0 -48.8724807,-27.1642887,0 -48.8722163,-27.1642877,0 -48.8720738,-27.1641527,0 -48.8709333,-27.1641506,0 -48.8708425,-27.1640171,0 -48.870212,-27.1633405,0 -48.8697986,-27.1631082,0 -48.8697041,-27.1628299,0 -48.8687035,-27.1629215,0 -48.8682004,-27.1631528,0 -48.8677498,-27.1635122,0 -48.8677007,-27.1637407,0 -48.8674369,-27.1636991,0 -48.8668414,-27.1636991,0 -48.8662927,-27.1638778,0 -48.8655,-27.1645,0 -48.867,-27.166,0 -48.864,-27.168,0 -48.872,-27.175,0 -48.8723773,-27.1746772,0 -48.8724977,-27.1742207,0 -48.8727815,-27.17398,0 -48.8728507,-27.1739213,0 -48.8729114,-27.1739517,0 -48.879,-27.177,0 -48.8792803,-27.1772039,0 -48.8794951,-27.177611,0 -48.8800018,-27.1771395,0 -48.8800999,-27.1768674,0 -48.8808237,-27.1768175,0 -48.8808664,-27.1756831,0 -48.8810998,-27.1749029,0 -48.8815068,-27.1746825,0 -48.8815953,-27.1741787,0 -48.8817263,-27.1737977,0 -48.8813122,-27.1731554,0 -48.8809583,-27.1728154,0 -48.8809547,-27.1725792,0 -48.8806822,-27.1722549,0 -48.8804557,-27.1717638,0 -48.8813651,-27.1707913,0 -48.8813713,-27.1691522,0 -48.8816424,-27.1689822,0 -48.8817841,-27.1685272,0 -48.8821477,-27.1683408,0 -48.8824065,-27.1683518,0 -48.8839778,-27.169207,0 -48.8845016,-27.1691083,0 -48.8849638,-27.1691741,0 -48.8851425,-27.1694263,0 -48.885506,-27.1695359,0 -48.8857032,-27.1702102,0 -48.8879278,-27.1710874,0 -48.8886179,-27.1716794,0 -48.8887042,-27.1725346,0 -48.8888829,-27.1725785,0 -48.888889,-27.1728581,0 -48.8893389,-27.1733131,0 -48.8893574,-27.1735982,0 -48.8928357,-27.1761121,0 -48.8929851,-27.1763115,0 -48.8942647,-27.1763198,0 -48.8945916,-27.1765192,0 -48.8945822,-27.1768433,0 -48.8952827,-27.1776243,0 -48.8956937,-27.1777366,0 -48.8957221,-27.1776364,0 -48.8957946,-27.1774896,0 -48.8958974,-27.1773648,0 -48.8962549,-27.1769453,0 -48.8965191,-27.1766434,0 -48.8966098,-27.1765063,0 -48.8966719,-27.1763768,0 -48.8967046,-27.1762665,0 -48.8967186,-27.1761543,0 -48.8967046,-27.1759757,0 -48.8966714,-27.175856,0 -48.8965963,-27.1756985,0 -48.89643,-27.1754694,0 -48.8962208,-27.1752404,0 -48.8956682,-27.174682,0 -48.8955073,-27.1745007,0 -48.8953839,-27.1743146,0 -48.8953034,-27.1741093,0 -48.8952552,-27.173928,0 -48.8952391,-27.1737562,0 -48.8952337,-27.1735844,0 -48.8952552,-27.1733935,0 -48.895282,-27.173236,0 -48.8954165,-27.1725878,0 -48.8958067,-27.1705562,0 -48.895906,-27.170116,0 -48.8959837,-27.1698977,0 -48.8960776,-27.1697294,0 -48.8961711,-27.1695839,0 -48.8962945,-27.1694157,0 -48.8964836,-27.1692272,0 -48.8969289,-27.1687738,0 -48.8971488,-27.1685304,0 -48.8974117,-27.1682106,0 -48.8977174,-27.1677859,0 -48.8980205,-27.1672871,0 -48.8980715,-27.1672036,0 -48.8981165,-27.1671289,0 -48.8982807,-27.1668599,0 -48.89838,-27.166681,0 -48.8984926,-27.1664328,0 -48.8985811,-27.1660749,0 -48.8986133,-27.1657813,0 -48.8986186,-27.1655021,0 -48.8985865,-27.1651657,0 -48.8985435,-27.1648912,0 -48.8984527,-27.1643188,0 -48.8984202,-27.1641443,0 -48.8983826,-27.1638341,0 -48.8983856,-27.1636395,0 -48.8984312,-27.1634605,0 -48.8985077,-27.1632923,0 -48.8986659,-27.1631097,0 -48.8988362,-27.1629773,0 -48.8990367,-27.162889,0 -48.8992218,-27.1628496,0 -48.8993794,-27.1628389,0 -48.899603,-27.1628532,0 -48.8998766,-27.1629177,0 -48.9004426,-27.1630752,0 -48.9007376,-27.163173,0 -48.9008663,-27.1632518,0 -48.9009843,-27.1633449,0 -48.9012419,-27.1629281,0 -48.9012378,-27.1625085,0 -48.9015183,-27.1619189,0 -48.9015183,-27.161785,0 -48.9018354,-27.1615174,0 -48.9018883,-27.1612823,0 -48.9045609,-27.1565883,0</coordinates></LinearRing></outerBoundaryIs></Polygon></Placemark>
<Placemark><name>Tomás Coelho</name><styleUrl>#ba</styleUrl><Polygon><outerBoundaryIs><LinearRing><coordinates>-48.9561426,-27.1775545,0 -48.9552152,-27.177201,0 -48.9552491,-27.1770667,0 -48.9553077,-27.1769817,0 -48.9553138,-27.1769433,0 -48.9552769,-27.1768419,0 -48.9552615,-27.1767624,0 -48.9552183,-27.176724,0 -48.9551844,-27.176661,0 -48.9551444,-27.1765514,0 -48.9551228,-27.1764938,0 -48.955092,-27.1764143,0 -48.9549071,-27.1762745,0 -48.9548178,-27.1761704,0 -48.9546976,-27.1761046,0 -48.9544357,-27.1760224,0 -48.9543341,-27.1760388,0 -48.9540414,-27.1760142,0 -48.9539613,-27.1759264,0 -48.9537949,-27.175825,0 -48.9537025,-27.1757072,0 -48.9532138,-27.1753911,0 -48.9532424,-27.175753,0 -48.9532185,-27.1759786,0 -48.9510128,-27.1754111,0 -48.9501192,-27.1752143,0 -48.9484537,-27.1748566,0 -48.948333,-27.1748805,0 -48.9482284,-27.1748638,0 -48.9480782,-27.1748614,0 -48.947979,-27.1748924,0 -48.9469973,-27.174952,0 -48.9467183,-27.1750427,0 -48.9450151,-27.1753147,0 -48.9442131,-27.174692,0 -48.9442748,-27.1746084,0 -48.9443258,-27.1745178,0 -48.9443741,-27.1745011,0 -48.9445806,-27.1744509,0 -48.9446155,-27.1744319,0 -48.9446316,-27.1744032,0 -48.9447442,-27.1743126,0 -48.9448032,-27.174241,0 -48.9448542,-27.1742076,0 -48.9449105,-27.1741932,0 -48.9449668,-27.1741837,0 -48.9450768,-27.1741336,0 -48.9451358,-27.1740763,0 -48.9451546,-27.1739761,0 -48.9451921,-27.173895,0 -48.9437535,-27.1730427,0 -48.9434404,-27.1731693,0 -48.9429404,-27.1729957,0 -48.9368721,-27.1728959,0 -48.9358785,-27.1739984,0 -48.9353116,-27.1750838,0 -48.932896,-27.174722,0 -48.9305577,-27.1781389,0 -48.9301896,-27.1784915,0 -48.9299171,-27.1789197,0 -48.9300628,-27.1789341,0 -48.9301743,-27.1789766,0 -48.9302273,-27.1790757,0 -48.930238,-27.1791245,0 -48.9302167,-27.179252,0 -48.9302327,-27.179315,0 -48.9302857,-27.1793402,0 -48.9303831,-27.179411,0 -48.9296911,-27.1797388,0 -48.929707,-27.179786,0 -48.9296805,-27.1798348,0 -48.9295655,-27.1798962,0 -48.9294434,-27.1799135,0 -48.9293425,-27.1799749,0 -48.9292983,-27.1799907,0 -48.9292523,-27.1800158,0 -48.9292293,-27.1800615,0 -48.9290535,-27.1801933,0 -48.9290304,-27.1802312,0 -48.9290169,-27.1802772,0 -48.9290268,-27.1803297,0 -48.929047,-27.1803622,0 -48.9271282,-27.1804198,0 -48.925392,-27.1800096,0 -48.9241544,-27.1799639,0 -48.9248805,-27.1785577,0 -48.9249744,-27.1785386,0 -48.9251112,-27.1784527,0 -48.9253713,-27.1783764,0 -48.9255484,-27.1782714,0 -48.9256986,-27.1782523,0 -48.9258488,-27.1781974,0 -48.9260338,-27.1780996,0 -48.9261304,-27.178059,0 -48.9262055,-27.1780519,0 -48.9263316,-27.1780924,0 -48.926463,-27.1781163,0 -48.9265649,-27.1780853,0 -48.92675,-27.1779827,0 -48.9269297,-27.1779851,0 -48.9270531,-27.1779636,0 -48.9271684,-27.1779851,0 -48.927206,-27.1779039,0 -48.927332,-27.17783,0 -48.9274652,-27.1778046,0 -48.9276137,-27.1777966,0 -48.9276995,-27.1777775,0 -48.9277317,-27.1777584,0 -48.9278853,-27.175972,0 -48.9280498,-27.1760571,0 -48.9281348,-27.1760775,0 -48.9282516,-27.1761295,0 -48.9283312,-27.1762003,0 -48.9291735,-27.1758603,0 -48.930341,-27.1735374,0 -48.9305313,-27.1731011,0 -48.9301868,-27.1723507,0 -48.9312814,-27.1720763,0 -48.9323413,-27.1725313,0 -48.9327275,-27.1725276,0 -48.9334498,-27.1717535,0 -48.934042,-27.170936,0 -48.9340174,-27.1697519,0 -48.9347322,-27.169719,0 -48.9348246,-27.1684855,0 -48.9345843,-27.1682059,0 -48.9346028,-27.1675426,0 -48.9347445,-27.1668408,0 -48.9350094,-27.1667915,0 -48.9353237,-27.1665667,0 -48.9358352,-27.1665174,0 -48.9364144,-27.1658266,0 -48.9362788,-27.1652455,0 -48.9362727,-27.1643299,0 -48.934689,-27.1632718,0 -48.9347322,-27.1624988,0 -48.9349598,-27.1621922,0 -48.935595,-27.1621919,0 -48.936323,-27.1626012,0 -48.9366422,-27.1626041,0 -48.9374157,-27.161829,0 -48.9371982,-27.1614269,0 -48.9371911,-27.1610088,0 -48.9379605,-27.1602833,0 -48.9379698,-27.1598093,0 -48.9381947,-27.159639,0 -48.9382888,-27.1593249,0 -48.9382825,-27.1585932,0 -48.9388583,-27.1586401,0 -48.9390162,-27.1588221,0 -48.9392844,-27.1589158,0 -48.9401501,-27.1588688,0 -48.9407388,-27.1582312,0 -48.9406993,-27.1576851,0 -48.9409732,-27.1574551,0 -48.9414277,-27.1573172,0 -48.9418355,-27.1572708,0 -48.9423402,-27.1577293,0 -48.9427029,-27.1580465,0 -48.9427936,-27.1585926,0 -48.9430221,-27.1585935,0 -48.9434307,-27.1591388,0 -48.9438461,-27.1593973,0 -48.9440345,-27.1590526,0 -48.9446293,-27.1591041,0 -48.9447624,-27.1591892,0 -48.9454457,-27.1591791,0 -48.9456783,-27.1590369,0 -48.9463217,-27.1582783,0 -48.9471684,-27.1575448,0 -48.9472176,-27.1574062,0 -48.9477622,-27.156997,0 -48.9481261,-27.1569979,0 -48.9484451,-27.1572686,0 -48.94849,-27.1594528,0 -48.9485628,-27.1594273,0 -48.9487605,-27.159669,0 -48.9488882,-27.1597862,0 -48.9490357,-27.1598507,0 -48.9493831,-27.1599217,0 -48.9493934,-27.1602034,0 -48.9494761,-27.1603908,0 -48.9495606,-27.16045,0 -48.9496697,-27.1604943,0 -48.9498598,-27.1607255,0 -48.9500845,-27.1609492,0 -48.950202,-27.1610205,0 -48.9504401,-27.1611442,0 -48.9505221,-27.1612014,0 -48.950549,-27.1613085,0 -48.9506056,-27.1613329,0 -48.9506465,-27.1615092,0 -48.9506762,-27.1615883,0 -48.9506918,-27.1615858,0 -48.950707,-27.1615909,0 -48.9507186,-27.1616031,0 -48.9507579,-27.1616709,0 -48.95079,-27.1617406,0 -48.9508564,-27.1618215,0 -48.9510267,-27.1618883,0 -48.9510763,-27.161911,0 -48.9511013,-27.1619198,0 -48.9511641,-27.1619254,0 -48.9512322,-27.1619232,0 -48.9512632,-27.1619257,0 -48.9512823,-27.1619302,0 -48.9513092,-27.1619497,0 -48.9513357,-27.1619797,0 -48.9513792,-27.1620704,0 -48.9513841,-27.1621206,0 -48.9514059,-27.1622055,0 -48.9514079,-27.1622194,0 -48.9514226,-27.1622285,0 -48.9514461,-27.1622352,0 -48.9516156,-27.1622524,0 -48.951662,-27.1622742,0 -48.9516862,-27.1622803,0 -48.9517204,-27.1622822,0 -48.9518074,-27.1622637,0 -48.9519769,-27.1622297,0 -48.9520915,-27.1622248,0 -48.9521332,-27.1622189,0 -48.9522117,-27.1621984,0 -48.9522437,-27.1621344,0 -48.952275,-27.1620934,0 -48.9523235,-27.1619559,0 -48.9523514,-27.1619131,0 -48.9523746,-27.1618845,0 -48.9524096,-27.1618504,0 -48.9524438,-27.1618164,0 -48.9524534,-27.1618018,0 -48.9524886,-27.1617461,0 -48.9525096,-27.1617224,0 -48.9525906,-27.1616743,0 -48.9527018,-27.1615773,0 -48.9528214,-27.1614312,0 -48.9528364,-27.1613952,0 -48.9529321,-27.1612781,0 -48.9530733,-27.1610288,0 -48.9531513,-27.1608021,0 -48.9532317,-27.160709,0 -48.9533619,-27.1605793,0 -48.9534397,-27.1604798,0 -48.9534873,-27.1603977,0 -48.9536059,-27.1602504,0 -48.9536185,-27.1601663,0 -48.9536091,-27.160082,0 -48.9536371,-27.1599365,0 -48.9536362,-27.1597236,0 -48.9536044,-27.1595511,0 -48.9535814,-27.1593754,0 -48.9535738,-27.1593443,0 -48.9535507,-27.159318,0 -48.9535048,-27.1592857,0 -48.9534356,-27.1592287,0 -48.9534163,-27.1591978,0 -48.9534073,-27.1591634,0 -48.9534041,-27.1591191,0 -48.9533749,-27.1590668,0 -48.9533714,-27.1590484,0 -48.9533732,-27.1589678,0 -48.9533853,-27.1589339,0 -48.9534183,-27.158872,0 -48.9534323,-27.1588519,0 -48.9534564,-27.1588354,0 -48.9534904,-27.1588335,0 -48.9535169,-27.1588427,0 -48.9535418,-27.1588635,0 -48.9535634,-27.1588718,0 -48.9537982,-27.1588697,0 -48.9538194,-27.1588849,0 -48.9539027,-27.1589845,0 -48.9539455,-27.1590128,0 -48.9539772,-27.159027,0 -48.9541147,-27.1590336,0 -48.954205,-27.1590258,0 -48.9542757,-27.1589985,0 -48.9542987,-27.158972,0 -48.9550774,-27.1593985,0 -48.9553446,-27.1596126,0 -48.9555453,-27.1605016,0 -48.9555257,-27.1609262,0 -48.9555638,-27.1619785,0 -48.9555048,-27.1632529,0 -48.9555003,-27.1644713,0 -48.9539105,-27.1644247,0 -48.9536825,-27.1645618,0 -48.9528691,-27.1646495,0 -48.95241,-27.1648798,0 -48.9522282,-27.1651539,0 -48.9521851,-27.1656117,0 -48.9524593,-27.165883,0 -48.9524501,-27.1662997,0 -48.9516398,-27.166974,0 -48.9514518,-27.166974,0 -48.9513224,-27.1672043,0 -48.9511838,-27.1672098,0 -48.9510451,-27.1674784,0 -48.9516521,-27.1680129,0 -48.9523881,-27.1680328,0 -48.9523643,-27.1698959,0 -48.9524531,-27.1703405,0 -48.9527239,-27.1708972,0 -48.953275,-27.1712545,0 -48.9527893,-27.1716284,0 -48.953345,-27.1720896,0 -48.9536766,-27.1721893,0 -48.9544658,-27.1725258,0 -48.9547647,-27.1725965,0 -48.9550869,-27.1727543,0 -48.9553391,-27.1728333,0 -48.9559135,-27.174171,0 -48.9557852,-27.1747259,0 -48.9560102,-27.1749479,0 -48.9555973,-27.1753618,0 -48.9556035,-27.1762334,0 -48.955776,-27.1764966,0 -48.9561426,-27.1775545,0</coordinates></LinearRing></outerBoundaryIs></Polygon></Placemark>
<Placemark><name>Cerâmica Reis</name><styleUrl>#ba</styleUrl><Polygon><outerBoundaryIs><LinearRing><coordinates>-48.921605,-27.0616674,0 -48.9221518,-27.0617634,0 -48.9233357,-27.0628103,0 -48.9233398,-27.0632626,0 -48.9238818,-27.0633579,0 -48.9244269,-27.0638487,0 -48.9244292,-27.0645804,0 -48.9246121,-27.0652719,0 -48.9243396,-27.0658162,0 -48.9242492,-27.0665006,0 -48.9241131,-27.0666395,0 -48.924108,-27.0669604,0 -48.9238427,-27.0671357,0 -48.9237039,-27.0671401,0 -48.9229279,-27.0667757,0 -48.9225564,-27.0667748,0 -48.9222454,-27.0666384,0 -48.9218804,-27.066636,0 -48.9217414,-27.0668648,0 -48.9216039,-27.0668683,0 -48.9214645,-27.0671401,0 -48.9211491,-27.0672277,0 -48.9206427,-27.067226,0 -48.9203739,-27.0670489,0 -48.9201042,-27.0670443,0 -48.9197848,-27.0673171,0 -48.9191023,-27.0674039,0 -48.918626,-27.0695094,0 -48.918602,-27.0695783,0 -48.9185285,-27.0696247,0 -48.9184731,-27.0696371,0 -48.9183312,-27.0696491,0 -48.9152173,-27.0697413,0 -48.914868,-27.0700066,0 -48.9147596,-27.0702387,0 -48.9144565,-27.0704618,0 -48.9144136,-27.0709656,0 -48.9142637,-27.0711007,0 -48.9087132,-27.0690068,0 -48.9087578,-27.0684523,0 -48.9089865,-27.0682794,0 -48.9089765,-27.0676296,0 -48.908666,-27.0670523,0 -48.9086664,-27.0668989,0 -48.9088435,-27.0664997,0 -48.9088426,-27.0659081,0 -48.9091197,-27.0654973,0 -48.9091664,-27.0651865,0 -48.9091665,-27.0648091,0 -48.9090253,-27.0647181,0 -48.9089848,-27.0640865,0 -48.9092611,-27.0639907,0 -48.9094862,-27.0637689,0 -48.9097139,-27.0637667,0 -48.9097599,-27.0638578,0 -48.9100776,-27.0638594,0 -48.9104443,-27.0636752,0 -48.9107581,-27.063312,0 -48.9108963,-27.0628571,0 -48.9111718,-27.0626265,0 -48.911354,-27.0621701,0 -48.911854,-27.0616697,0 -48.9118541,-27.0615328,0 -48.9120839,-27.0614852,0 -48.9121285,-27.0613514,0 -48.9122655,-27.0613521,0 -48.9123557,-27.0616268,0 -48.9126732,-27.0619449,0 -48.9131328,-27.0619902,0 -48.9132246,-27.0621288,0 -48.9133595,-27.0621295,0 -48.9134505,-27.0622666,0 -48.9135854,-27.0623117,0 -48.9139533,-27.0623115,0 -48.914087,-27.0623628,0 -48.9142707,-27.0625886,0 -48.9148256,-27.0626806,0 -48.9151673,-27.0629839,0 -48.9155406,-27.063082,0 -48.9158107,-27.0628117,0 -48.9159064,-27.0613208,0 -48.9159549,-27.0609289,0 -48.9162655,-27.0605302,0 -48.9164215,-27.060527,0 -48.9165931,-27.0603035,0 -48.9167793,-27.0603016,0 -48.9175441,-27.0608523,0 -48.9181914,-27.0609027,0 -48.9187837,-27.0612152,0 -48.9191906,-27.0612166,0 -48.9203413,-27.0618542,0 -48.9212123,-27.0618472,0 -48.921605,-27.0616674,0</coordinates></LinearRing></outerBoundaryIs></Polygon></Placemark>
<Placemark><name>Volta Grande</name><styleUrl>#ba</styleUrl><Polygon><outerBoundaryIs><LinearRing><coordinates>-48.8889664,-27.0032579,0 -48.8889338,-27.0036368,0 -48.8890785,-27.0043942,0 -48.8892317,-27.0048891,0 -48.8891674,-27.0056514,0 -48.8890334,-27.0061028,0 -48.8890407,-27.0064999,0 -48.8885399,-27.007927,0 -48.8883368,-27.0082427,0 -48.8878279,-27.0082446,0 -48.8877037,-27.0082771,0 -48.8876038,-27.0086048,0 -48.8875819,-27.0089737,0 -48.8875015,-27.0092753,0 -48.8874017,-27.0093491,0 -48.8873213,-27.0093795,0 -48.8872604,-27.0094685,0 -48.8872312,-27.0095401,0 -48.8871971,-27.0095965,0 -48.8870655,-27.0098591,0 -48.8870071,-27.0099524,0 -48.8869876,-27.0100175,0 -48.8871094,-27.0101498,0 -48.8870485,-27.0102931,0 -48.8869706,-27.0103278,0 -48.886934,-27.0103734,0 -48.8869267,-27.0104515,0 -48.8867976,-27.0105969,0 -48.886727,-27.0106576,0 -48.886593,-27.0106837,0 -48.8864371,-27.0106837,0 -48.8863811,-27.0107249,0 -48.8863056,-27.0107531,0 -48.8863763,-27.010777,0 -48.886481,-27.0107683,0 -48.8865346,-27.0108008,0 -48.8866125,-27.0108377,0 -48.8866905,-27.0108247,0 -48.8868001,-27.010829,0 -48.8868853,-27.0108638,0 -48.8869998,-27.0109636,0 -48.8871995,-27.0110873,0 -48.8874041,-27.0111307,0 -48.8874601,-27.0111741,0 -48.8887364,-27.0118771,0 -48.8889824,-27.0119574,0 -48.8893356,-27.0122656,0 -48.8894841,-27.0126366,0 -48.8900736,-27.0125043,0 -48.8902441,-27.0128232,0 -48.8903269,-27.0129252,0 -48.8903659,-27.0129968,0 -48.890361,-27.0130945,0 -48.8903025,-27.0132377,0 -48.8902928,-27.0133267,0 -48.890322,-27.0134417,0 -48.8904048,-27.0135979,0 -48.8904487,-27.0137758,0 -48.890372,-27.0138115,0 -48.8903261,-27.0139269,0 -48.8902492,-27.0139731,0 -48.8902401,-27.0140173,0 -48.8902687,-27.0141413,0 -48.8902128,-27.0142497,0 -48.8911095,-27.0156019,0 -48.8912997,-27.0157116,0 -48.8914005,-27.0158711,0 -48.8915348,-27.0160207,0 -48.8915571,-27.0163896,0 -48.8914788,-27.0165092,0 -48.8916914,-27.0165092,0 -48.8919712,-27.016569,0 -48.8919488,-27.0184334,0 -48.8895875,-27.0210655,0 -48.890673,-27.0213247,0 -48.8916131,-27.0221322,0 -48.889677,-27.0251131,0 -48.8904156,-27.025143,0 -48.890908,-27.0257013,0 -48.89149,-27.0259804,0 -48.8917586,-27.0260103,0 -48.8918929,-27.0260601,0 -48.8918941,-27.0263204,0 -48.892344,-27.0268357,0 -48.8926783,-27.0276144,0 -48.8937969,-27.0287245,0 -48.8942061,-27.0294101,0 -48.894625,-27.0293623,0 -48.8949611,-27.029588,0 -48.8953216,-27.0300913,0 -48.8958088,-27.0301434,0 -48.8951365,-27.0304992,0 -48.8948735,-27.0308073,0 -48.8946689,-27.0311327,0 -48.894362,-27.0314148,0 -48.8942694,-27.0317402,0 -48.8936605,-27.0322826,0 -48.8933828,-27.0323737,0 -48.8931636,-27.0323607,0 -48.893037,-27.0321915,0 -48.8925937,-27.0322305,0 -48.8918094,-27.0322392,0 -48.8913954,-27.0326861,0 -48.8910349,-27.0326905,0 -48.8901211,-27.0335083,0 -48.8895726,-27.0335095,0 -48.8893021,-27.0336892,0 -48.889072,-27.0341022,0 -48.8884248,-27.0342412,0 -48.8878387,-27.0346024,0 -48.8839577,-27.0345685,0 -48.8837973,-27.0348971,0 -48.8815424,-27.0353314,0 -48.8800095,-27.0354739,0 -48.8801651,-27.0379071,0 -48.8801507,-27.0380801,0 -48.8801198,-27.0382335,0 -48.8800432,-27.0384796,0 -48.8800049,-27.0387039,0 -48.8799476,-27.0388941,0 -48.8798604,-27.0390286,0 -48.879688,-27.0391766,0 -48.8796307,-27.0391959,0 -48.8795763,-27.0392184,0 -48.8795307,-27.0392315,0 -48.8794842,-27.0392348,0 -48.879434,-27.0392307,0 -48.8793965,-27.0392202,0 -48.879357,-27.0392181,0 -48.8793182,-27.0392267,0 -48.8792308,-27.0392373,0 -48.8792026,-27.0392464,0 -48.8791541,-27.039277,0 -48.8791202,-27.0393044,0 -48.8790868,-27.0393456,0 -48.8790714,-27.0393714,0 -48.8790469,-27.039436,0 -48.8790405,-27.0394747,0 -48.8790931,-27.0396329,0 -48.8791049,-27.0396587,0 -48.8791221,-27.0396749,0 -48.879142,-27.0396951,0 -48.8791502,-27.0397136,0 -48.8791393,-27.0397419,0 -48.8791013,-27.0397951,0 -48.8790605,-27.0398484,0 -48.8790143,-27.0399259,0 -48.8789409,-27.040076,0 -48.8789297,-27.0400977,0 -48.8788584,-27.0402721,0 -48.8787398,-27.0405685,0 -48.8786586,-27.040655,0 -48.8785277,-27.0407744,0 -48.8784046,-27.0409402,0 -48.8783462,-27.0409992,0 -48.8782484,-27.0411651,0 -48.87822,-27.0412339,0 -48.8781916,-27.041359,0 -48.8781759,-27.041484,0 -48.8781396,-27.0416456,0 -48.8780276,-27.0418508,0 -48.8779424,-27.0419688,0 -48.8778871,-27.0420588,0 -48.8778698,-27.0421122,0 -48.8778714,-27.0421656,0 -48.8778903,-27.0422175,0 -48.8779408,-27.0422695,0 -48.878108,-27.042396,0 -48.8786728,-27.042708,0 -48.8787265,-27.0427276,0 -48.8787848,-27.0427318,0 -48.8788227,-27.0427361,0 -48.8788558,-27.0427571,0 -48.8788969,-27.0427993,0 -48.8789489,-27.0428429,0 -48.878971,-27.0428681,0 -48.8789789,-27.0428906,0 -48.8789663,-27.04293,0 -48.8789205,-27.0430578,0 -48.8788937,-27.0430986,0 -48.8788495,-27.043093,0 -48.8788211,-27.0430705,0 -48.8787848,-27.043055,0 -48.8787486,-27.0430508,0 -48.8786965,-27.0430578,0 -48.8786744,-27.0430775,0 -48.8786602,-27.043107,0 -48.8786539,-27.0431506,0 -48.8786365,-27.0431998,0 -48.8786176,-27.0432363,0 -48.8785939,-27.0432489,0 -48.8785118,-27.043241,0 -48.8784017,-27.0432841,0 -48.8781935,-27.0433731,0 -48.8780603,-27.0434176,0 -48.8779625,-27.0434454,0 -48.8779208,-27.043438,0 -48.8778688,-27.0434324,0 -48.8778043,-27.0434417,0 -48.877746,-27.0434602,0 -48.877696,-27.0434584,0 -48.8776336,-27.0434677,0 -48.8775857,-27.0434955,0 -48.8775482,-27.0435233,0 -48.8774774,-27.043527,0 -48.8774337,-27.0435363,0 -48.8773775,-27.04354,0 -48.8773046,-27.0435307,0 -48.877213,-27.0435196,0 -48.8771339,-27.0435288,0 -48.8770278,-27.0435474,0 -48.8769424,-27.0435381,0 -48.8768737,-27.0435325,0 -48.8768196,-27.0435325,0 -48.8767967,-27.0435511,0 -48.8767717,-27.0435641,0 -48.8767072,-27.0435789,0 -48.8766468,-27.043603,0 -48.8765802,-27.0436419,0 -48.8765136,-27.0436883,0 -48.8764615,-27.0437068,0 -48.8764053,-27.0437402,0 -48.876345,-27.0437977,0 -48.8762992,-27.0438366,0 -48.8762429,-27.0438681,0 -48.8761867,-27.0438848,0 -48.8761451,-27.0438922,0 -48.8761035,-27.0439071,0 -48.8760598,-27.0439349,0 -48.8760389,-27.0439534,0 -48.8760348,-27.0439868,0 -48.8760355,-27.0440144,0 -48.8760285,-27.0440443,0 -48.8760098,-27.0440591,0 -48.8759827,-27.0440814,0 -48.8759328,-27.0441073,0 -48.8757941,-27.044303,0 -48.8752986,-27.0444206,0 -48.8746334,-27.0443728,0 -48.8740406,-27.044185,0 -48.8736115,-27.043927,0 -48.8731206,-27.0434746,0 -48.8727988,-27.0430732,0 -48.8724769,-27.0426145,0 -48.8721551,-27.042089,0 -48.8718546,-27.0417258,0 -48.8715757,-27.0413149,0 -48.8713504,-27.0408945,0 -48.8710285,-27.0405505,0 -48.8705779,-27.0401682,0 -48.870138,-27.0396522,0 -48.8697062,-27.0391968,0 -48.8693548,-27.0384863,0 -48.8688864,-27.0379878,0 -48.8686809,-27.0376052,0 -48.8678286,-27.0370085,0 -48.8674022,-27.0366611,0 -48.8670481,-27.0362788,0 -48.8666726,-27.0357246,0 -48.8662971,-27.0352085,0 -48.8659538,-27.0348263,0 -48.8654924,-27.0343962,0 -48.8649667,-27.0340426,0 -48.8646836,-27.0338535,0 -48.8645612,-27.0337902,0 -48.8641287,-27.0335661,0 -48.8637092,-27.0334486,0 -48.8631616,-27.0333101,0 -48.8627861,-27.0332145,0 -48.8622175,-27.0331476,0 -48.8614262,-27.0331443,0 -48.8611446,-27.0331476,0 -48.8607905,-27.0331285,0 -48.8602434,-27.0332241,0 -48.8596962,-27.0333292,0 -48.8585938,-27.0335457,0 -48.8578321,-27.033517,0 -48.8572849,-27.0334214,0 -48.8571132,-27.0332877,0 -48.8569067,-27.0329183,0 -48.8566733,-27.0324945,0 -48.8566519,-27.0322077,0 -48.8565661,-27.031835,0 -48.8565124,-27.0315292,0 -48.8563729,-27.0312425,0 -48.8561476,-27.0310132,0 -48.8558365,-27.0307073,0 -48.8554234,-27.0302486,0 -48.855182,-27.0298568,0 -48.8544042,-27.0290755,0 -48.8540662,-27.0287864,0 -48.8537444,-27.028471,0 -48.8533045,-27.0280887,0 -48.8529612,-27.0276395,0 -48.8524435,-27.0269834,0 -48.8519741,-27.0266265,0 -48.855,-27.025,0 -48.869,-27.012,0 -48.866,-27.003,0 -48.871,-26.999,0 -48.8788872,-26.998907,0 -48.8818755,-26.9998942,0 -48.883,-27.001,0 -48.888,-27.002,0 -48.8884388,-27.0025725,0 -48.8889664,-27.0032579,0</coordinates></LinearRing></outerBoundaryIs></Polygon></Placemark>
<Placemark><name>Zantão</name><styleUrl>#ba</styleUrl><Polygon><outerBoundaryIs><LinearRing><coordinates>-48.9215274,-27.1639915,0 -48.9212451,-27.1639328,0 -48.9204236,-27.1629662,0 -48.9201515,-27.1628737,0 -48.9202895,-27.1626052,0 -48.9202919,-27.1623325,0 -48.92001,-27.1620088,0 -48.9200068,-27.1617292,0 -48.9199116,-27.161602,0 -48.9195092,-27.1614201,0 -48.9194168,-27.1610498,0 -48.919327,-27.1608691,0 -48.9190536,-27.1606891,0 -48.9185974,-27.1607336,0 -48.9185533,-27.1605548,0 -48.9183712,-27.1604211,0 -48.9183707,-27.1601933,0 -48.9180491,-27.160139,0 -48.9178674,-27.15996,0 -48.9177267,-27.1603298,0 -48.9172287,-27.1607784,0 -48.9167748,-27.1607812,0 -48.9165949,-27.160596,0 -48.9159588,-27.1605973,0 -48.9157282,-27.1603249,0 -48.9157261,-27.1600473,0 -48.9155932,-27.1599622,0 -48.9155931,-27.1597308,0 -48.9153195,-27.1590542,0 -48.9150387,-27.1586842,0 -48.9134978,-27.1586407,0 -48.9131792,-27.1585014,0 -48.9129487,-27.1585004,0 -48.9122507,-27.1591835,0 -48.9119915,-27.1591801,0 -48.9116377,-27.1589805,0 -48.9115769,-27.1586863,0 -48.9113898,-27.1586342,0 -48.9106746,-27.1582337,0 -48.9105402,-27.1582293,0 -48.9104513,-27.158105,0 -48.9097599,-27.1580032,0 -48.9095798,-27.1577781,0 -48.909312,-27.157773,0 -48.9092484,-27.157865,0 -48.9083944,-27.157815,0 -48.9079768,-27.1574537,0 -48.9076273,-27.1574967,0 -48.9073988,-27.157683,0 -48.9072622,-27.1576851,0 -48.9068027,-27.1571442,0 -48.9063931,-27.1570858,0 -48.9062142,-27.1568712,0 -48.9058936,-27.1568601,0 -48.9054717,-27.1564475,0 -48.904735,-27.1564536,0 -48.9045609,-27.1565883,0 -48.9018883,-27.1612823,0 -48.9018354,-27.1615174,0 -48.9015183,-27.161785,0 -48.9015183,-27.1619189,0 -48.9012378,-27.1625085,0 -48.9012419,-27.1629281,0 -48.9009843,-27.1633449,0 -48.9008663,-27.1632518,0 -48.9007376,-27.163173,0 -48.9004426,-27.1630752,0 -48.8998766,-27.1629177,0 -48.899603,-27.1628532,0 -48.8993794,-27.1628389,0 -48.8992218,-27.1628496,0 -48.8990367,-27.162889,0 -48.8988362,-27.1629773,0 -48.8986659,-27.1631097,0 -48.8985077,-27.1632923,0 -48.8984312,-27.1634605,0 -48.8983856,-27.1636395,0 -48.8983826,-27.1638341,0 -48.8984202,-27.1641443,0 -48.8984527,-27.1643188,0 -48.8985435,-27.1648912,0 -48.8985865,-27.1651657,0 -48.8986186,-27.1655021,0 -48.8986133,-27.1657813,0 -48.8985811,-27.1660749,0 -48.8984926,-27.1664328,0 -48.89838,-27.166681,0 -48.8982807,-27.1668599,0 -48.8981165,-27.1671289,0 -48.8980715,-27.1672036,0 -48.8980205,-27.1672871,0 -48.8977174,-27.1677859,0 -48.8974117,-27.1682106,0 -48.8971488,-27.1685304,0 -48.8969289,-27.1687738,0 -48.8964836,-27.1692272,0 -48.8962945,-27.1694157,0 -48.8961711,-27.1695839,0 -48.8960776,-27.1697294,0 -48.8959837,-27.1698977,0 -48.895906,-27.170116,0 -48.8958067,-27.1705562,0 -48.8954165,-27.1725878,0 -48.895282,-27.173236,0 -48.8952552,-27.1733935,0 -48.8952337,-27.1735844,0 -48.8952391,-27.1737562,0 -48.8952552,-27.173928,0 -48.8953034,-27.1741093,0 -48.8953839,-27.1743146,0 -48.8955073,-27.1745007,0 -48.8956682,-27.174682,0 -48.8962208,-27.1752404,0 -48.89643,-27.1754694,0 -48.8965963,-27.1756985,0 -48.8966714,-27.175856,0 -48.8967046,-27.1759757,0 -48.8967186,-27.1761543,0 -48.8967046,-27.1762665,0 -48.8966719,-27.1763768,0 -48.8966098,-27.1765063,0 -48.8969538,-27.17691,0 -48.8972246,-27.1767272,0 -48.8979578,-27.1767272,0 -48.8987237,-27.1762785,0 -48.900197,-27.1761785,0 -48.9004166,-27.1759181,0 -48.9013354,-27.1759615,0 -48.9015711,-27.1772201,0 -48.9015549,-27.1780447,0 -48.9010264,-27.1785872,0 -48.9010182,-27.1793973,0 -48.9023073,-27.1805426,0 -48.9056279,-27.1804997,0 -48.9057674,-27.1806524,0 -48.906203,-27.1806495,0 -48.9065678,-27.180597,0 -48.907115,-27.1803727,0 -48.9074476,-27.1803202,0 -48.907689,-27.1802057,0 -48.9079679,-27.1801389,0 -48.9081664,-27.1800482,0 -48.9083166,-27.1800148,0 -48.9085419,-27.1800148,0 -48.9090301,-27.1798001,0 -48.9092447,-27.1798049,0 -48.9094539,-27.1797762,0 -48.9098562,-27.1797762,0 -48.9101244,-27.1796712,0 -48.9105053,-27.1802009,0 -48.9119251,-27.1795409,0 -48.911918,-27.1792985,0 -48.9119746,-27.1792607,0 -48.9120843,-27.1792292,0 -48.9121091,-27.179182,0 -48.9121905,-27.1792513,0 -48.9122542,-27.1792765,0 -48.9123108,-27.179267,0 -48.9123851,-27.1792418,0 -48.9124595,-27.1792103,0 -48.9127178,-27.1792135,0 -48.9127709,-27.1792418,0 -48.9128629,-27.1792544,0 -48.9129798,-27.1792192,0 -48.9132437,-27.1791611,0 -48.9133978,-27.1791112,0 -48.9135052,-27.1791195,0 -48.913692,-27.1790219,0 -48.9137947,-27.178999,0 -48.914542,-27.1782353,0 -48.9140826,-27.1774577,0 -48.9135785,-27.1771793,0 -48.9132654,-27.1767742,0 -48.9127654,-27.17655,0 -48.9125377,-27.1762751,0 -48.9132489,-27.1758273,0 -48.9132408,-27.1757261,0 -48.913192,-27.1756863,0 -48.913192,-27.1755814,0 -48.9130661,-27.1752205,0 -48.9130224,-27.1752484,0 -48.9129574,-27.175176,0 -48.9127988,-27.1749952,0 -48.9127216,-27.1749048,0 -48.9126809,-27.1748361,0 -48.9126728,-27.1747637,0 -48.912689,-27.1746914,0 -48.9128232,-27.174653,0 -48.9130204,-27.1745927,0 -48.9131097,-27.1745653,0 -48.9131528,-27.1744748,0 -48.9131744,-27.174272,0 -48.9131498,-27.1742062,0 -48.9130789,-27.1741624,0 -48.912968,-27.1741185,0 -48.913006,-27.1721804,0 -48.9131197,-27.1722522,0 -48.913323,-27.1723673,0 -48.9135325,-27.1722796,0 -48.9137729,-27.1722029,0 -48.9142412,-27.172159,0 -48.9149806,-27.172,0 -48.914956,-27.171863,0 -48.9149005,-27.1717314,0 -48.9148512,-27.1716546,0 -48.9148143,-27.1715889,0 -48.9148081,-27.1715286,0 -48.9148697,-27.1713641,0 -48.9149005,-27.1712325,0 -48.9150484,-27.1710023,0 -48.9149991,-27.1705253,0 -48.914235,-27.169259,0 -48.9135017,-27.1685518,0 -48.9135079,-27.1683489,0 -48.9139208,-27.1674663,0 -48.914272,-27.1670606,0 -48.914463,-27.1670167,0 -48.91485,-27.1666281,0 -48.9152764,-27.1669885,0 -48.9155017,-27.1671508,0 -48.9157377,-27.1672701,0 -48.9158825,-27.1673179,0 -48.9160542,-27.1673513,0 -48.9162366,-27.1673465,0 -48.9164244,-27.1673083,0 -48.9165638,-27.1672606,0 -48.9166765,-27.1671938,0 -48.9167784,-27.1671031,0 -48.9169501,-27.1669122,0 -48.9171593,-27.1666974,0 -48.9174007,-27.1664779,0 -48.9176743,-27.1662679,0 -48.9180927,-27.1659911,0 -48.9184145,-27.1657667,0 -48.9186935,-27.1655377,0 -48.9196505,-27.1646854,0 -48.9198416,-27.1645468,0 -48.9200186,-27.164465,0 -48.920231,-27.1644209,0 -48.9206223,-27.1644011,0 -48.9208567,-27.1643644,0 -48.9210361,-27.164315,0 -48.9211714,-27.1642633,0 -48.9213484,-27.1641598,0 -48.9215274,-27.1639915,0</coordinates></LinearRing></outerBoundaryIs></Polygon></Placemark>
<Placemark><name>São João</name><styleUrl>#ba</styleUrl><Polygon><outerBoundaryIs><LinearRing><coordinates>-48.968898,-27.1700406,0 -48.9688909,-27.1713217,0 -48.9689112,-27.1713542,0 -48.968899,-27.1714193,0 -48.9689823,-27.171526,0 -48.9690453,-27.1715296,0 -48.9691003,-27.171526,0 -48.9690884,-27.1725859,0 -48.9698161,-27.1729023,0 -48.9705967,-27.1729023,0 -48.9708142,-27.173273,0 -48.9706882,-27.1734014,0 -48.9706848,-27.1736791,0 -48.9697293,-27.1745841,0 -48.9697262,-27.174817,0 -48.9701021,-27.1748746,0 -48.9702477,-27.1748789,0 -48.9704583,-27.1749623,0 -48.9704954,-27.1750977,0 -48.9705485,-27.175145,0 -48.9705485,-27.175189,0 -48.9706918,-27.1754913,0 -48.970683,-27.1756975,0 -48.9706777,-27.1757778,0 -48.9707113,-27.1758282,0 -48.9708069,-27.1758597,0 -48.9708387,-27.1759242,0 -48.9708953,-27.1759903,0 -48.9709237,-27.1760486,0 -48.97093,-27.1761186,0 -48.970873,-27.1762147,0 -48.9707758,-27.176303,0 -48.9705069,-27.1764443,0 -48.9703205,-27.1765028,0 -48.9702541,-27.1765106,0 -48.9700328,-27.176578,0 -48.9699101,-27.176649,0 -48.9698531,-27.1766895,0 -48.9697244,-27.1767569,0 -48.9696251,-27.1768035,0 -48.9695232,-27.1768202,0 -48.969485,-27.1768243,0 -48.9695158,-27.176884,0 -48.96954,-27.1769603,0 -48.9695339,-27.1770623,0 -48.969542,-27.1771834,0 -48.9695415,-27.1774438,0 -48.9695235,-27.1775153,0 -48.9695076,-27.1775286,0 -48.9694699,-27.1775645,0 -48.9693864,-27.1775918,0 -48.9693357,-27.177603,0 -48.9692952,-27.1776256,0 -48.969276,-27.1776581,0 -48.9692629,-27.1776914,0 -48.9692412,-27.1778425,0 -48.9692151,-27.178106,0 -48.9692213,-27.1782193,0 -48.969193,-27.178276,0 -48.969154,-27.1783217,0 -48.9690894,-27.1783681,0 -48.9689328,-27.1784437,0 -48.9688789,-27.1784948,0 -48.9688143,-27.1785657,0 -48.9687744,-27.1785869,0 -48.9687152,-27.1785822,0 -48.9686515,-27.1785594,0 -48.9686019,-27.1785255,0 -48.9685232,-27.1784909,0 -48.9682745,-27.1783335,0 -48.9682029,-27.1783091,0 -48.9681737,-27.1783028,0 -48.9681188,-27.1783146,0 -48.9680755,-27.17835,0 -48.9680418,-27.1784098,0 -48.9679029,-27.1785964,0 -48.9677932,-27.1788136,0 -48.9676685,-27.178886,0 -48.9676118,-27.1789088,0 -48.967457,-27.1790364,0 -48.9673349,-27.1790175,0 -48.9672154,-27.1790206,0 -48.9671393,-27.1790096,0 -48.9671048,-27.1789978,0 -48.9670137,-27.1788837,0 -48.966835,-27.178801,0 -48.966627,-27.1787664,0 -48.9664642,-27.1787577,0 -48.9663731,-27.1787664,0 -48.9663182,-27.1787617,0 -48.9662581,-27.1787459,0 -48.9659139,-27.1785885,0 -48.9658006,-27.1785082,0 -48.9656706,-27.178446,0 -48.9655688,-27.1784397,0 -48.965368,-27.1784689,0 -48.9652096,-27.1785263,0 -48.9650229,-27.1786515,0 -48.9648999,-27.1788262,0 -48.9623135,-27.1786818,0 -48.9617019,-27.1778085,0 -48.9614176,-27.1777895,0 -48.9612084,-27.1778276,0 -48.9610475,-27.1779374,0 -48.9609187,-27.1780376,0 -48.9604252,-27.1775413,0 -48.9602804,-27.1775127,0 -48.9591217,-27.1770307,0 -48.9585369,-27.1766871,0 -48.9578503,-27.1772502,0 -48.9574694,-27.1777751,0 -48.9570134,-27.1780472,0 -48.9569705,-27.1782619,0 -48.9568847,-27.1783239,0 -48.9567345,-27.1780758,0 -48.9561426,-27.1775545,0 -48.955776,-27.1764966,0 -48.9556035,-27.1762334,0 -48.9555973,-27.1753618,0 -48.9560102,-27.1749479,0 -48.9557852,-27.1747259,0 -48.9559135,-27.174171,0 -48.9553391,-27.1728333,0 -48.9550869,-27.1727543,0 -48.9547647,-27.1725965,0 -48.9544658,-27.1725258,0 -48.9536766,-27.1721893,0 -48.953345,-27.1720896,0 -48.9527893,-27.1716284,0 -48.953275,-27.1712545,0 -48.9527239,-27.1708972,0 -48.9524531,-27.1703405,0 -48.9523643,-27.1698959,0 -48.9523881,-27.1680328,0 -48.9516521,-27.1680129,0 -48.9510451,-27.1674784,0 -48.9511838,-27.1672098,0 -48.9513224,-27.1672043,0 -48.9514518,-27.166974,0 -48.9516398,-27.166974,0 -48.9524501,-27.1662997,0 -48.9524593,-27.165883,0 -48.9521851,-27.1656117,0 -48.9522282,-27.1651539,0 -48.95241,-27.1648798,0 -48.9528691,-27.1646495,0 -48.9536825,-27.1645618,0 -48.9539105,-27.1644247,0 -48.9555003,-27.1644713,0 -48.9555048,-27.1632529,0 -48.9555638,-27.1619785,0 -48.9555257,-27.1609262,0 -48.9555453,-27.1605016,0 -48.9553446,-27.1596126,0 -48.9550774,-27.1593985,0 -48.9542987,-27.158972,0 -48.9543171,-27.1589405,0 -48.954328,-27.1589052,0 -48.9543324,-27.1588601,0 -48.9543373,-27.158774,0 -48.9543472,-27.1587393,0 -48.9543749,-27.1586907,0 -48.9544707,-27.1585501,0 -48.9545957,-27.1583991,0 -48.9546348,-27.1582992,0 -48.9546459,-27.1582054,0 -48.954637,-27.1581149,0 -48.9546364,-27.1580551,0 -48.9546469,-27.1580271,0 -48.9547267,-27.1578732,0 -48.9547687,-27.1577593,0 -48.9548096,-27.1576022,0 -48.9548212,-27.1575885,0 -48.9548604,-27.1575678,0 -48.9549251,-27.1574994,0 -48.9549807,-27.1575909,0 -48.9550209,-27.1576433,0 -48.9551022,-27.1577327,0 -48.9552223,-27.1578433,0 -48.9553037,-27.1579502,0 -48.9555324,-27.1581339,0 -48.9558561,-27.1583722,0 -48.9558599,-27.1584805,0 -48.9558795,-27.158526,0 -48.9559168,-27.158566,0 -48.9561353,-27.1586962,0 -48.9562,-27.1587301,0 -48.9562577,-27.1587829,0 -48.9563296,-27.1588443,0 -48.9563992,-27.1588671,0 -48.9564582,-27.1588641,0 -48.9565152,-27.1588254,0 -48.9565641,-27.1587495,0 -48.9565918,-27.158661,0 -48.9566305,-27.1585906,0 -48.9566921,-27.158539,0 -48.9567566,-27.1585155,0 -48.9568086,-27.1585198,0 -48.9568481,-27.1585345,0 -48.956889,-27.1585573,0 -48.9569499,-27.1586906,0 -48.9569771,-27.1587969,0 -48.9569696,-27.1588657,0 -48.9569438,-27.1589019,0 -48.956914,-27.1589433,0 -48.9569085,-27.1590076,0 -48.9569473,-27.1590372,0 -48.9582497,-27.158687,0 -48.9591968,-27.1586846,0 -48.9598786,-27.1592745,0 -48.9614927,-27.1592515,0 -48.962054,-27.1593485,0 -48.9621622,-27.1593924,0 -48.9624305,-27.1596227,0 -48.9625686,-27.1596859,0 -48.9627698,-27.1597516,0 -48.963042,-27.1597885,0 -48.9631278,-27.1597969,0 -48.963219,-27.159952,0 -48.9633934,-27.1603732,0 -48.9635784,-27.1609347,0 -48.9634849,-27.1613308,0 -48.9634145,-27.162582,0 -48.9633716,-27.1629948,0 -48.963326,-27.1630903,0 -48.963275,-27.1631475,0 -48.9625428,-27.163842,0 -48.9627949,-27.1642453,0 -48.9628217,-27.1644147,0 -48.9629183,-27.1647488,0 -48.9632294,-27.1652404,0 -48.9633689,-27.1655554,0 -48.963444,-27.1656127,0 -48.9637256,-27.1657272,0 -48.9637686,-27.165794,0 -48.9638383,-27.1658561,0 -48.9639295,-27.1659086,0 -48.9640556,-27.1659444,0 -48.9643399,-27.1659706,0 -48.9644874,-27.1659706,0 -48.9645464,-27.1659396,0 -48.9646081,-27.1659277,0 -48.9646698,-27.1659348,0 -48.9647395,-27.1659825,0 -48.9648736,-27.1659921,0 -48.9650828,-27.1659253,0 -48.9652894,-27.1660374,0 -48.9653725,-27.1660684,0 -48.9654691,-27.1660732,0 -48.9654798,-27.1661615,0 -48.9657185,-27.1664861,0 -48.9671231,-27.1679337,0 -48.9674797,-27.1679737,0 -48.9671961,-27.1683729,0 -48.9670405,-27.1688024,0 -48.9670405,-27.1698906,0 -48.967299,-27.1699202,0 -48.9674084,-27.1699188,0 -48.9674983,-27.16997,0 -48.9676886,-27.1701072,0 -48.9677785,-27.1701552,0 -48.9678828,-27.1701648,0 -48.9680302,-27.1701584,0 -48.9681884,-27.1701456,0 -48.9683151,-27.1701562,0 -48.9684005,-27.1701488,0 -48.9684796,-27.1701456,0 -48.968613,-27.1701538,0 -48.9687217,-27.1701262,0 -48.9688187,-27.1700783,0 -48.968898,-27.1700406,0</coordinates></LinearRing></outerBoundaryIs></Polygon></Placemark>
<Placemark><name>Paquetá</name><styleUrl>#ba</styleUrl><Polygon><outerBoundaryIs><LinearRing><coordinates>-48.930207,-27.1359789,0 -48.9301203,-27.1360529,0 -48.9300734,-27.1363268,0 -48.9300348,-27.1365417,0 -48.9300008,-27.1366646,0 -48.9299951,-27.1367564,0 -48.9302259,-27.1374495,0 -48.9302866,-27.1376625,0 -48.930258,-27.1379473,0 -48.9302077,-27.1381822,0 -48.930194,-27.1382951,0 -48.9302387,-27.1383901,0 -48.93034,-27.1384915,0 -48.9307235,-27.1391968,0 -48.9308452,-27.1394814,0 -48.930896,-27.1396967,0 -48.9309101,-27.1397721,0 -48.9309074,-27.1399675,0 -48.9308762,-27.1400557,0 -48.9307778,-27.1402825,0 -48.9306198,-27.1407706,0 -48.9306274,-27.140837,0 -48.9306798,-27.1408783,0 -48.930869,-27.1410675,0 -48.9309195,-27.141136,0 -48.9309315,-27.1412308,0 -48.9309014,-27.1413585,0 -48.9306398,-27.1421908,0 -48.9307182,-27.1424157,0 -48.9308144,-27.142502,0 -48.9305623,-27.1427587,0 -48.9302847,-27.1429775,0 -48.9299448,-27.1433405,0 -48.9295379,-27.1444199,0 -48.929169,-27.144783,0 -48.9285329,-27.1447875,0 -48.9278518,-27.1443769,0 -48.9260648,-27.1443724,0 -48.9257549,-27.1442409,0 -48.9254403,-27.1442366,0 -48.925065,-27.144101,0 -48.9247044,-27.1437327,0 -48.9247045,-27.1430602,0 -48.923436,-27.1435531,0 -48.9224356,-27.1442343,0 -48.9224465,-27.1442902,0 -48.9224209,-27.1443545,0 -48.9224142,-27.1444582,0 -48.9223279,-27.1446515,0 -48.9222732,-27.1447177,0 -48.9228655,-27.1452512,0 -48.9224792,-27.145251,0 -48.9226644,-27.1454785,0 -48.9227284,-27.1456429,0 -48.9227258,-27.1456652,0 -48.922678,-27.1456818,0 -48.9226606,-27.1457209,0 -48.922662,-27.1458322,0 -48.9227019,-27.1460153,0 -48.9226964,-27.1461734,0 -48.9226866,-27.1464603,0 -48.9226284,-27.1465526,0 -48.9226104,-27.1465881,0 -48.9225763,-27.1466121,0 -48.9225357,-27.146618,0 -48.9224922,-27.1466317,0 -48.9224568,-27.1466637,0 -48.9224466,-27.1466887,0 -48.9224356,-27.1467273,0 -48.9223972,-27.1467881,0 -48.9223662,-27.1468084,0 -48.922326,-27.1468246,0 -48.9222953,-27.1468297,0 -48.9222196,-27.1468211,0 -48.9221556,-27.1468181,0 -48.9221244,-27.1468226,0 -48.9221144,-27.1468446,0 -48.9221151,-27.1469057,0 -48.9221286,-27.1469527,0 -48.9221407,-27.1469626,0 -48.9221727,-27.146979,0 -48.9221901,-27.1469971,0 -48.922187,-27.1470141,0 -48.9221735,-27.1470296,0 -48.9221229,-27.1470657,0 -48.9220881,-27.1471124,0 -48.9220829,-27.1472025,0 -48.9220909,-27.1472335,0 -48.9221549,-27.1472876,0 -48.9222226,-27.1473692,0 -48.9222851,-27.1474707,0 -48.9224342,-27.1476528,0 -48.9224667,-27.1477419,0 -48.9224735,-27.1482611,0 -48.9224691,-27.1482988,0 -48.9224212,-27.1484051,0 -48.9224175,-27.1484481,0 -48.9224602,-27.1485287,0 -48.9225062,-27.1485443,0 -48.9226852,-27.1485547,0 -48.9227231,-27.1485742,0 -48.9227344,-27.1485953,0 -48.922731,-27.1489592,0 -48.9227329,-27.1491722,0 -48.9227032,-27.1492587,0 -48.9225373,-27.1494076,0 -48.9224125,-27.1494812,0 -48.9223867,-27.1495031,0 -48.9223674,-27.1495867,0 -48.9224761,-27.1497734,0 -48.9224801,-27.1499131,0 -48.9224615,-27.1499517,0 -48.9224628,-27.1500285,0 -48.922584,-27.1501615,0 -48.922598,-27.150256,0 -48.9226426,-27.1503391,0 -48.9227421,-27.1504565,0 -48.92276,-27.1505936,0 -48.9228388,-27.1507538,0 -48.922885,-27.1508778,0 -48.9230171,-27.1510453,0 -48.9233987,-27.1513385,0 -48.9237206,-27.1514887,0 -48.9238284,-27.1515832,0 -48.923924,-27.1518743,0 -48.9240084,-27.1519602,0 -48.9240994,-27.1520194,0 -48.9242067,-27.1520677,0 -48.9243758,-27.1522519,0 -48.9245294,-27.152461,0 -48.9244383,-27.1526563,0 -48.9244525,-27.1528277,0 -48.9245849,-27.153068,0 -48.9248451,-27.1533585,0 -48.9249418,-27.1533663,0 -48.9250269,-27.1534653,0 -48.9250167,-27.1535405,0 -48.9249079,-27.1536717,0 -48.9247915,-27.1540794,0 -48.9234776,-27.1541707,0 -48.9223378,-27.1544446,0 -48.9221064,-27.1550384,0 -48.9215539,-27.1552216,0 -48.9205267,-27.1552205,0 -48.9197762,-27.1552152,0 -48.9196921,-27.1550877,0 -48.9196897,-27.1549444,0 -48.9193229,-27.1545196,0 -48.9179758,-27.1539365,0 -48.9160418,-27.1526591,0 -48.9163191,-27.1523521,0 -48.9163807,-27.1522068,0 -48.9164577,-27.1521026,0 -48.9164824,-27.1520012,0 -48.9165347,-27.1519244,0 -48.916544,-27.1518668,0 -48.9167073,-27.1516311,0 -48.9167288,-27.1515653,0 -48.9167288,-27.1514309,0 -48.9167412,-27.1513843,0 -48.9167843,-27.151335,0 -48.9169353,-27.1509101,0 -48.9171787,-27.1505948,0 -48.9172619,-27.1503809,0 -48.9172773,-27.1502576,0 -48.9172372,-27.1501643,0 -48.9170893,-27.150041,0 -48.9169938,-27.1499094,0 -48.9169137,-27.1495777,0 -48.9167319,-27.1491061,0 -48.9166765,-27.1490101,0 -48.9166025,-27.1489608,0 -48.9164885,-27.1489416,0 -48.9164146,-27.1488923,0 -48.916356,-27.1487853,0 -48.9163591,-27.1486674,0 -48.9163868,-27.1486099,0 -48.9164392,-27.1485605,0 -48.9164824,-27.1484728,0 -48.9164885,-27.1483686,0 -48.916507,-27.1483138,0 -48.9165717,-27.1482398,0 -48.9166179,-27.1481822,0 -48.9166241,-27.148078,0 -48.9165101,-27.1479766,0 -48.916393,-27.1478559,0 -48.9161897,-27.1477024,0 -48.9161404,-27.1476421,0 -48.9160418,-27.1475845,0 -48.9159,-27.1474557,0 -48.9156812,-27.1473147,0 -48.9156255,-27.147288,0 -48.9157033,-27.1470231,0 -48.9157409,-27.1467128,0 -48.9157704,-27.1463811,0 -48.9158884,-27.1461448,0 -48.9159903,-27.1459109,0 -48.9160869,-27.1453834,0 -48.9160815,-27.1450087,0 -48.916111,-27.1446626,0 -48.9161881,-27.1444856,0 -48.9164677,-27.1442927,0 -48.9166309,-27.1441069,0 -48.9168339,-27.1439309,0 -48.9170256,-27.1437079,0 -48.9171168,-27.1435026,0 -48.9172456,-27.1432281,0 -48.917326,-27.1430348,0 -48.9175352,-27.1428773,0 -48.9177659,-27.1427746,0 -48.9179912,-27.1426577,0 -48.9180797,-27.1424835,0 -48.9181119,-27.142283,0 -48.9181146,-27.1421135,0 -48.9182165,-27.1419536,0 -48.9183667,-27.1415383,0 -48.9183936,-27.1413306,0 -48.9184062,-27.1412734,0 -48.9183785,-27.1412478,0 -48.9183231,-27.1411835,0 -48.9181249,-27.1409063,0 -48.9180719,-27.1408276,0 -48.9180046,-27.1407362,0 -48.9179374,-27.1406543,0 -48.917863,-27.1405819,0 -48.9177,-27.1404262,0 -48.9180331,-27.140164,0 -48.9181176,-27.1400892,0 -48.9181565,-27.1400482,0 -48.9181742,-27.1400199,0 -48.9181813,-27.1399852,0 -48.9182275,-27.1396704,0 -48.9184172,-27.13939,0 -48.9185915,-27.139148,0 -48.9188527,-27.1386687,0 -48.9189719,-27.1384136,0 -48.9194267,-27.1376245,0 -48.9190541,-27.1369351,0 -48.9190574,-27.1364842,0 -48.919373,-27.136211,0 -48.9195593,-27.1356691,0 -48.9202878,-27.1355769,0 -48.9206014,-27.1352288,0 -48.9206007,-27.1348972,0 -48.9211396,-27.1344866,0 -48.9215562,-27.1344861,0 -48.9217449,-27.1351237,0 -48.9221632,-27.1355366,0 -48.9229681,-27.1355373,0 -48.9231158,-27.13507,0 -48.9247017,-27.1337631,0 -48.9256167,-27.1337596,0 -48.9261617,-27.1339408,0 -48.9265283,-27.1338921,0 -48.9269371,-27.1336629,0 -48.9269366,-27.1334846,0 -48.927302,-27.1332123,0 -48.9276749,-27.1333943,0 -48.9278568,-27.1334316,0 -48.9279579,-27.1336805,0 -48.9279655,-27.1338027,0 -48.9281545,-27.1342245,0 -48.9282014,-27.1344352,0 -48.9282374,-27.1345024,0 -48.9283218,-27.1345652,0 -48.9283774,-27.1346753,0 -48.9284776,-27.1347498,0 -48.9285857,-27.1347616,0 -48.9286641,-27.1347847,0 -48.9290666,-27.1350837,0 -48.929123,-27.1351521,0 -48.9291805,-27.1352485,0 -48.9293476,-27.1353096,0 -48.929464,-27.1353986,0 -48.9294713,-27.1354472,0 -48.9295318,-27.1355552,0 -48.9295597,-27.1356261,0 -48.9295812,-27.1356537,0 -48.9300346,-27.13579,0 -48.9300894,-27.1358339,0 -48.930207,-27.1359789,0</coordinates></LinearRing></outerBoundaryIs></Polygon></Placemark>
<Placemark><name>Planalto</name><styleUrl>#ba</styleUrl><Polygon><outerBoundaryIs><LinearRing><coordinates>-48.8770591,-27.0613274,0 -48.8770363,-27.0613326,0 -48.8769944,-27.0613421,0 -48.8769714,-27.0613428,0 -48.8766584,-27.0613519,0 -48.8764324,-27.0614347,0 -48.8762479,-27.0616087,0 -48.8761782,-27.0617329,0 -48.8761353,-27.0619622,0 -48.8761076,-27.0621351,0 -48.8760125,-27.0621405,0 -48.8752368,-27.0621424,0 -48.8724144,-27.0621492,0 -48.8720885,-27.0620428,0 -48.871275,-27.0617772,0 -48.8711535,-27.0617375,0 -48.8709059,-27.06175,0 -48.8702475,-27.0619454,0 -48.8700039,-27.0620571,0 -48.8694769,-27.0622989,0 -48.8694159,-27.0623541,0 -48.8693653,-27.0624273,0 -48.8692414,-27.0626928,0 -48.8658695,-27.0640422,0 -48.8653724,-27.06399,0 -48.8635278,-27.0632691,0 -48.8631522,-27.0633526,0 -48.8618736,-27.0641276,0 -48.8611355,-27.064223,0 -48.8605979,-27.0647647,0 -48.8601345,-27.0649587,0 -48.859691,-27.0649478,0 -48.8576241,-27.0667784,0 -48.8572151,-27.0667749,0 -48.8570798,-27.0666841,0 -48.8568546,-27.0666835,0 -48.8568082,-27.066548,0 -48.856628,-27.0665462,0 -48.8558516,-27.0665931,0 -48.8549424,-27.0665923,0 -48.8546224,-27.0665015,0 -48.8549916,-27.066217,0 -48.8554375,-27.0641874,0 -48.8568249,-27.0631158,0 -48.8573487,-27.0622523,0 -48.8573663,-27.0614497,0 -48.8570368,-27.0603077,0 -48.8579058,-27.0592233,0 -48.8578522,-27.058982,0 -48.857305,-27.0584804,0 -48.8567122,-27.0583467,0 -48.8560792,-27.0583419,0 -48.8554436,-27.0578021,0 -48.8550734,-27.0576587,0 -48.8548535,-27.0573458,0 -48.8548562,-27.0571595,0 -48.8551217,-27.0569254,0 -48.8549849,-27.0563354,0 -48.8544374,-27.0557447,0 -48.8541689,-27.0555201,0 -48.8541222,-27.0552352,0 -48.8541222,-27.0547923,0 -48.8543533,-27.0543764,0 -48.8543008,-27.0538668,0 -48.8539801,-27.053465,0 -48.8534896,-27.0529104,0 -48.853545,-27.0528652,0 -48.8537288,-27.0527693,0 -48.8539093,-27.0526819,0 -48.8540297,-27.0525972,0 -48.8542071,-27.0525464,0 -48.8543845,-27.0524787,0 -48.8544446,-27.0523687,0 -48.8546189,-27.0523659,0 -48.8547741,-27.0524392,0 -48.8548818,-27.0524421,0 -48.854961,-27.0524223,0 -48.8550592,-27.0524082,0 -48.8550908,-27.0523123,0 -48.855075,-27.0521769,0 -48.8550497,-27.0520923,0 -48.85498,-27.0520838,0 -48.8548754,-27.0521628,0 -48.8547836,-27.0521402,0 -48.8547994,-27.0520104,0 -48.8548754,-27.0519681,0 -48.8548976,-27.0518327,0 -48.8548818,-27.0517481,0 -48.8548818,-27.0516606,0 -48.8549388,-27.0515365,0 -48.8550085,-27.0514293,0 -48.855037,-27.051308,0 -48.8549705,-27.0512403,0 -48.8550085,-27.0511274,0 -48.85498,-27.0510372,0 -48.8549039,-27.0509018,0 -48.8549103,-27.0507353,0 -48.8548374,-27.0506422,0 -48.8547076,-27.0505096,0 -48.8547107,-27.0504278,0 -48.8546759,-27.0503686,0 -48.8546442,-27.0503996,0 -48.8545808,-27.0503827,0 -48.8546157,-27.0502755,0 -48.8545682,-27.0502219,0 -48.8545333,-27.0501401,0 -48.8546189,-27.0499821,0 -48.8547519,-27.0499228,0 -48.8548944,-27.0499369,0 -48.8550465,-27.0499539,0 -48.8551985,-27.0497677,0 -48.8551479,-27.0495307,0 -48.8551479,-27.0493868,0 -48.8552302,-27.049336,0 -48.8553062,-27.0493727,0 -48.8554013,-27.0494686,0 -48.8554931,-27.0494912,0 -48.8556705,-27.0493755,0 -48.8557814,-27.0493896,0 -48.8559176,-27.0492994,0 -48.8559873,-27.0490962,0 -48.8558796,-27.0490116,0 -48.8557054,-27.0490539,0 -48.855623,-27.0489637,0 -48.855623,-27.0487154,0 -48.8556072,-27.0485066,0 -48.8555375,-27.0484333,0 -48.8553952,-27.0483289,0 -48.8551444,-27.0483773,0 -48.8549673,-27.0483345,0 -48.8547677,-27.0482302,0 -48.8547234,-27.0481004,0 -48.8547582,-27.0479875,0 -48.8547361,-27.047807,0 -48.8548179,-27.0477688,0 -48.8548403,-27.0476172,0 -48.8549299,-27.0474936,0 -48.8549702,-27.0473539,0 -48.8550016,-27.0471385,0 -48.8551405,-27.0470267,0 -48.8551763,-27.0468432,0 -48.8552973,-27.0467036,0 -48.8553689,-27.0465879,0 -48.8554003,-27.0464442,0 -48.8553934,-27.0463239,0 -48.8555123,-27.0462088,0 -48.8558438,-27.0459216,0 -48.8560185,-27.0458178,0 -48.8561887,-27.0456902,0 -48.8563903,-27.045746,0 -48.8564888,-27.0458418,0 -48.8566367,-27.0458378,0 -48.856789,-27.0458577,0 -48.8569783,-27.045874,0 -48.8575928,-27.0459981,0 -48.8576784,-27.045857,0 -48.8577956,-27.0456906,0 -48.8579254,-27.0456088,0 -48.858163,-27.0453944,0 -48.8582105,-27.0452815,0 -48.8582707,-27.0451404,0 -48.8584259,-27.0448922,0 -48.8585051,-27.044816,0 -48.8586825,-27.0448329,0 -48.8589676,-27.0448894,0 -48.8590848,-27.0448583,0 -48.8592938,-27.0447596,0 -48.8594997,-27.0446467,0 -48.8595948,-27.0445536,0 -48.8596233,-27.0444887,0 -48.859636,-27.0442941,0 -48.8596581,-27.0440402,0 -48.8596195,-27.0439498,0 -48.8596829,-27.0438624,0 -48.8598381,-27.0438483,0 -48.8599584,-27.0438821,0 -48.8600281,-27.0438342,0 -48.8601422,-27.0438849,0 -48.8602214,-27.0438708,0 -48.8603829,-27.0438116,0 -48.8604621,-27.0439019,0 -48.8605856,-27.0438539,0 -48.8606616,-27.0439357,0 -48.8608232,-27.0439921,0 -48.8609256,-27.0439598,0 -48.8609969,-27.0438943,0 -48.8613849,-27.0436503,0 -48.8614773,-27.0435845,0 -48.8615517,-27.0435901,0 -48.8616119,-27.043569,0 -48.8619414,-27.0436169,0 -48.8624767,-27.0436874,0 -48.8626446,-27.0436931,0 -48.8626794,-27.0436621,0 -48.8626699,-27.0436197,0 -48.8625415,-27.040347,0 -48.862532,-27.0400846,0 -48.8626936,-27.040031,0 -48.8628583,-27.0399661,0 -48.8630009,-27.0398025,0 -48.8630104,-27.0396388,0 -48.8630262,-27.0395457,0 -48.8631012,-27.0394732,0 -48.8631607,-27.0394464,0 -48.8633144,-27.0394385,0 -48.8636027,-27.0394357,0 -48.8638094,-27.039266,0 -48.8639784,-27.0391203,0 -48.864138,-27.0392305,0 -48.8644546,-27.039463,0 -48.8645907,-27.0395629,0 -48.8648612,-27.0397614,0 -48.8658391,-27.0404787,0 -48.866257,-27.0407914,0 -48.8663734,-27.0408705,0 -48.8679465,-27.0420094,0 -48.8687311,-27.0425739,0 -48.8688196,-27.0426372,0 -48.8689779,-27.0427602,0 -48.869081,-27.0428401,0 -48.8692676,-27.0430003,0 -48.869344,-27.043066,0 -48.8693936,-27.0431197,0 -48.8695117,-27.0432583,0 -48.8695854,-27.0433646,0 -48.8696444,-27.0434686,0 -48.8697436,-27.0436489,0 -48.8701018,-27.0443233,0 -48.870671,-27.0452937,0 -48.8707604,-27.045482,0 -48.8708661,-27.0457608,0 -48.8709271,-27.0460396,0 -48.8709596,-27.0463003,0 -48.8709677,-27.0465248,0 -48.8709271,-27.0468108,0 -48.8708295,-27.0471621,0 -48.8706872,-27.0476545,0 -48.8704962,-27.0483171,0 -48.8703986,-27.0488132,0 -48.870362,-27.0491209,0 -48.8703783,-27.0495808,0 -48.870427,-27.0498777,0 -48.8705775,-27.0503628,0 -48.8707401,-27.050714,0 -48.8709352,-27.0510182,0 -48.8722184,-27.0529428,0 -48.8726991,-27.0535657,0 -48.8735988,-27.0548402,0 -48.8738176,-27.0551749,0 -48.8743502,-27.0559919,0 -48.8746368,-27.0564227,0 -48.8748848,-27.0568427,0 -48.8751665,-27.0573707,0 -48.8770591,-27.0613274,0</coordinates></LinearRing></outerBoundaryIs></Polygon></Placemark>
<Placemark><name>Cedro Grande</name><styleUrl>#ba</styleUrl><Polygon><outerBoundaryIs><LinearRing><coordinates>-48.9565746288174,-27.181982379887575,0 -48.95602585976448,-27.182426753013345,0 -48.955878587104685,-27.182796032745706,0 -48.9556638367895,-27.18314767753525,0 -48.955639306822,-27.1835646995375,0 -48.95555523287086,-27.183961256748614,0 -48.9553850123961,-27.184328206088306,0 -48.95507066383288,-27.184645619756285,0 -48.954872854128546,-27.185003086898345,0 -48.95475964138484,-27.185389629339422,0 -48.954603969302845,-27.18576157884539,0 -48.95448158113254,-27.186144967765706,0 -48.954244828679265,-27.186489050596297,0 -48.954334924929846,-27.186945468713265,0 -48.95419372134884,-27.18732239092735,0 -48.954156554658645,-27.18773506978904,0 -48.954038679322196,-27.188120009734266,0 -48.954036826559445,-27.188544825710487,0 -48.95410775078812,-27.188994654556804,0 -48.953954544449104,-27.18936745151892,0 -48.953791449125085,-27.189736849715953,0 -48.95347049354567,-27.19005199260529,0 -48.95316769133311,-27.19037337466168,0 -48.95294729383651,-27.190723078560126,0 -48.9528570118458,-27.191117502117677,0 -48.95271093958586,-27.19149275100574,0 -48.95250564095958,-27.19184764426519,0 -48.952433881442815,-27.192248433848956,0 -48.95237228391582,-27.192652716027354,0 -48.95221115497155,-27.19302279005339,0 -48.952157212282486,-27.193429703138392,0 -48.952001121626004,-27.19380150878365,0 -48.95197891913039,-27.19421933071938,0 -48.9518215087683,-27.194590682792374,0 -48.951803841845575,-27.195010063568244,0 -48.951744375703925,-27.195415078286743,0 -48.95148888642867,-27.19575272142142,0 -48.95139229246667,-27.196144975604906,0 -48.95132321958422,-27.1965466885634,0 -48.9511192801961,-27.19690204898215,0 -48.951058199103265,-27.197306508654844,0 -48.95086881322007,-27.197666870996876,0 -48.950679766522974,-27.198027349914465,0 -48.95044144139124,-27.19837089222804,0 -48.950299826288564,-27.19874767300542,0 -48.95023308813841,-27.199150188392743,0 -48.9500821032232,-27.199523748840463,0 -48.949958897681185,-27.199906856836648,0 -48.94985618159555,-27.200297006895184,0 -48.949650920783604,-27.20065191315113,0 -48.94944379443736,-27.201006178237847,0 -48.94937323651113,-27.201407380798674,0 -48.94919418934891,-27.201771296476448,0 -48.94909443369294,-27.202162464010996,0 -48.94890411467108,-27.20252250564073,0 -48.94888797850446,-27.20294241252523,0 -48.948899510442445,-27.20337182871608,0 -48.94881355665288,-27.203708400901462,0 -48.94903956414504,-27.20402091130295,0 -48.94905158504215,-27.204512334023057,0 -48.94919490823033,-27.20483996395436,0 -48.94915766823871,-27.205312921223776,0 -48.9493024067432,-27.20577739066128,0 -48.94961155180029,-27.20603709843126,0 -48.94990625549725,-27.206311062339132,0 -48.95026525885159,-27.206521551285217,0 -48.95050582434298,-27.20684895903197,0 -48.95077157919441,-27.2071515004928,0 -48.95107166466322,-27.20742015165444,0 -48.95131161555192,-27.207748166121092,0 -48.95161207768699,-27.20801644544752,0 -48.95195437049399,-27.208243430614534,0 -48.952271536911276,-27.208495219904812,0 -48.95264711587724,-27.208689345835026,0 -48.952927246406134,-27.208977695998183,0 -48.95327874404423,-27.209195594393577,0 -48.9536115007379,-27.209431993365488,0 -48.9539470245312,-27.209665660728078,0 -48.954217989672905,-27.209963058724856,0 -48.954497418069316,-27.210252102015072,0 -48.95471185042557,-27.210605307718176,0 -48.95504979239395,-27.210836587920756,0 -48.95543295917005,-27.211023223360694,0 -48.955597875893886,-27.211425309617795,0 -48.95593498012872,-27.21165741680931,0 -48.95617558267985,-27.211984787971645,0 -48.956521731941656,-27.21220796614604,0 -48.95677050180696,-27.212527274746677,0 -48.956971400458706,-27.212893840573468,0 -48.95718590354084,-27.2132469764578,0 -48.957377652299016,-27.21362257482332,0 -48.957489697071146,-27.21407685490619,0 -48.95774402405888,-27.21439067765902,0 -48.95809014675165,-27.214613882061684,0 -48.95840594446552,-27.214867022500638,0 -48.95868607151518,-27.215155376098398,0 -48.95902235429723,-27.21541565269357,0 -48.95935418389992,-27.215567309680097,0 -48.95969821459787,-27.215842309751242,0 -48.96014743957004,-27.215870284970595,0 -48.96052960129508,-27.215913192461812,0 -48.96092072991638,-27.215721645757288,0 -48.9612905197268,-27.215927077178254,0 -48.96168079747089,-27.216031104941962,0 -48.96206246886535,-27.216184226813436,0 -48.962478999906075,-27.216167977553937,0 -48.962914775253196,-27.216265503503777,0 -48.96302885781553,-27.216776091521186,0 -48.96329235884206,-27.21708696466155,0 -48.96368973019434,-27.217221613933543,0 -48.96363420824162,-27.217753836394152,0 -48.96368315439241,-27.218335093437897,0 -48.964265649829855,-27.218430676674,0 -48.96467274561925,-27.21842078450965,0 -48.964761355511584,-27.21870200593,0 -48.96509909634892,-27.219012101303463,0 -48.96531442717826,-27.219463183098892,0 -48.965821363612996,-27.219605696751863,0 -48.966118033300674,-27.219958763609373,0 -48.966535334414424,-27.22027593030808,0 -48.966980767463276,-27.220261374030656,0 -48.967315733927144,-27.22050885262476,0 -48.967742225200475,-27.22052314430257,0 -48.96817205909357,-27.220441891868415,0 -48.968897038492706,-27.220559953462455,0 -48.96913003559678,-27.220153931838343,0 -48.96938774347789,-27.219816299945702,0 -48.96975252852634,-27.21966546263991,0 -48.97007080023426,-27.219529139707554,0 -48.97042549433044,-27.21940092574347,0 -48.97070614896831,-27.219165166101526,0 -48.97102901753926,-27.21902422882371,0 -48.97128730690018,-27.218717654788307,0 -48.9717002881303,-27.2187106287613,0 -48.97204234002583,-27.218435009892808,0 -48.97239005234369,-27.218516716753584,0 -48.972752090883574,-27.218692300067705,0 -48.973133354410656,-27.218644334405713,0 -48.97347221365713,-27.218821549288354,0 -48.97388144150491,-27.218809372002433,0 -48.97433729407698,-27.218655242352014,0 -48.97403106076902,-27.21817077387358,0 -48.97461976875122,-27.218275038195397,0 -48.974992859700286,-27.218261165468594,0 -48.97533157606166,-27.21847139011472,0 -48.975652354910835,-27.218465931739857,0 -48.976038744248875,-27.218200027343507,0 -48.97646113385635,-27.21833762355531,0 -48.97685871291548,-27.21839139839905,0 -48.977206545480044,-27.218629548736114,0 -48.97750558885082,-27.218460903418062,0 -48.97790007770576,-27.218369499974102,0 -48.978353450020556,-27.218372770185184,0 -48.97877794713993,-27.218510692772515,0 -48.979124942589245,-27.21856035046635,0 -48.97947075900553,-27.21859222341838,0 -48.979912166860814,-27.218709899474202,0 -48.98023004831162,-27.219046641360517,0 -48.98057107086741,-27.219099547341962,0 -48.98093896283858,-27.218907104311075,0 -48.981314737165114,-27.218899158891826,0 -48.98158478624656,-27.218892941909296,0 -48.982018763840365,-27.21906641469436,0 -48.982436481878466,-27.218739144548678,0 -48.982812927949,-27.21863245544254,0 -48.98303690818479,-27.218508151968525,0 -48.98331059852135,-27.218588125361983,0 -48.98367855777511,-27.218481085157872,0 -48.9839832798464,-27.218372271852374,0 -48.98436421641863,-27.21837626782744,0 -48.98462502922974,-27.21828566681387,0 -48.985001226163845,-27.218355401323354,0 -48.98541522715144,-27.218092109661658,0 -48.985559304249506,-27.2176480652673,0 -48.9859620374414,-27.217574302923307,0 -48.986292955825526,-27.217426994329397,0 -48.986705401346775,-27.217434133376475,0 -48.98714799846039,-27.217159326419836,0 -48.98765169100374,-27.21680589853188,0 -48.98832400431805,-27.216742396134066,0 -48.98857915944916,-27.217104773357114,0 -48.988950036103596,-27.217272469179598,0 -48.98921526367376,-27.217534774081145,0 -48.989078968468824,-27.21733482300028,0 -48.98882555673035,-27.216963013915677,0 -48.988768542572025,-27.21672355015406,0 -48.98876881439309,-27.21641246400054,0 -48.988460129391214,-27.21585002990515,0 -48.98866106777982,-27.21519141086841,0 -48.98900266973504,-27.215290966824572,0 -48.988960638931054,-27.215134429395686,0 -48.98905066405379,-27.21465333342291,0 -48.98924114076673,-27.21462714764996,0 -48.989348473835356,-27.214432049636333,0 -48.989806005222675,-27.214457652349033,0 -48.990213483156715,-27.214444033008757,0 -48.99061593540488,-27.214369333060528,0 -48.99102123262368,-27.21432920999207,0 -48.99142177666048,-27.21423131824221,0 -48.99184410604062,-27.21439819871366,0 -48.992256444378945,-27.21444365120059,0 -48.99265905768095,-27.21437090865024,0 -48.99306795876193,-27.214374585790793,0 -48.993471819514504,-27.214317004362936,0 -48.99387272599791,-27.214223517675343,0 -48.99427101482613,-27.214098216828745,0 -48.99468298499839,-27.214139194740884,0 -48.99508954068488,-27.214114366693472,0 -48.99549212734316,-27.2140413003236,0 -48.99589639950502,-27.21398871903505,0 -48.99629942196157,-27.21392094922041,0 -48.99670516764977,-27.21388627670821,0 -48.99710697622807,-27.21380375379861,0 -48.99752513463254,-27.21391994154169,0 -48.99790858953957,-27.213887389648075,0 -48.998126664620905,-27.213641547726724,0 -48.99813370886784,-27.21337200220074,0 -48.998305716321866,-27.21292454709082,0 -48.99842128538907,-27.212438673709265,0 -48.99826662778042,-27.211981458214947,0 -48.998100702647164,-27.211699568745207,0 -48.99811428179985,-27.211654366957653,0 -48.998444111255125,-27.211435313893084,0 -48.9984770172796,-27.21137117810794,0 -48.99834190930342,-27.210982124475695,0 -48.99854882668975,-27.210486903598177,0 -48.99808410566144,-27.210379263640515,0 -48.99756670753131,-27.210058877844784,0 -48.99737384656087,-27.209351910107383,0 -48.99794062473803,-27.20907442351708,0 -48.99830223991429,-27.20895619256062,0 -48.99852150230754,-27.20862773251482,0 -48.999049269308934,-27.20841547684211,0 -48.99868181778709,-27.207991224079638,0 -48.99865022959082,-27.207559985303188,0 -48.998685987349326,-27.207167754023033,0 -48.99877726962012,-27.206697092274762,0 -48.99829597967197,-27.20648390237352,0 -48.997986787837704,-27.206272444562547,0 -48.99765402699134,-27.20606392811461,0 -48.9973187698061,-27.205759754303603,0 -48.99716958520961,-27.205326560683655,0 -48.99691392775059,-27.20482468592214,0 -48.99630123354409,-27.205051830812987,0 -48.996031122285366,-27.204946710844805,0 -48.995638797772415,-27.204916467464408,0 -48.995277267851286,-27.204667838668325,0 -48.99480714941542,-27.20439035602767,0 -48.9946618982146,-27.204634024438523,0 -48.99398579175982,-27.204394818475052,0 -48.993290829023024,-27.204714511761544,0 -48.99332172540224,-27.204688589872216,0 -48.9931481787523,-27.204401621441963,0 -48.99276466204274,-27.20416158739076,0 -48.99244657748901,-27.20387516500329,0 -48.99209014790341,-27.20361592744887,0 -48.99194054593846,-27.203210058790926,0 -48.99166830824461,-27.202891133125437,0 -48.99128794450309,-27.20264886376745,0 -48.99097953462653,-27.202355582486646,0 -48.99077291442541,-27.201990137089705,0 -48.990562145805825,-27.20158823793281,0 -48.9905976785184,-27.201325371769606,0 -48.99093817511153,-27.20093432147095,0 -48.991303780293464,-27.200788554696047,0 -48.9914302119625,-27.200437418601652,0 -48.99087972149195,-27.200233107667984,0 -48.991190280649136,-27.199989419561774,0 -48.991182577776875,-27.19961286389054,0 -48.991406621816346,-27.199186339013064,0 -48.991887172954826,-27.198805993276654,0 -48.99233235703272,-27.198905071863717,0 -48.992746024630584,-27.198744193437044,0 -48.99300250022493,-27.19827935538913,0 -48.99325369924565,-27.198030827865434,0 -48.993202254067846,-27.197380446268994,0 -48.992822922239135,-27.197148378234367,0 -48.992758304882265,-27.196780275398126,0 -48.99248645587696,-27.196414705234204,0 -48.99225683952144,-27.196195721257745,0 -48.992007890675396,-27.195931321012964,0 -48.99182852882155,-27.195603147739348,0 -48.991849220795785,-27.195262538083135,0 -48.99168455351202,-27.194816692499657,0 -48.9913294280151,-27.194847095970076,0 -48.99133820301968,-27.194912090464705,0 -48.991244324589196,-27.19476843980535,0 -48.99141680780521,-27.194476461688033,0 -48.991755049747056,-27.194260667744796,0 -48.99202111514111,-27.193998666021155,0 -48.992341374507674,-27.193785857944007,0 -48.99262829589537,-27.19352066443198,0 -48.99289480932708,-27.193260869968835,0 -48.99321403901794,-27.193055704531123,0 -48.99347141353416,-27.19281215607949,0 -48.993869043715165,-27.19240222587913,0 -48.99391345520456,-27.191657965610663,0 -48.993546835800814,-27.19140390784499,0 -48.99344148022202,-27.190962604113672,0 -48.99301601457696,-27.190811935734434,0 -48.99268067163247,-27.19054749426911,0 -48.992723426397355,-27.190282794846024,0 -48.99250244198043,-27.19026211970504,0 -48.99220455458533,-27.19038320880137,0 -48.99154345250792,-27.190554077990456,0 -48.991141600546406,-27.190390655646056,0 -48.99093702573957,-27.189915013502656,0 -48.990567347950545,-27.189803924480735,0 -48.99011916015952,-27.18994222673476,0 -48.989868507080296,-27.189648394559367,0 -48.98972548524962,-27.189240220512247,0 -48.98941390970876,-27.189200821066553,0 -48.98890357446395,-27.18908816091071,0 -48.98860922202561,-27.18932010816813,0 -48.988071201267886,-27.18960025536041,0 -48.98742745391447,-27.18923987497933,0 -48.98699728705114,-27.188591093213017,0 -48.98693465077903,-27.18801532321529,0 -48.98692095109896,-27.18789141049715,0 -48.98674757859636,-27.18794179347789,0 -48.98669358503382,-27.187598168024547,0 -48.98654516104476,-27.18769528148637,0 -48.986192698685905,-27.187657569721875,0 -48.98571892008495,-27.187701854297142,0 -48.985242909030326,-27.187469222625708,0 -48.985079716542636,-27.18698195086953,0 -48.98524708596256,-27.186523074219075,0 -48.98497781270399,-27.186166074992,0 -48.9849823878672,-27.185891819639874,0 -48.98493893795441,-27.185642871853865,0 -48.98500678619383,-27.18537080735809,0 -48.985121892929754,-27.185273162956264,0 -48.98532067249429,-27.184852896643765,0 -48.98482241722441,-27.184635256778254,0 -48.984518484079715,-27.185058828057993,0 -48.98433977266879,-27.185434853455206,0 -48.984104337032974,-27.185747949864826,0 -48.98391645572618,-27.186114474921606,0 -48.98368875919823,-27.186483653548528,0 -48.98332975523743,-27.18657695359743,0 -48.983333512847885,-27.18643378062655,0 -48.983206198069304,-27.186283293752172,0 -48.9830731595003,-27.18596000395886,0 -48.982505285114605,-27.18573162277169,0 -48.982133616481505,-27.185646407370363,0 -48.981996520057415,-27.185276608500576,0 -48.98184899780879,-27.1847753137903,0 -48.98149559060424,-27.184290345830938,0 -48.98097110343642,-27.184240682751675,0 -48.980631528184986,-27.184251595542026,0 -48.980632424725776,-27.183995615974673,0 -48.9804812551248,-27.183739993144652,0 -48.98030798200781,-27.183586283161365,0 -48.98005978581366,-27.183588264330446,0 -48.97977660792983,-27.18369789775468,0 -48.979568604444594,-27.18356630280397,0 -48.97963974574066,-27.18328645738925,0 -48.97965832182707,-27.18320190166488,0 -48.97977170571899,-27.183213000716865,0 -48.979551250971475,-27.18287425569271,0 -48.97969569469119,-27.182438330932992,0 -48.979218869032955,-27.1823664047448,0 -48.978776930085516,-27.18239718198813,0 -48.97846536405522,-27.182106490217613,0 -48.97808558730241,-27.182051332573092,0 -48.9776439130063,-27.181912731409664,0 -48.977313328314224,-27.18153560731871,0 -48.9771862925474,-27.181475916289237,0 -48.97682173905193,-27.181315271948236,0 -48.97671822200955,-27.180829034692206,0 -48.976692772843634,-27.18037476988906,0 -48.976383213428754,-27.18010750758391,0 -48.9760466108193,-27.17990005950453,0 -48.97579340510027,-27.179559094828683,0 -48.975305626367806,-27.179497073744262,0 -48.97490015364069,-27.179440721972167,0 -48.974514501501474,-27.17932782470148,0 -48.97414915674784,-27.179177390730167,0 -48.973827450113845,-27.179185799518578,0 -48.9737748065389,-27.17933715619317,0 -48.973601453892705,-27.17927055582458,0 -48.973309045119315,-27.17918340605617,0 -48.97287300960801,-27.179073158422536,0 -48.97242192461023,-27.179004703544667,0 -48.97216502910334,-27.178961964554215,0 -48.9721712887238,-27.17895867528545,0 -48.972390563410556,-27.17883134711381,0 -48.97259830261299,-27.178685957033952,0 -48.9727930222918,-27.178523543677894,0 -48.9728902222918,-27.178435243677892,0 -48.973100480145455,-27.178224260201038,0 -48.97328877940268,-27.177993466392078,0 -48.97345326380119,-27.17774513742644,0 -48.973510263801195,-27.17764903742644,0 -48.97365543355113,-27.17737239901036,0 -48.973771046558795,-27.177082163412948,0 -48.97385584902592,-27.176781478177,0 -48.973908921287936,-27.176473604169402,0 -48.97392833825815,-27.176182137875294,0 -48.973749062696015,-27.176186823791312,0 -48.97370831048482,-27.176189949329228,0 -48.97360839066768,-27.176164685507572,0 -48.97332312421615,-27.176107117822756,0 -48.973244253538184,-27.176095148720137,0 -48.97321020985919,-27.176061522556235,0 -48.97297802041957,-27.175873883847803,0 -48.97293506851819,-27.17584573537638,0 -48.97293287791177,-27.175843206055358,0 -48.9727419868555,-27.17565865808456,0 -48.972734696491116,-27.17565220907238,0 -48.97259094987913,-27.175499930653633,0 -48.97236753179583,-27.17530574912389,0 -48.97212606470766,-27.17513453069098,0 -48.97186889948739,-27.174987942301538,0 -48.97159853984149,-27.174867411109286,0 -48.97131761793459,-27.17477411058055,0 -48.97102886876328,-27.17470894906965,0 -48.970735103528725,-27.174672560975345,0 -48.970439182267455,-27.174665300564467,0 -48.970143986006605,-27.174687238522846,0 -48.9699116604087,-27.17472781042577,0 -48.969742169748905,-27.17470767958081,0 -48.96972765680063,-27.174707551978422,0 -48.9697262,-27.174817,0 -48.9701021,-27.1748746,0 -48.9702477,-27.1748789,0 -48.9704583,-27.1749623,0 -48.9704954,-27.1750977,0 -48.9705485,-27.175145,0 -48.9705485,-27.175189,0 -48.9706918,-27.1754913,0 -48.970683,-27.1756975,0 -48.9706777,-27.1757778,0 -48.9707113,-27.1758282,0 -48.9708069,-27.1758597,0 -48.9708387,-27.1759242,0 -48.9708953,-27.1759903,0 -48.9709237,-27.1760486,0 -48.97093,-27.1761186,0 -48.970873,-27.1762147,0 -48.9707758,-27.176303,0 -48.9705069,-27.1764443,0 -48.9703205,-27.1765028,0 -48.9702541,-27.1765106,0 -48.9700328,-27.176578,0 -48.9699101,-27.176649,0 -48.9698531,-27.1766895,0 -48.9697244,-27.1767569,0 -48.9696251,-27.1768035,0 -48.9695232,-27.1768202,0 -48.969485,-27.1768243,0 -48.9695158,-27.176884,0 -48.96954,-27.1769603,0 -48.9695339,-27.1770623,0 -48.969542,-27.1771834,0 -48.9695415,-27.1774438,0 -48.9695235,-27.1775153,0 -48.9695076,-27.1775286,0 -48.9694699,-27.1775645,0 -48.9693864,-27.1775918,0 -48.9693357,-27.177603,0 -48.9692952,-27.1776256,0 -48.969276,-27.1776581,0 -48.9692629,-27.1776914,0 -48.9692412,-27.1778425,0 -48.9692151,-27.178106,0 -48.9692213,-27.1782193,0 -48.969193,-27.178276,0 -48.969154,-27.1783217,0 -48.9690894,-27.1783681,0 -48.9689328,-27.1784437,0 -48.9688789,-27.1784948,0 -48.9688143,-27.1785657,0 -48.9687744,-27.1785869,0 -48.9687152,-27.1785822,0 -48.9686515,-27.1785594,0 -48.9686019,-27.1785255,0 -48.9685232,-27.1784909,0 -48.9682745,-27.1783335,0 -48.9682029,-27.1783091,0 -48.9681737,-27.1783028,0 -48.9681188,-27.1783146,0 -48.9680755,-27.17835,0 -48.9680418,-27.1784098,0 -48.9679029,-27.1785964,0 -48.9677932,-27.1788136,0 -48.9676685,-27.178886,0 -48.9676118,-27.1789088,0 -48.967457,-27.1790364,0 -48.9673349,-27.1790175,0 -48.9672154,-27.1790206,0 -48.9671393,-27.1790096,0 -48.9671048,-27.1789978,0 -48.9670137,-27.1788837,0 -48.966835,-27.178801,0 -48.966627,-27.1787664,0 -48.9664642,-27.1787577,0 -48.9663731,-27.1787664,0 -48.9663182,-27.1787617,0 -48.9662581,-27.1787459,0 -48.9659139,-27.1785885,0 -48.9658006,-27.1785082,0 -48.9656706,-27.178446,0 -48.9655688,-27.1784397,0 -48.965368,-27.1784689,0 -48.9652096,-27.1785263,0 -48.9650229,-27.1786515,0 -48.9648999,-27.1788262,0 -48.9623135,-27.1786818,0 -48.9617019,-27.1778085,0 -48.9614176,-27.1777895,0 -48.9612084,-27.1778276,0 -48.9610475,-27.1779374,0 -48.9609187,-27.1780376,0 -48.9604252,-27.1775413,0 -48.9602804,-27.1775127,0 -48.9591217,-27.1770307,0 -48.9585369,-27.1766871,0 -48.9578503,-27.1772502,0 -48.9574694,-27.1777751,0 -48.9570134,-27.1780472,0 -48.9569705,-27.1782619,0 -48.9568847,-27.1783239,0 -48.9567345,-27.1780758,0 -48.9561426,-27.1775545,0 -48.9552152,-27.177201,0 -48.9552491,-27.1770667,0 -48.9553077,-27.1769817,0 -48.9553138,-27.1769433,0 -48.9552769,-27.1768419,0 -48.9552615,-27.1767624,0 -48.9552183,-27.176724,0 -48.95520821396942,-27.176705256049367,0 -48.955083591431666,-27.177101147858565,0 -48.95500455154144,-27.177407951285726,0 -48.95498834061389,-27.177517824785472,0 -48.95476363840462,-27.17771744679332,0 -48.95455643046654,-27.177943375024206,0 -48.95437336102637,-27.178189269870007,0 -48.95421634170935,-27.178452563677755,0 -48.95408701212332,-27.178730507113173,0 -48.95398672273779,-27.17902019786944,0 -48.953916520782286,-27.179318610973304,0 -48.95387713931104,-27.17962263037209,0 -48.95387024125816,-27.17988201411015,0 -48.95388040742435,-27.17988769476867,0 -48.95414667354139,-27.180004257249568,0 -48.95449631090531,-27.18013752963273,0 -48.954666772734114,-27.180343998671653,0 -48.954873254303855,-27.18054967766442,0 -48.95509871911287,-27.180734350636456,0 -48.955341039312316,-27.180896274716343,0 -48.955597927978744,-27.181033921727828,0 -48.955866960697186,-27.18114599261214,0 -48.956145598441886,-27.18123142968803,0 -48.95643121153857,-27.181289426633725,0 -48.95672110448233,-27.181319436096693,0 -48.95701254137671,-27.181321174859335,0 -48.957302771754094,-27.181294626511885,0 -48.95730667831494,-27.18129388166177,0 -48.95722279546937,-27.181627265038593,0 -48.95668461815715,-27.18176151089363,0 -48.9565746288174,-27.181982379887575,0</coordinates></LinearRing></outerBoundaryIs></Polygon></Placemark>
<Placemark><name>RPPN Chácara Edith</name><styleUrl>#ba</styleUrl><Polygon><outerBoundaryIs><LinearRing><coordinates>-48.8978625,-27.0938684,0 -48.8951461,-27.0938217,0 -48.8687425,-27.0944614,0 -48.8635536,-27.0945564,0 -48.8635867,-27.1006101,0 -48.8636156,-27.1058843,0 -48.9011446,-27.1049746,0 -48.9076615,-27.104815,0 -48.9027852,-27.1020946,0 -48.9017826,-27.1010467,0 -48.897257,-27.1011695,0 -48.8965587,-27.1019506,0 -48.8919442,-27.1024108,0 -48.890422,-27.1007647,0 -48.8905113,-27.1005505,0 -48.8906629,-27.1004154,0 -48.8913635,-27.1001261,0 -48.8916295,-27.1000332,0 -48.8917566,-27.0996956,0 -48.8919856,-27.0994006,0 -48.8921634,-27.0992667,0 -48.8923714,-27.0991597,0 -48.8929508,-27.0991647,0 -48.8932852,-27.0991153,0 -48.8934674,-27.0988021,0 -48.8935511,-27.0987232,0 -48.8936084,-27.0980189,0 -48.8954069,-27.0977744,0 -48.895921,-27.0970953,0 -48.8970473,-27.0969927,0 -48.897143,-27.09528,0 -48.8978625,-27.0938684,0</coordinates></LinearRing></outerBoundaryIs></Polygon></Placemark>
<Placemark><name>Zona Rural</name><styleUrl>#zr</styleUrl><MultiGeometry><Polygon><outerBoundaryIs><LinearRing><coordinates>-49.0189695,-27.1440031,0 -49.018424,-27.1441573,0 -49.0179628,-27.1443266,0 -49.0164715,-27.1446916,0 -49.0160054,-27.1449155,0 -49.0154089,-27.1446335,0 -49.0139175,-27.1436216,0 -49.0130879,-27.142817,0 -49.012277,-27.1423442,0 -49.0112424,-27.1422115,0 -49.010478,-27.1424272,0 -49.0092477,-27.1423857,0 -49.0088748,-27.1427092,0 -49.0086418,-27.1432732,0 -49.0076444,-27.1437294,0 -49.006992,-27.1438787,0 -49.005976,-27.1438124,0 -49.0052396,-27.1437211,0 -49.0045126,-27.1432981,0 -49.003944,-27.1431239,0 -49.0035245,-27.1432317,0 -49.0030678,-27.1436796,0 -49.0024433,-27.144169,0 -49.0017722,-27.1452141,0 -49.0012316,-27.1461099,0 -49.0002435,-27.1469891,0 -48.9989101,-27.1474974,0 -48.9980717,-27.1472213,0 -48.9974099,-27.1465827,0 -48.9967429,-27.1459554,0 -48.9957012,-27.1456475,0 -48.9944865,-27.1454268,0 -48.9931782,-27.1455376,0 -48.992713,-27.1455939,0 -48.9921941,-27.1458889,0 -48.9917614,-27.1460684,0 -48.9910343,-27.1461597,0 -48.9899786,-27.1460752,0 -48.9892383,-27.1459702,0 -48.9884444,-27.1457028,0 -48.9880474,-27.1454164,0 -48.9879126,-27.1452203,0 -48.9879401,-27.144414,0 -48.9882727,-27.1438125,0 -48.9884825,-27.1435572,0 -48.9884506,-27.143279,0 -48.9878764,-27.1429667,0 -48.9871426,-27.1424045,0 -48.986613,-27.1418481,0 -48.9861269,-27.141397,0 -48.9856549,-27.1408624,0 -48.9852901,-27.1405569,0 -48.984847,-27.1401885,0 -48.9843606,-27.139744,0 -48.9838852,-27.1393047,0 -48.9833144,-27.139158,0 -48.9829384,-27.1392016,0 -48.9827342,-27.1394362,0 -48.9829019,-27.1398127,0 -48.9827305,-27.1402865,0 -48.9821143,-27.1411584,0 -48.981447,-27.1414963,0 -48.9807814,-27.1418765,0 -48.98035,-27.1423009,0 -48.9804336,-27.1427444,0 -48.980715,-27.143067,0 -48.9812594,-27.1434501,0 -48.9814942,-27.1437635,0 -48.9813679,-27.1441971,0 -48.981007,-27.1443979,0 -48.9804655,-27.144438,0 -48.9792473,-27.1441088,0 -48.9787641,-27.1440603,0 -48.9784352,-27.1440847,0 -48.9781555,-27.1442012,0 -48.978125,-27.1442863,0 -48.9780201,-27.1445785,0 -48.9781194,-27.1448917,0 -48.9782367,-27.1452812,0 -48.9782954,-27.1455582,0 -48.9782367,-27.145771,0 -48.9780374,-27.1460179,0 -48.9774967,-27.1461885,0 -48.9775868,-27.1465187,0 -48.9775977,-27.1468161,0 -48.977703,-27.1469745,0 -48.9779464,-27.1471199,0 -48.9780118,-27.1471878,0 -48.9782116,-27.1475951,0 -48.9782697,-27.1477082,0 -48.9782116,-27.1478666,0 -48.9781425,-27.1479312,0 -48.9780517,-27.1480023,0 -48.9777357,-27.1484096,0 -48.9780881,-27.1496282,0 -48.9776885,-27.1500096,0 -48.9774887,-27.1501518,0 -48.9767622,-27.1504686,0 -48.9760284,-27.1504524,0 -48.9758141,-27.1504847,0 -48.9745137,-27.1501938,0 -48.974521,-27.1504976,0 -48.9745028,-27.1509566,0 -48.9742267,-27.1511667,0 -48.9740742,-27.1512281,0 -48.9739652,-27.1512443,0 -48.9738054,-27.1512895,0 -48.9736673,-27.1513736,0 -48.9735148,-27.1515643,0 -48.9717799,-27.151466,0 -48.9701925,-27.151798,0 -48.9701039,-27.151798,0 -48.9691426,-27.1522595,0 -48.9688643,-27.1524846,0 -48.9687505,-27.1526421,0 -48.9685734,-27.1528166,0 -48.9684469,-27.1529291,0 -48.9681813,-27.1530642,0 -48.9671694,-27.1525859,0 -48.9668089,-27.1522369,0 -48.9664041,-27.1520456,0 -48.9658918,-27.152175,0 -48.9644814,-27.151843,0 -48.9631153,-27.1519837,0 -48.9626031,-27.1531993,0 -48.9628572,-27.155937,0 -48.9618651,-27.1569286,0 -48.962054,-27.1593485,0 -48.9621622,-27.1593924,0 -48.9624305,-27.1596227,0 -48.9625686,-27.1596859,0 -48.9627698,-27.1597516,0 -48.963042,-27.1597885,0 -48.9631278,-27.1597969,0 -48.963219,-27.159952,0 -48.9633934,-27.1603732,0 -48.9635784,-27.1609347,0 -48.9634849,-27.1613308,0 -48.9634145,-27.162582,0 -48.9633716,-27.1629948,0 -48.963326,-27.1630903,0 -48.963275,-27.1631475,0 -48.9625428,-27.163842,0 -48.9627949,-27.1642453,0 -48.9628217,-27.1644147,0 -48.9629183,-27.1647488,0 -48.9632294,-27.1652404,0 -48.9633689,-27.1655554,0 -48.963444,-27.1656127,0 -48.9637256,-27.1657272,0 -48.9637686,-27.165794,0 -48.9638383,-27.1658561,0 -48.9639295,-27.1659086,0 -48.9640556,-27.1659444,0 -48.9643399,-27.1659706,0 -48.9644874,-27.1659706,0 -48.9645464,-27.1659396,0 -48.9646081,-27.1659277,0 -48.9646698,-27.1659348,0 -48.9647395,-27.1659825,0 -48.9648736,-27.1659921,0 -48.9650828,-27.1659253,0 -48.9652894,-27.1660374,0 -48.9653725,-27.1660684,0 -48.9654691,-27.1660732,0 -48.9654798,-27.1661615,0 -48.9657185,-27.1664861,0 -48.9671231,-27.1679337,0 -48.9674797,-27.1679737,0 -48.9671961,-27.1683729,0 -48.9670405,-27.1688024,0 -48.9670405,-27.1698906,0 -48.967299,-27.1699202,0 -48.9674084,-27.1699188,0 -48.9674983,-27.16997,0 -48.9676886,-27.1701072,0 -48.9677785,-27.1701552,0 -48.9678828,-27.1701648,0 -48.9680302,-27.1701584,0 -48.9681884,-27.1701456,0 -48.9683151,-27.1701562,0 -48.9684005,-27.1701488,0 -48.9684796,-27.1701456,0 -48.968613,-27.1701538,0 -48.9687217,-27.1701262,0 -48.9688187,-27.1700783,0 -48.968898,-27.1700406,0 -48.9688909,-27.1713217,0 -48.9689112,-27.1713542,0 -48.968899,-27.1714193,0 -48.9689823,-27.171526,0 -48.9690453,-27.1715296,0 -48.9691003,-27.171526,0 -48.9690884,-27.1725859,0 -48.9698161,-27.1729023,0 -48.9705967,-27.1729023,0 -48.9708142,-27.173273,0 -48.9706882,-27.1734014,0 -48.9706848,-27.1736791,0 -48.9697293,-27.1745841,0 -48.9697262,-27.174817,0 -48.96972765680063,-27.174707551978422,0 -48.969742169748905,-27.17470767958081,0 -48.9699116604087,-27.17472781042577,0 -48.970143986006605,-27.174687238522846,0 -48.970439182267455,-27.174665300564467,0 -48.970735103528725,-27.174672560975345,0 -48.97102886876328,-27.17470894906965,0 -48.97131761793459,-27.17477411058055,0 -48.97159853984149,-27.174867411109286,0 -48.97186889948739,-27.174987942301538,0 -48.97212606470766,-27.17513453069098,0 -48.97236753179583,-27.17530574912389,0 -48.97259094987913,-27.175499930653633,0 -48.972734696491116,-27.17565220907238,0 -48.9727419868555,-27.17565865808456,0 -48.97293287791177,-27.175843206055358,0 -48.97293506851819,-27.17584573537638,0 -48.97297802041957,-27.175873883847803,0 -48.97321020985919,-27.176061522556235,0 -48.973244253538184,-27.176095148720137,0 -48.97332312421615,-27.176107117822756,0 -48.97360839066768,-27.176164685507572,0 -48.97370831048482,-27.176189949329228,0 -48.973749062696015,-27.176186823791312,0 -48.97392833825815,-27.176182137875294,0 -48.973908921287936,-27.176473604169402,0 -48.97385584902592,-27.176781478177,0 -48.973771046558795,-27.177082163412948,0 -48.97365543355113,-27.17737239901036,0 -48.973510263801195,-27.17764903742644,0 -48.97345326380119,-27.17774513742644,0 -48.97328877940268,-27.177993466392078,0 -48.973100480145455,-27.178224260201038,0 -48.9728902222918,-27.178435243677892,0 -48.9727930222918,-27.178523543677894,0 -48.97259830261299,-27.178685957033952,0 -48.972390563410556,-27.17883134711381,0 -48.9721712887238,-27.17895867528545,0 -48.97216502910334,-27.178961964554215,0 -48.97242192461023,-27.179004703544667,0 -48.97287300960801,-27.179073158422536,0 -48.973309045119315,-27.17918340605617,0 -48.973601453892705,-27.17927055582458,0 -48.9737748065389,-27.17933715619317,0 -48.973827450113845,-27.179185799518578,0 -48.97414915674784,-27.179177390730167,0 -48.974514501501474,-27.17932782470148,0 -48.97490015364069,-27.179440721972167,0 -48.975305626367806,-27.179497073744262,0 -48.97579340510027,-27.179559094828683,0 -48.9760466108193,-27.17990005950453,0 -48.976383213428754,-27.18010750758391,0 -48.976692772843634,-27.18037476988906,0 -48.97671822200955,-27.180829034692206,0 -48.97682173905193,-27.181315271948236,0 -48.9771862925474,-27.181475916289237,0 -48.977313328314224,-27.18153560731871,0 -48.9776439130063,-27.181912731409664,0 -48.97808558730241,-27.182051332573092,0 -48.97846536405522,-27.182106490217613,0 -48.978776930085516,-27.18239718198813,0 -48.979218869032955,-27.1823664047448,0 -48.97969569469119,-27.182438330932992,0 -48.979551250971475,-27.18287425569271,0 -48.97977170571899,-27.183213000716865,0 -48.97965832182707,-27.18320190166488,0 -48.97963974574066,-27.18328645738925,0 -48.979568604444594,-27.18356630280397,0 -48.97977660792983,-27.18369789775468,0 -48.98005978581366,-27.183588264330446,0 -48.98030798200781,-27.183586283161365,0 -48.9804812551248,-27.183739993144652,0 -48.980632424725776,-27.183995615974673,0 -48.980631528184986,-27.184251595542026,0 -48.98097110343642,-27.184240682751675,0 -48.98149559060424,-27.184290345830938,0 -48.98184899780879,-27.1847753137903,0 -48.981996520057415,-27.185276608500576,0 -48.982133616481505,-27.185646407370363,0 -48.982505285114605,-27.18573162277169,0 -48.9830731595003,-27.18596000395886,0 -48.983206198069304,-27.186283293752172,0 -48.983333512847885,-27.18643378062655,0 -48.98332975523743,-27.18657695359743,0 -48.98368875919823,-27.186483653548528,0 -48.98391645572618,-27.186114474921606,0 -48.984104337032974,-27.185747949864826,0 -48.98433977266879,-27.185434853455206,0 -48.984518484079715,-27.185058828057993,0 -48.98482241722441,-27.184635256778254,0 -48.98532067249429,-27.184852896643765,0 -48.985121892929754,-27.185273162956264,0 -48.98500678619383,-27.18537080735809,0 -48.98493893795441,-27.185642871853865,0 -48.9849823878672,-27.185891819639874,0 -48.98497781270399,-27.186166074992,0 -48.98524708596256,-27.186523074219075,0 -48.985079716542636,-27.18698195086953,0 -48.985242909030326,-27.187469222625708,0 -48.98571892008495,-27.187701854297142,0 -48.986192698685905,-27.187657569721875,0 -48.98654516104476,-27.18769528148637,0 -48.98669358503382,-27.187598168024547,0 -48.98674757859636,-27.18794179347789,0 -48.98692095109896,-27.18789141049715,0 -48.98693465077903,-27.18801532321529,0 -48.98699728705114,-27.188591093213017,0 -48.98742745391447,-27.18923987497933,0 -48.988071201267886,-27.18960025536041,0 -48.98860922202561,-27.18932010816813,0 -48.98890357446395,-27.18908816091071,0 -48.98941390970876,-27.189200821066553,0 -48.98972548524962,-27.189240220512247,0 -48.989868507080296,-27.189648394559367,0 -48.99011916015952,-27.18994222673476,0 -48.990567347950545,-27.189803924480735,0 -48.99093702573957,-27.189915013502656,0 -48.991141600546406,-27.190390655646056,0 -48.99154345250792,-27.190554077990456,0 -48.99220455458533,-27.19038320880137,0 -48.99250244198043,-27.19026211970504,0 -48.992723426397355,-27.190282794846024,0 -48.99268067163247,-27.19054749426911,0 -48.99301601457696,-27.190811935734434,0 -48.99344148022202,-27.190962604113672,0 -48.993546835800814,-27.19140390784499,0 -48.99391345520456,-27.191657965610663,0 -48.993869043715165,-27.19240222587913,0 -48.99347141353416,-27.19281215607949,0 -48.99321403901794,-27.193055704531123,0 -48.99289480932708,-27.193260869968835,0 -48.99262829589537,-27.19352066443198,0 -48.992341374507674,-27.193785857944007,0 -48.99202111514111,-27.193998666021155,0 -48.991755049747056,-27.194260667744796,0 -48.99141680780521,-27.194476461688033,0 -48.991244324589196,-27.19476843980535,0 -48.99133820301968,-27.194912090464705,0 -48.9913294280151,-27.194847095970076,0 -48.99168455351202,-27.194816692499657,0 -48.991849220795785,-27.195262538083135,0 -48.99182852882155,-27.195603147739348,0 -48.992007890675396,-27.195931321012964,0 -48.99225683952144,-27.196195721257745,0 -48.99248645587696,-27.196414705234204,0 -48.992758304882265,-27.196780275398126,0 -48.992822922239135,-27.197148378234367,0 -48.993202254067846,-27.197380446268994,0 -48.99325369924565,-27.198030827865434,0 -48.99300250022493,-27.19827935538913,0 -48.992746024630584,-27.198744193437044,0 -48.99233235703272,-27.198905071863717,0 -48.991887172954826,-27.198805993276654,0 -48.991406621816346,-27.199186339013064,0 -48.991182577776875,-27.19961286389054,0 -48.991190280649136,-27.199989419561774,0 -48.99087972149195,-27.200233107667984,0 -48.9914302119625,-27.200437418601652,0 -48.991303780293464,-27.200788554696047,0 -48.99093817511153,-27.20093432147095,0 -48.9905976785184,-27.201325371769606,0 -48.990562145805825,-27.20158823793281,0 -48.99077291442541,-27.201990137089705,0 -48.99097953462653,-27.202355582486646,0 -48.99128794450309,-27.20264886376745,0 -48.99166830824461,-27.202891133125437,0 -48.99194054593846,-27.203210058790926,0 -48.99209014790341,-27.20361592744887,0 -48.99244657748901,-27.20387516500329,0 -48.99276466204274,-27.20416158739076,0 -48.9931481787523,-27.204401621441963,0 -48.99332172540224,-27.204688589872216,0 -48.993290829023024,-27.204714511761544,0 -48.99398579175982,-27.204394818475052,0 -48.9946618982146,-27.204634024438523,0 -48.99480714941542,-27.20439035602767,0 -48.995277267851286,-27.204667838668325,0 -48.995638797772415,-27.204916467464408,0 -48.996031122285366,-27.204946710844805,0 -48.99630123354409,-27.205051830812987,0 -48.99691392775059,-27.20482468592214,0 -48.99716958520961,-27.205326560683655,0 -48.9973187698061,-27.205759754303603,0 -48.99765402699134,-27.20606392811461,0 -48.997986787837704,-27.206272444562547,0 -48.99829597967197,-27.20648390237352,0 -48.99877726962012,-27.206697092274762,0 -48.998685987349326,-27.207167754023033,0 -48.99865022959082,-27.207559985303188,0 -48.99868181778709,-27.207991224079638,0 -48.999049269308934,-27.20841547684211,0 -48.99852150230754,-27.20862773251482,0 -48.99830223991429,-27.20895619256062,0 -48.99794062473803,-27.20907442351708,0 -48.99737384656087,-27.209351910107383,0 -48.99756670753131,-27.210058877844784,0 -48.99808410566144,-27.210379263640515,0 -48.99854882668975,-27.210486903598177,0 -48.99834190930342,-27.210982124475695,0 -48.9984770172796,-27.21137117810794,0 -48.998444111255125,-27.211435313893084,0 -48.99811428179985,-27.211654366957653,0 -48.998100702647164,-27.211699568745207,0 -48.99826662778042,-27.211981458214947,0 -48.99842128538907,-27.212438673709265,0 -48.998305716321866,-27.21292454709082,0 -48.99813370886784,-27.21337200220074,0 -48.998126664620905,-27.213641547726724,0 -48.99790858953957,-27.213887389648075,0 -48.99752513463254,-27.21391994154169,0 -48.99710697622807,-27.21380375379861,0 -48.99670516764977,-27.21388627670821,0 -48.99629942196157,-27.21392094922041,0 -48.99589639950502,-27.21398871903505,0 -48.99549212734316,-27.2140413003236,0 -48.99508954068488,-27.214114366693472,0 -48.99468298499839,-27.214139194740884,0 -48.99427101482613,-27.214098216828745,0 -48.99387272599791,-27.214223517675343,0 -48.993471819514504,-27.214317004362936,0 -48.99306795876193,-27.214374585790793,0 -48.99265905768095,-27.21437090865024,0 -48.992256444378945,-27.21444365120059,0 -48.99184410604062,-27.21439819871366,0 -48.99142177666048,-27.21423131824221,0 -48.99102123262368,-27.21432920999207,0 -48.99061593540488,-27.214369333060528,0 -48.990213483156715,-27.214444033008757,0 -48.989806005222675,-27.214457652349033,0 -48.989348473835356,-27.214432049636333,0 -48.98924114076673,-27.21462714764996,0 -48.98905066405379,-27.21465333342291,0 -48.988960638931054,-27.215134429395686,0 -48.98900266973504,-27.215290966824572,0 -48.98866106777982,-27.21519141086841,0 -48.988460129391214,-27.21585002990515,0 -48.98876881439309,-27.21641246400054,0 -48.988768542572025,-27.21672355015406,0 -48.98882555673035,-27.216963013915677,0 -48.989078968468824,-27.21733482300028,0 -48.98921526367376,-27.217534774081145,0 -48.988950036103596,-27.217272469179598,0 -48.98857915944916,-27.217104773357114,0 -48.98832400431805,-27.216742396134066,0 -48.98765169100374,-27.21680589853188,0 -48.98714799846039,-27.217159326419836,0 -48.986705401346775,-27.217434133376475,0 -48.986292955825526,-27.217426994329397,0 -48.9859620374414,-27.217574302923307,0 -48.985559304249506,-27.2176480652673,0 -48.98541522715144,-27.218092109661658,0 -48.985001226163845,-27.218355401323354,0 -48.98462502922974,-27.21828566681387,0 -48.98436421641863,-27.21837626782744,0 -48.9839832798464,-27.218372271852374,0 -48.98367855777511,-27.218481085157872,0 -48.98331059852135,-27.218588125361983,0 -48.98303690818479,-27.218508151968525,0 -48.982812927949,-27.21863245544254,0 -48.982436481878466,-27.218739144548678,0 -48.982018763840365,-27.21906641469436,0 -48.98158478624656,-27.218892941909296,0 -48.981314737165114,-27.218899158891826,0 -48.98093896283858,-27.218907104311075,0 -48.98057107086741,-27.219099547341962,0 -48.98023004831162,-27.219046641360517,0 -48.979912166860814,-27.218709899474202,0 -48.97947075900553,-27.21859222341838,0 -48.979124942589245,-27.21856035046635,0 -48.97877794713993,-27.218510692772515,0 -48.978353450020556,-27.218372770185184,0 -48.97790007770576,-27.218369499974102,0 -48.97750558885082,-27.218460903418062,0 -48.977206545480044,-27.218629548736114,0 -48.97685871291548,-27.21839139839905,0 -48.97646113385635,-27.21833762355531,0 -48.976038744248875,-27.218200027343507,0 -48.975652354910835,-27.218465931739857,0 -48.97533157606166,-27.21847139011472,0 -48.974992859700286,-27.218261165468594,0 -48.97461976875122,-27.218275038195397,0 -48.97403106076902,-27.21817077387358,0 -48.97433729407698,-27.218655242352014,0 -48.97388144150491,-27.218809372002433,0 -48.97347221365713,-27.218821549288354,0 -48.973133354410656,-27.218644334405713,0 -48.972752090883574,-27.218692300067705,0 -48.97239005234369,-27.218516716753584,0 -48.97204234002583,-27.218435009892808,0 -48.9717002881303,-27.2187106287613,0 -48.97128730690018,-27.218717654788307,0 -48.97102901753926,-27.21902422882371,0 -48.97070614896831,-27.219165166101526,0 -48.97042549433044,-27.21940092574347,0 -48.97007080023426,-27.219529139707554,0 -48.96975252852634,-27.21966546263991,0 -48.96938774347789,-27.219816299945702,0 -48.96913003559678,-27.220153931838343,0 -48.968897038492706,-27.220559953462455,0 -48.96817205909357,-27.220441891868415,0 -48.967742225200475,-27.22052314430257,0 -48.967315733927144,-27.22050885262476,0 -48.966980767463276,-27.220261374030656,0 -48.966535334414424,-27.22027593030808,0 -48.966118033300674,-27.219958763609373,0 -48.965821363612996,-27.219605696751863,0 -48.96531442717826,-27.219463183098892,0 -48.96509909634892,-27.219012101303463,0 -48.964761355511584,-27.21870200593,0 -48.96467274561925,-27.21842078450965,0 -48.964265649829855,-27.218430676674,0 -48.96368315439241,-27.218335093437897,0 -48.96363420824162,-27.217753836394152,0 -48.96368973019434,-27.217221613933543,0 -48.96329235884206,-27.21708696466155,0 -48.96302885781553,-27.216776091521186,0 -48.962914775253196,-27.216265503503777,0 -48.962478999906075,-27.216167977553937,0 -48.96206246886535,-27.216184226813436,0 -48.96168079747089,-27.216031104941962,0 -48.9612905197268,-27.215927077178254,0 -48.96092072991638,-27.215721645757288,0 -48.96052960129508,-27.215913192461812,0 -48.96014743957004,-27.215870284970595,0 -48.95969821459787,-27.215842309751242,0 -48.95935418389992,-27.215567309680097,0 -48.95902235429723,-27.21541565269357,0 -48.95868607151518,-27.215155376098398,0 -48.95840594446552,-27.214867022500638,0 -48.95809014675165,-27.214613882061684,0 -48.95774402405888,-27.21439067765902,0 -48.957489697071146,-27.21407685490619,0 -48.957377652299016,-27.21362257482332,0 -48.95718590354084,-27.2132469764578,0 -48.956971400458706,-27.212893840573468,0 -48.95677050180696,-27.212527274746677,0 -48.956521731941656,-27.21220796614604,0 -48.95617558267985,-27.211984787971645,0 -48.95593498012872,-27.21165741680931,0 -48.955597875893886,-27.211425309617795,0 -48.95543295917005,-27.211023223360694,0 -48.95504979239395,-27.210836587920756,0 -48.95471185042557,-27.210605307718176,0 -48.954497418069316,-27.210252102015072,0 -48.954217989672905,-27.209963058724856,0 -48.9539470245312,-27.209665660728078,0 -48.9536115007379,-27.209431993365488,0 -48.95327874404423,-27.209195594393577,0 -48.952927246406134,-27.208977695998183,0 -48.95264711587724,-27.208689345835026,0 -48.952271536911276,-27.208495219904812,0 -48.95195437049399,-27.208243430614534,0 -48.95161207768699,-27.20801644544752,0 -48.95131161555192,-27.207748166121092,0 -48.95107166466322,-27.20742015165444,0 -48.95077157919441,-27.2071515004928,0 -48.95050582434298,-27.20684895903197,0 -48.95026525885159,-27.206521551285217,0 -48.94990625549725,-27.206311062339132,0 -48.94961155180029,-27.20603709843126,0 -48.9493024067432,-27.20577739066128,0 -48.94915766823871,-27.205312921223776,0 -48.94919490823033,-27.20483996395436,0 -48.94905158504215,-27.204512334023057,0 -48.94903956414504,-27.20402091130295,0 -48.94881355665288,-27.203708400901462,0 -48.948899510442445,-27.20337182871608,0 -48.94888797850446,-27.20294241252523,0 -48.94890411467108,-27.20252250564073,0 -48.94909443369294,-27.202162464010996,0 -48.94919418934891,-27.201771296476448,0 -48.94937323651113,-27.201407380798674,0 -48.94944379443736,-27.201006178237847,0 -48.949650920783604,-27.20065191315113,0 -48.94985618159555,-27.200297006895184,0 -48.949958897681185,-27.199906856836648,0 -48.9500821032232,-27.199523748840463,0 -48.95023308813841,-27.199150188392743,0 -48.950299826288564,-27.19874767300542,0 -48.95044144139124,-27.19837089222804,0 -48.950679766522974,-27.198027349914465,0 -48.95086881322007,-27.197666870996876,0 -48.951058199103265,-27.197306508654844,0 -48.9511192801961,-27.19690204898215,0 -48.95132321958422,-27.1965466885634,0 -48.95139229246667,-27.196144975604906,0 -48.95148888642867,-27.19575272142142,0 -48.951744375703925,-27.195415078286743,0 -48.951803841845575,-27.195010063568244,0 -48.9518215087683,-27.194590682792374,0 -48.95197891913039,-27.19421933071938,0 -48.952001121626004,-27.19380150878365,0 -48.952157212282486,-27.193429703138392,0 -48.95221115497155,-27.19302279005339,0 -48.95237228391582,-27.192652716027354,0 -48.952433881442815,-27.192248433848956,0 -48.95250564095958,-27.19184764426519,0 -48.95271093958586,-27.19149275100574,0 -48.9528570118458,-27.191117502117677,0 -48.95294729383651,-27.190723078560126,0 -48.95316769133311,-27.19037337466168,0 -48.95347049354567,-27.19005199260529,0 -48.953791449125085,-27.189736849715953,0 -48.953954544449104,-27.18936745151892,0 -48.95410775078812,-27.188994654556804,0 -48.954036826559445,-27.188544825710487,0 -48.954038679322196,-27.188120009734266,0 -48.954156554658645,-27.18773506978904,0 -48.95419372134884,-27.18732239092735,0 -48.954334924929846,-27.186945468713265,0 -48.954244828679265,-27.186489050596297,0 -48.95448158113254,-27.186144967765706,0 -48.954603969302845,-27.18576157884539,0 -48.95475964138484,-27.185389629339422,0 -48.954872854128546,-27.185003086898345,0 -48.95507066383288,-27.184645619756285,0 -48.9553850123961,-27.184328206088306,0 -48.95555523287086,-27.183961256748614,0 -48.955639306822,-27.1835646995375,0 -48.9556638367895,-27.18314767753525,0 -48.955878587104685,-27.182796032745706,0 -48.95602585976448,-27.182426753013345,0 -48.9565746288174,-27.181982379887575,0 -48.95668461815715,-27.18176151089363,0 -48.95722279546937,-27.181627265038593,0 -48.95730667831494,-27.18129388166177,0 -48.957302771754094,-27.181294626511885,0 -48.95701254137671,-27.181321174859335,0 -48.95672110448233,-27.181319436096693,0 -48.95643121153857,-27.181289426633725,0 -48.956145598441886,-27.18123142968803,0 -48.955866960697186,-27.18114599261214,0 -48.955597927978744,-27.181033921727828,0 -48.955341039312316,-27.180896274716343,0 -48.95509871911287,-27.180734350636456,0 -48.954873254303855,-27.18054967766442,0 -48.954666772734114,-27.180343998671653,0 -48.95449631090531,-27.18013752963273,0 -48.95414667354139,-27.180004257249568,0 -48.95388040742435,-27.17988769476867,0 -48.95387024125816,-27.17988201411015,0 -48.95387713931104,-27.17962263037209,0 -48.953916520782286,-27.179318610973304,0 -48.95398672273779,-27.17902019786944,0 -48.95408701212332,-27.178730507113173,0 -48.95421634170935,-27.178452563677755,0 -48.95437336102637,-27.178189269870007,0 -48.95455643046654,-27.177943375024206,0 -48.95476363840462,-27.17771744679332,0 -48.95498834061389,-27.177517824785472,0 -48.95500455154144,-27.177407951285726,0 -48.955083591431666,-27.177101147858565,0 -48.95520821396942,-27.176705256049367,0 -48.9551844,-27.176661,0 -48.9551444,-27.1765514,0 -48.9551228,-27.1764938,0 -48.955092,-27.1764143,0 -48.9549071,-27.1762745,0 -48.9548178,-27.1761704,0 -48.9546976,-27.1761046,0 -48.9544357,-27.1760224,0 -48.9543341,-27.1760388,0 -48.9540414,-27.1760142,0 -48.9539613,-27.1759264,0 -48.9537949,-27.175825,0 -48.9537025,-27.1757072,0 -48.9532138,-27.1753911,0 -48.9532424,-27.175753,0 -48.9532185,-27.1759786,0 -48.9510128,-27.1754111,0 -48.9501192,-27.1752143,0 -48.9484537,-27.1748566,0 -48.948333,-27.1748805,0 -48.9482284,-27.1748638,0 -48.9480782,-27.1748614,0 -48.947979,-27.1748924,0 -48.9469973,-27.174952,0 -48.9467183,-27.1750427,0 -48.9450151,-27.1753147,0 -48.9442131,-27.174692,0 -48.9442748,-27.1746084,0 -48.9443258,-27.1745178,0 -48.9443741,-27.1745011,0 -48.9445806,-27.1744509,0 -48.9446155,-27.1744319,0 -48.9446316,-27.1744032,0 -48.9447442,-27.1743126,0 -48.9448032,-27.174241,0 -48.9448542,-27.1742076,0 -48.9449105,-27.1741932,0 -48.9449668,-27.1741837,0 -48.9450768,-27.1741336,0 -48.9451358,-27.1740763,0 -48.9451546,-27.1739761,0 -48.9451921,-27.173895,0 -48.9437535,-27.1730427,0 -48.9434404,-27.1731693,0 -48.9429404,-27.1729957,0 -48.9368721,-27.1728959,0 -48.9358785,-27.1739984,0 -48.9353116,-27.1750838,0 -48.932896,-27.174722,0 -48.9305577,-27.1781389,0 -48.9301896,-27.1784915,0 -48.9299171,-27.1789197,0 -48.9300628,-27.1789341,0 -48.9301743,-27.1789766,0 -48.9302273,-27.1790757,0 -48.930238,-27.1791245,0 -48.9302167,-27.179252,0 -48.9302327,-27.179315,0 -48.9302857,-27.1793402,0 -48.9303831,-27.179411,0 -48.9296911,-27.1797388,0 -48.929707,-27.179786,0 -48.9296805,-27.1798348,0 -48.9295655,-27.1798962,0 -48.9294434,-27.1799135,0 -48.9293425,-27.1799749,0 -48.9292983,-27.1799907,0 -48.9292523,-27.1800158,0 -48.9292293,-27.1800615,0 -48.9290535,-27.1801933,0 -48.9290304,-27.1802312,0 -48.9290169,-27.1802772,0 -48.9290268,-27.1803297,0 -48.929047,-27.1803622,0 -48.9271282,-27.1804198,0 -48.925392,-27.1800096,0 -48.9241544,-27.1799639,0 -48.9248805,-27.1785577,0 -48.9249744,-27.1785386,0 -48.9251112,-27.1784527,0 -48.9253713,-27.1783764,0 -48.9255484,-27.1782714,0 -48.9256986,-27.1782523,0 -48.9258488,-27.1781974,0 -48.9260338,-27.1780996,0 -48.9261304,-27.178059,0 -48.9262055,-27.1780519,0 -48.9263316,-27.1780924,0 -48.926463,-27.1781163,0 -48.9265649,-27.1780853,0 -48.92675,-27.1779827,0 -48.9269297,-27.1779851,0 -48.9270531,-27.1779636,0 -48.9271684,-27.1779851,0 -48.927206,-27.1779039,0 -48.927332,-27.17783,0 -48.9274652,-27.1778046,0 -48.9276137,-27.1777966,0 -48.9276995,-27.1777775,0 -48.9277317,-27.1777584,0 -48.9278853,-27.175972,0 -48.9280498,-27.1760571,0 -48.9281348,-27.1760775,0 -48.9282516,-27.1761295,0 -48.9283312,-27.1762003,0 -48.9291735,-27.1758603,0 -48.930341,-27.1735374,0 -48.9305313,-27.1731011,0 -48.9301868,-27.1723507,0 -48.9312814,-27.1720763,0 -48.9323413,-27.1725313,0 -48.9327275,-27.1725276,0 -48.9334498,-27.1717535,0 -48.934042,-27.170936,0 -48.9340174,-27.1697519,0 -48.9347322,-27.169719,0 -48.9348246,-27.1684855,0 -48.9345843,-27.1682059,0 -48.9346028,-27.1675426,0 -48.9347445,-27.1668408,0 -48.9350094,-27.1667915,0 -48.9353237,-27.1665667,0 -48.9358352,-27.1665174,0 -48.9364144,-27.1658266,0 -48.9362788,-27.1652455,0 -48.9362727,-27.1643299,0 -48.934689,-27.1632718,0 -48.9347322,-27.1624988,0 -48.9349598,-27.1621922,0 -48.929114,-27.1614676,0 -48.9288599,-27.1612524,0 -48.9285245,-27.1610716,0 -48.9283923,-27.1609142,0 -48.9283212,-27.1607695,0 -48.9282805,-27.1607333,0 -48.9281708,-27.1606918,0 -48.9280854,-27.1606881,0 -48.9280386,-27.1606465,0 -48.9279573,-27.1602742,0 -48.9278821,-27.1603628,0 -48.9277926,-27.1604532,0 -48.927691,-27.16054,0 -48.9274413,-27.1607461,0 -48.9272624,-27.1609052,0 -48.9266566,-27.1614587,0 -48.9265469,-27.1615419,0 -48.9264534,-27.1615853,0 -48.9263304,-27.1616126,0 -48.925868,-27.1616957,0 -48.9257419,-27.1617247,0 -48.9256112,-27.1617705,0 -48.9254898,-27.1618286,0 -48.9252142,-27.1619948,0 -48.9250554,-27.1620862,0 -48.9249434,-27.1621486,0 -48.9248453,-27.162186,0 -48.9247426,-27.162215,0 -48.9246118,-27.1622358,0 -48.9244764,-27.1622233,0 -48.9241728,-27.1621361,0 -48.9240654,-27.1621153,0 -48.9239346,-27.162107,0 -48.9238179,-27.1621112,0 -48.9237011,-27.1621402,0 -48.9235937,-27.1621818,0 -48.9233976,-27.1622732,0 -48.9229068,-27.1625203,0 -48.9227589,-27.162608,0 -48.9226541,-27.1626903,0 -48.9225247,-27.1628273,0 -48.922383,-27.1629644,0 -48.9222105,-27.1631014,0 -48.9221119,-27.1631837,0 -48.9219702,-27.1633317,0 -48.9218654,-27.1634742,0 -48.9217237,-27.16371,0 -48.9216352,-27.1638572,0 -48.9215274,-27.1639915,0 -48.9213484,-27.1641598,0 -48.9211714,-27.1642633,0 -48.9210361,-27.164315,0 -48.9208567,-27.1643644,0 -48.9206223,-27.1644011,0 -48.920231,-27.1644209,0 -48.9200186,-27.164465,0 -48.9198416,-27.1645468,0 -48.9196505,-27.1646854,0 -48.9186935,-27.1655377,0 -48.9184145,-27.1657667,0 -48.9180927,-27.1659911,0 -48.9176743,-27.1662679,0 -48.9174007,-27.1664779,0 -48.9171593,-27.1666974,0 -48.9169501,-27.1669122,0 -48.9167784,-27.1671031,0 -48.9166765,-27.1671938,0 -48.9165638,-27.1672606,0 -48.9164244,-27.1673083,0 -48.9162366,-27.1673465,0 -48.9160542,-27.1673513,0 -48.9158825,-27.1673179,0 -48.9157377,-27.1672701,0 -48.9155017,-27.1671508,0 -48.9152764,-27.1669885,0 -48.91485,-27.1666281,0 -48.914463,-27.1670167,0 -48.914272,-27.1670606,0 -48.9139208,-27.1674663,0 -48.9135079,-27.1683489,0 -48.9135017,-27.1685518,0 -48.914235,-27.169259,0 -48.9149991,-27.1705253,0 -48.9150484,-27.1710023,0 -48.9149005,-27.1712325,0 -48.9148697,-27.1713641,0 -48.9148081,-27.1715286,0 -48.9148143,-27.1715889,0 -48.9148512,-27.1716546,0 -48.9149005,-27.1717314,0 -48.914956,-27.171863,0 -48.9149806,-27.172,0 -48.9142412,-27.172159,0 -48.9137729,-27.1722029,0 -48.9135325,-27.1722796,0 -48.913323,-27.1723673,0 -48.9131197,-27.1722522,0 -48.913006,-27.1721804,0 -48.912968,-27.1741185,0 -48.9130789,-27.1741624,0 -48.9131498,-27.1742062,0 -48.9131744,-27.174272,0 -48.9131528,-27.1744748,0 -48.9131097,-27.1745653,0 -48.9130204,-27.1745927,0 -48.9128232,-27.174653,0 -48.912689,-27.1746914,0 -48.9126728,-27.1747637,0 -48.9126809,-27.1748361,0 -48.9127216,-27.1749048,0 -48.9127988,-27.1749952,0 -48.9129574,-27.175176,0 -48.9130224,-27.1752484,0 -48.9130661,-27.1752205,0 -48.913192,-27.1755814,0 -48.913192,-27.1756863,0 -48.9132408,-27.1757261,0 -48.9132489,-27.1758273,0 -48.9125377,-27.1762751,0 -48.9127654,-27.17655,0 -48.9132654,-27.1767742,0 -48.9135785,-27.1771793,0 -48.9140826,-27.1774577,0 -48.914542,-27.1782353,0 -48.9137947,-27.178999,0 -48.913692,-27.1790219,0 -48.9135052,-27.1791195,0 -48.9133978,-27.1791112,0 -48.9132437,-27.1791611,0 -48.9129798,-27.1792192,0 -48.9128629,-27.1792544,0 -48.9127709,-27.1792418,0 -48.9127178,-27.1792135,0 -48.9124595,-27.1792103,0 -48.9123851,-27.1792418,0 -48.9123108,-27.179267,0 -48.9122542,-27.1792765,0 -48.9121905,-27.1792513,0 -48.9121091,-27.179182,0 -48.9120843,-27.1792292,0 -48.9119746,-27.1792607,0 -48.911918,-27.1792985,0 -48.9119251,-27.1795409,0 -48.9105053,-27.1802009,0 -48.9101244,-27.1796712,0 -48.9098562,-27.1797762,0 -48.9094539,-27.1797762,0 -48.9092447,-27.1798049,0 -48.9090301,-27.1798001,0 -48.9085419,-27.1800148,0 -48.9083166,-27.1800148,0 -48.9081664,-27.1800482,0 -48.9079679,-27.1801389,0 -48.907689,-27.1802057,0 -48.9074476,-27.1803202,0 -48.907115,-27.1803727,0 -48.9065678,-27.180597,0 -48.906203,-27.1806495,0 -48.9057674,-27.1806524,0 -48.9056279,-27.1804997,0 -48.9023073,-27.1805426,0 -48.9010182,-27.1793973,0 -48.9010264,-27.1785872,0 -48.9015549,-27.1780447,0 -48.9015711,-27.1772201,0 -48.9013354,-27.1759615,0 -48.9004166,-27.1759181,0 -48.900197,-27.1761785,0 -48.8987237,-27.1762785,0 -48.8979578,-27.1767272,0 -48.8972246,-27.1767272,0 -48.8969538,-27.17691,0 -48.8966098,-27.1765063,0 -48.8965191,-27.1766434,0 -48.8962549,-27.1769453,0 -48.8958974,-27.1773648,0 -48.8957946,-27.1774896,0 -48.8957221,-27.1776364,0 -48.8956937,-27.1777366,0 -48.8952827,-27.1776243,0 -48.8945822,-27.1768433,0 -48.8945916,-27.1765192,0 -48.8942647,-27.1763198,0 -48.8929851,-27.1763115,0 -48.8928357,-27.1761121,0 -48.8893574,-27.1735982,0 -48.8893389,-27.1733131,0 -48.888889,-27.1728581,0 -48.8888829,-27.1725785,0 -48.8887042,-27.1725346,0 -48.8886179,-27.1716794,0 -48.8879278,-27.1710874,0 -48.8857032,-27.1702102,0 -48.885506,-27.1695359,0 -48.8851425,-27.1694263,0 -48.8849638,-27.1691741,0 -48.8845016,-27.1691083,0 -48.8839778,-27.169207,0 -48.8824065,-27.1683518,0 -48.8821477,-27.1683408,0 -48.8817841,-27.1685272,0 -48.8816424,-27.1689822,0 -48.8813713,-27.1691522,0 -48.8813651,-27.1707913,0 -48.8804557,-27.1717638,0 -48.8806822,-27.1722549,0 -48.8809547,-27.1725792,0 -48.8809583,-27.1728154,0 -48.8813122,-27.1731554,0 -48.8817263,-27.1737977,0 -48.8815953,-27.1741787,0 -48.8815068,-27.1746825,0 -48.8810998,-27.1749029,0 -48.8808664,-27.1756831,0 -48.8808237,-27.1768175,0 -48.8800999,-27.1768674,0 -48.8800018,-27.1771395,0 -48.8794951,-27.177611,0 -48.8792803,-27.1772039,0 -48.879,-27.177,0 -48.882,-27.183,0 -48.894,-27.182,0 -48.898,-27.19,0 -48.906,-27.189,0 -48.914,-27.197,0 -48.931,-27.201,0 -48.934,-27.203,0 -48.932,-27.205,0 -48.934,-27.212,0 -48.935,-27.212,0 -48.9351694,-27.212081,0 -48.958,-27.223,0 -48.971,-27.237,0 -48.986,-27.247,0 -48.9954547,-27.247,0 -48.996,-27.247,0 -49.004,-27.253,0 -49.021,-27.256,0 -49.023,-27.242,0 -49.008,-27.232,0 -49.008,-27.201,0 -48.9952828,-27.1894943,0 -48.987,-27.182,0 -48.9767922,-27.1611244,0 -48.989,-27.153,0 -48.9932106,-27.1540527,0 -49.005,-27.157,0 -49.007,-27.164,0 -49.0176459,-27.1638417,0 -49.0185594,-27.1625314,0 -49.0194728,-27.161387,0 -49.0202092,-27.1612626,0 -49.0214676,-27.1611713,0 -49.0222785,-27.1608562,0 -49.0224369,-27.1604001,0 -49.0221293,-27.1599025,0 -49.0213837,-27.1595044,0 -49.020377,-27.1592307,0 -49.0197432,-27.1587165,0 -49.019622,-27.1581692,0 -49.0196686,-27.1577047,0 -49.0202931,-27.1572818,0 -49.022148,-27.1563114,0 -49.0226554,-27.1557601,0 -49.0230335,-27.1553494,0 -49.0233318,-27.1547688,0 -49.0231919,-27.1543873,0 -49.0228682,-27.1540821,0 -49.0222878,-27.1537819,0 -49.0215235,-27.1535994,0 -49.0203677,-27.153475,0 -49.0199109,-27.1535331,0 -49.0197245,-27.1540141,0 -49.0198364,-27.1552416,0 -49.0197338,-27.1555235,0 -49.0191186,-27.1556977,0 -49.0184009,-27.1556645,0 -49.0177485,-27.1553245,0 -49.0170494,-27.1545698,0 -49.0161918,-27.1534584,0 -49.01553,-27.1521563,0 -49.01553,-27.1515425,0 -49.0153995,-27.1511195,0 -49.0147191,-27.1506966,0 -49.014514,-27.1502902,0 -49.0145327,-27.1499252,0 -49.014803,-27.149552,0 -49.0162384,-27.1486728,0 -49.0170494,-27.148001,0 -49.0178976,-27.147495,0 -49.0197245,-27.1469725,0 -49.0205821,-27.1467817,0 -49.0210667,-27.1464085,0 -49.0213743,-27.1454961,0 -49.0214023,-27.1449238,0 -49.0209829,-27.1446418,0 -49.0203211,-27.1442934,0 -49.0189695,-27.1440031,0</coordinates></LinearRing></outerBoundaryIs></Polygon><Polygon><outerBoundaryIs><LinearRing><coordinates>-48.812,-27.135,0 -48.821,-27.138,0 -48.8235386,-27.1401761,0 -48.823585,-27.1402159,0 -48.842,-27.156,0 -48.8476622,-27.1578017,0 -48.864,-27.163,0 -48.8655,-27.1645,0 -48.8662927,-27.1638778,0 -48.8668414,-27.1636991,0 -48.8674369,-27.1636991,0 -48.8677007,-27.1637407,0 -48.8677498,-27.1635122,0 -48.8682004,-27.1631528,0 -48.8687035,-27.1629215,0 -48.8697041,-27.1628299,0 -48.8697986,-27.1631082,0 -48.870212,-27.1633405,0 -48.8708425,-27.1640171,0 -48.8709333,-27.1641506,0 -48.8720738,-27.1641527,0 -48.8722163,-27.1642877,0 -48.8724807,-27.1642887,0 -48.8727136,-27.1645122,0 -48.8730138,-27.164271,0 -48.8734734,-27.1639959,0 -48.8736221,-27.1639512,0 -48.8738106,-27.1639296,0 -48.873915,-27.1639339,0 -48.874809,-27.1639399,0 -48.8748414,-27.1639682,0 -48.8748908,-27.1640033,0 -48.8749839,-27.1640089,0 -48.8750474,-27.1639892,0 -48.8754512,-27.1638842,0 -48.8755286,-27.1638832,0 -48.8756291,-27.1638929,0 -48.8756237,-27.1634666,0 -48.8757621,-27.1630631,0 -48.880196,-27.161276,0 -48.8809151,-27.1607369,0 -48.881234,-27.1606938,0 -48.8818253,-27.1611907,0 -48.8820994,-27.1611943,0 -48.8825023,-27.1616454,0 -48.8827865,-27.1618277,0 -48.8833707,-27.1610031,0 -48.8851491,-27.1603688,0 -48.8857834,-27.1603698,0 -48.8862043,-27.1604151,0 -48.8867032,-27.1603666,0 -48.8870205,-27.1601417,0 -48.8876174,-27.1601845,0 -48.8881134,-27.159691,0 -48.8886667,-27.1596821,0 -48.8890791,-27.159319,0 -48.8893016,-27.1593218,0 -48.8895808,-27.1596007,0 -48.8898423,-27.1596399,0 -48.8898463,-27.159411,0 -48.8900764,-27.1591381,0 -48.8902626,-27.1584467,0 -48.8906551,-27.1578047,0 -48.890358,-27.1575385,0 -48.8907678,-27.1572225,0 -48.8909505,-27.1572205,0 -48.8917163,-27.1564004,0 -48.8921697,-27.1560876,0 -48.8918139,-27.1558086,0 -48.8917141,-27.1553595,0 -48.8917173,-27.1547178,0 -48.8914917,-27.1538431,0 -48.8913616,-27.1536755,0 -48.8913596,-27.1535268,0 -48.8916353,-27.1533738,0 -48.8919857,-27.1531295,0 -48.8921748,-27.1526179,0 -48.8926788,-27.1518448,0 -48.8926576,-27.1514893,0 -48.8926954,-27.1507189,0 -48.8926286,-27.1502108,0 -48.8926618,-27.1501717,0 -48.8927028,-27.1501006,0 -48.8927887,-27.1498742,0 -48.8928676,-27.1497778,0 -48.8931534,-27.147494,0 -48.8924871,-27.1460098,0 -48.8920379,-27.1454721,0 -48.8917567,-27.1449261,0 -48.8908037,-27.1458473,0 -48.8890236,-27.1459714,0 -48.8883819,-27.146612,0 -48.8881085,-27.1473369,0 -48.8875658,-27.1474732,0 -48.8867909,-27.1480186,0 -48.8863417,-27.1480252,0 -48.8863882,-27.1486098,0 -48.8858397,-27.1492912,0 -48.8854678,-27.1504378,0 -48.885015,-27.1500742,0 -48.8843302,-27.1500643,0 -48.8840099,-27.1497531,0 -48.8829239,-27.1497662,0 -48.8822869,-27.1495729,0 -48.8820513,-27.1492912,0 -48.8818194,-27.1492093,0 -48.880645,-27.1492028,0 -48.8800964,-27.1498317,0 -48.8793711,-27.1505688,0 -48.8778138,-27.1503493,0 -48.8754086,-27.1498215,0 -48.8753242,-27.1499005,0 -48.8752671,-27.1500454,0 -48.8752502,-27.1501301,0 -48.8752861,-27.1502599,0 -48.875283,-27.1503293,0 -48.8752397,-27.1503971,0 -48.8751911,-27.1504272,0 -48.8750557,-27.1504498,0 -48.8749986,-27.1504761,0 -48.8749204,-27.1505034,0 -48.8748316,-27.1505053,0 -48.8747798,-27.1504921,0 -48.8747206,-27.1504516,0 -48.8745028,-27.1502541,0 -48.8743992,-27.1502465,0 -48.8743135,-27.1502691,0 -48.874175,-27.1502898,0 -48.8741338,-27.1503275,0 -48.873972,-27.1504112,0 -48.873897,-27.1505542,0 -48.8738579,-27.1505824,0 -48.8738335,-27.150604,0 -48.8738018,-27.1506539,0 -48.8737828,-27.1507705,0 -48.8737299,-27.1508599,0 -48.8734445,-27.1509869,0 -48.8731886,-27.1510735,0 -48.8730522,-27.1511327,0 -48.8729973,-27.1511318,0 -48.8728319,-27.1511028,0 -48.8727909,-27.1510872,0 -48.8727156,-27.1510816,0 -48.8726707,-27.1510678,0 -48.8726091,-27.1508922,0 -48.8724115,-27.1506383,0 -48.8723532,-27.1505897,0 -48.8723022,-27.1505562,0 -48.8722269,-27.1505184,0 -48.8720872,-27.150487,0 -48.8719925,-27.1504719,0 -48.8718747,-27.150487,0 -48.8716039,-27.1505616,0 -48.8715067,-27.1506091,0 -48.8715244,-27.1484789,0 -48.8725251,-27.1485697,0 -48.8728482,-27.1482498,0 -48.8729866,-27.1482477,0 -48.8732125,-27.1480207,0 -48.8733996,-27.1480229,0 -48.8738465,-27.1476598,0 -48.874036,-27.1476555,0 -48.8744464,-27.1472491,0 -48.8750051,-27.1472924,0 -48.8764503,-27.1470632,0 -48.8772766,-27.1467424,0 -48.8778436,-27.1468702,0 -48.8782691,-27.1468884,0 -48.8784552,-27.1469731,0 -48.8788231,-27.146926,0 -48.8788908,-27.1463107,0 -48.8789586,-27.1463107,0 -48.8790926,-27.1462908,0 -48.8791693,-27.1462908,0 -48.8794595,-27.1463789,0 -48.8795725,-27.1463976,0 -48.8796562,-27.1464224,0 -48.8800015,-27.1461533,0 -48.8801859,-27.1456971,0 -48.8803644,-27.1454786,0 -48.880091,-27.1452378,0 -48.8799069,-27.1452353,0 -48.8798204,-27.1451534,0 -48.8797757,-27.1450143,0 -48.8796362,-27.1447387,0 -48.8796418,-27.1444681,0 -48.8794521,-27.1443266,0 -48.8792763,-27.1441006,0 -48.8792261,-27.1439194,0 -48.8790391,-27.1436897,0 -48.8783323,-27.1430574,0 -48.878682,-27.1426348,0 -48.8786894,-27.1424022,0 -48.8791827,-27.1419075,0 -48.879457,-27.1418686,0 -48.8799542,-27.141324,0 -48.8811028,-27.1410008,0 -48.8812778,-27.1407364,0 -48.8812778,-27.1404144,0 -48.8809591,-27.1400966,0 -48.8809183,-27.1395378,0 -48.8806882,-27.1389983,0 -48.8806882,-27.1384928,0 -48.8802281,-27.1381367,0 -48.8802305,-27.1379575,0 -48.8805037,-27.1377229,0 -48.8805109,-27.1366672,0 -48.8806787,-27.1364881,0 -48.8806835,-27.1360871,0 -48.8806739,-27.1360039,0 -48.8778881,-27.133335,0 -48.8773099,-27.1329969,0 -48.8759115,-27.1329381,0 -48.8755536,-27.1326637,0 -48.8754545,-27.1326098,0 -48.8753719,-27.1326098,0 -48.8752287,-27.1326539,0 -48.8752287,-27.1325755,0 -48.8751462,-27.1324824,0 -48.8749865,-27.1323942,0 -48.8749369,-27.1323109,0 -48.8749259,-27.1322129,0 -48.8748323,-27.1320855,0 -48.8746396,-27.1318944,0 -48.8744304,-27.1316788,0 -48.8744194,-27.1315808,0 -48.8744139,-27.1314338,0 -48.8744359,-27.1313162,0 -48.8744414,-27.1312525,0 -48.8743533,-27.131179,0 -48.8742542,-27.1312378,0 -48.8742212,-27.1312868,0 -48.8741937,-27.1313995,0 -48.8741771,-27.1315073,0 -48.874089,-27.1315857,0 -48.8739569,-27.1316739,0 -48.8738853,-27.1317425,0 -48.8737312,-27.1317915,0 -48.8737091,-27.1318944,0 -48.8736596,-27.131963,0 -48.8735935,-27.1320071,0 -48.8735054,-27.1320561,0 -48.8733458,-27.132061,0 -48.8716334,-27.1310369,0 -48.8715619,-27.1306841,0 -48.8715288,-27.1304146,0 -48.8716059,-27.130101,0 -48.8715343,-27.1298707,0 -48.8715288,-27.1297286,0 -48.8714518,-27.1295816,0 -48.8700294,-27.1280344,0 -48.8698224,-27.127637,0 -48.869095,-27.1273572,0 -48.8690389,-27.1274341,0 -48.8689155,-27.1275646,0 -48.8687299,-27.1277637,0 -48.8685329,-27.1279855,0 -48.8684832,-27.1280409,0 -48.8683097,-27.1282199,0 -48.8681018,-27.1284531,0 -48.8679275,-27.1286186,0 -48.8678096,-27.128757,0 -48.867746,-27.1288316,0 -48.8676846,-27.1288887,0 -48.8675632,-27.1289635,0 -48.8674278,-27.1290425,0 -48.867297,-27.1291464,0 -48.8671075,-27.1294965,0 -48.8670632,-27.1299355,0 -48.867019,-27.1303295,0 -48.8669763,-27.1304041,0 -48.8669146,-27.1304787,0 -48.8667761,-27.1306153,0 -48.8664377,-27.1312148,0 -48.8661088,-27.1319324,0 -48.8660867,-27.1320619,0 -48.8660867,-27.1321519,0 -48.8661278,-27.132318,0 -48.866131,-27.1324418,0 -48.8660772,-27.1325853,0 -48.8659665,-27.1328555,0 -48.8659159,-27.1330469,0 -48.8658717,-27.1335084,0 -48.8658748,-27.133711,0 -48.865859,-27.1338292,0 -48.8657452,-27.1343386,0 -48.8652866,-27.1345806,0 -48.8648724,-27.134575,0 -48.8644645,-27.1348508,0 -48.8642779,-27.1348424,0 -48.8639585,-27.1346116,0 -48.8638288,-27.1342626,0 -48.863734,-27.1330722,0 -48.8632343,-27.1319718,0 -48.8633324,-27.1316594,0 -48.8624596,-27.1307504,0 -48.8623804,-27.1298821,0 -48.8618628,-27.1298309,0 -48.8612732,-27.1291484,0 -48.8614985,-27.1287474,0 -48.8614506,-27.1281716,0 -48.8616519,-27.1278815,0 -48.862136,-27.1279199,0 -48.862414,-27.1274293,0 -48.8630802,-27.1274208,0 -48.8637848,-27.1272032,0 -48.8648968,-27.1281161,0 -48.8653953,-27.1282355,0 -48.8662341,-27.1281118,0 -48.8673365,-27.1270624,0 -48.8671927,-27.1258851,0 -48.8671256,-27.1257358,0 -48.8670873,-27.1255779,0 -48.8672502,-27.1246949,0 -48.8666655,-27.1241446,0 -48.8663347,-27.1237393,0 -48.8661478,-27.1228946,0 -48.8652371,-27.1219177,0 -48.8648739,-27.1212402,0 -48.8641181,-27.1206915,0 -48.8638504,-27.1206441,0 -48.8633573,-27.1201664,0 -48.8631896,-27.1196813,0 -48.8629647,-27.1192737,0 -48.8625089,-27.1186851,0 -48.8619419,-27.1188644,0 -48.8614002,-27.1188132,0 -48.8605698,-27.1185718,0 -48.8600261,-27.1182456,0 -48.8595495,-27.1175864,0 -48.8591801,-27.1163017,0 -48.8584155,-27.1159898,0 -48.8587686,-27.1149139,0 -48.8588631,-27.1142685,0 -48.8584564,-27.1136181,0 -48.8576207,-27.1137035,0 -48.8567707,-27.1133423,0 -48.8561711,-27.1133846,0 -48.8557982,-27.1136696,0 -48.8547923,-27.1137493,0 -48.8531559,-27.1131639,0 -48.8528269,-27.1131744,0 -48.852078,-27.1137385,0 -48.8508854,-27.1131179,0 -48.8501186,-27.113116,0 -48.8501119,-27.1133021,0 -48.8498398,-27.1135719,0 -48.8498427,-27.1137588,0 -48.8497001,-27.114215,0 -48.8494263,-27.114527,0 -48.8474097,-27.1143083,0 -48.847384,-27.1143606,0 -48.8473294,-27.114582,0 -48.8461614,-27.1145704,0 -48.8456156,-27.1145755,0 -48.8454841,-27.1145362,0 -48.8451304,-27.1145551,0 -48.8449922,-27.1145298,0 -48.8448476,-27.114477,0 -48.8446821,-27.1144323,0 -48.844495,-27.1144306,0 -48.8443559,-27.114386,0 -48.8442119,-27.1143874,0 -48.8440464,-27.1144503,0 -48.8438367,-27.114572,0 -48.8436147,-27.1147266,0 -48.8435034,-27.1154418,0 -48.8425974,-27.1163015,0 -48.8426364,-27.116668,0 -48.8420338,-27.1165292,0 -48.8415532,-27.1165423,0 -48.8411028,-27.1167179,0 -48.8403742,-27.1168081,0 -48.8399545,-27.1168041,0 -48.8398121,-27.1166796,0 -48.8389057,-27.1167184,0 -48.8385377,-27.1173962,0 -48.8385866,-27.1190332,0 -48.8385098,-27.1190712,0 -48.838427,-27.1191849,0 -48.8382099,-27.1192437,0 -48.8381791,-27.1194021,0 -48.8380732,-27.1195085,0 -48.8379952,-27.1196357,0 -48.8380145,-27.119838,0 -48.83791,-27.1199395,0 -48.8377013,-27.1200595,0 -48.8376286,-27.1201872,0 -48.837598,-27.1203606,0 -48.8374967,-27.1205187,0 -48.8373784,-27.1205752,0 -48.8372834,-27.120665,0 -48.8343248,-27.1208441,0 -48.8329289,-27.1194363,0 -48.832712,-27.1192186,0 -48.8325453,-27.1189437,0 -48.8323653,-27.1187396,0 -48.8323361,-27.1186583,0 -48.8321066,-27.1184805,0 -48.8319545,-27.1184207,0 -48.8318211,-27.1183692,0 -48.8317238,-27.1181935,0 -48.8317828,-27.1180483,0 -48.8317607,-27.1179403,0 -48.8318057,-27.1178323,0 -48.8318881,-27.1177409,0 -48.8318958,-27.1176174,0 -48.8318661,-27.1174938,0 -48.8318581,-27.1172966,0 -48.8319075,-27.1172015,0 -48.8320064,-27.1171776,0 -48.8320919,-27.1170965,0 -48.8323412,-27.1170386,0 -48.8324441,-27.1169432,0 -48.8324397,-27.1167384,0 -48.8323981,-27.1165751,0 -48.8322627,-27.1164115,0 -48.8321274,-27.1162812,0 -48.8319688,-27.1161535,0 -48.8319503,-27.1160342,0 -48.8318758,-27.1159232,0 -48.8317053,-27.1158549,0 -48.8315921,-27.1157501,0 -48.8315442,-27.1156452,0 -48.8258182,-27.1153562,0 -48.8255137,-27.1154829,0 -48.825149,-27.1162115,0 -48.8251367,-27.1166301,0 -48.8249148,-27.1172242,0 -48.8246438,-27.1174909,0 -48.8243006,-27.1173759,0 -48.8229108,-27.1159086,0 -48.8225905,-27.1158916,0 -48.8220257,-27.1165623,0 -48.82164,-27.1163134,0 -48.8215746,-27.1158781,0 -48.8209879,-27.1155779,0 -48.8197973,-27.1159035,0 -48.8193561,-27.116165,0 -48.8185451,-27.1163497,0 -48.8181607,-27.1165802,0 -48.816505,-27.1164955,0 -48.815894,-27.1161269,0 -48.8155658,-27.1161182,0 -48.8155645,-27.1162174,0 -48.814983,-27.1162561,0 -48.8148381,-27.1161678,0 -48.8144797,-27.1161607,0 -48.8140354,-27.1160343,0 -48.8137079,-27.1160268,0 -48.8136165,-27.1161625,0 -48.8130652,-27.1161771,0 -48.8129041,-27.1162482,0 -48.8125085,-27.1162641,0 -48.8117481,-27.1161272,0 -48.8113809,-27.1158622,0 -48.8111239,-27.1154099,0 -48.8111763,-27.1150159,0 -48.8110887,-27.1146452,0 -48.8108873,-27.1144337,0 -48.8108772,-27.1138874,0 -48.8103018,-27.1129036,0 -48.8091568,-27.1127009,0 -48.8081256,-27.1124402,0 -48.8073563,-27.1133152,0 -48.8065627,-27.1136184,0 -48.8057826,-27.1149311,0 -48.8048336,-27.1160142,0 -48.8028509,-27.1164889,0 -48.8023736,-27.1169781,0 -48.806,-27.12,0 -48.803,-27.127,0 -48.812,-27.135,0</coordinates></LinearRing></outerBoundaryIs></Polygon><Polygon><outerBoundaryIs><LinearRing><coordinates>-48.8532489,-27.0530644,0 -48.8531952,-27.0531322,0 -48.8530765,-27.053204,0 -48.8530272,-27.0532858,0 -48.85296,-27.0533277,0 -48.852893,-27.0533636,0 -48.8527606,-27.0534115,0 -48.8526935,-27.0535232,0 -48.852633,-27.0537147,0 -48.8524784,-27.0539401,0 -48.8524695,-27.053996,0 -48.8524004,-27.053996,0 -48.8523086,-27.0540977,0 -48.8522145,-27.0541077,0 -48.8520532,-27.0541037,0 -48.8520308,-27.0541715,0 -48.8519368,-27.0542054,0 -48.8518203,-27.0542253,0 -48.8517262,-27.0543151,0 -48.8517195,-27.0544527,0 -48.8517195,-27.0545465,0 -48.8518225,-27.0545485,0 -48.8518965,-27.0545565,0 -48.8519368,-27.0546622,0 -48.8518315,-27.0547599,0 -48.8517329,-27.0549155,0 -48.8517105,-27.0550093,0 -48.851715,-27.055135,0 -48.8517218,-27.0552649,0 -48.8516569,-27.0553185,0 -48.8515618,-27.0553538,0 -48.8515143,-27.0553453,0 -48.8514985,-27.0554031,0 -48.8514399,-27.0554215,0 -48.8512783,-27.0555625,0 -48.8512118,-27.0556302,0 -48.8510677,-27.0557882,0 -48.8510598,-27.0558742,0 -48.8509806,-27.0559264,0 -48.8508761,-27.0559701,0 -48.8508033,-27.0560366,0 -48.8508212,-27.0561383,0 -48.8508369,-27.0562121,0 -48.8507652,-27.0562181,0 -48.8507406,-27.056244,0 -48.8506936,-27.056228,0 -48.8506309,-27.0563417,0 -48.8505659,-27.0564395,0 -48.8505592,-27.0565412,0 -48.8506398,-27.0566928,0 -48.8506309,-27.0567447,0 -48.8505278,-27.0567447,0 -48.8504539,-27.0567786,0 -48.8504158,-27.0568644,0 -48.8504584,-27.0569781,0 -48.8504427,-27.0570319,0 -48.8503083,-27.0570638,0 -48.850165,-27.0570219,0 -48.8500395,-27.05699,0 -48.8499477,-27.057014,0 -48.8498111,-27.0570918,0 -48.8497976,-27.0571436,0 -48.8497551,-27.0571476,0 -48.8496968,-27.0571835,0 -48.849605,-27.0572354,0 -48.8495154,-27.0573271,0 -48.8495154,-27.057395,0 -48.8494773,-27.0575106,0 -48.8493945,-27.0575366,0 -48.8493004,-27.0575226,0 -48.8492981,-27.0575825,0 -48.8483744,-27.0595617,0 -48.8476756,-27.0607744,0 -48.847138,-27.0616999,0 -48.8465646,-27.0632956,0 -48.8458299,-27.0638701,0 -48.8456866,-27.0651147,0 -48.844934,-27.0675081,0 -48.8436166,-27.0678539,0 -48.841507,-27.068426,0 -48.839429,-27.0700281,0 -48.8385167,-27.0705697,0 -48.8378072,-27.0714723,0 -48.837,-27.073,0 -48.8257235,-27.073,0 -48.824,-27.073,0 -48.808,-27.089,0 -48.8047409,-27.0902675,0 -48.79,-27.096,0 -48.798,-27.104,0 -48.7977306,-27.1044041,0 -48.7980083,-27.1043958,0 -48.7985653,-27.1046936,0 -48.7991316,-27.1053028,0 -48.7993725,-27.1053543,0 -48.7996736,-27.1056154,0 -48.8003515,-27.1056814,0 -48.8003797,-27.1057575,0 -48.8013532,-27.1057767,0 -48.8017353,-27.106018,0 -48.8023663,-27.1061486,0 -48.8024556,-27.1063049,0 -48.8031142,-27.106548,0 -48.8038982,-27.106681,0 -48.803942,-27.1067977,0 -48.8043721,-27.1068341,0 -48.8046132,-27.1070433,0 -48.8068234,-27.1071461,0 -48.8070085,-27.1075167,0 -48.8083332,-27.1076459,0 -48.8086901,-27.1074846,0 -48.8087949,-27.1072818,0 -48.8091869,-27.1072848,0 -48.8095229,-27.1071797,0 -48.8100724,-27.1063099,0 -48.8122391,-27.1040521,0 -48.8129003,-27.103963,0 -48.8135975,-27.1041388,0 -48.8143413,-27.103957,0 -48.8146145,-27.105328,0 -48.8146123,-27.1069138,0 -48.8148896,-27.1076492,0 -48.8152038,-27.1076929,0 -48.8153393,-27.1077847,0 -48.8155734,-27.1081452,0 -48.8162002,-27.1083341,0 -48.8173869,-27.1082844,0 -48.8175816,-27.1089751,0 -48.8185205,-27.1101969,0 -48.8185268,-27.1102801,0 -48.8188007,-27.1104278,0 -48.8203973,-27.110519,0 -48.8212165,-27.1107483,0 -48.8213582,-27.1107481,0 -48.8213566,-27.1107042,0 -48.8217228,-27.110285,0 -48.8217228,-27.1101982,0 -48.8216252,-27.1101475,0 -48.8215805,-27.109554,0 -48.8219138,-27.1091921,0 -48.8225481,-27.1091053,0 -48.8227241,-27.1089204,0 -48.8229016,-27.108434,0 -48.8233265,-27.1080599,0 -48.8237655,-27.1073823,0 -48.8241344,-27.1070664,0 -48.8242325,-27.1068169,0 -48.8245874,-27.1064262,0 -48.8249657,-27.1056696,0 -48.8255821,-27.1051874,0 -48.8262966,-27.1051998,0 -48.8266469,-27.1046594,0 -48.8265236,-27.1042873,0 -48.8266497,-27.1040545,0 -48.8264115,-27.1038217,0 -48.8245199,-27.1038208,0 -48.8225309,-27.1034932,0 -48.8222195,-27.1031781,0 -48.8222195,-27.1029135,0 -48.8210869,-27.1022203,0 -48.8207896,-27.102214,0 -48.8215045,-27.1005757,0 -48.8218231,-27.1002229,0 -48.8230547,-27.0999015,0 -48.8244279,-27.0984333,0 -48.8251499,-27.0978788,0 -48.8245978,-27.0972171,0 -48.8240103,-27.0972612,0 -48.8245978,-27.0936108,0 -48.8249574,-27.0935734,0 -48.8252937,-27.0933364,0 -48.8257326,-27.0933406,0 -48.8265592,-27.0937522,0 -48.827241,-27.0943134,0 -48.8273671,-27.0947126,0 -48.8277734,-27.0950784,0 -48.8283852,-27.0947375,0 -48.8294967,-27.093906,0 -48.8303886,-27.0929664,0 -48.8312946,-27.0922513,0 -48.8324714,-27.093299,0 -48.8327843,-27.0933822,0 -48.8334254,-27.0939306,0 -48.8339351,-27.0940285,0 -48.8341657,-27.0943962,0 -48.8347941,-27.0947062,0 -48.8354878,-27.0948496,0 -48.835893,-27.0951189,0 -48.8364876,-27.0952072,0 -48.8365319,-27.0950291,0 -48.8368061,-27.0948905,0 -48.8368079,-27.0948007,0 -48.8370804,-27.094796,0 -48.837629,-27.0943848,0 -48.8378573,-27.0942966,0 -48.8387633,-27.0942919,0 -48.8389102,-27.0941611,0 -48.8393119,-27.094065,0 -48.8396764,-27.0937074,0 -48.8398074,-27.0937058,0 -48.8400427,-27.0934333,0 -48.8403135,-27.0934348,0 -48.8406391,-27.0932033,0 -48.8409063,-27.0931623,0 -48.8410903,-27.0929764,0 -48.8418187,-27.0927949,0 -48.8420475,-27.0920932,0 -48.84214,-27.0910626,0 -48.8424108,-27.0907445,0 -48.8424122,-27.0901513,0 -48.8421506,-27.0897441,0 -48.8422006,-27.0888287,0 -48.8424528,-27.0879889,0 -48.8421446,-27.0877311,0 -48.8411826,-27.0863757,0 -48.8409491,-27.0858019,0 -48.8408752,-27.0851313,0 -48.8410909,-27.0851367,0 -48.841134,-27.0846265,0 -48.8418242,-27.0843632,0 -48.842083,-27.0841053,0 -48.8425513,-27.0840889,0 -48.8428225,-27.0833976,0 -48.8431799,-27.0831013,0 -48.8441843,-27.0829093,0 -48.8452873,-27.0820534,0 -48.8454707,-27.0806207,0 -48.8460114,-27.0805374,0 -48.8462879,-27.0801646,0 -48.8461578,-27.0794841,0 -48.8458691,-27.0792995,0 -48.845926,-27.0784379,0 -48.8467879,-27.0775728,0 -48.846792,-27.0770262,0 -48.8470603,-27.0766714,0 -48.8476539,-27.074485,0 -48.8491947,-27.0745212,0 -48.8499671,-27.0740651,0 -48.8503818,-27.0740651,0 -48.8509794,-27.0746479,0 -48.8509713,-27.0751113,0 -48.851521,-27.0757988,0 -48.8518873,-27.0759295,0 -48.8519387,-27.0763487,0 -48.8521103,-27.0764842,0 -48.8523457,-27.0764842,0 -48.8527845,-27.0763455,0 -48.8528394,-27.0763077,0 -48.8529756,-27.0761864,0 -48.8531438,-27.0760461,0 -48.8533119,-27.0759248,0 -48.8534588,-27.0758413,0 -48.8538622,-27.0756711,0 -48.8540073,-27.0755845,0 -48.8541807,-27.0754411,0 -48.8543666,-27.0753072,0 -48.8548461,-27.0757877,0 -48.8549523,-27.0758697,0 -48.8553912,-27.0761233,0 -48.8556938,-27.0762478,0 -48.8560585,-27.0763255,0 -48.8564788,-27.0763588,0 -48.8565816,-27.0763047,0 -48.8569178,-27.07618,0 -48.8570159,-27.0761633,0 -48.8570486,-27.0762548,0 -48.8570766,-27.0763588,0 -48.8571513,-27.0764004,0 -48.8573661,-27.0763338,0 -48.8575296,-27.0763588,0 -48.857679,-27.0764669,0 -48.8580526,-27.0764877,0 -48.8583515,-27.0763796,0 -48.8588006,-27.0764041,0 -48.8591126,-27.0764032,0 -48.8591787,-27.0764077,0 -48.859322,-27.0764068,0 -48.859388,-27.0764122,0 -48.8594826,-27.0763951,0 -48.8597143,-27.0763371,0 -48.8598983,-27.0762693,0 -48.8600202,-27.0760901,0 -48.8600111,-27.0758548,0 -48.8602489,-27.0757027,0 -48.8606177,-27.0759789,0 -48.8606405,-27.0759633,0 -48.8606546,-27.0759496,0 -48.8606687,-27.0759341,0 -48.8606754,-27.0759156,0 -48.8606794,-27.075875,0 -48.860717,-27.0758236,0 -48.860782,-27.0757962,0 -48.8608108,-27.0757872,0 -48.860837,-27.0757717,0 -48.8608605,-27.0757657,0 -48.8609268,-27.0757687,0 -48.8609537,-27.0757651,0 -48.8610268,-27.0757179,0 -48.8610428,-27.0757036,0 -48.860951,-27.0756361,0 -48.8609148,-27.0756212,0 -48.8608846,-27.0756129,0 -48.8608544,-27.0756146,0 -48.8607699,-27.0756326,0 -48.8606613,-27.0756517,0 -48.860611,-27.0756529,0 -48.8605849,-27.0756499,0 -48.8605672,-27.0756463,0 -48.8600881,-27.0754296,0 -48.8596295,-27.0753885,0 -48.8594523,-27.0755201,0 -48.858984,-27.0755243,0 -48.8586792,-27.0751639,0 -48.8587624,-27.074467,0 -48.8581647,-27.0743738,0 -48.8574992,-27.0737099,0 -48.8567597,-27.0736934,0 -48.8562544,-27.073238,0 -48.8561127,-27.0727222,0 -48.8549542,-27.0712956,0 -48.8549419,-27.070917,0 -48.8544489,-27.0703848,0 -48.8542025,-27.0703683,0 -48.8533952,-27.0695233,0 -48.8533497,-27.067181,0 -48.8538019,-27.0667706,0 -48.8546224,-27.0665015,0 -48.8549916,-27.066217,0 -48.8554375,-27.0641874,0 -48.8568249,-27.0631158,0 -48.8573487,-27.0622523,0 -48.8573663,-27.0614497,0 -48.8570368,-27.0603077,0 -48.8579058,-27.0592233,0 -48.8578522,-27.058982,0 -48.857305,-27.0584804,0 -48.8567122,-27.0583467,0 -48.8560792,-27.0583419,0 -48.8554436,-27.0578021,0 -48.8550734,-27.0576587,0 -48.8548535,-27.0573458,0 -48.8548562,-27.0571595,0 -48.8551217,-27.0569254,0 -48.8549849,-27.0563354,0 -48.8544374,-27.0557447,0 -48.8541689,-27.0555201,0 -48.8541222,-27.0552352,0 -48.8541222,-27.0547923,0 -48.8543533,-27.0543764,0 -48.8543008,-27.0538668,0 -48.8539801,-27.053465,0 -48.8534896,-27.0529104,0 -48.8534342,-27.0529555,0 -48.853362,-27.0529873,0 -48.8532489,-27.0530644,0</coordinates></LinearRing></outerBoundaryIs></Polygon><Polygon><outerBoundaryIs><LinearRing><coordinates>-48.93,-27.05,0 -48.9277911,-27.0482329,0 -48.925,-27.046,0 -48.935,-27.033,0 -48.935,-27.028,0 -48.9269966,-27.0199967,0 -48.926,-27.019,0 -48.918,-27.02,0 -48.913,-27.02,0 -48.909,-27.011,0 -48.895,-27.011,0 -48.8889664,-27.0032579,0 -48.8889338,-27.0036368,0 -48.8890785,-27.0043942,0 -48.8892317,-27.0048891,0 -48.8891674,-27.0056514,0 -48.8890334,-27.0061028,0 -48.8890407,-27.0064999,0 -48.8885399,-27.007927,0 -48.8883368,-27.0082427,0 -48.8878279,-27.0082446,0 -48.8877037,-27.0082771,0 -48.8876038,-27.0086048,0 -48.8875819,-27.0089737,0 -48.8875015,-27.0092753,0 -48.8874017,-27.0093491,0 -48.8873213,-27.0093795,0 -48.8872604,-27.0094685,0 -48.8872312,-27.0095401,0 -48.8871971,-27.0095965,0 -48.8870655,-27.0098591,0 -48.8870071,-27.0099524,0 -48.8869876,-27.0100175,0 -48.8871094,-27.0101498,0 -48.8870485,-27.0102931,0 -48.8869706,-27.0103278,0 -48.886934,-27.0103734,0 -48.8869267,-27.0104515,0 -48.8867976,-27.0105969,0 -48.886727,-27.0106576,0 -48.886593,-27.0106837,0 -48.8864371,-27.0106837,0 -48.8863811,-27.0107249,0 -48.8863056,-27.0107531,0 -48.8863763,-27.010777,0 -48.886481,-27.0107683,0 -48.8865346,-27.0108008,0 -48.8866125,-27.0108377,0 -48.8866905,-27.0108247,0 -48.8868001,-27.010829,0 -48.8868853,-27.0108638,0 -48.8869998,-27.0109636,0 -48.8871995,-27.0110873,0 -48.8874041,-27.0111307,0 -48.8874601,-27.0111741,0 -48.8887364,-27.0118771,0 -48.8889824,-27.0119574,0 -48.8893356,-27.0122656,0 -48.8894841,-27.0126366,0 -48.8900736,-27.0125043,0 -48.8902441,-27.0128232,0 -48.8903269,-27.0129252,0 -48.8903659,-27.0129968,0 -48.890361,-27.0130945,0 -48.8903025,-27.0132377,0 -48.8902928,-27.0133267,0 -48.890322,-27.0134417,0 -48.8904048,-27.0135979,0 -48.8904487,-27.0137758,0 -48.890372,-27.0138115,0 -48.8903261,-27.0139269,0 -48.8902492,-27.0139731,0 -48.8902401,-27.0140173,0 -48.8902687,-27.0141413,0 -48.8902128,-27.0142497,0 -48.8911095,-27.0156019,0 -48.8912997,-27.0157116,0 -48.8914005,-27.0158711,0 -48.8915348,-27.0160207,0 -48.8915571,-27.0163896,0 -48.8914788,-27.0165092,0 -48.8916914,-27.0165092,0 -48.8919712,-27.016569,0 -48.8919488,-27.0184334,0 -48.8895875,-27.0210655,0 -48.890673,-27.0213247,0 -48.8916131,-27.0221322,0 -48.889677,-27.0251131,0 -48.8904156,-27.025143,0 -48.890908,-27.0257013,0 -48.89149,-27.0259804,0 -48.8917586,-27.0260103,0 -48.8918929,-27.0260601,0 -48.8918941,-27.0263204,0 -48.892344,-27.0268357,0 -48.8926783,-27.0276144,0 -48.8937969,-27.0287245,0 -48.8942061,-27.0294101,0 -48.894625,-27.0293623,0 -48.8949611,-27.029588,0 -48.8953216,-27.0300913,0 -48.8958088,-27.0301434,0 -48.8951365,-27.0304992,0 -48.8948735,-27.0308073,0 -48.8946689,-27.0311327,0 -48.894362,-27.0314148,0 -48.8942694,-27.0317402,0 -48.8936605,-27.0322826,0 -48.8933828,-27.0323737,0 -48.8931636,-27.0323607,0 -48.893037,-27.0321915,0 -48.8925937,-27.0322305,0 -48.8918094,-27.0322392,0 -48.8913954,-27.0326861,0 -48.8910349,-27.0326905,0 -48.8901211,-27.0335083,0 -48.8895726,-27.0335095,0 -48.8893021,-27.0336892,0 -48.889072,-27.0341022,0 -48.8884248,-27.0342412,0 -48.8878387,-27.0346024,0 -48.8882076,-27.0351156,0 -48.8882021,-27.0357713,0 -48.8880758,-27.0358741,0 -48.8880758,-27.0364809,0 -48.8886087,-27.0370632,0 -48.8885812,-27.0376161,0 -48.8889328,-27.0382425,0 -48.8894327,-27.0387563,0 -48.8896635,-27.0384823,0 -48.8898942,-27.0384382,0 -48.8906139,-27.0384235,0 -48.8910314,-27.0381055,0 -48.8911303,-27.0372442,0 -48.8938497,-27.0372442,0 -48.8952781,-27.036706,0 -48.8961022,-27.0366717,0 -48.8964428,-27.0369751,0 -48.8965417,-27.0375134,0 -48.8967834,-27.0376993,0 -48.8970856,-27.0389716,0 -48.8968328,-27.0392505,0 -48.8968274,-27.0397007,0 -48.896278,-27.0403906,0 -48.8963549,-27.0411246,0 -48.8959484,-27.0415846,0 -48.8959099,-27.0421962,0 -48.8979206,-27.0430085,0 -48.8987996,-27.0435125,0 -48.898904,-27.0435271,0 -48.9002884,-27.0433559,0 -48.9012773,-27.0435369,0 -48.9019256,-27.0439382,0 -48.9035188,-27.0426708,0 -48.9047219,-27.0429497,0 -48.9053921,-27.0435369,0 -48.9062107,-27.043488,0 -48.9064854,-27.0437277,0 -48.9074303,-27.0437131,0 -48.9076281,-27.0433461,0 -48.9079357,-27.0433461,0 -48.9084577,-27.0431406,0 -48.9087378,-27.0428617,0 -48.9088532,-27.0428078,0 -48.9091663,-27.0428078,0 -48.9092982,-27.0426708,0 -48.9098366,-27.0426855,0 -48.9102981,-27.0428568,0 -48.9107156,-27.0428617,0 -48.9105233,-27.042984,0 -48.9104409,-27.0432874,0 -48.9104794,-27.0438305,0 -48.9099904,-27.0445791,0 -48.9099904,-27.0451076,0 -48.9100893,-27.0453718,0 -48.9107266,-27.046096,0 -48.9110342,-27.046644,0 -48.9110397,-27.0471871,0 -48.9119132,-27.0472752,0 -48.9119682,-27.0474073,0 -48.9119901,-27.0475002,0 -48.9119462,-27.047647,0 -48.9118363,-27.0477449,0 -48.9117155,-27.0478183,0 -48.9115891,-27.0479259,0 -48.9114463,-27.0480336,0 -48.9114133,-27.0489339,0 -48.9116166,-27.048973,0 -48.9117704,-27.0490758,0 -48.9121,-27.0493791,0 -48.9123692,-27.049795,0 -48.9124351,-27.0498635,0 -48.9126219,-27.0498782,0 -48.9145447,-27.0505876,0 -48.9143744,-27.0507002,0 -48.9142206,-27.0508763,0 -48.9140778,-27.0512824,0 -48.9139679,-27.0518353,0 -48.9139239,-27.0520016,0 -48.9137976,-27.0521044,0 -48.9132738,-27.0538966,0 -48.913542,-27.0541484,0 -48.9138356,-27.0543647,0 -48.9141944,-27.0545228,0 -48.9148843,-27.0547176,0 -48.9155923,-27.0548367,0 -48.9156423,-27.055404,0 -48.915917,-27.055886,0 -48.9172669,-27.0565213,0 -48.9174608,-27.0564487,0 -48.9177616,-27.0563729,0 -48.9181357,-27.056312,0 -48.9185077,-27.0562058,0 -48.918974,-27.056851,0 -48.9205062,-27.0568733,0 -48.9208726,-27.0572885,0 -48.9214804,-27.0576519,0 -48.9218219,-27.0577557,0 -48.9219468,-27.0579485,0 -48.9216054,-27.0583045,0 -48.9216137,-27.059224,0 -48.9219252,-27.059585,0 -48.9219239,-27.0599792,0 -48.922702,-27.0590938,0 -48.9241262,-27.0590586,0 -48.9242807,-27.0588052,0 -48.9243051,-27.0580883,0 -48.9247909,-27.0573842,0 -48.9251162,-27.0574367,0 -48.9253717,-27.0576584,0 -48.9271081,-27.0576471,0 -48.9272575,-27.0578428,0 -48.9274486,-27.0578491,0 -48.9285387,-27.0585209,0 -48.9290859,-27.058755,0 -48.9294453,-27.0592136,0 -48.9294453,-27.059935,0 -48.9303143,-27.0604844,0 -48.9307757,-27.0604891,0 -48.9310064,-27.0607614,0 -48.9317735,-27.0608092,0 -48.9319451,-27.0610242,0 -48.9321704,-27.0610289,0 -48.9327693,-27.060255,0 -48.9333551,-27.0603039,0 -48.9336718,-27.0603054,0 -48.9338629,-27.0605292,0 -48.9339904,-27.0605339,0 -48.9340912,-27.0600754,0 -48.9344151,-27.0596152,0 -48.9349483,-27.0592154,0 -48.939,-27.054,0 -48.935,-27.049,0 -48.93,-27.05,0</coordinates></LinearRing></outerBoundaryIs></Polygon></MultiGeometry></Placemark>
</Document></kml>