{"type": "FeatureCollection", "features": [{"type": "Feature", "geometry": null, "properties": {"nome": "Rio Luís Alves", "tipo": "river", "classe": "rio"}}, {"type": "Feature", "geometry": null, "properties": {"nome": "Rio Itapocu", "tipo": "river", "classe": "rio"}}, {"type": "Feature", "geometry": null, "properties": {"nome": "Ribeirão da Lagoa", "tipo": "canal", "classe": "canal"}}, {"type": "Feature", "geometry": null, "properties": {"nome": "Ribeirão da Lagoa", "tipo": "river", "classe": "rio"}}, {"type": "Feature", "geometry": null, "properties": {"nome": "Ribeirão Guaporuma", "tipo": "river", "classe": "rio"}}, {"type": "Feature", "geometry": null, "properties": {"nome": "Rio Itapocu", "tipo": "river", "classe": "rio"}}, {"type": "Feature", "geometry": null, "properties": {"nome": "Rio Itajaí-Mirim", "tipo": "river", "classe": "rio"}}, {"type": "Feature", "geometry": null, "properties": {"nome": "Rio das Imbiras", "tipo": "stream", "classe": "ribeirao"}}, {"type": "Feature", "geometry": null, "properties": {"nome": "Rio do Meio", "tipo": "stream", "classe": "ribeirao"}}, {"type": "Feature", "geometry": null, "properties": {"nome": "Rio do Meio", "tipo": "stream", "classe": "ribeirao"}}, {"type": "Feature", "geometry": null, "properties": {"nome": "Rio Sertão", "tipo": "stream", "classe": "ribeirao"}}, {"type": "Feature", "geometry": null, "properties": {"nome": "Rio dos Cedros", "tipo": "river", "classe": "rio"}}, {"type": "Feature", "geometry": null, "properties": {"nome": "Rio Rebelo", "tipo": "stream", "classe": "ribeirao"}}, {"type": "Feature", "geometry": null, "properties": {"nome": "Rio Maruim", "tipo": "river", "classe": "rio"}}, {"type": "Feature", "geometry": null, "properties": {"nome": "Rio Inferninho", "tipo": "river", "classe": "rio"}}, {"type": "Feature", "geometry": null, "properties": {"nome": "Rio da Barra", "tipo": "river", "classe": "rio"}}, {"type": "Feature", "geometry": null, "properties": {"nome": "Córrego do Quilombo", "tipo": "stream", "classe": "ribeirao"}}, {"type": "Feature", "geometry": null, "properties": {"nome": "Rio da Vovó", "tipo": "river", "classe": "rio"}}, {"type": "Feature", "geometry": null, "properties": {"nome": "Córrego Grande", "tipo": "stream", "classe": "ribeirao"}}, {"type": "Feature", "geometry": null, "properties": {"nome": "Rio Hercílio", "tipo": "river", "classe": "rio"}}, {"type": "Feature", "geometry": null, "properties": {"nome": "Rio Jaraguá", "tipo": "river", "classe": "rio"}}, {"type": "Feature", "geometry": null, "properties": {"nome": "Rio Izabel", "tipo": "river", "classe": "rio"}}, {"type": "Feature", "geometry": null, "properties": {"nome": "Rio Ratones", "tipo": "river", "classe": "rio"}}, {"type": "Feature", "geometry": null, "properties": {"nome": "Canal do DNOS", "tipo": "river", "classe": "rio"}}, {"type": "Feature", "geometry": null, "properties": {"nome": "Rio Büchler", "tipo": "river", "classe": "rio"}}, {"type": "Feature", "geometry": null, "properties": {"nome": "Rio Büchler", "tipo": "stream", "classe": "ribeirao"}}, {"type": "Feature", "geometry": null, "properties": {"nome": "Córrego do Sertão da Fazenda", "tipo": "stream", "classe": "ribeirao"}}, {"type": "Feature", "geometry": null, "properties": {"nome": "Rio Tavares", "tipo": "river", "classe": "rio"}}, {"type": "Feature", "geometry": null, "properties": {"nome": "Ribeirão Belchior", "tipo": "stream", "classe": "ribeirao"}}, {"type": "Feature", "geometry": null, "properties": {"nome": "Rio do Meio", "tipo": "stream", "classe": "ribeirao"}}, {"type": "Feature", "geometry": null, "properties": {"nome": "Rio Papaquara", "tipo": "river", "classe": "rio"}}, {"type": "Feature", "geometry": null, "properties": {"nome": "Rio Papaquara", "tipo": "stream", "classe": "ribeirao"}}, {"type": "Feature", "geometry": null, "properties": {"nome": "Rio do Braz", "tipo": "river", "classe": "rio"}}, {"type": "Feature", "geometry": null, "properties": {"nome": "Rio Itajaí-Mirim", "tipo": "river", "classe": "rio"}}, {"type": "Feature", "geometry": null, "properties": {"nome": "Rio Canhanduba", "tipo": "river", "classe": "rio"}}, {"type": "Feature", "geometry": null, "properties": {"nome": "Rio Itajaí-Mirim", "tipo": "river", "classe": "rio"}}, {"type": "Feature", "geometry": null, "properties": {"nome": "Rio Luís Alves", "tipo": "stream", "classe": "ribeirao"}}, {"type": "Feature", "geometry": null, "properties": {"nome": "Ribeirão Fritz Schneider", "tipo": "stream", "classe": "ribeirao"}}, {"type": "Feature", "geometry": null, "properties": {"nome": "Rio Piçarras", "tipo": "river", "classe": "rio"}}, {"type": "Feature", "geometry": null, "properties": {"nome": "Rio Lagoa do Furado", "tipo": "river", "classe": "rio"}}, {"type": "Feature", "geometry": null, "properties": {"nome": "Rio Canudos", "tipo": "river", "classe": "rio"}}, {"type": "Feature", "geometry": null, "properties": {"nome": "Rio Rachadel", "tipo": "river", "classe": "rio"}}, {"type": "Feature", "geometry": null, "properties": {"nome": "Ribeirão da Murta", "tipo": "river", "classe": "rio"}}, {"type": "Feature", "geometry": null, "properties": {"nome": "Rio Itajaí-Açu", "tipo": "river", "classe": "rio"}}, {"type": "Feature", "geometry": null, "properties": {"nome": "Rio Itajaí-Açu", "tipo": "river", "classe": "rio"}}, {"type": "Feature", "geometry": null, "properties": {"nome": "Rio Itajaí-Açu", "tipo": "river", "classe": "rio"}}, {"type": "Feature", "geometry": null, "properties": {"nome": "Rio Itacorubi", "tipo": "river", "classe": "rio"}}, {"type": "Feature", "geometry": null, "properties": {"nome": "Rio Itacorubi", "tipo": "river", "classe": "rio"}}, {"type": "Feature", "geometry": null, "properties": {"nome": "Rio Itacorubi", "tipo": "river", "classe": "rio"}}, {"type": "Feature", "geometry": null, "properties": {"nome": "Rio Itapocu", "tipo": "river", "classe": "rio"}}, {"type": "Feature", "geometry": null, "properties": {"nome": "Rio Santa Luzia", "tipo": "stream", "classe": "ribeirao"}}, {"type": "Feature", "geometry": null, "properties": {"nome": "Rio Camboriú", "tipo": "river", "classe": "rio"}}, {"type": "Feature", "geometry": null, "properties": {"nome": "Rio do Peixe", "tipo": "river", "classe": "rio"}}, {"type": "Feature", "geometry": null, "properties": {"nome": "Rio Peroba", "tipo": "river", "classe": "rio"}}, {"type": "Feature", "geometry": null, "properties": {"nome": "Rio Alto Ribeirão", "tipo": "stream", "classe": "ribeirao"}}, {"type": "Feature", "geometry": null, "properties": {"nome": "Rio Três Henriques", "tipo": "river", "classe": "rio"}}, {"type": "Feature", "geometry": null, "properties": {"nome": "Ribeirão da Velha", "tipo": "river", "classe": "rio"}}, {"type": "Feature", "geometry": null, "properties": {"nome": "Rio Araújo", "tipo": "river", "classe": "rio"}}, {"type": "Feature", "geometry": null, "properties": {"nome": "Riacho da Igreja", "tipo": "stream", "classe": "ribeirao"}}, {"type": "Feature", "geometry": null, "properties": {"nome": "Riacho da Igreja", "tipo": "stream", "classe": "ribeirao"}}, {"type": "Feature", "geometry": null, "properties": {"nome": "Riacho da Igreja", "tipo": "stream", "classe": "ribeirao"}}, {"type": "Feature", "geometry": null, "properties": {"nome": "Riacho da Igreja", "tipo": "stream", "classe": "ribeirao"}}, {"type": "Feature", "geometry": null, "properties": {"nome": "Riacho da Igreja", "tipo": "stream", "classe": "ribeirao"}}, {"type": "Feature", "geometry": null, "properties": {"nome": "Riacho da Igreja", "tipo": "stream", "classe": "ribeirao"}}, {"type": "Feature", "geometry": null, "properties": {"nome": "Rio Caveiras", "tipo": "river", "classe": "rio"}}, {"type": "Feature", "geometry": null, "properties": {"nome": "Rio Caveiras", "tipo": "stream", "classe": "ribeirao"}}, {"type": "Feature", "geometry": null, "properties": {"nome": "Rio Caveiras", "tipo": "river", "classe": "rio"}}, {"type": "Feature", "geometry": null, "properties": {"nome": "Rio do Meio", "tipo": "stream", "classe": "ribeirao"}}, {"type": "Feature", "geometry": null, "properties": {"nome": "Rio do Meio", "tipo": "stream", "classe": "ribeirao"}}, {"type": "Feature", "geometry": null, "properties": {"nome": "Córrego Cachoeira", "tipo": "stream", "classe": "ribeirao"}}, {"type": "Feature", "geometry": null, "properties": {"nome": "Ribeirão da Capela", "tipo": "stream", "classe": "ribeirao"}}, {"type": "Feature", "geometry": null, "properties": {"nome": "Rio Capivari", "tipo": "river", "classe": "rio"}}, {"type": "Feature", "geometry": null, "properties": {"nome": "Rio Itacorubi", "tipo": "river", "classe": "rio"}}, {"type": "Feature", "geometry": null, "properties": {"nome": "Rio Araújo", "tipo": "river", "classe": "rio"}}, {"type": "Feature", "geometry": null, "properties": {"nome": "Rio Forquilhas", "tipo": "river", "classe": "rio"}}, {"type": "Feature", "geometry": null, "properties": {"nome": "Rio Forquilhas", "tipo": "river", "classe": "rio"}}, {"type": "Feature", "geometry": null, "properties": {"nome": "Rio Forquilhas", "tipo": "river", "classe": "rio"}}, {"type": "Feature", "geometry": null, "properties": {"nome": "Ribeirão Itoupava", "tipo": "stream", "classe": "ribeirao"}}, {"type": "Feature", "geometry": null, "properties": {"nome": "Rio Itajaí-Mirim", "tipo": "river", "classe": "rio"}}, {"type": "Feature", "geometry": null, "properties": {"nome": "Rio Forquilhas", "tipo": "river", "classe": "rio"}}, {"type": "Feature", "geometry": null, "properties": {"nome": "Rio Biguaçu", "tipo": "river", "classe": "rio"}}, {"type": "Feature", "geometry": null, "properties": {"nome": "Rio do Louro", "tipo": "river", "classe": "rio"}}, {"type": "Feature", "geometry": null, "properties": {"nome": "Sanga dos Bois", "tipo": "river", "classe": "rio"}}, {"type": "Feature", "geometry": null, "properties": {"nome": "Ribeirão João Gualberto", "tipo": "river", "classe": "rio"}}, {"type": "Feature", "geometry": null, "properties": {"nome": "Rio Cubatão", "tipo": "river", "classe": "rio"}}, {"type": "Feature", "geometry": null, "properties": {"nome": "Rio Cubatão", "tipo": "river", "classe": "rio"}}, {"type": "Feature", "geometry": null, "properties": {"nome": "Ribeirão Neisse", "tipo": "river", "classe": "rio"}}, {"type": "Feature", "geometry": null, "properties": {"nome": "Ribeirão São Paulo", "tipo": "river", "classe": "rio"}}, {"type": "Feature", "geometry": null, "properties": {"nome": "Ribeirão Salto do Norte", "tipo": "stream", "classe": "ribeirao"}}, {"type": "Feature", "geometry": null, "properties": {"nome": "Rio Cubatão", "tipo": "river", "classe": "rio"}}, {"type": "Feature", "geometry": null, "properties": {"nome": "Ribeirão Vermelho", "tipo": "river", "classe": "rio"}}, {"type": "Feature", "geometry": null, "properties": {"nome": "Rio do Veríssimo", "tipo": "river", "classe": "rio"}}, {"type": "Feature", "geometry": null, "properties": {"nome": "Rio Hercílio", "tipo": "river", "classe": "rio"}}, {"type": "Feature", "geometry": null, "properties": {"nome": "Rio da Barrinha", "tipo": "river", "classe": "rio"}}, {"type": "Feature", "geometry": null, "properties": {"nome": "Rio Pequeno", "tipo": "river", "classe": "rio"}}, {"type": "Feature", "geometry": null, "properties": {"nome": "Rio Pequeno", "tipo": "river", "classe": "rio"}}, {"type": "Feature", "geometry": null, "properties": {"nome": "Ribeirão das Pedras", "tipo": "stream", "classe": "ribeirao"}}, {"type": "Feature", "geometry": null, "properties": {"nome": "Ribeirão das Pedras", "tipo": "stream", "classe": "ribeirao"}}, {"type": "Feature", "geometry": null, "properties": {"nome": "Ribeirão das Pedras", "tipo": "stream", "classe": "ribeirao"}}, {"type": "Feature", "geometry": null, "properties": {"nome": "Ribeirão das Pedras", "tipo": "stream", "classe": "ribeirao"}}, {"type": "Feature", "geometry": null, "properties": {"nome": "Ribeirão das Pedras", "tipo": "stream", "classe": "ribeirao"}}, {"type": "Feature", "geometry": null, "properties": {"nome": "Rio Aririú", "tipo": "river", "classe": "rio"}}, {"type": "Feature", "geometry": null, "properties": {"nome": "Rio Grande", "tipo": "river", "classe": "rio"}}, {"type": "Feature", "geometry": null, "properties": {"nome": "Rio Passa Vinte", "tipo": "river", "classe": "rio"}}, {"type": "Feature", "geometry": null, "properties": {"nome": "Rio Curtume", "tipo": "river", "classe": "rio"}}, {"type": "Feature", "geometry": null, "properties": {"nome": "Rio Tijucas", "tipo": "river", "classe": "rio"}}, {"type": "Feature", "geometry": null, "properties": {"nome": "Rio João Soares", "tipo": "stream", "classe": "ribeirao"}}, {"type": "Feature", "geometry": null, "properties": {"nome": "Rio Oliveira", "tipo": "stream", "classe": "ribeirao"}}, {"type": "Feature", "geometry": null, "properties": {"nome": "Rio Teles", "tipo": "stream", "classe": "ribeirao"}}, {"type": "Feature", "geometry": null, "properties": {"nome": "Rio do Oliveira", "tipo": "river", "classe": "rio"}}, {"type": "Feature", "geometry": null, "properties": {"nome": "Rio Grande", "tipo": "stream", "classe": "ribeirao"}}, {"type": "Feature", "geometry": null, "properties": {"nome": "Rio Carolina", "tipo": "river", "classe": "rio"}}, {"type": "Feature", "geometry": null, "properties": {"nome": "Ribeirão Vadik", "tipo": "stream", "classe": "ribeirao"}}, {"type": "Feature", "geometry": null, "properties": {"nome": "Rio Pau do Barco", "tipo": "stream", "classe": "ribeirao"}}, {"type": "Feature", "geometry": null, "properties": {"nome": "Rio do Mel", "tipo": "river", "classe": "rio"}}, {"type": "Feature", "geometry": null, "properties": {"nome": "Rio Forquilha", "tipo": "river", "classe": "rio"}}, {"type": "Feature", "geometry": null, "properties": {"nome": "Córrego do Quinca Ramalho", "tipo": "stream", "classe": "ribeirao"}}, {"type": "Feature", "geometry": null, "properties": {"nome": "Rio São Miguel", "tipo": "stream", "classe": "ribeirao"}}, {"type": "Feature", "geometry": null, "properties": {"nome": "Córrego Cachoeira", "tipo": "stream", "classe": "ribeirao"}}, {"type": "Feature", "geometry": null, "properties": {"nome": "Rio dos Cedros", "tipo": "river", "classe": "rio"}}, {"type": "Feature", "geometry": null, "properties": {"nome": "Rio dos Cedros", "tipo": "river", "classe": "rio"}}, {"type": "Feature", "geometry": null, "properties": {"nome": "Rio do Veríssimo", "tipo": "stream", "classe": "ribeirao"}}, {"type": "Feature", "geometry": null, "properties": {"nome": "Rio Itajaí-Açu", "tipo": "river", "classe": "rio"}}, {"type": "Feature", "geometry": null, "properties": {"nome": "Rio Tijucas", "tipo": "river", "classe": "rio"}}, {"type": "Feature", "geometry": null, "properties": {"nome": "Rio Sangradouro", "tipo": "river", "classe": "rio"}}, {"type": "Feature", "geometry": null, "properties": {"nome": "Rio da Palha", "tipo": "river", "classe": "rio"}}, {"type": "Feature", "geometry": null, "properties": {"nome": "Canal de Fuga", "tipo": "canal", "classe": "canal"}}, {"type": "Feature", "geometry": null, "properties": {"nome": "Tomada de Água", "tipo": "canal", "classe": "canal"}}, {"type": "Feature", "geometry": null, "properties": {"nome": "Córrego dos Pombos", "tipo": "stream", "classe": "ribeirao"}}, {"type": "Feature", "geometry": null, "properties": {"nome": "Rio Araújo", "tipo": "river", "classe": "rio"}}, {"type": "Feature", "geometry": null, "properties": {"nome": "Rio Pagará", "tipo": "river", "classe": "rio"}}, {"type": "Feature", "geometry": null, "properties": {"nome": "Rio Boa Esperança", "tipo": "river", "classe": "rio"}}, {"type": "Feature", "geometry": null, "properties": {"nome": "Rio Tijucas", "tipo": "river", "classe": "rio"}}, {"type": "Feature", "geometry": null, "properties": {"nome": "Rio Iriri", "tipo": "canal", "classe": "canal"}}, {"type": "Feature", "geometry": null, "properties": {"nome": "Rio Iriri", "tipo": "canal", "classe": "canal"}}, {"type": "Feature", "geometry": null, "properties": {"nome": "Rio do Areal", "tipo": "stream", "classe": "ribeirao"}}, {"type": "Feature", "geometry": null, "properties": {"nome": "Rio das Águas Cristalinas", "tipo": "river", "classe": "rio"}}, {"type": "Feature", "geometry": null, "properties": {"nome": "Rio Jaraguá", "tipo": "river", "classe": "rio"}}, {"type": "Feature", "geometry": null, "properties": {"nome": "Rio Jaraguá", "tipo": "river", "classe": "rio"}}, {"type": "Feature", "geometry": null, "properties": {"nome": "Rio Jaraguá", "tipo": "river", "classe": "rio"}}, {"type": "Feature", "geometry": null, "properties": {"nome": "Rio Jaraguá", "tipo": "river", "classe": "rio"}}, {"type": "Feature", "geometry": null, "properties": {"nome": "Rio do Cerro", "tipo": "river", "classe": "rio"}}, {"type": "Feature", "geometry": null, "properties": {"nome": "Rio da Luz", "tipo": "river", "classe": "rio"}}, {"type": "Feature", "geometry": null, "properties": {"nome": "Rio do Cerro", "tipo": "river", "classe": "rio"}}, {"type": "Feature", "geometry": null, "properties": {"nome": "Rio Jaraguá", "tipo": "river", "classe": "rio"}}, {"type": "Feature", "geometry": null, "properties": {"nome": "Rio Jaraguá", "tipo": "river", "classe": "rio"}}, {"type": "Feature", "geometry": null, "properties": {"nome": "Ribeirão Cananeia", "tipo": "stream", "classe": "ribeirao"}}, {"type": "Feature", "geometry": null, "properties": {"nome": "Ribeirão Cardoso", "tipo": "river", "classe": "rio"}}, {"type": "Feature", "geometry": null, "properties": {"nome": "Ribeirão Massaranduba", "tipo": "river", "classe": "rio"}}, {"type": "Feature", "geometry": null, "properties": {"nome": "Rio Guarani", "tipo": "river", "classe": "rio"}}, {"type": "Feature", "geometry": null, "properties": {"nome": "Rio Sete de Janeiro", "tipo": "river", "classe": "rio"}}, {"type": "Feature", "geometry": null, "properties": {"nome": "Rio Alto Ribeirão", "tipo": "stream", "classe": "ribeirao"}}, {"type": "Feature", "geometry": null, "properties": {"nome": "Ribeirão Humberto", "tipo": "river", "classe": "rio"}}, {"type": "Feature", "geometry": null, "properties": {"nome": "Rio Jacu-Açu", "tipo": "river", "classe": "rio"}}, {"type": "Feature", "geometry": null, "properties": {"nome": "Rio Putanga", "tipo": "river", "classe": "rio"}}, {"type": "Feature", "geometry": null, "properties": {"nome": "Ribeirão Massarandubinha", "tipo": "river", "classe": "rio"}}, {"type": "Feature", "geometry": null, "properties": {"nome": "Ribeirão Massarandubinha", "tipo": "river", "classe": "rio"}}, {"type": "Feature", "geometry": null, "properties": {"nome": "Ribeirão do Salto", "tipo": "river", "classe": "rio"}}, {"type": "Feature", "geometry": null, "properties": {"nome": "Córrego Ilha da Figueira", "tipo": "stream", "classe": "ribeirao"}}, {"type": "Feature", "geometry": null, "properties": {"nome": "Ribeirão Massarandubinha", "tipo": "river", "classe": "rio"}}, {"type": "Feature", "geometry": null, "properties": {"nome": "Ribeirão Massarandubinha", "tipo": "river", "classe": "rio"}}, {"type": "Feature", "geometry": null, "properties": {"nome": "Rio Piraí", "tipo": "river", "classe": "rio"}}, {"type": "Feature", "geometry": null, "properties": {"nome": "Rio Putanga", "tipo": "river", "classe": "rio"}}, {"type": "Feature", "geometry": null, "properties": {"nome": "Rio Putanga", "tipo": "river", "classe": "rio"}}, {"type": "Feature", "geometry": null, "properties": {"nome": "Rio Ponta Comprida", "tipo": "river", "classe": "rio"}}, {"type": "Feature", "geometry": null, "properties": {"nome": "Córrego Ilha da Figueira", "tipo": "stream", "classe": "ribeirao"}}, {"type": "Feature", "geometry": null, "properties": {"nome": "Córrego Silvinho", "tipo": "stream", "classe": "ribeirao"}}, {"type": "Feature", "geometry": null, "properties": {"nome": "Ribeirão da Velha", "tipo": "river", "classe": "rio"}}, {"type": "Feature", "geometry": null, "properties": {"nome": "Ribeirão do Bugre", "tipo": "stream", "classe": "ribeirao"}}, {"type": "Feature", "geometry": null, "properties": {"nome": "Ribeirão do Baú", "tipo": "river", "classe": "rio"}}, {"type": "Feature", "geometry": null, "properties": {"nome": "Ribeirão Braço do Baú", "tipo": "stream", "classe": "ribeirao"}}, {"type": "Feature", "geometry": null, "properties": {"nome": "Rio do Braço", "tipo": "river", "classe": "rio"}}, {"type": "Feature", "geometry": null, "properties": {"nome": "Ribeirão do Salto", "tipo": "river", "classe": "rio"}}, {"type": "Feature", "geometry": null, "properties": {"nome": "Ribeirão Garibaldi", "tipo": "river", "classe": "rio"}}, {"type": "Feature", "geometry": null, "properties": {"nome": "Rio Jaraguazinho", "tipo": "river", "classe": "rio"}}, {"type": "Feature", "geometry": null, "properties": {"nome": "Ribeirão Martins", "tipo": "stream", "classe": "ribeirao"}}, {"type": "Feature", "geometry": null, "properties": {"nome": "Ribeirão do Molha", "tipo": "stream", "classe": "ribeirao"}}, {"type": "Feature", "geometry": null, "properties": {"nome": "Ribeirão Cascata", "tipo": "stream", "classe": "ribeirao"}}, {"type": "Feature", "geometry": null, "properties": {"nome": "Córrego Tifa dos Húngaros", "tipo": "stream", "classe": "ribeirao"}}, {"type": "Feature", "geometry": null, "properties": {"nome": "Rio Itajaí-Mirim", "tipo": "river", "classe": "rio"}}, {"type": "Feature", "geometry": null, "properties": {"nome": "Rio Itajaí-Açu", "tipo": "river", "classe": "rio"}}, {"type": "Feature", "geometry": null, "properties": {"nome": "Rio Itajaí-Açu", "tipo": "river", "classe": "rio"}}, {"type": "Feature", "geometry": null, "properties": {"nome": "Rio Itajaí-Açu", "tipo": "river", "classe": "rio"}}, {"type": "Feature", "geometry": null, "properties": {"nome": "Rio Itajaí-Mirim", "tipo": "river", "classe": "rio"}}, {"type": "Feature", "geometry": null, "properties": {"nome": "Canal Retificado Rio Itajaí-Mirim", "tipo": "canal", "classe": "canal"}}, {"type": "Feature", "geometry": null, "properties": {"nome": "Rio Itajaí-Mirim", "tipo": "river", "classe": "rio"}}, {"type": "Feature", "geometry": null, "properties": {"nome": "Rio Itajaí-Mirim", "tipo": "river", "classe": "rio"}}, {"type": "Feature", "geometry": null, "properties": {"nome": "Rio Itajaí-Açu", "tipo": "river", "classe": "rio"}}, {"type": "Feature", "geometry": null, "properties": {"nome": "Rio Itajaí-Mirim", "tipo": "river", "classe": "rio"}}, {"type": "Feature", "geometry": null, "properties": {"nome": "Ribeirão da Murta", "tipo": "river", "classe": "rio"}}, {"type": "Feature", "geometry": null, "properties": {"nome": "Rio Itajaí-Açu", "tipo": "river", "classe": "rio"}}, {"type": "Feature", "geometry": null, "properties": {"nome": "Rio Itajaí-Açu", "tipo": "river", "classe": "rio"}}, {"type": "Feature", "geometry": null, "properties": {"nome": "Ribeirão da Murta", "tipo": "river", "classe": "rio"}}, {"type": "Feature", "geometry": null, "properties": {"nome": "Rio Itajaí-Açu", "tipo": "river", "classe": "rio"}}, {"type": "Feature", "geometry": null, "properties": {"nome": "Rio Itajaí-Mirim", "tipo": "river", "classe": "rio"}}, {"type": "Feature", "geometry": null, "properties": {"nome": "Ribeirão Fritz Schneider", "tipo": "river", "classe": "rio"}}, {"type": "Feature", "geometry": null, "properties": {"nome": "Ribeirão Fritz Schneider", "tipo": "river", "classe": "rio"}}, {"type": "Feature", "geometry": null, "properties": {"nome": "Ribeirão Ariribá", "tipo": "river", "classe": "rio"}}, {"type": "Feature", "geometry": null, "properties": {"nome": "Ribeirão Negro", "tipo": "stream", "classe": "ribeirao"}}, {"type": "Feature", "geometry": null, "properties": {"nome": "Ribeirão Negro", "tipo": "stream", "classe": "ribeirao"}}, {"type": "Feature", "geometry": null, "properties": {"nome": "Rio Itajaí-Mirim", "tipo": "river", "classe": "rio"}}, {"type": "Feature", "geometry": null, "properties": {"nome": "Rio Itajaí-Mirim", "tipo": "river", "classe": "rio"}}, {"type": "Feature", "geometry": null, "properties": {"nome": "Rio Itajaí-Mirim", "tipo": "river", "classe": "rio"}}, {"type": "Feature", "geometry": null, "properties": {"nome": "Rio Itajaí-Mirim", "tipo": "river", "classe": "rio"}}, {"type": "Feature", "geometry": null, "properties": {"nome": "Ribeirão Brilhante", "tipo": "river", "classe": "rio"}}, {"type": "Feature", "geometry": null, "properties": {"nome": "Ribeirão dos Quinze", "tipo": "stream", "classe": "ribeirao"}}, {"type": "Feature", "geometry": null, "properties": {"nome": "Ribeirão Brilhante", "tipo": "river", "classe": "rio"}}, {"type": "Feature", "geometry": null, "properties": {"nome": "Rio Conceição", "tipo": "river", "classe": "rio"}}, {"type": "Feature", "geometry": null, "properties": {"nome": "Rio Canhanduba", "tipo": "river", "classe": "rio"}}, {"type": "Feature", "geometry": null, "properties": {"nome": "Canal Retificado Rio Itajaí Mirim", "tipo": "canal", "classe": "canal"}}, {"type": "Feature", "geometry": null, "properties": {"nome": "Ribeirão do Carmelo", "tipo": "stream", "classe": "ribeirao"}}, {"type": "Feature", "geometry": null, "properties": {"nome": "Rio Benedito", "tipo": "river", "classe": "rio"}}, {"type": "Feature", "geometry": null, "properties": {"nome": "Ribeirão Cardoso", "tipo": "river", "classe": "rio"}}, {"type": "Feature", "geometry": null, "properties": {"nome": "Ribeirão Cardoso", "tipo": "river", "classe": "rio"}}, {"type": "Feature", "geometry": null, "properties": {"nome": "Ribeirão das Cordas", "tipo": "river", "classe": "rio"}}, {"type": "Feature", "geometry": null, "properties": {"nome": "Riacho Canudos", "tipo": "river", "classe": "rio"}}, {"type": "Feature", "geometry": null, "properties": {"nome": "Riacho Canudos", "tipo": "river", "classe": "rio"}}, {"type": "Feature", "geometry": null, "properties": {"nome": "Riacho da Vila", "tipo": "stream", "classe": "ribeirao"}}, {"type": "Feature", "geometry": null, "properties": {"nome": "Riacho da Vila", "tipo": "stream", "classe": "ribeirao"}}, {"type": "Feature", "geometry": null, "properties": {"nome": "Ribeirão Cardoso", "tipo": "river", "classe": "rio"}}, {"type": "Feature", "geometry": null, "properties": {"nome": "Rio Piraí", "tipo": "river", "classe": "rio"}}, {"type": "Feature", "geometry": null, "properties": {"nome": "Ribeirão Mulde", "tipo": "stream", "classe": "ribeirao"}}, {"type": "Feature", "geometry": null, "properties": {"nome": "Ribeirão das Pedras Brancas", "tipo": "river", "classe": "rio"}}, {"type": "Feature", "geometry": null, "properties": {"nome": "Córrego Águas Claras", "tipo": "river", "classe": "rio"}}, {"type": "Feature", "geometry": null, "properties": {"nome": "Ribeirão Eslevão", "tipo": "stream", "classe": "ribeirao"}}, {"type": "Feature", "geometry": null, "properties": {"nome": "Ribeirão Gaspar Mirim", "tipo": "river", "classe": "rio"}}, {"type": "Feature", "geometry": null, "properties": {"nome": "Ribeirão Água Negra", "tipo": "stream", "classe": "ribeirao"}}, {"type": "Feature", "geometry": null, "properties": {"nome": "Ribeirão Gaspar Mirim", "tipo": "river", "classe": "rio"}}, {"type": "Feature", "geometry": null, "properties": {"nome": "Ribeirão Gaspar Mirim", "tipo": "stream", "classe": "ribeirao"}}, {"type": "Feature", "geometry": null, "properties": {"nome": "Ribeirão Água Negra", "tipo": "stream", "classe": "ribeirao"}}, {"type": "Feature", "geometry": null, "properties": {"nome": "Córrego Poço Grande", "tipo": "stream", "classe": "ribeirao"}}, {"type": "Feature", "geometry": null, "properties": {"nome": "Córrego Poço Grande", "tipo": "stream", "classe": "ribeirao"}}, {"type": "Feature", "geometry": null, "properties": {"nome": "Córrego Poço Grande", "tipo": "stream", "classe": "ribeirao"}}, {"type": "Feature", "geometry": null, "properties": {"nome": "Ribeirão Gaspar Mirim", "tipo": "river", "classe": "rio"}}, {"type": "Feature", "geometry": null, "properties": {"nome": "Ribeirão Poço Grande", "tipo": "stream", "classe": "ribeirao"}}, {"type": "Feature", "geometry": null, "properties": {"nome": "Ribeirão Belchior", "tipo": "stream", "classe": "ribeirao"}}, {"type": "Feature", "geometry": null, "properties": {"nome": "Ribeirão Belchior", "tipo": "stream", "classe": "ribeirao"}}, {"type": "Feature", "geometry": null, "properties": {"nome": "Rio Itajaí-Açu", "tipo": "river", "classe": "rio"}}, {"type": "Feature", "geometry": null, "properties": {"nome": "Ribeirão Água Negra", "tipo": "stream", "classe": "ribeirao"}}, {"type": "Feature", "geometry": null, "properties": {"nome": "Córrego Poço Grande", "tipo": "stream", "classe": "ribeirao"}}, {"type": "Feature", "geometry": null, "properties": {"nome": "Rio Itajaí-Mirim", "tipo": "river", "classe": "rio"}}, {"type": "Feature", "geometry": null, "properties": {"nome": "Rio Itajaí-Mirim", "tipo": "river", "classe": "rio"}}, {"type": "Feature", "geometry": null, "properties": {"nome": "Rio Itajaí-Mirim", "tipo": "river", "classe": "rio"}}, {"type": "Feature", "geometry": null, "properties": {"nome": "Rio Itajaí-Mirim", "tipo": "river", "classe": "rio"}}, {"type": "Feature", "geometry": null, "properties": {"nome": "Rio Itajaí-Mirim", "tipo": "river", "classe": "rio"}}, {"type": "Feature", "geometry": null, "properties": {"nome": "Rio Itajaí-Mirim", "tipo": "river", "classe": "rio"}}, {"type": "Feature", "geometry": null, "properties": {"nome": "Rio Itajaí-Mirim", "tipo": "river", "classe": "rio"}}, {"type": "Feature", "geometry": null, "properties": {"nome": "Rio Itajaí-Mirim", "tipo": "river", "classe": "rio"}}, {"type": "Feature", "geometry": null, "properties": {"nome": "Rio Itajaí-Mirim", "tipo": "river", "classe": "rio"}}, {"type": "Feature", "geometry": null, "properties": {"nome": "Rio Itajaí-Mirim", "tipo": "river", "classe": "rio"}}, {"type": "Feature", "geometry": null, "properties": {"nome": "Rio Itajaí-Mirim", "tipo": "river", "classe": "rio"}}, {"type": "Feature", "geometry": null, "properties": {"nome": "Rio Itajaí-Mirim", "tipo": "river", "classe": "rio"}}, {"type": "Feature", "geometry": null, "properties": {"nome": "Rio Itajaí-Mirim", "tipo": "river", "classe": "rio"}}, {"type": "Feature", "geometry": null, "properties": {"nome": "Córrego Poço Grande", "tipo": "stream", "classe": "ribeirao"}}, {"type": "Feature", "geometry": null, "properties": {"nome": "Rio Itajaí-Mirim", "tipo": "river", "classe": "rio"}}, {"type": "Feature", "geometry": null, "properties": {"nome": "Rio Perequêzinho", "tipo": "stream", "classe": "ribeirao"}}, {"type": "Feature", "geometry": null, "properties": {"nome": "Rio do Braz", "tipo": "river", "classe": "rio"}}, {"type": "Feature", "geometry": null, "properties": {"nome": "Ribeirão Vargem Pequena", "tipo": "stream", "classe": "ribeirao"}}, {"type": "Feature", "geometry": null, "properties": {"nome": "Rio Ratones", "tipo": "river", "classe": "rio"}}, {"type": "Feature", "geometry": null, "properties": {"nome": "Rio Papaquara", "tipo": "river", "classe": "rio"}}, {"type": "Feature", "geometry": null, "properties": {"nome": "Rio Ratones", "tipo": "river", "classe": "rio"}}, {"type": "Feature", "geometry": null, "properties": {"nome": "Rio Papaquara", "tipo": "river", "classe": "rio"}}, {"type": "Feature", "geometry": null, "properties": {"nome": "Córrego do Ramos", "tipo": "stream", "classe": "ribeirao"}}, {"type": "Feature", "geometry": null, "properties": {"nome": "Rio Santa Luzia", "tipo": "river", "classe": "rio"}}, {"type": "Feature", "geometry": null, "properties": {"nome": "Rio Pau do Barco", "tipo": "stream", "classe": "ribeirao"}}, {"type": "Feature", "geometry": null, "properties": {"nome": "Rio Ratones", "tipo": "river", "classe": "rio"}}, {"type": "Feature", "geometry": null, "properties": {"nome": "Rio Tavares", "tipo": "river", "classe": "rio"}}, {"type": "Feature", "geometry": null, "properties": {"nome": "Rio Garcia", "tipo": "river", "classe": "rio"}}, {"type": "Feature", "geometry": null, "properties": {"nome": "Rio Ratones", "tipo": "river", "classe": "rio"}}, {"type": "Feature", "geometry": null, "properties": {"nome": "Riberão da Fazenda", "tipo": "stream", "classe": "ribeirao"}}, {"type": "Feature", "geometry": null, "properties": {"nome": "Rio Tavares", "tipo": "river", "classe": "rio"}}, {"type": "Feature", "geometry": null, "properties": {"nome": "Rio Bonito", "tipo": "river", "classe": "rio"}}, {"type": "Feature", "geometry": null, "properties": {"nome": "Rio de Dentro", "tipo": "river", "classe": "rio"}}, {"type": "Feature", "geometry": null, "properties": {"nome": "Rio do Engano", "tipo": "river", "classe": "rio"}}, {"type": "Feature", "geometry": null, "properties": {"nome": "Rio Coqueiral", "tipo": "stream", "classe": "ribeirao"}}, {"type": "Feature", "geometry": null, "properties": {"nome": "Rio do Engano", "tipo": "river", "classe": "rio"}}, {"type": "Feature", "geometry": null, "properties": {"nome": "Rio das Congonhas", "tipo": "river", "classe": "rio"}}, {"type": "Feature", "geometry": null, "properties": {"nome": "Rio das Congonhas", "tipo": "river", "classe": "rio"}}, {"type": "Feature", "geometry": null, "properties": {"nome": "Rio do Norte", "tipo": "river", "classe": "rio"}}, {"type": "Feature", "geometry": null, "properties": {"nome": "Ribeirão Ariribá", "tipo": "river", "classe": "rio"}}, {"type": "Feature", "geometry": null, "properties": {"nome": "Ribeirão Ariribá", "tipo": "river", "classe": "rio"}}, {"type": "Feature", "geometry": null, "properties": {"nome": "Ribeirão Ariribá", "tipo": "river", "classe": "rio"}}, {"type": "Feature", "geometry": null, "properties": {"nome": "Ribeirão Ariribá", "tipo": "river", "classe": "rio"}}, {"type": "Feature", "geometry": null, "properties": {"nome": "Ribeirão Ariribá", "tipo": "river", "classe": "rio"}}, {"type": "Feature", "geometry": null, "properties": {"nome": "Ribeirão Ariribá", "tipo": "river", "classe": "rio"}}, {"type": "Feature", "geometry": null, "properties": {"nome": "Rio da Cachoeira", "tipo": "river", "classe": "rio"}}, {"type": "Feature", "geometry": null, "properties": {"nome": "Rio Alto Braço", "tipo": "river", "classe": "rio"}}, {"type": "Feature", "geometry": null, "properties": {"nome": "Ribeirão Vadik", "tipo": "stream", "classe": "ribeirao"}}, {"type": "Feature", "geometry": null, "properties": {"nome": "Rio Vadik", "tipo": "river", "classe": "rio"}}, {"type": "Feature", "geometry": null, "properties": {"nome": "Rio do Noca", "tipo": "stream", "classe": "ribeirao"}}, {"type": "Feature", "geometry": null, "properties": {"nome": "Rio Limeira", "tipo": "river", "classe": "rio"}}, {"type": "Feature", "geometry": null, "properties": {"nome": "Rio Matias", "tipo": "river", "classe": "rio"}}, {"type": "Feature", "geometry": null, "properties": {"nome": "Ribeirão Fiedler", "tipo": "stream", "classe": "ribeirao"}}, {"type": "Feature", "geometry": null, "properties": {"nome": "Córrego Tatutiba 3", "tipo": "stream", "classe": "ribeirao"}}, {"type": "Feature", "geometry": null, "properties": {"nome": "Ribeirão Itoupavazinha", "tipo": "stream", "classe": "ribeirao"}}, {"type": "Feature", "geometry": null, "properties": {"nome": "Ribeirão Eslevão", "tipo": "stream", "classe": "ribeirao"}}, {"type": "Feature", "geometry": null, "properties": {"nome": "Ribeirão Itoupava", "tipo": "river", "classe": "rio"}}, {"type": "Feature", "geometry": null, "properties": {"nome": "Ribeirão Itoupava", "tipo": "river", "classe": "rio"}}, {"type": "Feature", "geometry": null, "properties": {"nome": "Ribeirão Itoupava", "tipo": "river", "classe": "rio"}}, {"type": "Feature", "geometry": null, "properties": {"nome": "Rio Itajaí-Açu", "tipo": "river", "classe": "rio"}}, {"type": "Feature", "geometry": null, "properties": {"nome": "Rio Itajaí-Açu", "tipo": "river", "classe": "rio"}}, {"type": "Feature", "geometry": null, "properties": {"nome": "Ribeirão Fortaleza", "tipo": "river", "classe": "rio"}}, {"type": "Feature", "geometry": null, "properties": {"nome": "Ribeirão Fortaleza", "tipo": "river", "classe": "rio"}}, {"type": "Feature", "geometry": null, "properties": {"nome": "Ribeirão Fortaleza", "tipo": "river", "classe": "rio"}}, {"type": "Feature", "geometry": null, "properties": {"nome": "Ribeirão Itoupava", "tipo": "river", "classe": "rio"}}, {"type": "Feature", "geometry": null, "properties": {"nome": "Ribeirão Fortaleza", "tipo": "river", "classe": "rio"}}, {"type": "Feature", "geometry": null, "properties": {"nome": "Rio Itajaí-Açu", "tipo": "river", "classe": "rio"}}, {"type": "Feature", "geometry": null, "properties": {"nome": "Rio Itajaí-Açu", "tipo": "river", "classe": "rio"}}, {"type": "Feature", "geometry": null, "properties": {"nome": "Rio Itajaí-Açu", "tipo": "river", "classe": "rio"}}, {"type": "Feature", "geometry": null, "properties": {"nome": "Rio Itajaí-Açu", "tipo": "river", "classe": "rio"}}, {"type": "Feature", "geometry": null, "properties": {"nome": "Ribeirão da Velha", "tipo": "river", "classe": "rio"}}, {"type": "Feature", "geometry": null, "properties": {"nome": "Ribeirão da Velha", "tipo": "river", "classe": "rio"}}, {"type": "Feature", "geometry": null, "properties": {"nome": "Rio Itajaí-Açu", "tipo": "river", "classe": "rio"}}, {"type": "Feature", "geometry": null, "properties": {"nome": "Rio Itajaí-Açu", "tipo": "river", "classe": "rio"}}, {"type": "Feature", "geometry": null, "properties": {"nome": "Rio Itajaí-Açu", "tipo": "river", "classe": "rio"}}, {"type": "Feature", "geometry": null, "properties": {"nome": "Ribeirão Jararaca", "tipo": "stream", "classe": "ribeirao"}}, {"type": "Feature", "geometry": null, "properties": {"nome": "Ribeirão da Velha", "tipo": "river", "classe": "rio"}}, {"type": "Feature", "geometry": null, "properties": {"nome": "Rio Itajaí-Açu", "tipo": "river", "classe": "rio"}}, {"type": "Feature", "geometry": null, "properties": {"nome": "Rio Itajaí-Açu", "tipo": "river", "classe": "rio"}}, {"type": "Feature", "geometry": null, "properties": {"nome": "Ribeirão Fresco", "tipo": "stream", "classe": "ribeirao"}}, {"type": "Feature", "geometry": null, "properties": {"nome": "Ribeirão Fresco", "tipo": "stream", "classe": "ribeirao"}}, {"type": "Feature", "geometry": null, "properties": {"nome": "Ribeirão Garcia", "tipo": "river", "classe": "rio"}}, {"type": "Feature", "geometry": null, "properties": {"nome": "Ribeirão Garcia", "tipo": "river", "classe": "rio"}}, {"type": "Feature", "geometry": null, "properties": {"nome": "Ribeirão da Velha", "tipo": "river", "classe": "rio"}}, {"type": "Feature", "geometry": null, "properties": {"nome": "Rio Itajaí-Açu", "tipo": "river", "classe": "rio"}}, {"type": "Feature", "geometry": null, "properties": {"nome": "Ribeirão Souto", "tipo": "river", "classe": "rio"}}, {"type": "Feature", "geometry": null, "properties": {"nome": "Ribeirão Wundervald", "tipo": "stream", "classe": "ribeirao"}}, {"type": "Feature", "geometry": null, "properties": {"nome": "Ribeirão do Salto", "tipo": "river", "classe": "rio"}}, {"type": "Feature", "geometry": null, "properties": {"nome": "Ribeirão Fresco", "tipo": "stream", "classe": "ribeirao"}}, {"type": "Feature", "geometry": null, "properties": {"nome": "Ribeirão Fresco", "tipo": "stream", "classe": "ribeirao"}}, {"type": "Feature", "geometry": null, "properties": {"nome": "Ribeirão Jararaca", "tipo": "stream", "classe": "ribeirao"}}, {"type": "Feature", "geometry": null, "properties": {"nome": "Córrego Brudertahl", "tipo": "stream", "classe": "ribeirao"}}, {"type": "Feature", "geometry": null, "properties": {"nome": "Ribeirão Herdt", "tipo": "river", "classe": "rio"}}, {"type": "Feature", "geometry": null, "properties": {"nome": "Ribeirão do Saco", "tipo": "stream", "classe": "ribeirao"}}, {"type": "Feature", "geometry": null, "properties": {"nome": "Ribeirão Vale do Selke", "tipo": "stream", "classe": "ribeirao"}}, {"type": "Feature", "geometry": null, "properties": {"nome": "Ribeirão Pomerode Fundos", "tipo": "stream", "classe": "ribeirao"}}, {"type": "Feature", "geometry": null, "properties": {"nome": "Ribeirão Alto da Serra", "tipo": "stream", "classe": "ribeirao"}}, {"type": "Feature", "geometry": null, "properties": {"nome": "Rio Itajaí-Açu", "tipo": "river", "classe": "rio"}}, {"type": "Feature", "geometry": null, "properties": {"nome": "Ribeirão da Velha", "tipo": "river", "classe": "rio"}}, {"type": "Feature", "geometry": null, "properties": {"nome": "Ribeirão da Velha", "tipo": "river", "classe": "rio"}}, {"type": "Feature", "geometry": null, "properties": {"nome": "Ribeirão Garcia", "tipo": "river", "classe": "rio"}}, {"type": "Feature", "geometry": null, "properties": {"nome": "Córrego Aurora", "tipo": "stream", "classe": "ribeirao"}}, {"type": "Feature", "geometry": null, "properties": {"nome": "Córrego Aurora", "tipo": "stream", "classe": "ribeirao"}}, {"type": "Feature", "geometry": null, "properties": {"nome": "Córrego Javali", "tipo": "stream", "classe": "ribeirao"}}, {"type": "Feature", "geometry": null, "properties": {"nome": "Ribeirão Alma", "tipo": "river", "classe": "rio"}}, {"type": "Feature", "geometry": null, "properties": {"nome": "Braço do Ribeirão Alma", "tipo": "stream", "classe": "ribeirao"}}, {"type": "Feature", "geometry": null, "properties": {"nome": "Ribeirão Garcia", "tipo": "river", "classe": "rio"}}, {"type": "Feature", "geometry": null, "properties": {"nome": "Ribeirão Garcia", "tipo": "river", "classe": "rio"}}, {"type": "Feature", "geometry": null, "properties": {"nome": "Córrego Cacilda", "tipo": "stream", "classe": "ribeirao"}}, {"type": "Feature", "geometry": null, "properties": {"nome": "Ribeirão Arraial do Ouro", "tipo": "stream", "classe": "ribeirao"}}, {"type": "Feature", "geometry": null, "properties": {"nome": "Ribeirão Arraial do Ouro", "tipo": "stream", "classe": "ribeirao"}}, {"type": "Feature", "geometry": null, "properties": {"nome": "Ribeirão Arraial do Ouro", "tipo": "stream", "classe": "ribeirao"}}, {"type": "Feature", "geometry": null, "properties": {"nome": "Ribeirão Arraial do Ouro", "tipo": "stream", "classe": "ribeirao"}}, {"type": "Feature", "geometry": null, "properties": {"nome": "Ribeirão Arraial do Ouro", "tipo": "stream", "classe": "ribeirao"}}, {"type": "Feature", "geometry": null, "properties": {"nome": "Ribeirão Grande da Luz", "tipo": "river", "classe": "rio"}}, {"type": "Feature", "geometry": null, "properties": {"nome": "Rio da Luz", "tipo": "river", "classe": "rio"}}, {"type": "Feature", "geometry": null, "properties": {"nome": "Córrego Jararaca", "tipo": "stream", "classe": "ribeirao"}}, {"type": "Feature", "geometry": null, "properties": {"nome": "Ribeirão Macuco Pequeno", "tipo": "stream", "classe": "ribeirao"}}, {"type": "Feature", "geometry": null, "properties": {"nome": "Ribeirão Macuco Grande", "tipo": "stream", "classe": "ribeirao"}}, {"type": "Feature", "geometry": null, "properties": {"nome": "Ribeirão Rodrigues", "tipo": "stream", "classe": "ribeirao"}}, {"type": "Feature", "geometry": null, "properties": {"nome": "Córrego da Prata", "tipo": "stream", "classe": "ribeirao"}}, {"type": "Feature", "geometry": null, "properties": {"nome": "Ribeirão Preto", "tipo": "stream", "classe": "ribeirao"}}, {"type": "Feature", "geometry": null, "properties": {"nome": "Córrego Boa Vista", "tipo": "river", "classe": "rio"}}, {"type": "Feature", "geometry": null, "properties": {"nome": "Ribeirão Gustavo", "tipo": "river", "classe": "rio"}}, {"type": "Feature", "geometry": null, "properties": {"nome": "Ribeirão Vasel", "tipo": "stream", "classe": "ribeirao"}}, {"type": "Feature", "geometry": null, "properties": {"nome": "Rio Maruim", "tipo": "river", "classe": "rio"}}, {"type": "Feature", "geometry": null, "properties": {"nome": "Rio Maruim", "tipo": "river", "classe": "rio"}}, {"type": "Feature", "geometry": null, "properties": {"nome": "Córrego Canudos", "tipo": "river", "classe": "rio"}}, {"type": "Feature", "geometry": null, "properties": {"nome": "Ribeirão Itoupavazinha", "tipo": "stream", "classe": "ribeirao"}}, {"type": "Feature", "geometry": null, "properties": {"nome": "Ribeirão Arraial do Ouro", "tipo": "stream", "classe": "ribeirao"}}, {"type": "Feature", "geometry": null, "properties": {"nome": "Ribeirão Arraial do Ouro", "tipo": "stream", "classe": "ribeirao"}}, {"type": "Feature", "geometry": null, "properties": {"nome": "Ribeirão Gustavo", "tipo": "river", "classe": "rio"}}, {"type": "Feature", "geometry": null, "properties": {"nome": "Rio Putanga", "tipo": "river", "classe": "rio"}}, {"type": "Feature", "geometry": null, "properties": {"nome": "Rio Putanga", "tipo": "river", "classe": "rio"}}, {"type": "Feature", "geometry": null, "properties": {"nome": "Rio Putanga", "tipo": "river", "classe": "rio"}}, {"type": "Feature", "geometry": null, "properties": {"nome": "Rio Putanga", "tipo": "river", "classe": "rio"}}, {"type": "Feature", "geometry": null, "properties": {"nome": "Ribeirão Gustavo", "tipo": "river", "classe": "rio"}}, {"type": "Feature", "geometry": null, "properties": {"nome": "Rio Putanga", "tipo": "river", "classe": "rio"}}, {"type": "Feature", "geometry": null, "properties": {"nome": "Ribeirão Benjamin Constant", "tipo": "river", "classe": "rio"}}, {"type": "Feature", "geometry": null, "properties": {"nome": "Ribeirão Benjamin Constant", "tipo": "river", "classe": "rio"}}, {"type": "Feature", "geometry": null, "properties": {"nome": "Ribeirão Benjamin Constant", "tipo": "river", "classe": "rio"}}, {"type": "Feature", "geometry": null, "properties": {"nome": "Ribeirão Campinha", "tipo": "river", "classe": "rio"}}, {"type": "Feature", "geometry": null, "properties": {"nome": "Córrego Benjamin Constant", "tipo": "stream", "classe": "ribeirao"}}, {"type": "Feature", "geometry": null, "properties": {"nome": "Córrego Benjamin Constant", "tipo": "stream", "classe": "ribeirao"}}, {"type": "Feature", "geometry": null, "properties": {"nome": "Córrego Benjamin Constant", "tipo": "stream", "classe": "ribeirao"}}, {"type": "Feature", "geometry": null, "properties": {"nome": "Córrego Benjamin Constant", "tipo": "stream", "classe": "ribeirao"}}, {"type": "Feature", "geometry": null, "properties": {"nome": "Córrego Benjamin Constant", "tipo": "stream", "classe": "ribeirao"}}, {"type": "Feature", "geometry": null, "properties": {"nome": "Ribeirão Humberto", "tipo": "canal", "classe": "canal"}}, {"type": "Feature", "geometry": null, "properties": {"nome": "Córrego Freimann", "tipo": "canal", "classe": "canal"}}, {"type": "Feature", "geometry": null, "properties": {"nome": "Córrego Freimann", "tipo": "canal", "classe": "canal"}}, {"type": "Feature", "geometry": null, "properties": {"nome": "Córrego Freimann", "tipo": "river", "classe": "rio"}}, {"type": "Feature", "geometry": null, "properties": {"nome": "Córrego Freimann", "tipo": "canal", "classe": "canal"}}, {"type": "Feature", "geometry": null, "properties": {"nome": "Córrego Freimann", "tipo": "river", "classe": "rio"}}, {"type": "Feature", "geometry": null, "properties": {"nome": "Córrego Freimann", "tipo": "canal", "classe": "canal"}}, {"type": "Feature", "geometry": null, "properties": {"nome": "Córrego Freimann", "tipo": "river", "classe": "rio"}}, {"type": "Feature", "geometry": null, "properties": {"nome": "Córrego Freimann", "tipo": "river", "classe": "rio"}}, {"type": "Feature", "geometry": null, "properties": {"nome": "Ribeirão da Lagoa", "tipo": "river", "classe": "rio"}}, {"type": "Feature", "geometry": null, "properties": {"nome": "Ribeirão da Lagoa", "tipo": "canal", "classe": "canal"}}, {"type": "Feature", "geometry": null, "properties": {"nome": "Rio Preto", "tipo": "river", "classe": "rio"}}, {"type": "Feature", "geometry": null, "properties": {"nome": "Ribeirão Souto", "tipo": "river", "classe": "rio"}}, {"type": "Feature", "geometry": null, "properties": {"nome": "Ribeirão Souto", "tipo": "river", "classe": "rio"}}, {"type": "Feature", "geometry": null, "properties": {"nome": "Ribeirão Treze de Maio", "tipo": "river", "classe": "rio"}}, {"type": "Feature", "geometry": null, "properties": {"nome": "Ribeirão Treze de Maio", "tipo": "river", "classe": "rio"}}, {"type": "Feature", "geometry": null, "properties": {"nome": "Ribeirão Treze de Maio", "tipo": "river", "classe": "rio"}}, {"type": "Feature", "geometry": null, "properties": {"nome": "Ribeirão das Cabras", "tipo": "stream", "classe": "ribeirao"}}, {"type": "Feature", "geometry": null, "properties": {"nome": "Ribeirão Damiana", "tipo": "stream", "classe": "ribeirao"}}, {"type": "Feature", "geometry": null, "properties": {"nome": "Ribeirão Fresco", "tipo": "stream", "classe": "ribeirao"}}, {"type": "Feature", "geometry": null, "properties": {"nome": "Ribeirão Fresco", "tipo": "stream", "classe": "ribeirao"}}, {"type": "Feature", "geometry": null, "properties": {"nome": "Ribeirão da Velha Pequena", "tipo": "stream", "classe": "ribeirao"}}, {"type": "Feature", "geometry": null, "properties": {"nome": "Ribeirão do Cego", "tipo": "stream", "classe": "ribeirao"}}, {"type": "Feature", "geometry": null, "properties": {"nome": "Ribeirão do Gato", "tipo": "stream", "classe": "ribeirao"}}, {"type": "Feature", "geometry": null, "properties": {"nome": "Ribeirão Krohberger", "tipo": "stream", "classe": "ribeirao"}}, {"type": "Feature", "geometry": null, "properties": {"nome": "Ribeirão Jordão", "tipo": "stream", "classe": "ribeirao"}}, {"type": "Feature", "geometry": null, "properties": {"nome": "Ribeirão Krohberger", "tipo": "stream", "classe": "ribeirao"}}, {"type": "Feature", "geometry": null, "properties": {"nome": "Ribeirão Krohberger", "tipo": "stream", "classe": "ribeirao"}}, {"type": "Feature", "geometry": null, "properties": {"nome": "Ribeirão Krohberger", "tipo": "stream", "classe": "ribeirao"}}, {"type": "Feature", "geometry": null, "properties": {"nome": "Ribeirão Krohberger", "tipo": "stream", "classe": "ribeirao"}}, {"type": "Feature", "geometry": null, "properties": {"nome": "Ribeirão Kiloba", "tipo": "stream", "classe": "ribeirao"}}, {"type": "Feature", "geometry": null, "properties": {"nome": "Ribeirão Kiloba", "tipo": "stream", "classe": "ribeirao"}}, {"type": "Feature", "geometry": null, "properties": {"nome": "Ribeirão do Ouro", "tipo": "stream", "classe": "ribeirao"}}, {"type": "Feature", "geometry": null, "properties": {"nome": "Córrego Encano", "tipo": "stream", "classe": "ribeirao"}}, {"type": "Feature", "geometry": null, "properties": {"nome": "Ribeirão Rodeio", "tipo": "river", "classe": "rio"}}, {"type": "Feature", "geometry": null, "properties": {"nome": "Rio Krauel", "tipo": "river", "classe": "rio"}}, {"type": "Feature", "geometry": null, "properties": {"nome": "Rio dos Bugres", "tipo": "river", "classe": "rio"}}, {"type": "Feature", "geometry": null, "properties": {"nome": "Rio das Antas", "tipo": "river", "classe": "rio"}}, {"type": "Feature", "geometry": null, "properties": {"nome": "Rio das Antas", "tipo": "river", "classe": "rio"}}, {"type": "Feature", "geometry": null, "properties": {"nome": "Rio das Antas", "tipo": "river", "classe": "rio"}}, {"type": "Feature", "geometry": null, "properties": {"nome": "Rio Capivaras", "tipo": "river", "classe": "rio"}}, {"type": "Feature", "geometry": null, "properties": {"nome": "Rio Itajuba", "tipo": "stream", "classe": "ribeirao"}}, {"type": "Feature", "geometry": null, "properties": {"nome": "Rio Itajuba", "tipo": "stream", "classe": "ribeirao"}}, {"type": "Feature", "geometry": null, "properties": {"nome": "Rio Itajuba", "tipo": "stream", "classe": "ribeirao"}}, {"type": "Feature", "geometry": null, "properties": {"nome": "Rio Itajuba", "tipo": "stream", "classe": "ribeirao"}}, {"type": "Feature", "geometry": null, "properties": {"nome": "Rio Itajuba", "tipo": "stream", "classe": "ribeirao"}}, {"type": "Feature", "geometry": null, "properties": {"nome": "Rio Itajuba", "tipo": "stream", "classe": "ribeirao"}}, {"type": "Feature", "geometry": null, "properties": {"nome": "Rio Itajuba", "tipo": "stream", "classe": "ribeirao"}}, {"type": "Feature", "geometry": null, "properties": {"nome": "Rio Itajuba", "tipo": "stream", "classe": "ribeirao"}}, {"type": "Feature", "geometry": null, "properties": {"nome": "Rio Itajuba", "tipo": "stream", "classe": "ribeirao"}}, {"type": "Feature", "geometry": null, "properties": {"nome": "Rio Itajuba", "tipo": "stream", "classe": "ribeirao"}}, {"type": "Feature", "geometry": null, "properties": {"nome": "Rio Itajuba", "tipo": "stream", "classe": "ribeirao"}}, {"type": "Feature", "geometry": null, "properties": {"nome": "Rio Itajuba", "tipo": "stream", "classe": "ribeirao"}}, {"type": "Feature", "geometry": null, "properties": {"nome": "Rio Itajuba", "tipo": "stream", "classe": "ribeirao"}}, {"type": "Feature", "geometry": null, "properties": {"nome": "Rio Itajuba", "tipo": "stream", "classe": "ribeirao"}}, {"type": "Feature", "geometry": null, "properties": {"nome": "Rio Itajuba", "tipo": "stream", "classe": "ribeirao"}}, {"type": "Feature", "geometry": null, "properties": {"nome": "Rio Itajuba", "tipo": "stream", "classe": "ribeirao"}}, {"type": "Feature", "geometry": null, "properties": {"nome": "Rio Itajuba", "tipo": "stream", "classe": "ribeirao"}}, {"type": "Feature", "geometry": null, "properties": {"nome": "Rio Itajuba", "tipo": "stream", "classe": "ribeirao"}}, {"type": "Feature", "geometry": null, "properties": {"nome": "Rio Itajuba", "tipo": "stream", "classe": "ribeirao"}}, {"type": "Feature", "geometry": null, "properties": {"nome": "Rio Itajuba", "tipo": "stream", "classe": "ribeirao"}}, {"type": "Feature", "geometry": null, "properties": {"nome": "Rio Itajuba", "tipo": "stream", "classe": "ribeirao"}}, {"type": "Feature", "geometry": null, "properties": {"nome": "Rio Itajuba", "tipo": "stream", "classe": "ribeirao"}}, {"type": "Feature", "geometry": null, "properties": {"nome": "Rio Itajuba", "tipo": "stream", "classe": "ribeirao"}}, {"type": "Feature", "geometry": null, "properties": {"nome": "Ribeirão Gaspar Grande", "tipo": "river", "classe": "rio"}}, {"type": "Feature", "geometry": null, "properties": {"nome": "Ribeirão do Tigre", "tipo": "stream", "classe": "ribeirao"}}, {"type": "Feature", "geometry": null, "properties": {"nome": "Córrego Brudertahl", "tipo": "stream", "classe": "ribeirao"}}, {"type": "Feature", "geometry": null, "properties": {"nome": "Córrego Brudertahl", "tipo": "stream", "classe": "ribeirao"}}, {"type": "Feature", "geometry": null, "properties": {"nome": "Córrego Brudertahl", "tipo": "stream", "classe": "ribeirao"}}, {"type": "Feature", "geometry": null, "properties": {"nome": "Córrego Brudertahl", "tipo": "stream", "classe": "ribeirao"}}, {"type": "Feature", "geometry": null, "properties": {"nome": "Ribeirão Pomerode Fundos", "tipo": "stream", "classe": "ribeirao"}}, {"type": "Feature", "geometry": null, "properties": {"nome": "Ribeirão Pomerode Fundos", "tipo": "stream", "classe": "ribeirao"}}, {"type": "Feature", "geometry": null, "properties": {"nome": "Ribeirão Humberto", "tipo": "canal", "classe": "canal"}}, {"type": "Feature", "geometry": null, "properties": {"nome": "Ribeirão Humberto", "tipo": "canal", "classe": "canal"}}, {"type": "Feature", "geometry": null, "properties": {"nome": "Ribeirão Humberto", "tipo": "canal", "classe": "canal"}}, {"type": "Feature", "geometry": null, "properties": {"nome": "Ribeirão Humberto", "tipo": "canal", "classe": "canal"}}, {"type": "Feature", "geometry": null, "properties": {"nome": "Rio Ponta Comprida", "tipo": "river", "classe": "rio"}}, {"type": "Feature", "geometry": null, "properties": {"nome": "Rio Ponta Comprida", "tipo": "river", "classe": "rio"}}, {"type": "Feature", "geometry": null, "properties": {"nome": "Ribeirão Fidélis", "tipo": "stream", "classe": "ribeirao"}}, {"type": "Feature", "geometry": null, "properties": {"nome": "Ribeirão da Velha Pequena", "tipo": "stream", "classe": "ribeirao"}}, {"type": "Feature", "geometry": null, "properties": {"nome": "Ribeirão da Velha Pequena", "tipo": "stream", "classe": "ribeirao"}}, {"type": "Feature", "geometry": null, "properties": {"nome": "Ribeirão Fidélis", "tipo": "stream", "classe": "ribeirao"}}, {"type": "Feature", "geometry": null, "properties": {"nome": "Ribeirão Fidélis", "tipo": "stream", "classe": "ribeirao"}}, {"type": "Feature", "geometry": null, "properties": {"nome": "Ribeirão das Canas", "tipo": "stream", "classe": "ribeirao"}}, {"type": "Feature", "geometry": null, "properties": {"nome": "Córrego Poço Grande", "tipo": "river", "classe": "rio"}}, {"type": "Feature", "geometry": null, "properties": {"nome": "Rio Limeira", "tipo": "river", "classe": "rio"}}, {"type": "Feature", "geometry": null, "properties": {"nome": "Ribeirão Brilhante", "tipo": "river", "classe": "rio"}}, {"type": "Feature", "geometry": null, "properties": {"nome": "Ribeirão Brilhante", "tipo": "river", "classe": "rio"}}, {"type": "Feature", "geometry": null, "properties": {"nome": "Ribeirão Estradinha", "tipo": "stream", "classe": "ribeirao"}}, {"type": "Feature", "geometry": null, "properties": {"nome": "Ribeirão Estradinha", "tipo": "stream", "classe": "ribeirao"}}, {"type": "Feature", "geometry": null, "properties": {"nome": "Ribeirão Estradinha", "tipo": "stream", "classe": "ribeirao"}}, {"type": "Feature", "geometry": null, "properties": {"nome": "Córrego Tatutiba 1", "tipo": "stream", "classe": "ribeirao"}}, {"type": "Feature", "geometry": null, "properties": {"nome": "Córrego Tatutiba 1", "tipo": "stream", "classe": "ribeirao"}}, {"type": "Feature", "geometry": null, "properties": {"nome": "Córrego Tatutiba 1", "tipo": "stream", "classe": "ribeirao"}}, {"type": "Feature", "geometry": null, "properties": {"nome": "Córrego Tatutiba 1", "tipo": "stream", "classe": "ribeirao"}}, {"type": "Feature", "geometry": null, "properties": {"nome": "Córrego Tatutiba 1", "tipo": "stream", "classe": "ribeirao"}}, {"type": "Feature", "geometry": null, "properties": {"nome": "Córrego Tatutiba 1", "tipo": "stream", "classe": "ribeirao"}}, {"type": "Feature", "geometry": null, "properties": {"nome": "Córrego Tatutiba 1", "tipo": "stream", "classe": "ribeirao"}}, {"type": "Feature", "geometry": null, "properties": {"nome": "Ribeirão Cananeia", "tipo": "stream", "classe": "ribeirao"}}, {"type": "Feature", "geometry": null, "properties": {"nome": "Ribeirão Cananeia", "tipo": "stream", "classe": "ribeirao"}}, {"type": "Feature", "geometry": null, "properties": {"nome": "Rio Cambirela", "tipo": "river", "classe": "rio"}}, {"type": "Feature", "geometry": null, "properties": {"nome": "Rio Itajaí do Sul", "tipo": "river", "classe": "rio"}}, {"type": "Feature", "geometry": null, "properties": {"nome": "Ribeirão Basílio", "tipo": "stream", "classe": "ribeirao"}}, {"type": "Feature", "geometry": null, "properties": {"nome": "Ribeirão Ilse", "tipo": "river", "classe": "rio"}}, {"type": "Feature", "geometry": null, "properties": {"nome": "Rio Vargem do Braço", "tipo": "river", "classe": "rio"}}, {"type": "Feature", "geometry": null, "properties": {"nome": "Ribeirão Cachoeira do Retiro", "tipo": "river", "classe": "rio"}}, {"type": "Feature", "geometry": null, "properties": {"nome": "Córrego Boa Vista", "tipo": "river", "classe": "rio"}}, {"type": "Feature", "geometry": null, "properties": {"nome": "Córrego Boa Vista", "tipo": "river", "classe": "rio"}}, {"type": "Feature", "geometry": null, "properties": {"nome": "Ribeirão do Salto", "tipo": "river", "classe": "rio"}}, {"type": "Feature", "geometry": null, "properties": {"nome": "Rio do Braço", "tipo": "river", "classe": "rio"}}, {"type": "Feature", "geometry": null, "properties": {"nome": "Rio Caetés", "tipo": "stream", "classe": "ribeirao"}}, {"type": "Feature", "geometry": null, "properties": {"nome": "Rio do Este", "tipo": "stream", "classe": "ribeirao"}}, {"type": "Feature", "geometry": null, "properties": {"nome": "Ribeirão dos Macacos", "tipo": "stream", "classe": "ribeirao"}}, {"type": "Feature", "geometry": null, "properties": {"nome": "Rio Vila das Pedras", "tipo": "stream", "classe": "ribeirao"}}, {"type": "Feature", "geometry": null, "properties": {"nome": "Rio Canoas", "tipo": "river", "classe": "rio"}}, {"type": "Feature", "geometry": null, "properties": {"nome": "Ribeirão dos Macacos", "tipo": "stream", "classe": "ribeirao"}}, {"type": "Feature", "geometry": null, "properties": {"nome": "Rio Lajeado", "tipo": "river", "classe": "rio"}}, {"type": "Feature", "geometry": null, "properties": {"nome": "Rio Santa Maria", "tipo": "river", "classe": "rio"}}, {"type": "Feature", "geometry": null, "properties": {"nome": "Rio do Moura", "tipo": "river", "classe": "rio"}}, {"type": "Feature", "geometry": null, "properties": {"nome": "Ribeirão da Cabra", "tipo": "stream", "classe": "ribeirao"}}, {"type": "Feature", "geometry": null, "properties": {"nome": "Rio dos Cedros", "tipo": "river", "classe": "rio"}}, {"type": "Feature", "geometry": null, "properties": {"nome": "Ribeirão dos Quinze", "tipo": "stream", "classe": "ribeirao"}}, {"type": "Feature", "geometry": null, "properties": {"nome": "Ribeirão dos Quinze", "tipo": "stream", "classe": "ribeirao"}}, {"type": "Feature", "geometry": null, "properties": {"nome": "Ribeirão dos Quinze", "tipo": "stream", "classe": "ribeirao"}}, {"type": "Feature", "geometry": null, "properties": {"nome": "Ribeirão dos Quinze", "tipo": "stream", "classe": "ribeirao"}}, {"type": "Feature", "geometry": null, "properties": {"nome": "Ribeirão Herval", "tipo": "stream", "classe": "ribeirao"}}, {"type": "Feature", "geometry": null, "properties": {"nome": "Arroio Boa Esperança", "tipo": "river", "classe": "rio"}}, {"type": "Feature", "geometry": null, "properties": {"nome": "Arroio Boa Esperança", "tipo": "stream", "classe": "ribeirao"}}, {"type": "Feature", "geometry": null, "properties": {"nome": "Rio Pomerânia", "tipo": "stream", "classe": "ribeirao"}}, {"type": "Feature", "geometry": null, "properties": {"nome": "Rio Guabiruba Sul", "tipo": "stream", "classe": "ribeirao"}}, {"type": "Feature", "geometry": null, "properties": {"nome": "Rio Itajaí-Mirim", "tipo": "river", "classe": "rio"}}, {"type": "Feature", "geometry": null, "properties": {"nome": "Ribeirão da Murta", "tipo": "river", "classe": "rio"}}, {"type": "Feature", "geometry": null, "properties": {"nome": "Rio Bombinhas", "tipo": "stream", "classe": "ribeirao"}}, {"type": "Feature", "geometry": null, "properties": {"nome": "Rio Maruim", "tipo": "river", "classe": "rio"}}, {"type": "Feature", "geometry": null, "properties": {"nome": "Ribeirão Fiedler", "tipo": "stream", "classe": "ribeirao"}}, {"type": "Feature", "geometry": null, "properties": {"nome": "Ribeirão Fiedler", "tipo": "stream", "classe": "ribeirao"}}, {"type": "Feature", "geometry": null, "properties": {"nome": "Ribeirão Fiedler", "tipo": "stream", "classe": "ribeirao"}}, {"type": "Feature", "geometry": null, "properties": {"nome": "Ribeirão Fiedler", "tipo": "stream", "classe": "ribeirao"}}, {"type": "Feature", "geometry": null, "properties": {"nome": "Ribeirão Itoupavazinha", "tipo": "stream", "classe": "ribeirao"}}, {"type": "Feature", "geometry": null, "properties": {"nome": "Ribeirão Gaspar Mirim", "tipo": "stream", "classe": "ribeirao"}}, {"type": "Feature", "geometry": null, "properties": {"nome": "Ribeirão Gaspar Mirim", "tipo": "river", "classe": "rio"}}, {"type": "Feature", "geometry": null, "properties": {"nome": "Ribeirão Gaspar Mirim", "tipo": "stream", "classe": "ribeirao"}}, {"type": "Feature", "geometry": null, "properties": {"nome": "Ribeirão Gaspar Mirim", "tipo": "river", "classe": "rio"}}, {"type": "Feature", "geometry": null, "properties": {"nome": "Ribeirão Gaspar Mirim", "tipo": "stream", "classe": "ribeirao"}}, {"type": "Feature", "geometry": null, "properties": {"nome": "Ribeirão Gaspar Mirim", "tipo": "stream", "classe": "ribeirao"}}, {"type": "Feature", "geometry": null, "properties": {"nome": "Ribeirão Poço Grande", "tipo": "stream", "classe": "ribeirao"}}, {"type": "Feature", "geometry": null, "properties": {"nome": "Ribeirão Poço Grande", "tipo": "stream", "classe": "ribeirao"}}, {"type": "Feature", "geometry": null, "properties": {"nome": "Ribeirão Negro", "tipo": "stream", "classe": "ribeirao"}}, {"type": "Feature", "geometry": null, "properties": {"nome": "Ribeirão Negro", "tipo": "stream", "classe": "ribeirao"}}, {"type": "Feature", "geometry": null, "properties": {"nome": "Ribeirão Negro", "tipo": "stream", "classe": "ribeirao"}}, {"type": "Feature", "geometry": null, "properties": {"nome": "Ribeirão Negro", "tipo": "stream", "classe": "ribeirao"}}, {"type": "Feature", "geometry": null, "properties": {"nome": "Córrego Poço Grande", "tipo": "stream", "classe": "ribeirao"}}, {"type": "Feature", "geometry": null, "properties": {"nome": "Córrego Poço Grande", "tipo": "stream", "classe": "ribeirao"}}, {"type": "Feature", "geometry": null, "properties": {"nome": "Ribeirão Bateias", "tipo": "stream", "classe": "ribeirao"}}, {"type": "Feature", "geometry": null, "properties": {"nome": "Rio da Vovó", "tipo": "stream", "classe": "ribeirao"}}, {"type": "Feature", "geometry": null, "properties": {"nome": "Rio da Vina", "tipo": "stream", "classe": "ribeirao"}}, {"type": "Feature", "geometry": null, "properties": {"nome": "Rio Rebelo", "tipo": "river", "classe": "rio"}}, {"type": "Feature", "geometry": null, "properties": {"nome": "Rio Caeté", "tipo": "river", "classe": "rio"}}, {"type": "Feature", "geometry": null, "properties": {"nome": "Rio das Águas Frias", "tipo": "river", "classe": "rio"}}, {"type": "Feature", "geometry": null, "properties": {"nome": "Ribeirão Zinco", "tipo": "stream", "classe": "ribeirao"}}, {"type": "Feature", "geometry": null, "properties": {"nome": "Rio Esperança", "tipo": "stream", "classe": "ribeirao"}}, {"type": "Feature", "geometry": null, "properties": {"nome": "Rio Peroba", "tipo": "river", "classe": "rio"}}, {"type": "Feature", "geometry": null, "properties": {"nome": "Rio Peroba", "tipo": "river", "classe": "rio"}}, {"type": "Feature", "geometry": null, "properties": {"nome": "Rio Peroba", "tipo": "river", "classe": "rio"}}, {"type": "Feature", "geometry": null, "properties": {"nome": "Ribeirão Água Negra", "tipo": "stream", "classe": "ribeirao"}}, {"type": "Feature", "geometry": null, "properties": {"nome": "Ribeirão Água Negra", "tipo": "stream", "classe": "ribeirao"}}, {"type": "Feature", "geometry": null, "properties": {"nome": "Ribeirão Arraial do Ouro", "tipo": "stream", "classe": "ribeirao"}}, {"type": "Feature", "geometry": null, "properties": {"nome": "Ribeirão Arraial do Ouro", "tipo": "stream", "classe": "ribeirao"}}, {"type": "Feature", "geometry": null, "properties": {"nome": "Ribeirão Arraial do Ouro", "tipo": "stream", "classe": "ribeirao"}}, {"type": "Feature", "geometry": null, "properties": {"nome": "Ribeirão Arraial do Ouro", "tipo": "stream", "classe": "ribeirao"}}, {"type": "Feature", "geometry": null, "properties": {"nome": "Rio Garrafão", "tipo": "river", "classe": "rio"}}, {"type": "Feature", "geometry": null, "properties": {"nome": "Ribeirão São Bernardo", "tipo": "river", "classe": "rio"}}, {"type": "Feature", "geometry": null, "properties": {"nome": "Rio da Mata de Camboriú", "tipo": "river", "classe": "rio"}}, {"type": "Feature", "geometry": null, "properties": {"nome": "Córrego Tatutiba 1", "tipo": "stream", "classe": "ribeirao"}}, {"type": "Feature", "geometry": null, "properties": {"nome": "Córrego Tatutiba 1", "tipo": "stream", "classe": "ribeirao"}}, {"type": "Feature", "geometry": null, "properties": {"nome": "Córrego Tatutiba 1", "tipo": "stream", "classe": "ribeirao"}}, {"type": "Feature", "geometry": null, "properties": {"nome": "Córrego Tatutiba 1", "tipo": "stream", "classe": "ribeirao"}}, {"type": "Feature", "geometry": null, "properties": {"nome": "Ribeirão Wundervald", "tipo": "stream", "classe": "ribeirao"}}, {"type": "Feature", "geometry": null, "properties": {"nome": "Ribeirão Cachoeira da Cobrinha de Ouro", "tipo": "river", "classe": "rio"}}, {"type": "Feature", "geometry": null, "properties": {"nome": "Rio das Águas Claras", "tipo": "river", "classe": "rio"}}, {"type": "Feature", "geometry": null, "properties": {"nome": "Rio do Cedro", "tipo": "river", "classe": "rio"}}, {"type": "Feature", "geometry": null, "properties": {"nome": "Rio das Antas", "tipo": "river", "classe": "rio"}}, {"type": "Feature", "geometry": null, "properties": {"nome": "Rio do Noca", "tipo": "stream", "classe": "ribeirao"}}, {"type": "Feature", "geometry": null, "properties": {"nome": "Rio do Noca", "tipo": "stream", "classe": "ribeirao"}}, {"type": "Feature", "geometry": null, "properties": {"nome": "Rio Santa Luiza", "tipo": "river", "classe": "rio"}}, {"type": "Feature", "geometry": null, "properties": {"nome": "Ribeirão Fiedler", "tipo": "stream", "classe": "ribeirao"}}, {"type": "Feature", "geometry": null, "properties": {"nome": "Ribeirão Fiedler", "tipo": "stream", "classe": "ribeirao"}}, {"type": "Feature", "geometry": null, "properties": {"nome": "Ribeirão João Gualberto", "tipo": "river", "classe": "rio"}}, {"type": "Feature", "geometry": null, "properties": {"nome": "Ribeirão Subida", "tipo": "stream", "classe": "ribeirao"}}, {"type": "Feature", "geometry": null, "properties": {"nome": "Rio Três Henriques", "tipo": "river", "classe": "rio"}}, {"type": "Feature", "geometry": null, "properties": {"nome": "Rio Três Riachos", "tipo": "river", "classe": "rio"}}, {"type": "Feature", "geometry": null, "properties": {"nome": "Córrego Cachoeira", "tipo": "stream", "classe": "ribeirao"}}, {"type": "Feature", "geometry": null, "properties": {"nome": "Córrego Cachoeira", "tipo": "stream", "classe": "ribeirao"}}, {"type": "Feature", "geometry": null, "properties": {"nome": "Rio Maruim", "tipo": "river", "classe": "rio"}}, {"type": "Feature", "geometry": null, "properties": {"nome": "Rio Três Henriques", "tipo": "river", "classe": "rio"}}, {"type": "Feature", "geometry": null, "properties": {"nome": "Rio Três Henriques", "tipo": "river", "classe": "rio"}}, {"type": "Feature", "geometry": null, "properties": {"nome": "Rio Braço do Cubatão", "tipo": "river", "classe": "rio"}}, {"type": "Feature", "geometry": null, "properties": {"nome": "Rio do Engano", "tipo": "river", "classe": "rio"}}, {"type": "Feature", "geometry": null, "properties": {"nome": "Córrego Alto Barnabé", "tipo": "stream", "classe": "ribeirao"}}, {"type": "Feature", "geometry": null, "properties": {"nome": "Rio Caçador", "tipo": "river", "classe": "rio"}}, {"type": "Feature", "geometry": null, "properties": {"nome": "Rio das Congonhas", "tipo": "river", "classe": "rio"}}, {"type": "Feature", "geometry": null, "properties": {"nome": "Ribeirão do Salto", "tipo": "river", "classe": "rio"}}, {"type": "Feature", "geometry": null, "properties": {"nome": "Rio Gabiroba", "tipo": "river", "classe": "rio"}}, {"type": "Feature", "geometry": null, "properties": {"nome": "Rio Itajaí-Mirim", "tipo": "river", "classe": "rio"}}, {"type": "Feature", "geometry": null, "properties": {"nome": "Rio Itajaí-Mirim", "tipo": "river", "classe": "rio"}}, {"type": "Feature", "geometry": null, "properties": {"nome": "Ribeirão Estradinha", "tipo": "stream", "classe": "ribeirao"}}, {"type": "Feature", "geometry": null, "properties": {"nome": "Riacho Canudos", "tipo": "river", "classe": "rio"}}, {"type": "Feature", "geometry": null, "properties": {"nome": "Riacho Canudos", "tipo": "river", "classe": "rio"}}, {"type": "Feature", "geometry": null, "properties": {"nome": "Riacho Canudos", "tipo": "river", "classe": "rio"}}, {"type": "Feature", "geometry": null, "properties": {"nome": "Riacho Canudos", "tipo": "river", "classe": "rio"}}, {"type": "Feature", "geometry": null, "properties": {"nome": "Riacho Canudos", "tipo": "river", "classe": "rio"}}, {"type": "Feature", "geometry": null, "properties": {"nome": "Riacho Canudos", "tipo": "river", "classe": "rio"}}, {"type": "Feature", "geometry": null, "properties": {"nome": "Riacho da Vila", "tipo": "stream", "classe": "ribeirao"}}, {"type": "Feature", "geometry": null, "properties": {"nome": "Riacho da Vila", "tipo": "stream", "classe": "ribeirao"}}, {"type": "Feature", "geometry": null, "properties": {"nome": "Riacho da Vila", "tipo": "stream", "classe": "ribeirao"}}, {"type": "Feature", "geometry": null, "properties": {"nome": "Riacho da Vila", "tipo": "stream", "classe": "ribeirao"}}, {"type": "Feature", "geometry": null, "properties": {"nome": "Ribeirão Cardoso", "tipo": "river", "classe": "rio"}}, {"type": "Feature", "geometry": null, "properties": {"nome": "Ribeirão Cardoso", "tipo": "river", "classe": "rio"}}, {"type": "Feature", "geometry": null, "properties": {"nome": "Ribeirão Massarandubinha", "tipo": "river", "classe": "rio"}}, {"type": "Feature", "geometry": null, "properties": {"nome": "Ribeirão Massarandubinha", "tipo": "river", "classe": "rio"}}, {"type": "Feature", "geometry": null, "properties": {"nome": "Ribeirão Massarandubinha", "tipo": "river", "classe": "rio"}}, {"type": "Feature", "geometry": null, "properties": {"nome": "Ribeirão Massarandubinha", "tipo": "river", "classe": "rio"}}, {"type": "Feature", "geometry": null, "properties": {"nome": "Ribeirão Massarandubinha", "tipo": "river", "classe": "rio"}}, {"type": "Feature", "geometry": null, "properties": {"nome": "Ribeirão Massarandubinha", "tipo": "river", "classe": "rio"}}, {"type": "Feature", "geometry": null, "properties": {"nome": "Ribeirão dos Macacos", "tipo": "stream", "classe": "ribeirao"}}, {"type": "Feature", "geometry": null, "properties": {"nome": "Ribeirão dos Macacos", "tipo": "stream", "classe": "ribeirao"}}, {"type": "Feature", "geometry": null, "properties": {"nome": "Ribeirão dos Macacos", "tipo": "stream", "classe": "ribeirao"}}, {"type": "Feature", "geometry": null, "properties": {"nome": "Ribeirão dos Macacos", "tipo": "stream", "classe": "ribeirao"}}, {"type": "Feature", "geometry": null, "properties": {"nome": "Rio Caetés", "tipo": "stream", "classe": "ribeirao"}}, {"type": "Feature", "geometry": null, "properties": {"nome": "Rio Caetés", "tipo": "stream", "classe": "ribeirao"}}, {"type": "Feature", "geometry": null, "properties": {"nome": "Rio Caetés", "tipo": "stream", "classe": "ribeirao"}}, {"type": "Feature", "geometry": null, "properties": {"nome": "Rio Caetés", "tipo": "stream", "classe": "ribeirao"}}, {"type": "Feature", "geometry": null, "properties": {"nome": "Rio Vila das Pedras", "tipo": "stream", "classe": "ribeirao"}}, {"type": "Feature", "geometry": null, "properties": {"nome": "Rio Vila das Pedras", "tipo": "stream", "classe": "ribeirao"}}, {"type": "Feature", "geometry": null, "properties": {"nome": "Rio Vila das Pedras", "tipo": "stream", "classe": "ribeirao"}}, {"type": "Feature", "geometry": null, "properties": {"nome": "Rio Vila das Pedras", "tipo": "stream", "classe": "ribeirao"}}, {"type": "Feature", "geometry": null, "properties": {"nome": "Rio do Este", "tipo": "stream", "classe": "ribeirao"}}, {"type": "Feature", "geometry": null, "properties": {"nome": "Rio do Este", "tipo": "stream", "classe": "ribeirao"}}, {"type": "Feature", "geometry": null, "properties": {"nome": "Rio da Vovó", "tipo": "river", "classe": "rio"}}, {"type": "Feature", "geometry": null, "properties": {"nome": "Rio da Barra", "tipo": "stream", "classe": "ribeirao"}}, {"type": "Feature", "geometry": null, "properties": {"nome": "Rio da Barra", "tipo": "stream", "classe": "ribeirao"}}, {"type": "Feature", "geometry": null, "properties": {"nome": "Rio da Barra", "tipo": "stream", "classe": "ribeirao"}}, {"type": "Feature", "geometry": null, "properties": {"nome": "Rio da Barra", "tipo": "stream", "classe": "ribeirao"}}, {"type": "Feature", "geometry": null, "properties": {"nome": "Rio Passa Vinte", "tipo": "stream", "classe": "ribeirao"}}, {"type": "Feature", "geometry": null, "properties": {"nome": "Rio da Vina", "tipo": "stream", "classe": "ribeirao"}}, {"type": "Feature", "geometry": null, "properties": {"nome": "Rio da Vina", "tipo": "stream", "classe": "ribeirao"}}, {"type": "Feature", "geometry": null, "properties": {"nome": "Rio da Barra", "tipo": "stream", "classe": "ribeirao"}}, {"type": "Feature", "geometry": null, "properties": {"nome": "Rio Passa-Vinte", "tipo": "stream", "classe": "ribeirao"}}, {"type": "Feature", "geometry": null, "properties": {"nome": "Rio da Vovó", "tipo": "stream", "classe": "ribeirao"}}, {"type": "Feature", "geometry": null, "properties": {"nome": "Rio da Vovó", "tipo": "river", "classe": "rio"}}, {"type": "Feature", "geometry": null, "properties": {"nome": "Rio Rebelo", "tipo": "stream", "classe": "ribeirao"}}, {"type": "Feature", "geometry": null, "properties": {"nome": "Rio Rebelo", "tipo": "stream", "classe": "ribeirao"}}, {"type": "Feature", "geometry": null, "properties": {"nome": "Rio Rebelo", "tipo": "stream", "classe": "ribeirao"}}, {"type": "Feature", "geometry": null, "properties": {"nome": "Rio Rebelo", "tipo": "stream", "classe": "ribeirao"}}, {"type": "Feature", "geometry": null, "properties": {"nome": "Rio Rebelo", "tipo": "stream", "classe": "ribeirao"}}, {"type": "Feature", "geometry": null, "properties": {"nome": "Rio Rebelo", "tipo": "stream", "classe": "ribeirao"}}, {"type": "Feature", "geometry": null, "properties": {"nome": "Rio Rebelo", "tipo": "stream", "classe": "ribeirao"}}, {"type": "Feature", "geometry": null, "properties": {"nome": "Rio Rebelo", "tipo": "stream", "classe": "ribeirao"}}, {"type": "Feature", "geometry": null, "properties": {"nome": "Rio Rebelo", "tipo": "stream", "classe": "ribeirao"}}, {"type": "Feature", "geometry": null, "properties": {"nome": "Rio Rebelo", "tipo": "stream", "classe": "ribeirao"}}, {"type": "Feature", "geometry": null, "properties": {"nome": "Arroio Arapongas", "tipo": "stream", "classe": "ribeirao"}}, {"type": "Feature", "geometry": null, "properties": {"nome": "Ribeirão Jundiá", "tipo": "stream", "classe": "ribeirao"}}, {"type": "Feature", "geometry": null, "properties": {"nome": "Ribeirão Minas de Prata", "tipo": "river", "classe": "rio"}}, {"type": "Feature", "geometry": null, "properties": {"nome": "Ribeirão do Alferes", "tipo": "stream", "classe": "ribeirao"}}, {"type": "Feature", "geometry": null, "properties": {"nome": "Arroio Arapongas", "tipo": "stream", "classe": "ribeirao"}}, {"type": "Feature", "geometry": null, "properties": {"nome": "Arroio Arapongas", "tipo": "stream", "classe": "ribeirao"}}, {"type": "Feature", "geometry": null, "properties": {"nome": "Ribeirão Estradinha", "tipo": "stream", "classe": "ribeirao"}}, {"type": "Feature", "geometry": null, "properties": {"nome": "Ribeirão Estradinha", "tipo": "stream", "classe": "ribeirao"}}, {"type": "Feature", "geometry": null, "properties": {"nome": "Ribeirão Estradinha", "tipo": "stream", "classe": "ribeirao"}}, {"type": "Feature", "geometry": null, "properties": {"nome": "Ribeirão Estradinha", "tipo": "stream", "classe": "ribeirao"}}, {"type": "Feature", "geometry": null, "properties": {"nome": "Arroio Arapongas", "tipo": "stream", "classe": "ribeirao"}}, {"type": "Feature", "geometry": null, "properties": {"nome": "Ribeirão Herdt", "tipo": "river", "classe": "rio"}}, {"type": "Feature", "geometry": null, "properties": {"nome": "Ribeirão Herdt", "tipo": "river", "classe": "rio"}}, {"type": "Feature", "geometry": null, "properties": {"nome": "Ribeirão Vale do Selke", "tipo": "river", "classe": "rio"}}, {"type": "Feature", "geometry": null, "properties": {"nome": "Ribeirão Vale do Selke", "tipo": "stream", "classe": "ribeirao"}}, {"type": "Feature", "geometry": null, "properties": {"nome": "Ribeirão Wundervald", "tipo": "stream", "classe": "ribeirao"}}, {"type": "Feature", "geometry": null, "properties": {"nome": "Ribeirão Wundervald", "tipo": "stream", "classe": "ribeirao"}}, {"type": "Feature", "geometry": null, "properties": {"nome": "Ribeirão Guaporuma", "tipo": "river", "classe": "rio"}}, {"type": "Feature", "geometry": null, "properties": {"nome": "Ribeirão Guaporuma", "tipo": "river", "classe": "rio"}}, {"type": "Feature", "geometry": null, "properties": {"nome": "Ribeirão Guaporuma", "tipo": "river", "classe": "rio"}}, {"type": "Feature", "geometry": null, "properties": {"nome": "Ribeirão Guaporuma", "tipo": "river", "classe": "rio"}}, {"type": "Feature", "geometry": null, "properties": {"nome": "Rio do Engano", "tipo": "river", "classe": "rio"}}, {"type": "Feature", "geometry": null, "properties": {"nome": "Rio Fabrício", "tipo": "river", "classe": "rio"}}, {"type": "Feature", "geometry": null, "properties": {"nome": "Rio Fabrício", "tipo": "river", "classe": "rio"}}, {"type": "Feature", "geometry": null, "properties": {"nome": "Rio Fabrício", "tipo": "river", "classe": "rio"}}, {"type": "Feature", "geometry": null, "properties": {"nome": "Rio Fabrício", "tipo": "river", "classe": "rio"}}, {"type": "Feature", "geometry": null, "properties": {"nome": "Rio da Barra", "tipo": "river", "classe": "rio"}}, {"type": "Feature", "geometry": null, "properties": {"nome": "Ribeirão do Saco", "tipo": "stream", "classe": "ribeirao"}}, {"type": "Feature", "geometry": null, "properties": {"nome": "Ribeirão do Saco", "tipo": "stream", "classe": "ribeirao"}}, {"type": "Feature", "geometry": null, "properties": {"nome": "Ribeirão Treze de Maio", "tipo": "river", "classe": "rio"}}, {"type": "Feature", "geometry": null, "properties": {"nome": "Ribeirão Treze de Maio", "tipo": "river", "classe": "rio"}}, {"type": "Feature", "geometry": null, "properties": {"nome": "Ribeirão Wundervald", "tipo": "stream", "classe": "ribeirao"}}, {"type": "Feature", "geometry": null, "properties": {"nome": "Ribeirão Wundervald", "tipo": "stream", "classe": "ribeirao"}}, {"type": "Feature", "geometry": null, "properties": {"nome": "Rio Büchler", "tipo": "river", "classe": "rio"}}, {"type": "Feature", "geometry": null, "properties": {"nome": "Rio Büchler", "tipo": "river", "classe": "rio"}}, {"type": "Feature", "geometry": null, "properties": {"nome": "Rio Büchler", "tipo": "river", "classe": "rio"}}, {"type": "Feature", "geometry": null, "properties": {"nome": "Rio Büchler", "tipo": "stream", "classe": "ribeirao"}}, {"type": "Feature", "geometry": null, "properties": {"nome": "Rio Araújo", "tipo": "river", "classe": "rio"}}, {"type": "Feature", "geometry": null, "properties": {"nome": "Rio Araújo", "tipo": "river", "classe": "rio"}}, {"type": "Feature", "geometry": null, "properties": {"nome": "Rio Araújo", "tipo": "river", "classe": "rio"}}, {"type": "Feature", "geometry": null, "properties": {"nome": "Rio Araújo", "tipo": "river", "classe": "rio"}}, {"type": "Feature", "geometry": null, "properties": {"nome": "Rio Büchler", "tipo": "stream", "classe": "ribeirao"}}, {"type": "Feature", "geometry": null, "properties": {"nome": "Ribeirão Gaspar Grande", "tipo": "river", "classe": "rio"}}, {"type": "Feature", "geometry": null, "properties": {"nome": "Rio Lembrança", "tipo": "river", "classe": "rio"}}, {"type": "Feature", "geometry": null, "properties": {"nome": "Rio Grande", "tipo": "stream", "classe": "ribeirao"}}, {"type": "Feature", "geometry": null, "properties": {"nome": "Rio Sangradouro", "tipo": "river", "classe": "rio"}}, {"type": "Feature", "geometry": null, "properties": {"nome": "Rio Sangradouro", "tipo": "river", "classe": "rio"}}, {"type": "Feature", "geometry": null, "properties": {"nome": "Rio Alto Ribeirão", "tipo": "stream", "classe": "ribeirao"}}, {"type": "Feature", "geometry": null, "properties": {"nome": "Rio do Neto", "tipo": "river", "classe": "rio"}}, {"type": "Feature", "geometry": null, "properties": {"nome": "Rio Garrafão", "tipo": "stream", "classe": "ribeirao"}}, {"type": "Feature", "geometry": null, "properties": {"nome": "Rio Garrafão", "tipo": "stream", "classe": "ribeirao"}}, {"type": "Feature", "geometry": null, "properties": {"nome": "Ribeirão Grande da Luz", "tipo": "river", "classe": "rio"}}, {"type": "Feature", "geometry": null, "properties": {"nome": "Ribeirão Grande da Luz", "tipo": "river", "classe": "rio"}}, {"type": "Feature", "geometry": null, "properties": {"nome": "Ribeirão Grande da Luz", "tipo": "river", "classe": "rio"}}, {"type": "Feature", "geometry": null, "properties": {"nome": "Ribeirão Grande da Luz", "tipo": "river", "classe": "rio"}}, {"type": "Feature", "geometry": null, "properties": {"nome": "Ribeirão Grande da Luz", "tipo": "river", "classe": "rio"}}, {"type": "Feature", "geometry": null, "properties": {"nome": "Ribeirão Grande da Luz", "tipo": "river", "classe": "rio"}}, {"type": "Feature", "geometry": null, "properties": {"nome": "Rio Três Henriques", "tipo": "river", "classe": "rio"}}, {"type": "Feature", "geometry": null, "properties": {"nome": "Rio Três Henriques", "tipo": "river", "classe": "rio"}}, {"type": "Feature", "geometry": null, "properties": {"nome": "Rio Três Henriques", "tipo": "river", "classe": "rio"}}, {"type": "Feature", "geometry": null, "properties": {"nome": "Rio do Braz", "tipo": "river", "classe": "rio"}}, {"type": "Feature", "geometry": null, "properties": {"nome": "Rio Itinga", "tipo": "river", "classe": "rio"}}, {"type": "Feature", "geometry": null, "properties": {"nome": "Rio Itinga", "tipo": "stream", "classe": "ribeirao"}}, {"type": "Feature", "geometry": null, "properties": {"nome": "Rio Kroecker", "tipo": "river", "classe": "rio"}}, {"type": "Feature", "geometry": null, "properties": {"nome": "Rio Kroecker", "tipo": "river", "classe": "rio"}}, {"type": "Feature", "geometry": null, "properties": {"nome": "Rio Kroecker", "tipo": "river", "classe": "rio"}}, {"type": "Feature", "geometry": null, "properties": {"nome": "Rio Miguel", "tipo": "river", "classe": "rio"}}, {"type": "Feature", "geometry": null, "properties": {"nome": "Rio do Miguel", "tipo": "stream", "classe": "ribeirao"}}, {"type": "Feature", "geometry": null, "properties": {"nome": "Ribeirão Mulde", "tipo": "stream", "classe": "ribeirao"}}, {"type": "Feature", "geometry": null, "properties": {"nome": "Ribeirão Mulde", "tipo": "stream", "classe": "ribeirao"}}, {"type": "Feature", "geometry": null, "properties": {"nome": "Ribeirão Mulde", "tipo": "stream", "classe": "ribeirao"}}, {"type": "Feature", "geometry": null, "properties": {"nome": "Ribeirão Mulde", "tipo": "stream", "classe": "ribeirao"}}, {"type": "Feature", "geometry": null, "properties": {"nome": "Ribeirão Mulde", "tipo": "stream", "classe": "ribeirao"}}, {"type": "Feature", "geometry": null, "properties": {"nome": "Ribeirão Mulde", "tipo": "stream", "classe": "ribeirao"}}, {"type": "Feature", "geometry": null, "properties": {"nome": "Rio do Neto", "tipo": "river", "classe": "rio"}}, {"type": "Feature", "geometry": null, "properties": {"nome": "Rio do Neto", "tipo": "river", "classe": "rio"}}, {"type": "Feature", "geometry": null, "properties": {"nome": "Ribeirão Gravatá", "tipo": "river", "classe": "rio"}}, {"type": "Feature", "geometry": null, "properties": {"nome": "Rio Pardo", "tipo": "stream", "classe": "ribeirao"}}, {"type": "Feature", "geometry": null, "properties": {"nome": "Rio Canoas", "tipo": "river", "classe": "rio"}}, {"type": "Feature", "geometry": null, "properties": {"nome": "Ribeirão Ariribá", "tipo": "river", "classe": "rio"}}, {"type": "Feature", "geometry": null, "properties": {"nome": "Rio Piçarras", "tipo": "river", "classe": "rio"}}, {"type": "Feature", "geometry": null, "properties": {"nome": "Ribeirão Guaporuma", "tipo": "river", "classe": "rio"}}, {"type": "Feature", "geometry": null, "properties": {"nome": "Ribeirão Tigre", "tipo": "river", "classe": "rio"}}, {"type": "Feature", "geometry": null, "properties": {"nome": "Ribeirão Aurora", "tipo": "river", "classe": "rio"}}, {"type": "Feature", "geometry": null, "properties": {"nome": "Ribeirão dos Russos", "tipo": "river", "classe": "rio"}}, {"type": "Feature", "geometry": null, "properties": {"nome": "Lajeado do Carneiro Branco", "tipo": "river", "classe": "rio"}}, {"type": "Feature", "geometry": null, "properties": {"nome": "Ribeirão Porto Franco", "tipo": "river", "classe": "rio"}}, {"type": "Feature", "geometry": null, "properties": {"nome": "Ribeirão da Gabiroba", "tipo": "stream", "classe": "ribeirao"}}, {"type": "Feature", "geometry": null, "properties": {"nome": "Rio do Campo Novo", "tipo": "stream", "classe": "ribeirao"}}, {"type": "Feature", "geometry": null, "properties": {"nome": "Arroio Picadão", "tipo": "stream", "classe": "ribeirao"}}, {"type": "Feature", "geometry": null, "properties": {"nome": "Ribeirão das Pedras", "tipo": "stream", "classe": "ribeirao"}}, {"type": "Feature", "geometry": null, "properties": {"nome": "Ribeirão das Pedras", "tipo": "stream", "classe": "ribeirao"}}, {"type": "Feature", "geometry": null, "properties": {"nome": "Ribeirão das Pedras", "tipo": "stream", "classe": "ribeirao"}}, {"type": "Feature", "geometry": null, "properties": {"nome": "Ribeirão das Pedras", "tipo": "stream", "classe": "ribeirao"}}, {"type": "Feature", "geometry": null, "properties": {"nome": "Ribeirão das Pedras", "tipo": "stream", "classe": "ribeirao"}}, {"type": "Feature", "geometry": null, "properties": {"nome": "Primeiro Braço do Ribeirão Neisse", "tipo": "stream", "classe": "ribeirao"}}, {"type": "Feature", "geometry": null, "properties": {"nome": "Ribeirão Pedra Branca", "tipo": "stream", "classe": "ribeirao"}}, {"type": "Feature", "geometry": null, "properties": {"nome": "Ribeirão Sarmento", "tipo": "stream", "classe": "ribeirao"}}, {"type": "Feature", "geometry": null, "properties": {"nome": "Ribeirão Sarmento", "tipo": "stream", "classe": "ribeirao"}}, {"type": "Feature", "geometry": null, "properties": {"nome": "Ribeirão Saxônia", "tipo": "stream", "classe": "ribeirao"}}, {"type": "Feature", "geometry": null, "properties": {"nome": "Ribeirão Sarmento", "tipo": "stream", "classe": "ribeirao"}}, {"type": "Feature", "geometry": null, "properties": {"nome": "Ribeirão Itoupava Rega", "tipo": "stream", "classe": "ribeirao"}}, {"type": "Feature", "geometry": null, "properties": {"nome": "Rio Massaranduba", "tipo": "river", "classe": "rio"}}, {"type": "Feature", "geometry": null, "properties": {"nome": "Ribeirão Sarmento", "tipo": "stream", "classe": "ribeirao"}}, {"type": "Feature", "geometry": null, "properties": {"nome": "Rio Papaquara", "tipo": "stream", "classe": "ribeirao"}}, {"type": "Feature", "geometry": null, "properties": {"nome": "Rio Papaquara", "tipo": "stream", "classe": "ribeirao"}}, {"type": "Feature", "geometry": null, "properties": {"nome": "Rio Piçarras", "tipo": "river", "classe": "rio"}}, {"type": "Feature", "geometry": null, "properties": {"nome": "Rio Piçarras", "tipo": "river", "classe": "rio"}}, {"type": "Feature", "geometry": null, "properties": {"nome": "Rio Piçarras", "tipo": "river", "classe": "rio"}}, {"type": "Feature", "geometry": null, "properties": {"nome": "Rio Piçarras", "tipo": "river", "classe": "rio"}}, {"type": "Feature", "geometry": null, "properties": {"nome": "Rio Piçarras", "tipo": "river", "classe": "rio"}}, {"type": "Feature", "geometry": null, "properties": {"nome": "Rio Iriri", "tipo": "canal", "classe": "canal"}}, {"type": "Feature", "geometry": null, "properties": {"nome": "Rio Iriri", "tipo": "canal", "classe": "canal"}}, {"type": "Feature", "geometry": null, "properties": {"nome": "Rio Iriri", "tipo": "canal", "classe": "canal"}}, {"type": "Feature", "geometry": null, "properties": {"nome": "Ribeirão Gravatá", "tipo": "river", "classe": "rio"}}, {"type": "Feature", "geometry": null, "properties": {"nome": "Ribeirão Souto", "tipo": "river", "classe": "rio"}}, {"type": "Feature", "geometry": null, "properties": {"nome": "Ribeirão Souto", "tipo": "river", "classe": "rio"}}, {"type": "Feature", "geometry": null, "properties": {"nome": "Rio Testo Rega", "tipo": "stream", "classe": "ribeirao"}}, {"type": "Feature", "geometry": null, "properties": {"nome": "Rio Testo Rega", "tipo": "river", "classe": "rio"}}, {"type": "Feature", "geometry": null, "properties": {"nome": "Rio Testo Rega", "tipo": "stream", "classe": "ribeirao"}}, {"type": "Feature", "geometry": null, "properties": {"nome": "Rio do Testo", "tipo": "river", "classe": "rio"}}, {"type": "Feature", "geometry": null, "properties": {"nome": "Rio do Testo", "tipo": "river", "classe": "rio"}}, {"type": "Feature", "geometry": null, "properties": {"nome": "Arroio Felício", "tipo": "stream", "classe": "ribeirao"}}, {"type": "Feature", "geometry": null, "properties": {"nome": "Ribeirão Cachoeira do Retiro", "tipo": "stream", "classe": "ribeirao"}}, {"type": "Feature", "geometry": null, "properties": {"nome": "Rio Cubatão", "tipo": "river", "classe": "rio"}}, {"type": "Feature", "geometry": null, "properties": {"nome": "Rio Cubatão", "tipo": "river", "classe": "rio"}}, {"type": "Feature", "geometry": null, "properties": {"nome": "Rio Vargem do Braço", "tipo": "river", "classe": "rio"}}, {"type": "Feature", "geometry": null, "properties": {"nome": "Ribeirão Sarmento", "tipo": "stream", "classe": "ribeirao"}}, {"type": "Feature", "geometry": null, "properties": {"nome": "Ribeirão Sarmento", "tipo": "stream", "classe": "ribeirao"}}, {"type": "Feature", "geometry": null, "properties": {"nome": "Ribeirão Braço Serafim", "tipo": "stream", "classe": "ribeirao"}}, {"type": "Feature", "geometry": null, "properties": {"nome": "Ribeirão Jararaca", "tipo": "stream", "classe": "ribeirao"}}, {"type": "Feature", "geometry": null, "properties": {"nome": "Ribeirão Jararaca", "tipo": "stream", "classe": "ribeirao"}}, {"type": "Feature", "geometry": null, "properties": {"nome": "Ribeirão Nova Galícia", "tipo": "river", "classe": "rio"}}, {"type": "Feature", "geometry": null, "properties": {"nome": "Braço do Rio Aririú", "tipo": "stream", "classe": "ribeirao"}}, {"type": "Feature", "geometry": null, "properties": {"nome": "Braço do Rio Aririú", "tipo": "river", "classe": "rio"}}, {"type": "Feature", "geometry": null, "properties": {"nome": "Braço do Rio Aririú", "tipo": "river", "classe": "rio"}}, {"type": "Feature", "geometry": null, "properties": {"nome": "Rio Itajaí-Mirim", "tipo": "river", "classe": "rio"}}, {"type": "Feature", "geometry": null, "properties": {"nome": "Rio Itajaí-Mirim", "tipo": "river", "classe": "rio"}}, {"type": "Feature", "geometry": null, "properties": {"nome": "Rio Pardo", "tipo": "stream", "classe": "ribeirao"}}, {"type": "Feature", "geometry": null, "properties": {"nome": "Rio Lajeado", "tipo": "stream", "classe": "ribeirao"}}, {"type": "Feature", "geometry": null, "properties": {"nome": "Rio Lajeado", "tipo": "stream", "classe": "ribeirao"}}, {"type": "Feature", "geometry": null, "properties": {"nome": "Rio Naufrágio", "tipo": "river", "classe": "rio"}}, {"type": "Feature", "geometry": null, "properties": {"nome": "Ribeirão Clara", "tipo": "stream", "classe": "ribeirao"}}, {"type": "Feature", "geometry": null, "properties": {"nome": "Ribeirão Clara", "tipo": "stream", "classe": "ribeirao"}}, {"type": "Feature", "geometry": null, "properties": {"nome": "Ribeirão Clara", "tipo": "stream", "classe": "ribeirao"}}, {"type": "Feature", "geometry": null, "properties": {"nome": "Ribeirão Clara", "tipo": "stream", "classe": "ribeirao"}}, {"type": "Feature", "geometry": null, "properties": {"nome": "Ribeirão Clara", "tipo": "stream", "classe": "ribeirao"}}, {"type": "Feature", "geometry": null, "properties": {"nome": "Ribeirão Guaporuma", "tipo": "river", "classe": "rio"}}, {"type": "Feature", "geometry": null, "properties": {"nome": "Rio Itajaí-Açu", "tipo": "river", "classe": "rio"}}, {"type": "Feature", "geometry": null, "properties": {"nome": "Rio Itajaí-Açu", "tipo": "river", "classe": "rio"}}, {"type": "Feature", "geometry": null, "properties": {"nome": "Rio Itajaí-Açu", "tipo": "river", "classe": "rio"}}, {"type": "Feature", "geometry": null, "properties": {"nome": "Ribeirão Guaporuma", "tipo": "river", "classe": "rio"}}, {"type": "Feature", "geometry": null, "properties": {"nome": "Rio Itajaí-Açu", "tipo": "river", "classe": "rio"}}, {"type": "Feature", "geometry": null, "properties": {"nome": "Ribeirão Guaporuma", "tipo": "river", "classe": "rio"}}, {"type": "Feature", "geometry": null, "properties": {"nome": "Rio Itajaí-Açu", "tipo": "river", "classe": "rio"}}, {"type": "Feature", "geometry": null, "properties": {"nome": "Rio Peroba", "tipo": "stream", "classe": "ribeirao"}}, {"type": "Feature", "geometry": null, "properties": {"nome": "Ribeirão Ariribá", "tipo": "river", "classe": "rio"}}, {"type": "Feature", "geometry": null, "properties": {"nome": "Rio Marambaia", "tipo": "stream", "classe": "ribeirao"}}, {"type": "Feature", "geometry": null, "properties": {"nome": "Rio Marambaia", "tipo": "river", "classe": "rio"}}, {"type": "Feature", "geometry": null, "properties": {"nome": "Rio Camboriú", "tipo": "river", "classe": "rio"}}, {"type": "Feature", "geometry": null, "properties": {"nome": "Rio Camboriú", "tipo": "river", "classe": "rio"}}, {"type": "Feature", "geometry": null, "properties": {"nome": "Rio Camboriú", "tipo": "river", "classe": "rio"}}, {"type": "Feature", "geometry": null, "properties": {"nome": "Rio Camboriú", "tipo": "river", "classe": "rio"}}, {"type": "Feature", "geometry": null, "properties": {"nome": "Ribeirão do Bode", "tipo": "stream", "classe": "ribeirao"}}, {"type": "Feature", "geometry": null, "properties": {"nome": "Rio Lontras", "tipo": "river", "classe": "rio"}}, {"type": "Feature", "geometry": null, "properties": {"nome": "Rio Itajaí-Açu", "tipo": "river", "classe": "rio"}}, {"type": "Feature", "geometry": null, "properties": {"nome": "Rio da Ressacada", "tipo": "stream", "classe": "ribeirao"}}, {"type": "Feature", "geometry": null, "properties": {"nome": "Riacho da Igreja", "tipo": "stream", "classe": "ribeirao"}}, {"type": "Feature", "geometry": null, "properties": {"nome": "Rio Serra São João", "tipo": "river", "classe": "rio"}}, {"type": "Feature", "geometry": null, "properties": {"nome": "Rio Itajaí-Mirim", "tipo": "river", "classe": "rio"}}, {"type": "Feature", "geometry": null, "properties": {"nome": "Ribeirão Sarmento", "tipo": "stream", "classe": "ribeirao"}}, {"type": "Feature", "geometry": null, "properties": {"nome": "Rio Marambaia", "tipo": "stream", "classe": "ribeirao"}}, {"type": "Feature", "geometry": null, "properties": {"nome": "Ribeirão Clara", "tipo": "stream", "classe": "ribeirao"}}, {"type": "Feature", "geometry": null, "properties": {"nome": "Ribeirão Clara", "tipo": "stream", "classe": "ribeirao"}}, {"type": "Feature", "geometry": null, "properties": {"nome": "Rio Lessa", "tipo": "river", "classe": "rio"}}, {"type": "Feature", "geometry": null, "properties": {"nome": "Rio Peroba", "tipo": "river", "classe": "rio"}}, {"type": "Feature", "geometry": null, "properties": {"nome": "Rio Adaga", "tipo": "river", "classe": "rio"}}, {"type": "Feature", "geometry": null, "properties": {"nome": "Rio Lajeado", "tipo": "river", "classe": "rio"}}, {"type": "Feature", "geometry": null, "properties": {"nome": "Rio Lajeado", "tipo": "river", "classe": "rio"}}, {"type": "Feature", "geometry": null, "properties": {"nome": "Rio Camboriú", "tipo": "river", "classe": "rio"}}, {"type": "Feature", "geometry": null, "properties": {"nome": "Rio Pequeno", "tipo": "river", "classe": "rio"}}, {"type": "Feature", "geometry": null, "properties": {"nome": "Rio Camboriú", "tipo": "river", "classe": "rio"}}, {"type": "Feature", "geometry": null, "properties": {"nome": "Rio Camboriú", "tipo": "river", "classe": "rio"}}, {"type": "Feature", "geometry": null, "properties": {"nome": "Rio Camboriú", "tipo": "river", "classe": "rio"}}, {"type": "Feature", "geometry": null, "properties": {"nome": "Rio Pequeno", "tipo": "river", "classe": "rio"}}, {"type": "Feature", "geometry": null, "properties": {"nome": "Rio Taquaras", "tipo": "river", "classe": "rio"}}, {"type": "Feature", "geometry": null, "properties": {"nome": "Rio do Engano", "tipo": "river", "classe": "rio"}}, {"type": "Feature", "geometry": null, "properties": {"nome": "Rio São João", "tipo": "river", "classe": "rio"}}, {"type": "Feature", "geometry": null, "properties": {"nome": "Rio Novo", "tipo": "river", "classe": "rio"}}, {"type": "Feature", "geometry": null, "properties": {"nome": "Rio do Norte", "tipo": "river", "classe": "rio"}}, {"type": "Feature", "geometry": null, "properties": {"nome": "Rio Ponta Comprida", "tipo": "river", "classe": "rio"}}, {"type": "Feature", "geometry": null, "properties": {"nome": "Rio Lajeado", "tipo": "river", "classe": "rio"}}, {"type": "Feature", "geometry": null, "properties": {"nome": "Ribeirão da Vasca", "tipo": "stream", "classe": "ribeirao"}}, {"type": "Feature", "geometry": null, "properties": {"nome": "Ribeirão da Vasca", "tipo": "river", "classe": "rio"}}, {"type": "Feature", "geometry": null, "properties": {"nome": "Rio Perequê", "tipo": "river", "classe": "rio"}}, {"type": "Feature", "geometry": null, "properties": {"nome": "Rio Perequê", "tipo": "river", "classe": "rio"}}, {"type": "Feature", "geometry": null, "properties": {"nome": "Rio Salto Capivari", "tipo": "river", "classe": "rio"}}, {"type": "Feature", "geometry": null, "properties": {"nome": "Rio Salto Capivari", "tipo": "river", "classe": "rio"}}, {"type": "Feature", "geometry": null, "properties": {"nome": "Rio Salto Capivari", "tipo": "river", "classe": "rio"}}, {"type": "Feature", "geometry": null, "properties": {"nome": "Rio Buchele", "tipo": "river", "classe": "rio"}}, {"type": "Feature", "geometry": null, "properties": {"nome": "Rio da Ressacada", "tipo": "stream", "classe": "ribeirao"}}, {"type": "Feature", "geometry": null, "properties": {"nome": "Rio Araçá", "tipo": "stream", "classe": "ribeirao"}}, {"type": "Feature", "geometry": null, "properties": {"nome": "Rio Braço Direito", "tipo": "river", "classe": "rio"}}, {"type": "Feature", "geometry": null, "properties": {"nome": "Rio das Furnas", "tipo": "river", "classe": "rio"}}, {"type": "Feature", "geometry": null, "properties": {"nome": "Rio das Antas", "tipo": "river", "classe": "rio"}}, {"type": "Feature", "geometry": null, "properties": {"nome": "Rio Miguel", "tipo": "river", "classe": "rio"}}, {"type": "Feature", "geometry": null, "properties": {"nome": "Rio Miguel", "tipo": "river", "classe": "rio"}}, {"type": "Feature", "geometry": null, "properties": {"nome": "Arroio Anta Gorda", "tipo": "stream", "classe": "ribeirao"}}, {"type": "Feature", "geometry": null, "properties": {"nome": "Ribeirão São Jorge", "tipo": "stream", "classe": "ribeirao"}}, {"type": "Feature", "geometry": null, "properties": {"nome": "Rio do Barreiro", "tipo": "river", "classe": "rio"}}, {"type": "Feature", "geometry": null, "properties": {"nome": "Rio Bonito", "tipo": "river", "classe": "rio"}}, {"type": "Feature", "geometry": null, "properties": {"nome": "Rio Aririú", "tipo": "stream", "classe": "ribeirao"}}, {"type": "Feature", "geometry": null, "properties": {"nome": "Rio Aririú", "tipo": "river", "classe": "rio"}}, {"type": "Feature", "geometry": null, "properties": {"nome": "Rio da Varginha", "tipo": "river", "classe": "rio"}}, {"type": "Feature", "geometry": null, "properties": {"nome": "Rio Aririú", "tipo": "river", "classe": "rio"}}, {"type": "Feature", "geometry": null, "properties": {"nome": "Rio Aririú", "tipo": "river", "classe": "rio"}}, {"type": "Feature", "geometry": null, "properties": {"nome": "Rio do Alho", "tipo": "river", "classe": "rio"}}, {"type": "Feature", "geometry": null, "properties": {"nome": "Rio Biguaçu", "tipo": "river", "classe": "rio"}}, {"type": "Feature", "geometry": null, "properties": {"nome": "Rio Biguaçu", "tipo": "river", "classe": "rio"}}, {"type": "Feature", "geometry": null, "properties": {"nome": "Rio Biguaçu", "tipo": "river", "classe": "rio"}}, {"type": "Feature", "geometry": null, "properties": {"nome": "Rio Três Riachos", "tipo": "river", "classe": "rio"}}, {"type": "Feature", "geometry": null, "properties": {"nome": "Rio Biguaçu", "tipo": "river", "classe": "rio"}}, {"type": "Feature", "geometry": null, "properties": {"nome": "Rio Caveiras", "tipo": "river", "classe": "rio"}}, {"type": "Feature", "geometry": null, "properties": {"nome": "Rio Carolina", "tipo": "river", "classe": "rio"}}, {"type": "Feature", "geometry": null, "properties": {"nome": "Rio Caveiras", "tipo": "river", "classe": "rio"}}, {"type": "Feature", "geometry": null, "properties": {"nome": "Rio Biguaçu", "tipo": "river", "classe": "rio"}}, {"type": "Feature", "geometry": null, "properties": {"nome": "Rio Três Henriques", "tipo": "river", "classe": "rio"}}, {"type": "Feature", "geometry": null, "properties": {"nome": "Rio Três Henriques", "tipo": "river", "classe": "rio"}}, {"type": "Feature", "geometry": null, "properties": {"nome": "Rio Maruim", "tipo": "river", "classe": "rio"}}, {"type": "Feature", "geometry": null, "properties": {"nome": "Rio Maruim", "tipo": "river", "classe": "rio"}}, {"type": "Feature", "geometry": null, "properties": {"nome": "Rio Forquilhas", "tipo": "river", "classe": "rio"}}, {"type": "Feature", "geometry": null, "properties": {"nome": "Rio Forquilhas", "tipo": "river", "classe": "rio"}}, {"type": "Feature", "geometry": null, "properties": {"nome": "Rio Caveiras", "tipo": "stream", "classe": "ribeirao"}}, {"type": "Feature", "geometry": null, "properties": {"nome": "Rio Araújo", "tipo": "river", "classe": "rio"}}, {"type": "Feature", "geometry": null, "properties": {"nome": "Córrego Ilha da Figueira", "tipo": "stream", "classe": "ribeirao"}}, {"type": "Feature", "geometry": null, "properties": {"nome": "Rio Putanga", "tipo": "river", "classe": "rio"}}, {"type": "Feature", "geometry": null, "properties": {"nome": "Rio Putanga", "tipo": "river", "classe": "rio"}}, {"type": "Feature", "geometry": null, "properties": {"nome": "Rio Capivari", "tipo": "river", "classe": "rio"}}, {"type": "Feature", "geometry": null, "properties": {"nome": "Rio Capivari", "tipo": "river", "classe": "rio"}}, {"type": "Feature", "geometry": null, "properties": {"nome": "Rio Capivari", "tipo": "river", "classe": "rio"}}, {"type": "Feature", "geometry": null, "properties": {"nome": "Rio Capivari", "tipo": "river", "classe": "rio"}}, {"type": "Feature", "geometry": null, "properties": {"nome": "Rio Capivari", "tipo": "river", "classe": "rio"}}, {"type": "Feature", "geometry": null, "properties": {"nome": "Rio Capivari", "tipo": "river", "classe": "rio"}}, {"type": "Feature", "geometry": null, "properties": {"nome": "Rio Capivari", "tipo": "river", "classe": "rio"}}, {"type": "Feature", "geometry": null, "properties": {"nome": "Rio Capivari", "tipo": "river", "classe": "rio"}}, {"type": "Feature", "geometry": null, "properties": {"nome": "Rio Capivari", "tipo": "river", "classe": "rio"}}, {"type": "Feature", "geometry": null, "properties": {"nome": "Rio Capivari", "tipo": "river", "classe": "rio"}}, {"type": "Feature", "geometry": null, "properties": {"nome": "Rio Capivari", "tipo": "stream", "classe": "ribeirao"}}, {"type": "Feature", "geometry": null, "properties": {"nome": "Ribeirão dos Russos", "tipo": "river", "classe": "rio"}}, {"type": "Feature", "geometry": null, "properties": {"nome": "Ribeirão dos Russos", "tipo": "river", "classe": "rio"}}, {"type": "Feature", "geometry": null, "properties": {"nome": "Córrego do Quilombo", "tipo": "stream", "classe": "ribeirao"}}, {"type": "Feature", "geometry": null, "properties": {"nome": "Córrego do Quilombo", "tipo": "stream", "classe": "ribeirao"}}, {"type": "Feature", "geometry": null, "properties": {"nome": "Córrego do Quilombo", "tipo": "stream", "classe": "ribeirao"}}, {"type": "Feature", "geometry": null, "properties": {"nome": "Córrego do Quilombo", "tipo": "stream", "classe": "ribeirao"}}, {"type": "Feature", "geometry": null, "properties": {"nome": "Córrego do Quilombo", "tipo": "stream", "classe": "ribeirao"}}, {"type": "Feature", "geometry": null, "properties": {"nome": "Córrego do Quilombo", "tipo": "stream", "classe": "ribeirao"}}, {"type": "Feature", "geometry": null, "properties": {"nome": "Rio do Meio", "tipo": "stream", "classe": "ribeirao"}}, {"type": "Feature", "geometry": null, "properties": {"nome": "Rio Itajaí-Açu", "tipo": "river", "classe": "rio"}}, {"type": "Feature", "geometry": null, "properties": {"nome": "Rio Itajaí-Açu", "tipo": "river", "classe": "rio"}}, {"type": "Feature", "geometry": null, "properties": {"nome": "Rio Preto", "tipo": "river", "classe": "rio"}}, {"type": "Feature", "geometry": null, "properties": {"nome": "Rio Forquilha", "tipo": "river", "classe": "rio"}}, {"type": "Feature", "geometry": null, "properties": {"nome": "Rio Fartura", "tipo": "stream", "classe": "ribeirao"}}, {"type": "Feature", "geometry": null, "properties": {"nome": "Rio das Vargens dos Pinheiros", "tipo": "stream", "classe": "ribeirao"}}, {"type": "Feature", "geometry": null, "properties": {"nome": "Rio do Salto", "tipo": "river", "classe": "rio"}}, {"type": "Feature", "geometry": null, "properties": {"nome": "Rio Ponta Comprida", "tipo": "river", "classe": "rio"}}, {"type": "Feature", "geometry": null, "properties": {"nome": "Rio Ponta Comprida", "tipo": "river", "classe": "rio"}}, {"type": "Feature", "geometry": null, "properties": {"nome": "Rio Ponta Comprida", "tipo": "river", "classe": "rio"}}, {"type": "Feature", "geometry": null, "properties": {"nome": "Rio Ponta Comprida", "tipo": "river", "classe": "rio"}}, {"type": "Feature", "geometry": null, "properties": {"nome": "Rio Ponta Comprida", "tipo": "river", "classe": "rio"}}, {"type": "Feature", "geometry": null, "properties": {"nome": "Ribeirão Taquaras", "tipo": "stream", "classe": "ribeirao"}}, {"type": "Feature", "geometry": null, "properties": {"nome": "Rio Itajaí-Açu", "tipo": "river", "classe": "rio"}}, {"type": "Feature", "geometry": null, "properties": {"nome": "Ribeirão Gaspar Grande", "tipo": "river", "classe": "rio"}}, {"type": "Feature", "geometry": null, "properties": {"nome": "Ribeirão Gaspar Grande", "tipo": "river", "classe": "rio"}}, {"type": "Feature", "geometry": null, "properties": {"nome": "Ribeirão Gaspar Grande", "tipo": "river", "classe": "rio"}}, {"type": "Feature", "geometry": null, "properties": {"nome": "Ribeirão Domingos", "tipo": "stream", "classe": "ribeirao"}}, {"type": "Feature", "geometry": null, "properties": {"nome": "Ribeirão Jordão", "tipo": "stream", "classe": "ribeirao"}}, {"type": "Feature", "geometry": null, "properties": {"nome": "Ribeirão Jordão", "tipo": "stream", "classe": "ribeirao"}}, {"type": "Feature", "geometry": null, "properties": {"nome": "Córrego Tatutiba 3", "tipo": "stream", "classe": "ribeirao"}}, {"type": "Feature", "geometry": null, "properties": {"nome": "Córrego Tatutiba 3", "tipo": "stream", "classe": "ribeirao"}}, {"type": "Feature", "geometry": null, "properties": {"nome": "Ribeirão Fortaleza", "tipo": "river", "classe": "rio"}}, {"type": "Feature", "geometry": null, "properties": {"nome": "Ribeirão Fortaleza", "tipo": "river", "classe": "rio"}}, {"type": "Feature", "geometry": null, "properties": {"nome": "Ribeirão Fresco", "tipo": "stream", "classe": "ribeirao"}}, {"type": "Feature", "geometry": null, "properties": {"nome": "Ribeirão Fresco", "tipo": "stream", "classe": "ribeirao"}}, {"type": "Feature", "geometry": null, "properties": {"nome": "Ribeirão da Gabiroba", "tipo": "stream", "classe": "ribeirao"}}, {"type": "Feature", "geometry": null, "properties": {"nome": "Ribeirão da Gabiroba", "tipo": "stream", "classe": "ribeirao"}}, {"type": "Feature", "geometry": null, "properties": {"nome": "Rio do Meio", "tipo": "stream", "classe": "ribeirao"}}, {"type": "Feature", "geometry": null, "properties": {"nome": "Ribeirão Taquaras", "tipo": "stream", "classe": "ribeirao"}}, {"type": "Feature", "geometry": null, "properties": {"nome": "Ribeirão Taquaras", "tipo": "stream", "classe": "ribeirao"}}, {"type": "Feature", "geometry": null, "properties": {"nome": "Ribeirão Treze de Maio", "tipo": "river", "classe": "rio"}}, {"type": "Feature", "geometry": null, "properties": {"nome": "Ribeirão Treze de Maio", "tipo": "river", "classe": "rio"}}, {"type": "Feature", "geometry": null, "properties": {"nome": "Ribeirão Gaspar Grande", "tipo": "river", "classe": "rio"}}, {"type": "Feature", "geometry": null, "properties": {"nome": "Ribeirão Gaspar Grande", "tipo": "river", "classe": "rio"}}, {"type": "Feature", "geometry": null, "properties": {"nome": "Córrego da Serra Preta", "tipo": "stream", "classe": "ribeirao"}}, {"type": "Feature", "geometry": null, "properties": {"nome": "Rio do Cerro", "tipo": "river", "classe": "rio"}}, {"type": "Feature", "geometry": null, "properties": {"nome": "Ribeirão Jararaca", "tipo": "stream", "classe": "ribeirao"}}, {"type": "Feature", "geometry": null, "properties": {"nome": "Ribeirão Jararaca", "tipo": "stream", "classe": "ribeirao"}}, {"type": "Feature", "geometry": null, "properties": {"nome": "Ribeirão da Lagoa", "tipo": "canal", "classe": "canal"}}, {"type": "Feature", "geometry": null, "properties": {"nome": "Córrego Três Quebras", "tipo": "stream", "classe": "ribeirao"}}, {"type": "Feature", "geometry": null, "properties": {"nome": "Ribeirão da Anta", "tipo": "stream", "classe": "ribeirao"}}, {"type": "Feature", "geometry": null, "properties": {"nome": "Córrego da Fruteira", "tipo": "stream", "classe": "ribeirao"}}, {"type": "Feature", "geometry": null, "properties": {"nome": "Ribeirão da Volta Schmitt", "tipo": "stream", "classe": "ribeirao"}}, {"type": "Feature", "geometry": null, "properties": {"nome": "Córrego da Lagoa", "tipo": "stream", "classe": "ribeirao"}}, {"type": "Feature", "geometry": null, "properties": {"nome": "Ribeirão Pocinho", "tipo": "stream", "classe": "ribeirao"}}, {"type": "Feature", "geometry": null, "properties": {"nome": "Ribeirão Pocinho", "tipo": "stream", "classe": "ribeirao"}}, {"type": "Feature", "geometry": null, "properties": {"nome": "Rio Luís Alves", "tipo": "river", "classe": "rio"}}, {"type": "Feature", "geometry": null, "properties": {"nome": "Ribeirão Máximo", "tipo": "stream", "classe": "ribeirao"}}, {"type": "Feature", "geometry": null, "properties": {"nome": "Ribeirão Máximo", "tipo": "stream", "classe": "ribeirao"}}, {"type": "Feature", "geometry": null, "properties": {"nome": "Ribeirão Máximo", "tipo": "stream", "classe": "ribeirao"}}, {"type": "Feature", "geometry": null, "properties": {"nome": "Ribeirão Máximo", "tipo": "stream", "classe": "ribeirao"}}, {"type": "Feature", "geometry": null, "properties": {"nome": "Ribeirão Máximo", "tipo": "stream", "classe": "ribeirao"}}, {"type": "Feature", "geometry": null, "properties": {"nome": "Ribeirão Máximo", "tipo": "stream", "classe": "ribeirao"}}, {"type": "Feature", "geometry": null, "properties": {"nome": "Ribeirão Máximo", "tipo": "stream", "classe": "ribeirao"}}, {"type": "Feature", "geometry": null, "properties": {"nome": "Ribeirão Máximo", "tipo": "stream", "classe": "ribeirao"}}, {"type": "Feature", "geometry": null, "properties": {"nome": "Ribeirão Máximo", "tipo": "stream", "classe": "ribeirao"}}, {"type": "Feature", "geometry": null, "properties": {"nome": "Ribeirão Braço do Baú", "tipo": "stream", "classe": "ribeirao"}}, {"type": "Feature", "geometry": null, "properties": {"nome": "Ribeirão Braço do Baú", "tipo": "stream", "classe": "ribeirao"}}, {"type": "Feature", "geometry": null, "properties": {"nome": "Ribeirão Braço do Baú", "tipo": "stream", "classe": "ribeirao"}}, {"type": "Feature", "geometry": null, "properties": {"nome": "Ribeirão Braço do Baú", "tipo": "stream", "classe": "ribeirao"}}, {"type": "Feature", "geometry": null, "properties": {"nome": "Ribeirão Braço do Baú", "tipo": "stream", "classe": "ribeirao"}}, {"type": "Feature", "geometry": null, "properties": {"nome": "Ribeirão Morro Azul", "tipo": "stream", "classe": "ribeirao"}}, {"type": "Feature", "geometry": null, "properties": {"nome": "Rio Itaperiú", "tipo": "river", "classe": "rio"}}, {"type": "Feature", "geometry": null, "properties": {"nome": "Ribeirão Itoupavazinha", "tipo": "stream", "classe": "ribeirao"}}, {"type": "Feature", "geometry": null, "properties": {"nome": "Ribeirão Itoupavazinha", "tipo": "stream", "classe": "ribeirao"}}, {"type": "Feature", "geometry": null, "properties": {"nome": "Rio Fabrício", "tipo": "river", "classe": "rio"}}, {"type": "Feature", "geometry": null, "properties": {"nome": "Ribeirão Fortaleza", "tipo": "stream", "classe": "ribeirao"}}, {"type": "Feature", "geometry": null, "properties": {"nome": "Ribeirão Fortaleza", "tipo": "stream", "classe": "ribeirao"}}, {"type": "Feature", "geometry": null, "properties": {"nome": "Ribeirão Fortaleza", "tipo": "stream", "classe": "ribeirao"}}, {"type": "Feature", "geometry": null, "properties": {"nome": "Ribeirão Fortaleza", "tipo": "stream", "classe": "ribeirao"}}, {"type": "Feature", "geometry": null, "properties": {"nome": "Ribeirão Fortaleza", "tipo": "stream", "classe": "ribeirao"}}, {"type": "Feature", "geometry": null, "properties": {"nome": "Ribeirão Fortaleza", "tipo": "stream", "classe": "ribeirao"}}, {"type": "Feature", "geometry": null, "properties": {"nome": "Ribeirão Fortaleza", "tipo": "stream", "classe": "ribeirao"}}, {"type": "Feature", "geometry": null, "properties": {"nome": "Ribeirão Fortaleza", "tipo": "stream", "classe": "ribeirao"}}, {"type": "Feature", "geometry": null, "properties": {"nome": "Ribeirão Fortaleza", "tipo": "stream", "classe": "ribeirao"}}, {"type": "Feature", "geometry": null, "properties": {"nome": "Ribeirão Fortaleza", "tipo": "stream", "classe": "ribeirao"}}, {"type": "Feature", "geometry": null, "properties": {"nome": "Ribeirão Fortaleza", "tipo": "stream", "classe": "ribeirao"}}, {"type": "Feature", "geometry": null, "properties": {"nome": "Ribeirão Fortaleza", "tipo": "stream", "classe": "ribeirao"}}, {"type": "Feature", "geometry": null, "properties": {"nome": "Ribeirão Fortaleza", "tipo": "stream", "classe": "ribeirao"}}, {"type": "Feature", "geometry": null, "properties": {"nome": "Ribeirão Fortaleza", "tipo": "stream", "classe": "ribeirao"}}, {"type": "Feature", "geometry": null, "properties": {"nome": "Ribeirão Fortaleza", "tipo": "stream", "classe": "ribeirao"}}, {"type": "Feature", "geometry": null, "properties": {"nome": "Ribeirão Fortaleza", "tipo": "stream", "classe": "ribeirao"}}, {"type": "Feature", "geometry": null, "properties": {"nome": "Ribeirão Fortaleza", "tipo": "stream", "classe": "ribeirao"}}, {"type": "Feature", "geometry": null, "properties": {"nome": "Ribeirão Fortaleza", "tipo": "stream", "classe": "ribeirao"}}, {"type": "Feature", "geometry": null, "properties": {"nome": "Rio Benedito", "tipo": "river", "classe": "rio"}}, {"type": "Feature", "geometry": null, "properties": {"nome": "Rio Benedito", "tipo": "river", "classe": "rio"}}, {"type": "Feature", "geometry": null, "properties": {"nome": "Arroio Arapongas", "tipo": "stream", "classe": "ribeirao"}}, {"type": "Feature", "geometry": null, "properties": {"nome": "Rio do Cedro", "tipo": "stream", "classe": "ribeirao"}}, {"type": "Feature", "geometry": null, "properties": {"nome": "Rio Guabiruba Norte ou Aimoré", "tipo": "river", "classe": "rio"}}, {"type": "Feature", "geometry": null, "properties": {"nome": "Ribeirão Massaranduba", "tipo": "river", "classe": "rio"}}, {"type": "Feature", "geometry": null, "properties": {"nome": "Ribeirão Massaranduba", "tipo": "river", "classe": "rio"}}, {"type": "Feature", "geometry": null, "properties": {"nome": "Ribeirão Fortaleza", "tipo": "stream", "classe": "ribeirao"}}, {"type": "Feature", "geometry": null, "properties": {"nome": "Rio Curtume", "tipo": "river", "classe": "rio"}}, {"type": "Feature", "geometry": null, "properties": {"nome": "Ribeirão Bateias", "tipo": "stream", "classe": "ribeirao"}}, {"type": "Feature", "geometry": null, "properties": {"nome": "Ribeirão Bateias", "tipo": "stream", "classe": "ribeirao"}}, {"type": "Feature", "geometry": null, "properties": {"nome": "Ribeirão Bateias", "tipo": "stream", "classe": "ribeirao"}}, {"type": "Feature", "geometry": null, "properties": {"nome": "Ribeirão Bateias", "tipo": "stream", "classe": "ribeirao"}}, {"type": "Feature", "geometry": null, "properties": {"nome": "Rio Itajuba", "tipo": "stream", "classe": "ribeirao"}}, {"type": "Feature", "geometry": null, "properties": {"nome": "Rio Itajuba", "tipo": "stream", "classe": "ribeirao"}}, {"type": "Feature", "geometry": null, "properties": {"nome": "Rio Itajuba", "tipo": "stream", "classe": "ribeirao"}}, {"type": "Feature", "geometry": null, "properties": {"nome": "Rio Itajuba", "tipo": "stream", "classe": "ribeirao"}}, {"type": "Feature", "geometry": null, "properties": {"nome": "Rio Perequê", "tipo": "stream", "classe": "ribeirao"}}, {"type": "Feature", "geometry": null, "properties": {"nome": "Rio Perequê", "tipo": "river", "classe": "rio"}}, {"type": "Feature", "geometry": null, "properties": {"nome": "Rio do Areal", "tipo": "river", "classe": "rio"}}, {"type": "Feature", "geometry": null, "properties": {"nome": "Rio Itaperiú", "tipo": "stream", "classe": "ribeirao"}}, {"type": "Feature", "geometry": null, "properties": {"nome": "Ribeirão Fortaleza", "tipo": "river", "classe": "rio"}}, {"type": "Feature", "geometry": null, "properties": {"nome": "Ribeirão Fortaleza", "tipo": "river", "classe": "rio"}}, {"type": "Feature", "geometry": null, "properties": {"nome": "Rio Aririú", "tipo": "river", "classe": "rio"}}, {"type": "Feature", "geometry": null, "properties": {"nome": "Rio Aririú", "tipo": "river", "classe": "rio"}}, {"type": "Feature", "geometry": null, "properties": {"nome": "Ribeirão da Murta", "tipo": "river", "classe": "rio"}}, {"type": "Feature", "geometry": null, "properties": {"nome": "Rio do Cobre", "tipo": "stream", "classe": "ribeirao"}}, {"type": "Feature", "geometry": null, "properties": {"nome": "Rio do Cobre", "tipo": "stream", "classe": "ribeirao"}}, {"type": "Feature", "geometry": null, "properties": {"nome": "Rio das Águas Claras", "tipo": "stream", "classe": "ribeirao"}}, {"type": "Feature", "geometry": null, "properties": {"nome": "Rio Benedito", "tipo": "river", "classe": "rio"}}, {"type": "Feature", "geometry": null, "properties": {"nome": "Rio Benedito", "tipo": "river", "classe": "rio"}}, {"type": "Feature", "geometry": null, "properties": {"nome": "Arroio Arapongas", "tipo": "stream", "classe": "ribeirao"}}, {"type": "Feature", "geometry": null, "properties": {"nome": "Rio Benedito", "tipo": "river", "classe": "rio"}}, {"type": "Feature", "geometry": null, "properties": {"nome": "Rio Benedito", "tipo": "river", "classe": "rio"}}, {"type": "Feature", "geometry": null, "properties": {"nome": "Rio Benedito", "tipo": "river", "classe": "rio"}}, {"type": "Feature", "geometry": null, "properties": {"nome": "Rio dos Cedros", "tipo": "river", "classe": "rio"}}, {"type": "Feature", "geometry": null, "properties": {"nome": "Rio dos Cedros", "tipo": "river", "classe": "rio"}}, {"type": "Feature", "geometry": null, "properties": {"nome": "Rio dos Cedros", "tipo": "river", "classe": "rio"}}, {"type": "Feature", "geometry": null, "properties": {"nome": "Rio dos Cedros", "tipo": "river", "classe": "rio"}}, {"type": "Feature", "geometry": null, "properties": {"nome": "Ribeirão Pomeranos", "tipo": "stream", "classe": "ribeirao"}}, {"type": "Feature", "geometry": null, "properties": {"nome": "Ribeirão Pomeranos", "tipo": "stream", "classe": "ribeirao"}}, {"type": "Feature", "geometry": null, "properties": {"nome": "Rio Benedito", "tipo": "river", "classe": "rio"}}, {"type": "Feature", "geometry": null, "properties": {"nome": "Rio Benedito", "tipo": "river", "classe": "rio"}}, {"type": "Feature", "geometry": null, "properties": {"nome": "Ribeirão Pomeranos", "tipo": "stream", "classe": "ribeirao"}}, {"type": "Feature", "geometry": null, "properties": {"nome": "Ribeirão Gaspar Grande", "tipo": "stream", "classe": "ribeirao"}}, {"type": "Feature", "geometry": null, "properties": {"nome": "Rio Pomerânia", "tipo": "stream", "classe": "ribeirao"}}, {"type": "Feature", "geometry": null, "properties": {"nome": "Rio Pomerânia", "tipo": "stream", "classe": "ribeirao"}}, {"type": "Feature", "geometry": null, "properties": {"nome": "Rio Pomerânia", "tipo": "stream", "classe": "ribeirao"}}, {"type": "Feature", "geometry": null, "properties": {"nome": "Rio Pomerânia", "tipo": "stream", "classe": "ribeirao"}}, {"type": "Feature", "geometry": null, "properties": {"nome": "Rio Pomerânia", "tipo": "stream", "classe": "ribeirao"}}, {"type": "Feature", "geometry": null, "properties": {"nome": "Rio Pomerânia", "tipo": "stream", "classe": "ribeirao"}}, {"type": "Feature", "geometry": null, "properties": {"nome": "Rio Pomerânia", "tipo": "stream", "classe": "ribeirao"}}, {"type": "Feature", "geometry": null, "properties": {"nome": "Rio Pomerânia", "tipo": "stream", "classe": "ribeirao"}}, {"type": "Feature", "geometry": null, "properties": {"nome": "Rio Limeira", "tipo": "river", "classe": "rio"}}, {"type": "Feature", "geometry": null, "properties": {"nome": "Ribeirão Vale do Selke", "tipo": "stream", "classe": "ribeirao"}}, {"type": "Feature", "geometry": null, "properties": {"nome": "Ribeirão Vale do Selke", "tipo": "stream", "classe": "ribeirao"}}, {"type": "Feature", "geometry": null, "properties": {"nome": "Córrego Ilha da Figueira", "tipo": "stream", "classe": "ribeirao"}}, {"type": "Feature", "geometry": null, "properties": {"nome": "Córrego Ilha da Figueira", "tipo": "stream", "classe": "ribeirao"}}, {"type": "Feature", "geometry": null, "properties": {"nome": "Córrego Ilha da Figueira", "tipo": "stream", "classe": "ribeirao"}}, {"type": "Feature", "geometry": null, "properties": {"nome": "Córrego Ilha da Figueira", "tipo": "stream", "classe": "ribeirao"}}, {"type": "Feature", "geometry": null, "properties": {"nome": "Córrego Ilha da Figueira", "tipo": "stream", "classe": "ribeirao"}}, {"type": "Feature", "geometry": null, "properties": {"nome": "Rio Iriri", "tipo": "canal", "classe": "canal"}}, {"type": "Feature", "geometry": null, "properties": {"nome": "Rio Iriri", "tipo": "canal", "classe": "canal"}}, {"type": "Feature", "geometry": null, "properties": {"nome": "Canal Luís Alves", "tipo": "canal", "classe": "canal"}}, {"type": "Feature", "geometry": null, "properties": {"nome": "Rio Luís Alves", "tipo": "river", "classe": "rio"}}, {"type": "Feature", "geometry": null, "properties": {"nome": "Ribeirão do Baú", "tipo": "stream", "classe": "ribeirao"}}, {"type": "Feature", "geometry": null, "properties": {"nome": "Rio da Vovó", "tipo": "river", "classe": "rio"}}, {"type": "Feature", "geometry": null, "properties": {"nome": "Ribeirão da Anta", "tipo": "stream", "classe": "ribeirao"}}, {"type": "Feature", "geometry": null, "properties": {"nome": "Ribeirão da Anta", "tipo": "stream", "classe": "ribeirao"}}, {"type": "Feature", "geometry": null, "properties": {"nome": "Ribeirão Sorocaba", "tipo": "stream", "classe": "ribeirao"}}, {"type": "Feature", "geometry": null, "properties": {"nome": "Ribeirão Sorocaba", "tipo": "stream", "classe": "ribeirao"}}, {"type": "Feature", "geometry": null, "properties": {"nome": "Rio Piraí", "tipo": "river", "classe": "rio"}}, {"type": "Feature", "geometry": null, "properties": {"nome": "Rio Itaperiú", "tipo": "river", "classe": "rio"}}, {"type": "Feature", "geometry": null, "properties": {"nome": "Rio Itaperiú", "tipo": "river", "classe": "rio"}}, {"type": "Feature", "geometry": null, "properties": {"nome": "Ribeirão Cardoso", "tipo": "river", "classe": "rio"}}, {"type": "Feature", "geometry": null, "properties": {"nome": "Ribeirão Cardoso", "tipo": "river", "classe": "rio"}}, {"type": "Feature", "geometry": null, "properties": {"nome": "Rio Itajaí-Mirim", "tipo": "river", "classe": "rio"}}, {"type": "Feature", "geometry": null, "properties": {"nome": "Ribeirão Tirol", "tipo": "stream", "classe": "ribeirao"}}, {"type": "Feature", "geometry": null, "properties": {"nome": "Rio das Águas Claras", "tipo": "stream", "classe": "ribeirao"}}, {"type": "Feature", "geometry": null, "properties": {"nome": "Rio das Águas Claras", "tipo": "stream", "classe": "ribeirao"}}, {"type": "Feature", "geometry": null, "properties": {"nome": "Rio das Águas Claras", "tipo": "stream", "classe": "ribeirao"}}, {"type": "Feature", "geometry": null, "properties": {"nome": "Rio das Águas Claras", "tipo": "stream", "classe": "ribeirao"}}, {"type": "Feature", "geometry": null, "properties": {"nome": "Rio das Águas Claras", "tipo": "stream", "classe": "ribeirao"}}, {"type": "Feature", "geometry": null, "properties": {"nome": "Rio das Águas Claras", "tipo": "stream", "classe": "ribeirao"}}, {"type": "Feature", "geometry": null, "properties": {"nome": "Rio das Águas Claras", "tipo": "stream", "classe": "ribeirao"}}, {"type": "Feature", "geometry": null, "properties": {"nome": "Rio das Águas Claras", "tipo": "stream", "classe": "ribeirao"}}, {"type": "Feature", "geometry": null, "properties": {"nome": "Rio das Águas Claras", "tipo": "stream", "classe": "ribeirao"}}, {"type": "Feature", "geometry": null, "properties": {"nome": "Rio das Águas Claras", "tipo": "stream", "classe": "ribeirao"}}, {"type": "Feature", "geometry": null, "properties": {"nome": "Rio das Águas Claras", "tipo": "stream", "classe": "ribeirao"}}, {"type": "Feature", "geometry": null, "properties": {"nome": "Rio das Águas Claras", "tipo": "stream", "classe": "ribeirao"}}, {"type": "Feature", "geometry": null, "properties": {"nome": "Rio das Águas Claras", "tipo": "stream", "classe": "ribeirao"}}, {"type": "Feature", "geometry": null, "properties": {"nome": "Rio das Águas Claras", "tipo": "stream", "classe": "ribeirao"}}, {"type": "Feature", "geometry": null, "properties": {"nome": "Rio das Águas Claras", "tipo": "stream", "classe": "ribeirao"}}, {"type": "Feature", "geometry": null, "properties": {"nome": "Rio das Águas Claras", "tipo": "stream", "classe": "ribeirao"}}, {"type": "Feature", "geometry": null, "properties": {"nome": "Rio das Águas Claras", "tipo": "river", "classe": "rio"}}, {"type": "Feature", "geometry": null, "properties": {"nome": "Rio das Águas Claras", "tipo": "river", "classe": "rio"}}, {"type": "Feature", "geometry": null, "properties": {"nome": "Ribeirão da Ponta Russa", "tipo": "stream", "classe": "ribeirao"}}, {"type": "Feature", "geometry": null, "properties": {"nome": "Ribeirão da Ponta Russa", "tipo": "stream", "classe": "ribeirao"}}, {"type": "Feature", "geometry": null, "properties": {"nome": "Ribeirão da Ponta Russa", "tipo": "stream", "classe": "ribeirao"}}, {"type": "Feature", "geometry": null, "properties": {"nome": "Ribeirão da Ponta Russa", "tipo": "stream", "classe": "ribeirao"}}, {"type": "Feature", "geometry": null, "properties": {"nome": "Ribeirão da Ponta Russa", "tipo": "stream", "classe": "ribeirao"}}, {"type": "Feature", "geometry": null, "properties": {"nome": "Rio das Águas Claras", "tipo": "river", "classe": "rio"}}, {"type": "Feature", "geometry": null, "properties": {"nome": "Rio das Águas Claras", "tipo": "river", "classe": "rio"}}, {"type": "Feature", "geometry": null, "properties": {"nome": "Rio das Águas Claras", "tipo": "river", "classe": "rio"}}, {"type": "Feature", "geometry": null, "properties": {"nome": "Rio Itajaí-Mirim", "tipo": "river", "classe": "rio"}}, {"type": "Feature", "geometry": null, "properties": {"nome": "Córrego Poço Grande", "tipo": "stream", "classe": "ribeirao"}}, {"type": "Feature", "geometry": null, "properties": {"nome": "Córrego Poço Grande", "tipo": "stream", "classe": "ribeirao"}}, {"type": "Feature", "geometry": null, "properties": {"nome": "Córrego Poço Grande", "tipo": "stream", "classe": "ribeirao"}}, {"type": "Feature", "geometry": null, "properties": {"nome": "Córrego Poço Grande", "tipo": "stream", "classe": "ribeirao"}}, {"type": "Feature", "geometry": null, "properties": {"nome": "Córrego Poço Grande", "tipo": "stream", "classe": "ribeirao"}}, {"type": "Feature", "geometry": null, "properties": {"nome": "Córrego Poço Grande", "tipo": "stream", "classe": "ribeirao"}}, {"type": "Feature", "geometry": null, "properties": {"nome": "Rio Itajaí-Açu", "tipo": "river", "classe": "rio"}}, {"type": "Feature", "geometry": null, "properties": {"nome": "Rio Itajaí-Açu", "tipo": "river", "classe": "rio"}}, {"type": "Feature", "geometry": null, "properties": {"nome": "Rio Itajaí-Açu", "tipo": "river", "classe": "rio"}}, {"type": "Feature", "geometry": null, "properties": {"nome": "Rio Itajaí-Açu", "tipo": "river", "classe": "rio"}}, {"type": "Feature", "geometry": null, "properties": {"nome": "Rio Itajaí-Açu", "tipo": "river", "classe": "rio"}}, {"type": "Feature", "geometry": null, "properties": {"nome": "Ribeirão Eslevão", "tipo": "stream", "classe": "ribeirao"}}, {"type": "Feature", "geometry": null, "properties": {"nome": "Ribeirão Eslevão", "tipo": "stream", "classe": "ribeirao"}}, {"type": "Feature", "geometry": null, "properties": {"nome": "Ribeirão Negro", "tipo": "stream", "classe": "ribeirao"}}, {"type": "Feature", "geometry": null, "properties": {"nome": "Ribeirão Negro", "tipo": "stream", "classe": "ribeirao"}}, {"type": "Feature", "geometry": null, "properties": {"nome": "Ribeirão Bom Retiro", "tipo": "stream", "classe": "ribeirao"}}, {"type": "Feature", "geometry": null, "properties": {"nome": "Ribeirão Gaspar Mirim", "tipo": "stream", "classe": "ribeirao"}}, {"type": "Feature", "geometry": null, "properties": {"nome": "Ribeirão Gaspar Mirim", "tipo": "stream", "classe": "ribeirao"}}, {"type": "Feature", "geometry": null, "properties": {"nome": "Rio Bento", "tipo": "stream", "classe": "ribeirao"}}, {"type": "Feature", "geometry": null, "properties": {"nome": "Rio Tijucas", "tipo": "river", "classe": "rio"}}, {"type": "Feature", "geometry": null, "properties": {"nome": "Rio Tijucas", "tipo": "river", "classe": "rio"}}, {"type": "Feature", "geometry": null, "properties": {"nome": "Rio da Dona", "tipo": "river", "classe": "rio"}}, {"type": "Feature", "geometry": null, "properties": {"nome": "Arroio Figueiras", "tipo": "stream", "classe": "ribeirao"}}, {"type": "Feature", "geometry": null, "properties": {"nome": "Arroio Figueiras", "tipo": "stream", "classe": "ribeirao"}}, {"type": "Feature", "geometry": null, "properties": {"nome": "Arroio Figueiras", "tipo": "stream", "classe": "ribeirao"}}, {"type": "Feature", "geometry": null, "properties": {"nome": "Rio Antinha", "tipo": "river", "classe": "rio"}}, {"type": "Feature", "geometry": null, "properties": {"nome": "Rio Antinha", "tipo": "stream", "classe": "ribeirao"}}, {"type": "Feature", "geometry": null, "properties": {"nome": "Ribeirão Sarmento", "tipo": "stream", "classe": "ribeirao"}}, {"type": "Feature", "geometry": null, "properties": {"nome": "Ribeirão Saxônia", "tipo": "stream", "classe": "ribeirao"}}, {"type": "Feature", "geometry": null, "properties": {"nome": "Ribeirão Saxônia", "tipo": "stream", "classe": "ribeirao"}}, {"type": "Feature", "geometry": null, "properties": {"nome": "Ribeirão Saxônia", "tipo": "stream", "classe": "ribeirao"}}, {"type": "Feature", "geometry": null, "properties": {"nome": "Ribeirão Saxônia", "tipo": "stream", "classe": "ribeirao"}}, {"type": "Feature", "geometry": null, "properties": {"nome": "Rio Jararaca", "tipo": "stream", "classe": "ribeirao"}}, {"type": "Feature", "geometry": null, "properties": {"nome": "Rio do Barro Preto", "tipo": "stream", "classe": "ribeirao"}}, {"type": "Feature", "geometry": null, "properties": {"nome": "Rio Jararaca", "tipo": "river", "classe": "rio"}}, {"type": "Feature", "geometry": null, "properties": {"nome": "Rio do Barro Preto", "tipo": "river", "classe": "rio"}}, {"type": "Feature", "geometry": null, "properties": {"nome": "Rio Jararaca", "tipo": "river", "classe": "rio"}}, {"type": "Feature", "geometry": null, "properties": {"nome": "Ribeirão do Tigre", "tipo": "stream", "classe": "ribeirao"}}, {"type": "Feature", "geometry": null, "properties": {"nome": "Ribeirão do Tigre", "tipo": "stream", "classe": "ribeirao"}}, {"type": "Feature", "geometry": null, "properties": {"nome": "Ribeirão do Tigre", "tipo": "stream", "classe": "ribeirao"}}, {"type": "Feature", "geometry": null, "properties": {"nome": "Ribeirão do Tigre", "tipo": "stream", "classe": "ribeirao"}}, {"type": "Feature", "geometry": null, "properties": {"nome": "Ribeirão do Tigre", "tipo": "stream", "classe": "ribeirao"}}, {"type": "Feature", "geometry": null, "properties": {"nome": "Ribeirão Carolina", "tipo": "stream", "classe": "ribeirao"}}, {"type": "Feature", "geometry": null, "properties": {"nome": "Ribeirão Carolina", "tipo": "stream", "classe": "ribeirao"}}, {"type": "Feature", "geometry": null, "properties": {"nome": "Rio Carolina", "tipo": "river", "classe": "rio"}}, {"type": "Feature", "geometry": null, "properties": {"nome": "Rio Carolina", "tipo": "river", "classe": "rio"}}, {"type": "Feature", "geometry": null, "properties": {"nome": "Rio Araújo", "tipo": "river", "classe": "rio"}}, {"type": "Feature", "geometry": null, "properties": {"nome": "Rio Araújo", "tipo": "river", "classe": "rio"}}, {"type": "Feature", "geometry": null, "properties": {"nome": "Rio Rafael Braço Grande", "tipo": "river", "classe": "rio"}}, {"type": "Feature", "geometry": null, "properties": {"nome": "Rio Rafael", "tipo": "river", "classe": "rio"}}, {"type": "Feature", "geometry": null, "properties": {"nome": "Rio Rafael Braço Pequeno", "tipo": "river", "classe": "rio"}}, {"type": "Feature", "geometry": null, "properties": {"nome": "Rio Rafael Braço Grande", "tipo": "stream", "classe": "ribeirao"}}, {"type": "Feature", "geometry": null, "properties": {"nome": "Rio Rafael Braço Grande", "tipo": "river", "classe": "rio"}}, {"type": "Feature", "geometry": null, "properties": {"nome": "Ribeirão Jararaca", "tipo": "stream", "classe": "ribeirao"}}, {"type": "Feature", "geometry": null, "properties": {"nome": "Ribeirão Jararaca", "tipo": "stream", "classe": "ribeirao"}}, {"type": "Feature", "geometry": null, "properties": {"nome": "Ribeirão Mulde", "tipo": "stream", "classe": "ribeirao"}}, {"type": "Feature", "geometry": null, "properties": {"nome": "Ribeirão Mulde", "tipo": "stream", "classe": "ribeirao"}}, {"type": "Feature", "geometry": null, "properties": {"nome": "Ribeirão Água Branca", "tipo": "stream", "classe": "ribeirao"}}, {"type": "Feature", "geometry": null, "properties": {"nome": "Ribeirão Água Branca", "tipo": "stream", "classe": "ribeirao"}}, {"type": "Feature", "geometry": null, "properties": {"nome": "Ribeirão Água Branca", "tipo": "stream", "classe": "ribeirao"}}, {"type": "Feature", "geometry": null, "properties": {"nome": "Ribeirão Revólver", "tipo": "stream", "classe": "ribeirao"}}, {"type": "Feature", "geometry": null, "properties": {"nome": "Rio Fabrício", "tipo": "river", "classe": "rio"}}, {"type": "Feature", "geometry": null, "properties": {"nome": "Ribeirão Wundervald", "tipo": "stream", "classe": "ribeirao"}}, {"type": "Feature", "geometry": null, "properties": {"nome": "Ribeirão Wundervald", "tipo": "stream", "classe": "ribeirao"}}, {"type": "Feature", "geometry": null, "properties": {"nome": "Rio da Vargem dos Pinheiros", "tipo": "river", "classe": "rio"}}, {"type": "Feature", "geometry": null, "properties": {"nome": "Córrego Grande", "tipo": "river", "classe": "rio"}}, {"type": "Feature", "geometry": null, "properties": {"nome": "Ribeirão das Cobras", "tipo": "river", "classe": "rio"}}, {"type": "Feature", "geometry": null, "properties": {"nome": "Rio Itajaí-Açu", "tipo": "river", "classe": "rio"}}, {"type": "Feature", "geometry": null, "properties": {"nome": "Rio Itajaí-Açu", "tipo": "river", "classe": "rio"}}, {"type": "Feature", "geometry": null, "properties": {"nome": "Ribeirão das Cobras", "tipo": "river", "classe": "rio"}}, {"type": "Feature", "geometry": null, "properties": {"nome": "Rio Itajaí-Açu", "tipo": "river", "classe": "rio"}}, {"type": "Feature", "geometry": null, "properties": {"nome": "Rio Itajaí-Açu", "tipo": "river", "classe": "rio"}}, {"type": "Feature", "geometry": null, "properties": {"nome": "Rio das Ostras", "tipo": "stream", "classe": "ribeirao"}}, {"type": "Feature", "geometry": null, "properties": {"nome": "Rio Salto Figueiredo", "tipo": "river", "classe": "rio"}}, {"type": "Feature", "geometry": null, "properties": {"nome": "Arroio Saltinho", "tipo": "river", "classe": "rio"}}, {"type": "Feature", "geometry": null, "properties": {"nome": "Ribeirão Raufmann", "tipo": "stream", "classe": "ribeirao"}}, {"type": "Feature", "geometry": null, "properties": {"nome": "Rio da Vovó", "tipo": "river", "classe": "rio"}}, {"type": "Feature", "geometry": null, "properties": {"nome": "Rio Barreiro", "tipo": "stream", "classe": "ribeirao"}}, {"type": "Feature", "geometry": null, "properties": {"nome": "Rio Barreiro", "tipo": "stream", "classe": "ribeirao"}}, {"type": "Feature", "geometry": null, "properties": {"nome": "Rio Barreiro", "tipo": "stream", "classe": "ribeirao"}}, {"type": "Feature", "geometry": null, "properties": {"nome": "Rio Barreiro", "tipo": "stream", "classe": "ribeirao"}}, {"type": "Feature", "geometry": null, "properties": {"nome": "Rio Barreiro", "tipo": "stream", "classe": "ribeirao"}}, {"type": "Feature", "geometry": null, "properties": {"nome": "Ribeirão Guatapará", "tipo": "stream", "classe": "ribeirao"}}, {"type": "Feature", "geometry": null, "properties": {"nome": "Ribeirão Guatapará", "tipo": "river", "classe": "rio"}}, {"type": "Feature", "geometry": null, "properties": {"nome": "Ribeirão Chopim", "tipo": "stream", "classe": "ribeirao"}}, {"type": "Feature", "geometry": null, "properties": {"nome": "Rio Palmito", "tipo": "river", "classe": "rio"}}, {"type": "Feature", "geometry": null, "properties": {"nome": "Ribeirão Engano", "tipo": "stream", "classe": "ribeirao"}}, {"type": "Feature", "geometry": null, "properties": {"nome": "Ribeirão Tigre", "tipo": "stream", "classe": "ribeirao"}}, {"type": "Feature", "geometry": null, "properties": {"nome": "Ribeirão Guatapará", "tipo": "stream", "classe": "ribeirao"}}, {"type": "Feature", "geometry": null, "properties": {"nome": "Ribeirão Guatapará", "tipo": "stream", "classe": "ribeirao"}}, {"type": "Feature", "geometry": null, "properties": {"nome": "Ribeirão Guatapará", "tipo": "stream", "classe": "ribeirao"}}, {"type": "Feature", "geometry": null, "properties": {"nome": "Ribeirão Guatapará", "tipo": "stream", "classe": "ribeirao"}}, {"type": "Feature", "geometry": null, "properties": {"nome": "Ribeirão Tigre", "tipo": "stream", "classe": "ribeirao"}}, {"type": "Feature", "geometry": null, "properties": {"nome": "Ribeirão Engano", "tipo": "stream", "classe": "ribeirao"}}, {"type": "Feature", "geometry": null, "properties": {"nome": "Ribeirão Branco", "tipo": "stream", "classe": "ribeirao"}}, {"type": "Feature", "geometry": null, "properties": {"nome": "Ribeirão Branco", "tipo": "stream", "classe": "ribeirao"}}, {"type": "Feature", "geometry": null, "properties": {"nome": "Ribeirão Palmitinho", "tipo": "stream", "classe": "ribeirao"}}, {"type": "Feature", "geometry": null, "properties": {"nome": "Ribeirão Jacú", "tipo": "stream", "classe": "ribeirao"}}, {"type": "Feature", "geometry": null, "properties": {"nome": "Ribeirão Corrida", "tipo": "stream", "classe": "ribeirao"}}, {"type": "Feature", "geometry": null, "properties": {"nome": "Ribeirão da Mula", "tipo": "stream", "classe": "ribeirao"}}, {"type": "Feature", "geometry": null, "properties": {"nome": "Ribeirão Branco", "tipo": "stream", "classe": "ribeirao"}}, {"type": "Feature", "geometry": null, "properties": {"nome": "Rio Herta", "tipo": "stream", "classe": "ribeirao"}}, {"type": "Feature", "geometry": null, "properties": {"nome": "Rio Esperança", "tipo": "stream", "classe": "ribeirao"}}, {"type": "Feature", "geometry": null, "properties": {"nome": "Rio Cunha", "tipo": "stream", "classe": "ribeirao"}}, {"type": "Feature", "geometry": null, "properties": {"nome": "Ribeirão Milho", "tipo": "stream", "classe": "ribeirao"}}, {"type": "Feature", "geometry": null, "properties": {"nome": "Ribeirão São Bernardo", "tipo": "stream", "classe": "ribeirao"}}, {"type": "Feature", "geometry": null, "properties": {"nome": "Ribeirão 15 de Setembro", "tipo": "stream", "classe": "ribeirao"}}, {"type": "Feature", "geometry": null, "properties": {"nome": "Arroio Cedro Alto", "tipo": "stream", "classe": "ribeirao"}}, {"type": "Feature", "geometry": null, "properties": {"nome": "Ribeirão Chopim", "tipo": "stream", "classe": "ribeirao"}}, {"type": "Feature", "geometry": null, "properties": {"nome": "Ribeirão Potinga", "tipo": "stream", "classe": "ribeirao"}}, {"type": "Feature", "geometry": null, "properties": {"nome": "Rio dos Cedros", "tipo": "river", "classe": "rio"}}, {"type": "Feature", "geometry": null, "properties": {"nome": "Córrego do Porco", "tipo": "stream", "classe": "ribeirao"}}, {"type": "Feature", "geometry": null, "properties": {"nome": "Rio do Mico", "tipo": "stream", "classe": "ribeirao"}}, {"type": "Feature", "geometry": null, "properties": {"nome": "Rio do Norte", "tipo": "river", "classe": "rio"}}, {"type": "Feature", "geometry": null, "properties": {"nome": "Rio do Norte", "tipo": "river", "classe": "rio"}}, {"type": "Feature", "geometry": null, "properties": {"nome": "Rio do Norte", "tipo": "river", "classe": "rio"}}, {"type": "Feature", "geometry": null, "properties": {"nome": "Rio do Norte", "tipo": "river", "classe": "rio"}}, {"type": "Feature", "geometry": null, "properties": {"nome": "Rio do Norte", "tipo": "river", "classe": "rio"}}, {"type": "Feature", "geometry": null, "properties": {"nome": "Rio do Norte", "tipo": "river", "classe": "rio"}}, {"type": "Feature", "geometry": null, "properties": {"nome": "Rio do Norte", "tipo": "river", "classe": "rio"}}, {"type": "Feature", "geometry": null, "properties": {"nome": "Rio do Norte", "tipo": "river", "classe": "rio"}}, {"type": "Feature", "geometry": null, "properties": {"nome": "Rio do Norte", "tipo": "river", "classe": "rio"}}, {"type": "Feature", "geometry": null, "properties": {"nome": "Arroio dos Tiroleses", "tipo": "stream", "classe": "ribeirao"}}, {"type": "Feature", "geometry": null, "properties": {"nome": "Arroio dos Tiroleses", "tipo": "stream", "classe": "ribeirao"}}, {"type": "Feature", "geometry": null, "properties": {"nome": "Rio dos Cedros", "tipo": "river", "classe": "rio"}}, {"type": "Feature", "geometry": null, "properties": {"nome": "Rio Milanês", "tipo": "river", "classe": "rio"}}, {"type": "Feature", "geometry": null, "properties": {"nome": "Ribeirão da Mula", "tipo": "stream", "classe": "ribeirao"}}, {"type": "Feature", "geometry": null, "properties": {"nome": "Ribeirão da Mula", "tipo": "stream", "classe": "ribeirao"}}, {"type": "Feature", "geometry": null, "properties": {"nome": "Ribeirão da Mula", "tipo": "stream", "classe": "ribeirao"}}, {"type": "Feature", "geometry": null, "properties": {"nome": "Córrego do Veado", "tipo": "stream", "classe": "ribeirao"}}, {"type": "Feature", "geometry": null, "properties": {"nome": "Arroio dos Tiroleses", "tipo": "stream", "classe": "ribeirao"}}, {"type": "Feature", "geometry": null, "properties": {"nome": "Ribeirão Stinghen", "tipo": "stream", "classe": "ribeirao"}}, {"type": "Feature", "geometry": null, "properties": {"nome": "Ribeirão Stinghen", "tipo": "stream", "classe": "ribeirao"}}, {"type": "Feature", "geometry": null, "properties": {"nome": "Córrego Encano", "tipo": "stream", "classe": "ribeirao"}}, {"type": "Feature", "geometry": null, "properties": {"nome": "Rio Hercílio", "tipo": "river", "classe": "rio"}}, {"type": "Feature", "geometry": null, "properties": {"nome": "Rio Hercílio", "tipo": "river", "classe": "rio"}}, {"type": "Feature", "geometry": null, "properties": {"nome": "Córrego Encano", "tipo": "stream", "classe": "ribeirao"}}, {"type": "Feature", "geometry": null, "properties": {"nome": "Ribeirão Stinghen", "tipo": "stream", "classe": "ribeirao"}}, {"type": "Feature", "geometry": null, "properties": {"nome": "Ribeirão Stinghen", "tipo": "stream", "classe": "ribeirao"}}, {"type": "Feature", "geometry": null, "properties": {"nome": "Córrego Vitória", "tipo": "stream", "classe": "ribeirao"}}, {"type": "Feature", "geometry": null, "properties": {"nome": "Córrego Giesler", "tipo": "stream", "classe": "ribeirao"}}, {"type": "Feature", "geometry": null, "properties": {"nome": "Córrego Germano", "tipo": "stream", "classe": "ribeirao"}}, {"type": "Feature", "geometry": null, "properties": {"nome": "Córrego Mathias", "tipo": "stream", "classe": "ribeirao"}}, {"type": "Feature", "geometry": null, "properties": {"nome": "Rio Itajaí-Açu", "tipo": "river", "classe": "rio"}}, {"type": "Feature", "geometry": null, "properties": {"nome": "Ribeirão Ilse", "tipo": "river", "classe": "rio"}}, {"type": "Feature", "geometry": null, "properties": {"nome": "Ribeirão Branco", "tipo": "stream", "classe": "ribeirao"}}, {"type": "Feature", "geometry": null, "properties": {"nome": "Ribeirão Preto", "tipo": "stream", "classe": "ribeirao"}}, {"type": "Feature", "geometry": null, "properties": {"nome": "Ribeirão Liberdade", "tipo": "stream", "classe": "ribeirao"}}, {"type": "Feature", "geometry": null, "properties": {"nome": "Ribeirão Três Barras", "tipo": "stream", "classe": "ribeirao"}}, {"type": "Feature", "geometry": null, "properties": {"nome": "Ribeirão Ipiranga", "tipo": "stream", "classe": "ribeirao"}}, {"type": "Feature", "geometry": null, "properties": {"nome": "Ribeirão Alegre", "tipo": "stream", "classe": "ribeirao"}}, {"type": "Feature", "geometry": null, "properties": {"nome": "Ribeirão Laranjeiras", "tipo": "stream", "classe": "ribeirao"}}, {"type": "Feature", "geometry": null, "properties": {"nome": "Ribeirão Laranjeiras", "tipo": "stream", "classe": "ribeirao"}}, {"type": "Feature", "geometry": null, "properties": {"nome": "Ribeirão Tigre", "tipo": "stream", "classe": "ribeirao"}}, {"type": "Feature", "geometry": null, "properties": {"nome": "Córrego do Quilombo", "tipo": "stream", "classe": "ribeirao"}}, {"type": "Feature", "geometry": null, "properties": {"nome": "Ribeirão Cachoeira da Cobrinha de Ouro", "tipo": "river", "classe": "rio"}}, {"type": "Feature", "geometry": null, "properties": {"nome": "Ribeirão Mulde", "tipo": "stream", "classe": "ribeirao"}}, {"type": "Feature", "geometry": null, "properties": {"nome": "Ribeirão Mulde", "tipo": "stream", "classe": "ribeirao"}}, {"type": "Feature", "geometry": null, "properties": {"nome": "Rio Benedito", "tipo": "river", "classe": "rio"}}, {"type": "Feature", "geometry": null, "properties": {"nome": "Rio Itajaí-Açu", "tipo": "river", "classe": "rio"}}, {"type": "Feature", "geometry": null, "properties": {"nome": "Rio Itajaí-Açu", "tipo": "river", "classe": "rio"}}, {"type": "Feature", "geometry": null, "properties": {"nome": "Rio Itajaí-Açu", "tipo": "river", "classe": "rio"}}, {"type": "Feature", "geometry": null, "properties": {"nome": "Arroio Arapongas", "tipo": "stream", "classe": "ribeirao"}}, {"type": "Feature", "geometry": null, "properties": {"nome": "Rio Itajaí-Açu", "tipo": "river", "classe": "rio"}}, {"type": "Feature", "geometry": null, "properties": {"nome": "Rio Itajaí-Açu", "tipo": "river", "classe": "rio"}}, {"type": "Feature", "geometry": null, "properties": {"nome": "Ribeirão Ilse", "tipo": "stream", "classe": "ribeirao"}}, {"type": "Feature", "geometry": null, "properties": {"nome": "Rio Itajaí-Açu", "tipo": "river", "classe": "rio"}}, {"type": "Feature", "geometry": null, "properties": {"nome": "Rio Itajaí-Açu", "tipo": "river", "classe": "rio"}}, {"type": "Feature", "geometry": null, "properties": {"nome": "Rio Itajaí-Açu", "tipo": "river", "classe": "rio"}}, {"type": "Feature", "geometry": null, "properties": {"nome": "Rio Encano", "tipo": "river", "classe": "rio"}}, {"type": "Feature", "geometry": null, "properties": {"nome": "Rio Encano", "tipo": "river", "classe": "rio"}}, {"type": "Feature", "geometry": null, "properties": {"nome": "Córrego do Jacú", "tipo": "stream", "classe": "ribeirao"}}, {"type": "Feature", "geometry": null, "properties": {"nome": "Córrego Saltinho", "tipo": "stream", "classe": "ribeirao"}}, {"type": "Feature", "geometry": null, "properties": {"nome": "Rio do Norte", "tipo": "river", "classe": "rio"}}, {"type": "Feature", "geometry": null, "properties": {"nome": "Rio do Norte", "tipo": "river", "classe": "rio"}}, {"type": "Feature", "geometry": null, "properties": {"nome": "Rio das Pacas", "tipo": "stream", "classe": "ribeirao"}}, {"type": "Feature", "geometry": null, "properties": {"nome": "Rio Simão", "tipo": "stream", "classe": "ribeirao"}}, {"type": "Feature", "geometry": null, "properties": {"nome": "Rio Ada", "tipo": "stream", "classe": "ribeirao"}}, {"type": "Feature", "geometry": null, "properties": {"nome": "Rio Ada", "tipo": "river", "classe": "rio"}}, {"type": "Feature", "geometry": null, "properties": {"nome": "Rio Itajaí-Açu", "tipo": "river", "classe": "rio"}}, {"type": "Feature", "geometry": null, "properties": {"nome": "Rio Lontras", "tipo": "river", "classe": "rio"}}, {"type": "Feature", "geometry": null, "properties": {"nome": "Rio Itajaí-Açu", "tipo": "river", "classe": "rio"}}, {"type": "Feature", "geometry": null, "properties": {"nome": "Rio Itajaí-Açu", "tipo": "river", "classe": "rio"}}, {"type": "Feature", "geometry": null, "properties": {"nome": "Rio Lontras", "tipo": "river", "classe": "rio"}}, {"type": "Feature", "geometry": null, "properties": {"nome": "Rio Itajaí-Açu", "tipo": "river", "classe": "rio"}}, {"type": "Feature", "geometry": null, "properties": {"nome": "Rio Tijucas", "tipo": "river", "classe": "rio"}}, {"type": "Feature", "geometry": null, "properties": {"nome": "Rio do Engano", "tipo": "river", "classe": "rio"}}, {"type": "Feature", "geometry": null, "properties": {"nome": "Arroio Fagundes", "tipo": "stream", "classe": "ribeirao"}}, {"type": "Feature", "geometry": null, "properties": {"nome": "Ribeirão Dona Paula", "tipo": "river", "classe": "rio"}}, {"type": "Feature", "geometry": null, "properties": {"nome": "Rio Itajaí-Açu", "tipo": "river", "classe": "rio"}}, {"type": "Feature", "geometry": null, "properties": {"nome": "Ribeirão Concórdia", "tipo": "stream", "classe": "ribeirao"}}, {"type": "Feature", "geometry": null, "properties": {"nome": "Rio Itajuba", "tipo": "stream", "classe": "ribeirao"}}, {"type": "Feature", "geometry": null, "properties": {"nome": "Rio Itajuba", "tipo": "stream", "classe": "ribeirao"}}, {"type": "Feature", "geometry": null, "properties": {"nome": "Ribeirão Cabeçudas", "tipo": "stream", "classe": "ribeirao"}}, {"type": "Feature", "geometry": null, "properties": {"nome": "Rio Antinha", "tipo": "stream", "classe": "ribeirao"}}, {"type": "Feature", "geometry": null, "properties": {"nome": "Arroio Bandeira", "tipo": "river", "classe": "rio"}}, {"type": "Feature", "geometry": null, "properties": {"nome": "Arroio Fazenda Barateira", "tipo": "stream", "classe": "ribeirao"}}, {"type": "Feature", "geometry": null, "properties": {"nome": "Córrego dos Pombos", "tipo": "stream", "classe": "ribeirao"}}, {"type": "Feature", "geometry": null, "properties": {"nome": "Rio Maruim", "tipo": "river", "classe": "rio"}}, {"type": "Feature", "geometry": null, "properties": {"nome": "Rio Maruim", "tipo": "river", "classe": "rio"}}, {"type": "Feature", "geometry": null, "properties": {"nome": "Córrego dos Pombos", "tipo": "stream", "classe": "ribeirao"}}, {"type": "Feature", "geometry": null, "properties": {"nome": "Rio Maruim", "tipo": "river", "classe": "rio"}}, {"type": "Feature", "geometry": null, "properties": {"nome": "Rio Passa Vinte", "tipo": "river", "classe": "rio"}}, {"type": "Feature", "geometry": null, "properties": {"nome": "Rio Passa Vinte", "tipo": "river", "classe": "rio"}}, {"type": "Feature", "geometry": null, "properties": {"nome": "Rio Passa Vinte", "tipo": "river", "classe": "rio"}}, {"type": "Feature", "geometry": null, "properties": {"nome": "Rio Curtume", "tipo": "river", "classe": "rio"}}, {"type": "Feature", "geometry": null, "properties": {"nome": "Rio Grande", "tipo": "river", "classe": "rio"}}, {"type": "Feature", "geometry": null, "properties": {"nome": "Rio Aririú", "tipo": "river", "classe": "rio"}}, {"type": "Feature", "geometry": null, "properties": {"nome": "Rio Aririú", "tipo": "river", "classe": "rio"}}, {"type": "Feature", "geometry": null, "properties": {"nome": "Rio Cubatão", "tipo": "river", "classe": "rio"}}, {"type": "Feature", "geometry": null, "properties": {"nome": "Rio Aririú", "tipo": "river", "classe": "rio"}}, {"type": "Feature", "geometry": null, "properties": {"nome": "Rio Aririú", "tipo": "river", "classe": "rio"}}, {"type": "Feature", "geometry": null, "properties": {"nome": "Rio Aririú", "tipo": "river", "classe": "rio"}}, {"type": "Feature", "geometry": null, "properties": {"nome": "Rio Aririú", "tipo": "river", "classe": "rio"}}, {"type": "Feature", "geometry": null, "properties": {"nome": "Rio Cubatão", "tipo": "river", "classe": "rio"}}, {"type": "Feature", "geometry": null, "properties": {"nome": "Rio Pinheiral", "tipo": "river", "classe": "rio"}}, {"type": "Feature", "geometry": null, "properties": {"nome": "Rio do Lajeado", "tipo": "river", "classe": "rio"}}, {"type": "Feature", "geometry": null, "properties": {"nome": "Rio das Pedras", "tipo": "river", "classe": "rio"}}, {"type": "Feature", "geometry": null, "properties": {"nome": "Rio das Pedras", "tipo": "river", "classe": "rio"}}, {"type": "Feature", "geometry": null, "properties": {"nome": "Rio das Pedras", "tipo": "river", "classe": "rio"}}, {"type": "Feature", "geometry": null, "properties": {"nome": "Rio das Pedras", "tipo": "river", "classe": "rio"}}, {"type": "Feature", "geometry": null, "properties": {"nome": "Rio Itajaí-Mirim", "tipo": "river", "classe": "rio"}}, {"type": "Feature", "geometry": null, "properties": {"nome": "Rio Itajaí-Mirim", "tipo": "river", "classe": "rio"}}, {"type": "Feature", "geometry": null, "properties": {"nome": "Rio Itajaí-Açu", "tipo": "river", "classe": "rio"}}, {"type": "Feature", "geometry": null, "properties": {"nome": "Rio Itajaí-Açu", "tipo": "river", "classe": "rio"}}, {"type": "Feature", "geometry": null, "properties": {"nome": "Rio Invernadinha", "tipo": "river", "classe": "rio"}}, {"type": "Feature", "geometry": null, "properties": {"nome": "Rio Itapocu", "tipo": "river", "classe": "rio"}}, {"type": "Feature", "geometry": null, "properties": {"nome": "Rio Itapocu", "tipo": "river", "classe": "rio"}}, {"type": "Feature", "geometry": null, "properties": {"nome": "Rio Itajaí-Mirim", "tipo": "river", "classe": "rio"}}, {"type": "Feature", "geometry": null, "properties": {"nome": "Rio Itajaí-Mirim", "tipo": "river", "classe": "rio"}}, {"type": "Feature", "geometry": null, "properties": {"nome": "Rio Itajaí-Mirim", "tipo": "river", "classe": "rio"}}, {"type": "Feature", "geometry": null, "properties": {"nome": "Ribeirão Blink", "tipo": "stream", "classe": "ribeirao"}}, {"type": "Feature", "geometry": null, "properties": {"nome": "Ribeirão Blink", "tipo": "stream", "classe": "ribeirao"}}, {"type": "Feature", "geometry": null, "properties": {"nome": "Ribeirão Blink", "tipo": "stream", "classe": "ribeirao"}}, {"type": "Feature", "geometry": null, "properties": {"nome": "Rio Guabiruba", "tipo": "river", "classe": "rio"}}, {"type": "Feature", "geometry": null, "properties": {"nome": "Ribeirão Ariribá", "tipo": "river", "classe": "rio"}}, {"type": "Feature", "geometry": null, "properties": {"nome": "Ribeirão Ariribá", "tipo": "river", "classe": "rio"}}, {"type": "Feature", "geometry": null, "properties": {"nome": "Arroio dos Batistas", "tipo": "stream", "classe": "ribeirao"}}, {"type": "Feature", "geometry": null, "properties": {"nome": "Rio Itajaí do Sul", "tipo": "river", "classe": "rio"}}, {"type": "Feature", "geometry": null, "properties": {"nome": "Rio Engano", "tipo": "river", "classe": "rio"}}, {"type": "Feature", "geometry": null, "properties": {"nome": "Rio da Areia", "tipo": "river", "classe": "rio"}}, {"type": "Feature", "geometry": null, "properties": {"nome": "Rio Engano", "tipo": "river", "classe": "rio"}}, {"type": "Feature", "geometry": null, "properties": {"nome": "Rio Salto Figueiredo", "tipo": "river", "classe": "rio"}}, {"type": "Feature", "geometry": null, "properties": {"nome": "Rio do Meio", "tipo": "river", "classe": "rio"}}, {"type": "Feature", "geometry": null, "properties": {"nome": "Rio do Meio", "tipo": "river", "classe": "rio"}}, {"type": "Feature", "geometry": null, "properties": {"nome": "Ribeirão São Bernardo", "tipo": "stream", "classe": "ribeirao"}}, {"type": "Feature", "geometry": null, "properties": {"nome": "Ribeirão São Bernardo", "tipo": "stream", "classe": "ribeirao"}}, {"type": "Feature", "geometry": null, "properties": {"nome": "Ribeirão São Bernardo", "tipo": "stream", "classe": "ribeirao"}}, {"type": "Feature", "geometry": null, "properties": {"nome": "Arroio dos Tiroleses", "tipo": "stream", "classe": "ribeirao"}}, {"type": "Feature", "geometry": null, "properties": {"nome": "Arroio dos Tiroleses", "tipo": "stream", "classe": "ribeirao"}}, {"type": "Feature", "geometry": null, "properties": {"nome": "Arroio dos Tiroleses", "tipo": "stream", "classe": "ribeirao"}}, {"type": "Feature", "geometry": null, "properties": {"nome": "Arroio dos Tiroleses", "tipo": "stream", "classe": "ribeirao"}}, {"type": "Feature", "geometry": null, "properties": {"nome": "Arroio dos Tiroleses", "tipo": "stream", "classe": "ribeirao"}}, {"type": "Feature", "geometry": null, "properties": {"nome": "Arroio dos Tiroleses", "tipo": "stream", "classe": "ribeirao"}}, {"type": "Feature", "geometry": null, "properties": {"nome": "Ribeirão São Bernardo", "tipo": "stream", "classe": "ribeirao"}}, {"type": "Feature", "geometry": null, "properties": {"nome": "Ribeirão São Bernardo", "tipo": "stream", "classe": "ribeirao"}}, {"type": "Feature", "geometry": null, "properties": {"nome": "Ribeirão São Bernardo", "tipo": "stream", "classe": "ribeirao"}}, {"type": "Feature", "geometry": null, "properties": {"nome": "Ribeirão São Bernardo", "tipo": "stream", "classe": "ribeirao"}}, {"type": "Feature", "geometry": null, "properties": {"nome": "Ribeirão São Bernardo", "tipo": "stream", "classe": "ribeirao"}}, {"type": "Feature", "geometry": null, "properties": {"nome": "Ribeirão São Bernardo", "tipo": "stream", "classe": "ribeirao"}}, {"type": "Feature", "geometry": null, "properties": {"nome": "Ribeirão São Bernardo", "tipo": "stream", "classe": "ribeirao"}}, {"type": "Feature", "geometry": null, "properties": {"nome": "Ribeirão São Bernardo", "tipo": "stream", "classe": "ribeirao"}}, {"type": "Feature", "geometry": null, "properties": {"nome": "Ribeirão São Bernardo", "tipo": "stream", "classe": "ribeirao"}}, {"type": "Feature", "geometry": null, "properties": {"nome": "Aqueduto", "tipo": "canal", "classe": "canal"}}, {"type": "Feature", "geometry": null, "properties": {"nome": "Ribeirão Vadik", "tipo": "stream", "classe": "ribeirao"}}, {"type": "Feature", "geometry": null, "properties": {"nome": "Rio da Cachoeira", "tipo": "river", "classe": "rio"}}, {"type": "Feature", "geometry": null, "properties": {"nome": "Rio da Cachoeira", "tipo": "river", "classe": "rio"}}, {"type": "Feature", "geometry": null, "properties": {"nome": "Rio 1", "tipo": "stream", "classe": "ribeirao"}}, {"type": "Feature", "geometry": null, "properties": {"nome": "Rio Itaperiú", "tipo": "stream", "classe": "ribeirao"}}, {"type": "Feature", "geometry": null, "properties": {"nome": "rio 2", "tipo": "stream", "classe": "ribeirao"}}, {"type": "Feature", "geometry": null, "properties": {"nome": "rio", "tipo": "stream", "classe": "ribeirao"}}, {"type": "Feature", "geometry": null, "properties": {"nome": "corrego", "tipo": "stream", "classe": "ribeirao"}}, {"type": "Feature", "geometry": null, "properties": {"nome": "Rio Novo", "tipo": "river", "classe": "rio"}}, {"type": "Feature", "geometry": null, "properties": {"nome": "Ribeirão do Salto", "tipo": "river", "classe": "rio"}}, {"type": "Feature", "geometry": null, "properties": {"nome": "Ribeirão do Salto", "tipo": "river", "classe": "rio"}}, {"type": "Feature", "geometry": null, "properties": {"nome": "Ribeirão do Salto", "tipo": "river", "classe": "rio"}}, {"type": "Feature", "geometry": null, "properties": {"nome": "Canal Luís Alves", "tipo": "canal", "classe": "canal"}}, {"type": "Feature", "geometry": null, "properties": {"nome": "Rio Luís Alves", "tipo": "river", "classe": "rio"}}, {"type": "Feature", "geometry": null, "properties": {"nome": "Ribeirão Alto da Serra", "tipo": "stream", "classe": "ribeirao"}}, {"type": "Feature", "geometry": null, "properties": {"nome": "Ribeirão Alto da Serra", "tipo": "stream", "classe": "ribeirao"}}, {"type": "Feature", "geometry": null, "properties": {"nome": "Córrego Mathias", "tipo": "stream", "classe": "ribeirao"}}, {"type": "Feature", "geometry": null, "properties": {"nome": "Córrego Mathias", "tipo": "stream", "classe": "ribeirao"}}, {"type": "Feature", "geometry": null, "properties": {"nome": "Córrego Javali", "tipo": "stream", "classe": "ribeirao"}}, {"type": "Feature", "geometry": null, "properties": {"nome": "Rio das Pedras", "tipo": "stream", "classe": "ribeirao"}}, {"type": "Feature", "geometry": null, "properties": {"nome": "Rio das Pedras", "tipo": "river", "classe": "rio"}}, {"type": "Feature", "geometry": null, "properties": {"nome": "Ribeirão Braço Miguel", "tipo": "stream", "classe": "ribeirao"}}, {"type": "Feature", "geometry": null, "properties": {"nome": "Rio Guabiruba Norte", "tipo": "river", "classe": "rio"}}, {"type": "Feature", "geometry": null, "properties": {"nome": "Rio Guabiruba Norte", "tipo": "river", "classe": "rio"}}, {"type": "Feature", "geometry": null, "properties": {"nome": "Rio Pomerânia", "tipo": "stream", "classe": "ribeirao"}}, {"type": "Feature", "geometry": null, "properties": {"nome": "Rio Pomerânia", "tipo": "stream", "classe": "ribeirao"}}, {"type": "Feature", "geometry": null, "properties": {"nome": "Rio Guabiruba Norte", "tipo": "river", "classe": "rio"}}, {"type": "Feature", "geometry": null, "properties": {"nome": "Rio Itajaí-Mirim", "tipo": "river", "classe": "rio"}}, {"type": "Feature", "geometry": null, "properties": {"nome": "Rio Capivari", "tipo": "river", "classe": "rio"}}, {"type": "Feature", "geometry": null, "properties": {"nome": "Rio Tavares", "tipo": "river", "classe": "rio"}}, {"type": "Feature", "geometry": null, "properties": {"nome": "Ribeirão Herdt", "tipo": "river", "classe": "rio"}}, {"type": "Feature", "geometry": null, "properties": {"nome": "Ribeirão Herdt", "tipo": "river", "classe": "rio"}}, {"type": "Feature", "geometry": null, "properties": {"nome": "Lageado Bueiro Fundo", "tipo": "stream", "classe": "ribeirao"}}, {"type": "Feature", "geometry": null, "properties": {"nome": "Rio Itajaí do Sul", "tipo": "river", "classe": "rio"}}, {"type": "Feature", "geometry": null, "properties": {"nome": "Rio Itajaí-Açu", "tipo": "river", "classe": "rio"}}, {"type": "Feature", "geometry": null, "properties": {"nome": "Rio Itajaí-Açu", "tipo": "river", "classe": "rio"}}, {"type": "Feature", "geometry": null, "properties": {"nome": "Rio Itajaí-Açu", "tipo": "river", "classe": "rio"}}, {"type": "Feature", "geometry": null, "properties": {"nome": "Córrego Poço Grande", "tipo": "stream", "classe": "ribeirao"}}, {"type": "Feature", "geometry": null, "properties": {"nome": "Rio Itajaí-Mirim", "tipo": "river", "classe": "rio"}}, {"type": "Feature", "geometry": null, "properties": {"nome": "Rio Itajaí-Mirim", "tipo": "river", "classe": "rio"}}, {"type": "Feature", "geometry": null, "properties": {"nome": "Ribeirão Fortaleza", "tipo": "river", "classe": "rio"}}, {"type": "Feature", "geometry": null, "properties": {"nome": "Ribeirão Fortaleza", "tipo": "river", "classe": "rio"}}, {"type": "Feature", "geometry": null, "properties": {"nome": "Ribeirão dos Quinze", "tipo": "stream", "classe": "ribeirao"}}, {"type": "Feature", "geometry": null, "properties": {"nome": "Ribeirão dos Quinze", "tipo": "stream", "classe": "ribeirao"}}, {"type": "Feature", "geometry": null, "properties": {"nome": "Ribeirão Negro", "tipo": "stream", "classe": "ribeirao"}}, {"type": "Feature", "geometry": null, "properties": {"nome": "Ribeirão Negro", "tipo": "stream", "classe": "ribeirao"}}, {"type": "Feature", "geometry": null, "properties": {"nome": "Ribeirão Alto Warnow", "tipo": "river", "classe": "rio"}}, {"type": "Feature", "geometry": null, "properties": {"nome": "Ribeirão Alto Warnow", "tipo": "river", "classe": "rio"}}, {"type": "Feature", "geometry": null, "properties": {"nome": "Ribeirão Alto Warnow", "tipo": "river", "classe": "rio"}}, {"type": "Feature", "geometry": null, "properties": {"nome": "Ribeirão Warnow Grande", "tipo": "river", "classe": "rio"}}, {"type": "Feature", "geometry": null, "properties": {"nome": "Rio Warnow Grande", "tipo": "river", "classe": "rio"}}, {"type": "Feature", "geometry": null, "properties": {"nome": "Rio Encano", "tipo": "river", "classe": "rio"}}, {"type": "Feature", "geometry": null, "properties": {"nome": "Ribeirão Caçador", "tipo": "river", "classe": "rio"}}, {"type": "Feature", "geometry": null, "properties": {"nome": "Ribeirão Garcia Pequeno", "tipo": "river", "classe": "rio"}}, {"type": "Feature", "geometry": null, "properties": {"nome": "Ribeirão Garcia", "tipo": "river", "classe": "rio"}}, {"type": "Feature", "geometry": null, "properties": {"nome": "Ribeirão do Espinho", "tipo": "river", "classe": "rio"}}, {"type": "Feature", "geometry": null, "properties": {"nome": "Córrego Mestre", "tipo": "river", "classe": "rio"}}, {"type": "Feature", "geometry": null, "properties": {"nome": "Ribeirão Caeté", "tipo": "stream", "classe": "ribeirao"}}, {"type": "Feature", "geometry": null, "properties": {"nome": "Ribeirão Caeté", "tipo": "river", "classe": "rio"}}, {"type": "Feature", "geometry": null, "properties": {"nome": "Ribeirão Alto Warnow", "tipo": "stream", "classe": "ribeirao"}}, {"type": "Feature", "geometry": null, "properties": {"nome": "Ribeirão do Bode", "tipo": "stream", "classe": "ribeirao"}}, {"type": "Feature", "geometry": null, "properties": {"nome": "Ribeirão do Bode", "tipo": "stream", "classe": "ribeirao"}}, {"type": "Feature", "geometry": null, "properties": {"nome": "Ribeirão do Bode", "tipo": "stream", "classe": "ribeirao"}}, {"type": "Feature", "geometry": null, "properties": {"nome": "Ribeirão do Bode", "tipo": "stream", "classe": "ribeirao"}}, {"type": "Feature", "geometry": null, "properties": {"nome": "Ribeirão do Bode", "tipo": "stream", "classe": "ribeirao"}}, {"type": "Feature", "geometry": null, "properties": {"nome": "Ribeirão do Bode", "tipo": "stream", "classe": "ribeirao"}}, {"type": "Feature", "geometry": null, "properties": {"nome": "Ribeirão do Bode", "tipo": "stream", "classe": "ribeirao"}}, {"type": "Feature", "geometry": null, "properties": {"nome": "Ribeirão Ilse", "tipo": "river", "classe": "rio"}}, {"type": "Feature", "geometry": null, "properties": {"nome": "Ribeirão Ilse", "tipo": "river", "classe": "rio"}}, {"type": "Feature", "geometry": null, "properties": {"nome": "Ribeirão Ilse", "tipo": "river", "classe": "rio"}}, {"type": "Feature", "geometry": null, "properties": {"nome": "Ribeirão Ilse", "tipo": "river", "classe": "rio"}}, {"type": "Feature", "geometry": null, "properties": {"nome": "Ribeirão Ilse", "tipo": "river", "classe": "rio"}}, {"type": "Feature", "geometry": null, "properties": {"nome": "Ribeirão Ilse", "tipo": "river", "classe": "rio"}}, {"type": "Feature", "geometry": null, "properties": {"nome": "Ribeirão Ilse", "tipo": "river", "classe": "rio"}}, {"type": "Feature", "geometry": null, "properties": {"nome": "Ribeirão Warnow", "tipo": "river", "classe": "rio"}}, {"type": "Feature", "geometry": null, "properties": {"nome": "Ribeirão Agrião", "tipo": "river", "classe": "rio"}}, {"type": "Feature", "geometry": null, "properties": {"nome": "Lajeado do Sabiá", "tipo": "river", "classe": "rio"}}, {"type": "Feature", "geometry": null, "properties": {"nome": "Ribeirão Novo", "tipo": "stream", "classe": "ribeirao"}}, {"type": "Feature", "geometry": null, "properties": {"nome": "Braço do Rio Thime", "tipo": "river", "classe": "rio"}}, {"type": "Feature", "geometry": null, "properties": {"nome": "Ribeirão Águas Frias", "tipo": "stream", "classe": "ribeirao"}}, {"type": "Feature", "geometry": null, "properties": {"nome": "Ribeirão Águas Frias", "tipo": "river", "classe": "rio"}}, {"type": "Feature", "geometry": null, "properties": {"nome": "Ribeirão Águas Frias", "tipo": "stream", "classe": "ribeirao"}}, {"type": "Feature", "geometry": null, "properties": {"nome": "Ribeirão Águas Frias", "tipo": "stream", "classe": "ribeirao"}}, {"type": "Feature", "geometry": null, "properties": {"nome": "Ribeirão Águas Frias", "tipo": "stream", "classe": "ribeirao"}}, {"type": "Feature", "geometry": null, "properties": {"nome": "Ribeirão Águas Frias", "tipo": "river", "classe": "rio"}}, {"type": "Feature", "geometry": null, "properties": {"nome": "Lajeado Alto", "tipo": "river", "classe": "rio"}}, {"type": "Feature", "geometry": null, "properties": {"nome": "Lajeado Alto", "tipo": "river", "classe": "rio"}}, {"type": "Feature", "geometry": null, "properties": {"nome": "Lajeado Alto", "tipo": "river", "classe": "rio"}}, {"type": "Feature", "geometry": null, "properties": {"nome": "Lajeado Alto", "tipo": "river", "classe": "rio"}}, {"type": "Feature", "geometry": null, "properties": {"nome": "Lajeado Alto", "tipo": "river", "classe": "rio"}}, {"type": "Feature", "geometry": null, "properties": {"nome": "Lajeado Alto", "tipo": "river", "classe": "rio"}}, {"type": "Feature", "geometry": null, "properties": {"nome": "Lajeado Alto", "tipo": "river", "classe": "rio"}}, {"type": "Feature", "geometry": null, "properties": {"nome": "Lajeado Alto", "tipo": "river", "classe": "rio"}}, {"type": "Feature", "geometry": null, "properties": {"nome": "Ribeirão Lajeado Baixo ou Cavalo Branco", "tipo": "stream", "classe": "ribeirao"}}, {"type": "Feature", "geometry": null, "properties": {"nome": "Ribeirão Lajeado Baixo ou Cavalo Branco", "tipo": "river", "classe": "rio"}}, {"type": "Feature", "geometry": null, "properties": {"nome": "Ribeirão Coral de Minas", "tipo": "stream", "classe": "ribeirao"}}, {"type": "Feature", "geometry": null, "properties": {"nome": "Ribeirão Coral de Minas", "tipo": "river", "classe": "rio"}}, {"type": "Feature", "geometry": null, "properties": {"nome": "Ribeirão Coral de Minas", "tipo": "stream", "classe": "ribeirao"}}, {"type": "Feature", "geometry": null, "properties": {"nome": "Ribeirão Coral de Minas", "tipo": "stream", "classe": "ribeirao"}}, {"type": "Feature", "geometry": null, "properties": {"nome": "Ribeirão Coral de Minas", "tipo": "stream", "classe": "ribeirao"}}, {"type": "Feature", "geometry": null, "properties": {"nome": "Ribeirão Coral de Minas", "tipo": "stream", "classe": "ribeirao"}}, {"type": "Feature", "geometry": null, "properties": {"nome": "Ribeirão Coral de Minas", "tipo": "stream", "classe": "ribeirao"}}, {"type": "Feature", "geometry": null, "properties": {"nome": "Ribeirão Coral de Minas", "tipo": "stream", "classe": "ribeirao"}}, {"type": "Feature", "geometry": null, "properties": {"nome": "Rio Campo Novo", "tipo": "river", "classe": "rio"}}, {"type": "Feature", "geometry": null, "properties": {"nome": "Rio Campo Novo", "tipo": "stream", "classe": "ribeirao"}}, {"type": "Feature", "geometry": null, "properties": {"nome": "Ribeirão do Zé Honório", "tipo": "river", "classe": "rio"}}, {"type": "Feature", "geometry": null, "properties": {"nome": "Ribeirão Garrafa", "tipo": "river", "classe": "rio"}}, {"type": "Feature", "geometry": null, "properties": {"nome": "Rio do Compra Tudo", "tipo": "stream", "classe": "ribeirao"}}, {"type": "Feature", "geometry": null, "properties": {"nome": "Ribeirão do Segundo Braço", "tipo": "stream", "classe": "ribeirao"}}, {"type": "Feature", "geometry": null, "properties": {"nome": "Rio do Veado", "tipo": "river", "classe": "rio"}}, {"type": "Feature", "geometry": null, "properties": {"nome": "Rio Itupevão", "tipo": "stream", "classe": "ribeirao"}}, {"type": "Feature", "geometry": null, "properties": {"nome": "Rio Pavão", "tipo": "river", "classe": "rio"}}, {"type": "Feature", "geometry": null, "properties": {"nome": "Ribeirão Café", "tipo": "stream", "classe": "ribeirao"}}, {"type": "Feature", "geometry": null, "properties": {"nome": "Ribeirão Café", "tipo": "stream", "classe": "ribeirao"}}, {"type": "Feature", "geometry": null, "properties": {"nome": "Ribeirão Café", "tipo": "stream", "classe": "ribeirao"}}, {"type": "Feature", "geometry": null, "properties": {"nome": "Ribeirão Perau", "tipo": "stream", "classe": "ribeirao"}}, {"type": "Feature", "geometry": null, "properties": {"nome": "Rio da Areia", "tipo": "river", "classe": "rio"}}, {"type": "Feature", "geometry": null, "properties": {"nome": "Rio Guabiruba Sul", "tipo": "river", "classe": "rio"}}, {"type": "Feature", "geometry": null, "properties": {"nome": "Rio Guabiruba Sul", "tipo": "river", "classe": "rio"}}, {"type": "Feature", "geometry": null, "properties": {"nome": "Rio Guabiruba Sul", "tipo": "stream", "classe": "ribeirao"}}, {"type": "Feature", "geometry": null, "properties": {"nome": "Rio Guabiruba Sul", "tipo": "stream", "classe": "ribeirao"}}, {"type": "Feature", "geometry": null, "properties": {"nome": "Ribeirão Vale do Selke", "tipo": "stream", "classe": "ribeirao"}}, {"type": "Feature", "geometry": null, "properties": {"nome": "Ribeirão Vale do Selke", "tipo": "stream", "classe": "ribeirao"}}, {"type": "Feature", "geometry": null, "properties": {"nome": "Córrego Hermem", "tipo": "stream", "classe": "ribeirao"}}, {"type": "Feature", "geometry": null, "properties": {"nome": "Ribeirão do Bugre", "tipo": "stream", "classe": "ribeirao"}}, {"type": "Feature", "geometry": null, "properties": {"nome": "Ribeirão do Bugre", "tipo": "stream", "classe": "ribeirao"}}, {"type": "Feature", "geometry": null, "properties": {"nome": "Ribeirão Gebien", "tipo": "stream", "classe": "ribeirao"}}, {"type": "Feature", "geometry": null, "properties": {"nome": "Ribeirão Gebien", "tipo": "stream", "classe": "ribeirao"}}, {"type": "Feature", "geometry": null, "properties": {"nome": "Ribeirão Gebien", "tipo": "stream", "classe": "ribeirao"}}, {"type": "Feature", "geometry": null, "properties": {"nome": "Ribeirão Gebien", "tipo": "stream", "classe": "ribeirao"}}, {"type": "Feature", "geometry": null, "properties": {"nome": "Ribeirão Zox", "tipo": "river", "classe": "rio"}}, {"type": "Feature", "geometry": null, "properties": {"nome": "Ribeirão da Velha", "tipo": "stream", "classe": "ribeirao"}}, {"type": "Feature", "geometry": null, "properties": {"nome": "Riberirão do Quati", "tipo": "river", "classe": "rio"}}, {"type": "Feature", "geometry": null, "properties": {"nome": "Rio Ponta Comprida", "tipo": "river", "classe": "rio"}}, {"type": "Feature", "geometry": null, "properties": {"nome": "Rio Ponta Comprida", "tipo": "river", "classe": "rio"}}, {"type": "Feature", "geometry": null, "properties": {"nome": "Rio Ponta Comprida", "tipo": "river", "classe": "rio"}}, {"type": "Feature", "geometry": null, "properties": {"nome": "Rio Ponta Comprida", "tipo": "river", "classe": "rio"}}, {"type": "Feature", "geometry": null, "properties": {"nome": "Ribeirão do Bode", "tipo": "stream", "classe": "ribeirao"}}, {"type": "Feature", "geometry": null, "properties": {"nome": "Rio do Corso", "tipo": "river", "classe": "rio"}}, {"type": "Feature", "geometry": null, "properties": {"nome": "Ribeirão Lajeado Baixo ou Cavalo Branco", "tipo": "stream", "classe": "ribeirao"}}, {"type": "Feature", "geometry": null, "properties": {"nome": "Ribeirão Planície Alta", "tipo": "stream", "classe": "ribeirao"}}, {"type": "Feature", "geometry": null, "properties": {"nome": "Rio Guabiruba Norte", "tipo": "river", "classe": "rio"}}, {"type": "Feature", "geometry": null, "properties": {"nome": "Ribeirão Sibéria", "tipo": "river", "classe": "rio"}}, {"type": "Feature", "geometry": null, "properties": {"nome": "Rio do Frances", "tipo": "river", "classe": "rio"}}, {"type": "Feature", "geometry": null, "properties": {"nome": "Rio do Meio", "tipo": "stream", "classe": "ribeirao"}}, {"type": "Feature", "geometry": null, "properties": {"nome": "Rio do Meio", "tipo": "stream", "classe": "ribeirao"}}, {"type": "Feature", "geometry": null, "properties": {"nome": "Ribeirão Cachoeira do Retiro", "tipo": "river", "classe": "rio"}}, {"type": "Feature", "geometry": null, "properties": {"nome": "Rio do Meio", "tipo": "stream", "classe": "ribeirao"}}, {"type": "Feature", "geometry": null, "properties": {"nome": "Rio do Meio", "tipo": "stream", "classe": "ribeirao"}}, {"type": "Feature", "geometry": null, "properties": {"nome": "Rio do Meio", "tipo": "stream", "classe": "ribeirao"}}, {"type": "Feature", "geometry": null, "properties": {"nome": "Rio do Meio", "tipo": "stream", "classe": "ribeirao"}}, {"type": "Feature", "geometry": null, "properties": {"nome": "Ribeirão do Alferes", "tipo": "river", "classe": "rio"}}, {"type": "Feature", "geometry": null, "properties": {"nome": "Ribeirão Frederico", "tipo": "river", "classe": "rio"}}, {"type": "Feature", "geometry": null, "properties": {"nome": "Rio da Onça", "tipo": "river", "classe": "rio"}}, {"type": "Feature", "geometry": null, "properties": {"nome": "Ribeirão da Onça", "tipo": "stream", "classe": "ribeirao"}}, {"type": "Feature", "geometry": null, "properties": {"nome": "Ribeirão João Gualberto", "tipo": "river", "classe": "rio"}}, {"type": "Feature", "geometry": null, "properties": {"nome": "Rio do Noca", "tipo": "stream", "classe": "ribeirao"}}, {"type": "Feature", "geometry": null, "properties": {"nome": "Rio do Noca", "tipo": "stream", "classe": "ribeirao"}}, {"type": "Feature", "geometry": null, "properties": {"nome": "Rio do Noca", "tipo": "stream", "classe": "ribeirao"}}, {"type": "Feature", "geometry": null, "properties": {"nome": "Rio do Noca", "tipo": "stream", "classe": "ribeirao"}}, {"type": "Feature", "geometry": null, "properties": {"nome": "Riacho da Igreja", "tipo": "stream", "classe": "ribeirao"}}, {"type": "Feature", "geometry": null, "properties": {"nome": "Riacho da Igreja", "tipo": "stream", "classe": "ribeirao"}}, {"type": "Feature", "geometry": null, "properties": {"nome": "Riacho da Igreja", "tipo": "stream", "classe": "ribeirao"}}, {"type": "Feature", "geometry": null, "properties": {"nome": "Riacho da Igreja", "tipo": "stream", "classe": "ribeirao"}}, {"type": "Feature", "geometry": null, "properties": {"nome": "Riacho da Igreja", "tipo": "stream", "classe": "ribeirao"}}, {"type": "Feature", "geometry": null, "properties": {"nome": "Riacho da Igreja", "tipo": "stream", "classe": "ribeirao"}}, {"type": "Feature", "geometry": null, "properties": {"nome": "Riacho da Igreja", "tipo": "stream", "classe": "ribeirao"}}, {"type": "Feature", "geometry": null, "properties": {"nome": "Riacho da Igreja", "tipo": "stream", "classe": "ribeirao"}}, {"type": "Feature", "geometry": null, "properties": {"nome": "Rio Capivari", "tipo": "river", "classe": "rio"}}, {"type": "Feature", "geometry": null, "properties": {"nome": "Rio Capivari", "tipo": "river", "classe": "rio"}}, {"type": "Feature", "geometry": null, "properties": {"nome": "Rio Capivari", "tipo": "river", "classe": "rio"}}, {"type": "Feature", "geometry": null, "properties": {"nome": "Rio Capivari", "tipo": "river", "classe": "rio"}}, {"type": "Feature", "geometry": null, "properties": {"nome": "Rio Capivari", "tipo": "river", "classe": "rio"}}, {"type": "Feature", "geometry": null, "properties": {"nome": "Rio Capivari", "tipo": "river", "classe": "rio"}}, {"type": "Feature", "geometry": null, "properties": {"nome": "Rio Capivari", "tipo": "river", "classe": "rio"}}, {"type": "Feature", "geometry": null, "properties": {"nome": "Rio Capivari", "tipo": "river", "classe": "rio"}}, {"type": "Feature", "geometry": null, "properties": {"nome": "Rio Conceição", "tipo": "river", "classe": "rio"}}, {"type": "Feature", "geometry": null, "properties": {"nome": "Rio do Braz", "tipo": "river", "classe": "rio"}}, {"type": "Feature", "geometry": null, "properties": {"nome": "Rio do Braz", "tipo": "river", "classe": "rio"}}, {"type": "Feature", "geometry": null, "properties": {"nome": "Rio das Ostras", "tipo": "stream", "classe": "ribeirao"}}, {"type": "Feature", "geometry": null, "properties": {"nome": "Rio das Ostras", "tipo": "stream", "classe": "ribeirao"}}, {"type": "Feature", "geometry": null, "properties": {"nome": "Rio Itapocu", "tipo": "river", "classe": "rio"}}, {"type": "Feature", "geometry": null, "properties": {"nome": "Rio Inácio", "tipo": "stream", "classe": "ribeirao"}}, {"type": "Feature", "geometry": null, "properties": {"nome": "Rio Canudos", "tipo": "river", "classe": "rio"}}, {"type": "Feature", "geometry": null, "properties": {"nome": "Rio Itapocu", "tipo": "river", "classe": "rio"}}, {"type": "Feature", "geometry": null, "properties": {"nome": "Ribeirão Gaspar Mirim", "tipo": "stream", "classe": "ribeirao"}}, {"type": "Feature", "geometry": null, "properties": {"nome": "Ribeirão Gaspar Mirim", "tipo": "stream", "classe": "ribeirao"}}, {"type": "Feature", "geometry": null, "properties": {"nome": "Ribeirão do Salto", "tipo": "river", "classe": "rio"}}, {"type": "Feature", "geometry": null, "properties": {"nome": "Ribeirão do Salto", "tipo": "river", "classe": "rio"}}, {"type": "Feature", "geometry": null, "properties": {"nome": "Ribeirão do Salto", "tipo": "river", "classe": "rio"}}, {"type": "Feature", "geometry": null, "properties": {"nome": "Rio Passa-Vinte", "tipo": "stream", "classe": "ribeirao"}}, {"type": "Feature", "geometry": null, "properties": {"nome": "Rio da Barra", "tipo": "river", "classe": "rio"}}, {"type": "Feature", "geometry": null, "properties": {"nome": "Rio da Barra", "tipo": "river", "classe": "rio"}}, {"type": "Feature", "geometry": null, "properties": {"nome": "Rio Passa-Vinte", "tipo": "river", "classe": "rio"}}, {"type": "Feature", "geometry": null, "properties": {"nome": "Rio Guarani", "tipo": "river", "classe": "rio"}}, {"type": "Feature", "geometry": null, "properties": {"nome": "Rio Guarani", "tipo": "river", "classe": "rio"}}, {"type": "Feature", "geometry": null, "properties": {"nome": "Ribeirão Massaranduba", "tipo": "river", "classe": "rio"}}, {"type": "Feature", "geometry": null, "properties": {"nome": "Ribeirão Massaranduba", "tipo": "river", "classe": "rio"}}, {"type": "Feature", "geometry": null, "properties": {"nome": "Rio Massaranduba", "tipo": "river", "classe": "rio"}}, {"type": "Feature", "geometry": null, "properties": {"nome": "Rio Massaranduba", "tipo": "river", "classe": "rio"}}, {"type": "Feature", "geometry": null, "properties": {"nome": "Córrego Freimann", "tipo": "canal", "classe": "canal"}}, {"type": "Feature", "geometry": null, "properties": {"nome": "Córrego Freimann", "tipo": "canal", "classe": "canal"}}, {"type": "Feature", "geometry": null, "properties": {"nome": "Córrego Benjamin Constant", "tipo": "stream", "classe": "ribeirao"}}, {"type": "Feature", "geometry": null, "properties": {"nome": "Córrego Benjamin Constant", "tipo": "stream", "classe": "ribeirao"}}, {"type": "Feature", "geometry": null, "properties": {"nome": "Ribeirão Campinha", "tipo": "river", "classe": "rio"}}, {"type": "Feature", "geometry": null, "properties": {"nome": "Ribeirão Campinha", "tipo": "river", "classe": "rio"}}, {"type": "Feature", "geometry": null, "properties": {"nome": "Rio Guarani", "tipo": "river", "classe": "rio"}}, {"type": "Feature", "geometry": null, "properties": {"nome": "Rio Guarani", "tipo": "river", "classe": "rio"}}, {"type": "Feature", "geometry": null, "properties": {"nome": "Rio Putanga", "tipo": "river", "classe": "rio"}}, {"type": "Feature", "geometry": null, "properties": {"nome": "Rio Putanga", "tipo": "river", "classe": "rio"}}, {"type": "Feature", "geometry": null, "properties": {"nome": "Ribeirão Massarandubinha", "tipo": "river", "classe": "rio"}}, {"type": "Feature", "geometry": null, "properties": {"nome": "Ribeirão da Lagoa", "tipo": "river", "classe": "rio"}}, {"type": "Feature", "geometry": null, "properties": {"nome": "Ribeirão da Lagoa", "tipo": "river", "classe": "rio"}}, {"type": "Feature", "geometry": null, "properties": {"nome": "Ribeirão Massarandubinha", "tipo": "river", "classe": "rio"}}, {"type": "Feature", "geometry": null, "properties": {"nome": "Ribeirão Massarandubinha", "tipo": "river", "classe": "rio"}}, {"type": "Feature", "geometry": null, "properties": {"nome": "Ribeirão Massaranduba", "tipo": "river", "classe": "rio"}}, {"type": "Feature", "geometry": null, "properties": {"nome": "Rio Putanga", "tipo": "river", "classe": "rio"}}, {"type": "Feature", "geometry": null, "properties": {"nome": "Rio Putanga", "tipo": "river", "classe": "rio"}}, {"type": "Feature", "geometry": null, "properties": {"nome": "Rio Putanga", "tipo": "river", "classe": "rio"}}, {"type": "Feature", "geometry": null, "properties": {"nome": "Ribeirão Gustavo", "tipo": "river", "classe": "rio"}}, {"type": "Feature", "geometry": null, "properties": {"nome": "Ribeirão Gustavo", "tipo": "river", "classe": "rio"}}, {"type": "Feature", "geometry": null, "properties": {"nome": "Córrego Benjamin Constant", "tipo": "stream", "classe": "ribeirao"}}, {"type": "Feature", "geometry": null, "properties": {"nome": "Ribeirão Humberto", "tipo": "river", "classe": "rio"}}, {"type": "Feature", "geometry": null, "properties": {"nome": "Ribeirão Humberto", "tipo": "canal", "classe": "canal"}}, {"type": "Feature", "geometry": null, "properties": {"nome": "Ribeirão Benjamin Constant", "tipo": "river", "classe": "rio"}}, {"type": "Feature", "geometry": null, "properties": {"nome": "Ribeirão Benjamin Constant", "tipo": "river", "classe": "rio"}}, {"type": "Feature", "geometry": null, "properties": {"nome": "Ribeirão Humberto", "tipo": "canal", "classe": "canal"}}, {"type": "Feature", "geometry": null, "properties": {"nome": "Ribeirão Humberto", "tipo": "canal", "classe": "canal"}}, {"type": "Feature", "geometry": null, "properties": {"nome": "Rio Indaiá", "tipo": "river", "classe": "rio"}}, {"type": "Feature", "geometry": null, "properties": {"nome": "Rio Indaiá", "tipo": "river", "classe": "rio"}}, {"type": "Feature", "geometry": null, "properties": {"nome": "Rio Indaiá", "tipo": "river", "classe": "rio"}}, {"type": "Feature", "geometry": null, "properties": {"nome": "Rio Três Barras", "tipo": "river", "classe": "rio"}}, {"type": "Feature", "geometry": null, "properties": {"nome": "Rio Três Barras", "tipo": "river", "classe": "rio"}}, {"type": "Feature", "geometry": null, "properties": {"nome": "Rio Novo", "tipo": "river", "classe": "rio"}}, {"type": "Feature", "geometry": null, "properties": {"nome": "Arroio Braço Esquerdo", "tipo": "river", "classe": "rio"}}, {"type": "Feature", "geometry": null, "properties": {"nome": "Rio Novo", "tipo": "stream", "classe": "ribeirao"}}, {"type": "Feature", "geometry": null, "properties": {"nome": "Rio Areia", "tipo": "river", "classe": "rio"}}, {"type": "Feature", "geometry": null, "properties": {"nome": "Córrego Biguana", "tipo": "stream", "classe": "ribeirao"}}, {"type": "Feature", "geometry": null, "properties": {"nome": "Córrego Biguana", "tipo": "stream", "classe": "ribeirao"}}, {"type": "Feature", "geometry": null, "properties": {"nome": "Córrego Biguana", "tipo": "stream", "classe": "ribeirao"}}, {"type": "Feature", "geometry": null, "properties": {"nome": "Córrego Biguana", "tipo": "stream", "classe": "ribeirao"}}, {"type": "Feature", "geometry": null, "properties": {"nome": "Rio do Norte", "tipo": "stream", "classe": "ribeirao"}}, {"type": "Feature", "geometry": null, "properties": {"nome": "Arroio Saltinho", "tipo": "river", "classe": "rio"}}, {"type": "Feature", "geometry": null, "properties": {"nome": "Arroio Saltinho", "tipo": "river", "classe": "rio"}}, {"type": "Feature", "geometry": null, "properties": {"nome": "Arroio Saltinho", "tipo": "stream", "classe": "ribeirao"}}, {"type": "Feature", "geometry": null, "properties": {"nome": "Arroio Saltinho", "tipo": "river", "classe": "rio"}}, {"type": "Feature", "geometry": null, "properties": {"nome": "Arroio Saltinho", "tipo": "stream", "classe": "ribeirao"}}, {"type": "Feature", "geometry": null, "properties": {"nome": "Arroio Saltinho", "tipo": "stream", "classe": "ribeirao"}}, {"type": "Feature", "geometry": null, "properties": {"nome": "Arroio Saltinho", "tipo": "stream", "classe": "ribeirao"}}, {"type": "Feature", "geometry": null, "properties": {"nome": "Arroio Saltinho", "tipo": "stream", "classe": "ribeirao"}}, {"type": "Feature", "geometry": null, "properties": {"nome": "Rio Lajeado", "tipo": "stream", "classe": "ribeirao"}}, {"type": "Feature", "geometry": null, "properties": {"nome": "Rio Lajeado", "tipo": "stream", "classe": "ribeirao"}}, {"type": "Feature", "geometry": null, "properties": {"nome": "Rio Lajeado", "tipo": "stream", "classe": "ribeirao"}}, {"type": "Feature", "geometry": null, "properties": {"nome": "Rio Lajeado", "tipo": "stream", "classe": "ribeirao"}}, {"type": "Feature", "geometry": null, "properties": {"nome": "Arroio Florestal", "tipo": "stream", "classe": "ribeirao"}}, {"type": "Feature", "geometry": null, "properties": {"nome": "Arroio Florestal", "tipo": "stream", "classe": "ribeirao"}}, {"type": "Feature", "geometry": null, "properties": {"nome": "Rio Bonito", "tipo": "river", "classe": "rio"}}, {"type": "Feature", "geometry": null, "properties": {"nome": "Rio Bonito", "tipo": "river", "classe": "rio"}}, {"type": "Feature", "geometry": null, "properties": {"nome": "Rio Bonito", "tipo": "stream", "classe": "ribeirao"}}, {"type": "Feature", "geometry": null, "properties": {"nome": "Rio Bonito", "tipo": "stream", "classe": "ribeirao"}}, {"type": "Feature", "geometry": null, "properties": {"nome": "Rio Bonito", "tipo": "stream", "classe": "ribeirao"}}, {"type": "Feature", "geometry": null, "properties": {"nome": "Rio Bonito", "tipo": "stream", "classe": "ribeirao"}}, {"type": "Feature", "geometry": null, "properties": {"nome": "Rio Bonito", "tipo": "stream", "classe": "ribeirao"}}, {"type": "Feature", "geometry": null, "properties": {"nome": "Rio Bonito", "tipo": "stream", "classe": "ribeirao"}}, {"type": "Feature", "geometry": null, "properties": {"nome": "Rio Araçá", "tipo": "stream", "classe": "ribeirao"}}, {"type": "Feature", "geometry": null, "properties": {"nome": "Rio Araçá", "tipo": "stream", "classe": "ribeirao"}}, {"type": "Feature", "geometry": null, "properties": {"nome": "Rio Araçá", "tipo": "stream", "classe": "ribeirao"}}, {"type": "Feature", "geometry": null, "properties": {"nome": "Rio Araçá", "tipo": "stream", "classe": "ribeirao"}}, {"type": "Feature", "geometry": null, "properties": {"nome": "Rio Araçá", "tipo": "stream", "classe": "ribeirao"}}, {"type": "Feature", "geometry": null, "properties": {"nome": "Rio Itajaí do Sul", "tipo": "river", "classe": "rio"}}, {"type": "Feature", "geometry": null, "properties": {"nome": "Rio Engano", "tipo": "river", "classe": "rio"}}, {"type": "Feature", "geometry": null, "properties": {"nome": "Rio Itajaí do Sul", "tipo": "river", "classe": "rio"}}, {"type": "Feature", "geometry": null, "properties": {"nome": "Rio Itajaí do Sul", "tipo": "river", "classe": "rio"}}, {"type": "Feature", "geometry": null, "properties": {"nome": "Rio Itajaí do Sul", "tipo": "river", "classe": "rio"}}, {"type": "Feature", "geometry": null, "properties": {"nome": "Rio Itajaí do Sul", "tipo": "river", "classe": "rio"}}, {"type": "Feature", "geometry": null, "properties": {"nome": "Rio Itajaí do Sul", "tipo": "river", "classe": "rio"}}, {"type": "Feature", "geometry": null, "properties": {"nome": "Arroio Imbuia", "tipo": "stream", "classe": "ribeirao"}}, {"type": "Feature", "geometry": null, "properties": {"nome": "Arroio Imbuia", "tipo": "stream", "classe": "ribeirao"}}, {"type": "Feature", "geometry": null, "properties": {"nome": "Arroio Imbuia", "tipo": "stream", "classe": "ribeirao"}}, {"type": "Feature", "geometry": null, "properties": {"nome": "Arroio Imbuia", "tipo": "stream", "classe": "ribeirao"}}, {"type": "Feature", "geometry": null, "properties": {"nome": "Arroio Imbuia", "tipo": "stream", "classe": "ribeirao"}}, {"type": "Feature", "geometry": null, "properties": {"nome": "Arroio Imbuia", "tipo": "stream", "classe": "ribeirao"}}, {"type": "Feature", "geometry": null, "properties": {"nome": "Arroio Imbuia", "tipo": "stream", "classe": "ribeirao"}}, {"type": "Feature", "geometry": null, "properties": {"nome": "Arroio Imbuia", "tipo": "stream", "classe": "ribeirao"}}, {"type": "Feature", "geometry": null, "properties": {"nome": "Arroio Imbuia", "tipo": "stream", "classe": "ribeirao"}}, {"type": "Feature", "geometry": null, "properties": {"nome": "Arroio Imbuia", "tipo": "stream", "classe": "ribeirao"}}, {"type": "Feature", "geometry": null, "properties": {"nome": "Arroio Imbuia", "tipo": "stream", "classe": "ribeirao"}}, {"type": "Feature", "geometry": null, "properties": {"nome": "Arroio Imbuia", "tipo": "stream", "classe": "ribeirao"}}, {"type": "Feature", "geometry": null, "properties": {"nome": "Arroio Imbuia", "tipo": "stream", "classe": "ribeirao"}}, {"type": "Feature", "geometry": null, "properties": {"nome": "Arroio Imbuia", "tipo": "stream", "classe": "ribeirao"}}, {"type": "Feature", "geometry": null, "properties": {"nome": "Arroio Imbuia", "tipo": "stream", "classe": "ribeirao"}}, {"type": "Feature", "geometry": null, "properties": {"nome": "Rio Bonito", "tipo": "stream", "classe": "ribeirao"}}, {"type": "Feature", "geometry": null, "properties": {"nome": "Rio Bonito", "tipo": "stream", "classe": "ribeirao"}}, {"type": "Feature", "geometry": null, "properties": {"nome": "Rio Bonito", "tipo": "stream", "classe": "ribeirao"}}, {"type": "Feature", "geometry": null, "properties": {"nome": "Rio Bonito", "tipo": "stream", "classe": "ribeirao"}}, {"type": "Feature", "geometry": null, "properties": {"nome": "Arroio do Rio Bonito", "tipo": "river", "classe": "rio"}}, {"type": "Feature", "geometry": null, "properties": {"nome": "Arroio do Rio Bonito", "tipo": "stream", "classe": "ribeirao"}}, {"type": "Feature", "geometry": null, "properties": {"nome": "Arroio do Rio Bonito", "tipo": "stream", "classe": "ribeirao"}}, {"type": "Feature", "geometry": null, "properties": {"nome": "Arroio do Rio Bonito", "tipo": "stream", "classe": "ribeirao"}}, {"type": "Feature", "geometry": null, "properties": {"nome": "Arroio do Rio Bonito", "tipo": "stream", "classe": "ribeirao"}}, {"type": "Feature", "geometry": null, "properties": {"nome": "Rio dos Bugres", "tipo": "river", "classe": "rio"}}, {"type": "Feature", "geometry": null, "properties": {"nome": "Arroio Nova Alemanha", "tipo": "river", "classe": "rio"}}, {"type": "Feature", "geometry": null, "properties": {"nome": "Arroio Nova Alemanha", "tipo": "river", "classe": "rio"}}, {"type": "Feature", "geometry": null, "properties": {"nome": "Arroio dos Bellos", "tipo": "stream", "classe": "ribeirao"}}, {"type": "Feature", "geometry": null, "properties": {"nome": "Arroio dos Bellos", "tipo": "stream", "classe": "ribeirao"}}, {"type": "Feature", "geometry": null, "properties": {"nome": "Arroio dos Bellos", "tipo": "stream", "classe": "ribeirao"}}, {"type": "Feature", "geometry": null, "properties": {"nome": "Arroio dos Bellos", "tipo": "stream", "classe": "ribeirao"}}, {"type": "Feature", "geometry": null, "properties": {"nome": "Arroio dos Bellos", "tipo": "stream", "classe": "ribeirao"}}, {"type": "Feature", "geometry": null, "properties": {"nome": "Arroio dos Bellos", "tipo": "stream", "classe": "ribeirao"}}, {"type": "Feature", "geometry": null, "properties": {"nome": "Arroio dos Bellos", "tipo": "stream", "classe": "ribeirao"}}, {"type": "Feature", "geometry": null, "properties": {"nome": "Arroio dos Bellos", "tipo": "stream", "classe": "ribeirao"}}, {"type": "Feature", "geometry": null, "properties": {"nome": "Arroio Nova Alemanha", "tipo": "stream", "classe": "ribeirao"}}, {"type": "Feature", "geometry": null, "properties": {"nome": "Arroio do Floriano", "tipo": "stream", "classe": "ribeirao"}}, {"type": "Feature", "geometry": null, "properties": {"nome": "Ribeirão Antinha", "tipo": "stream", "classe": "ribeirao"}}, {"type": "Feature", "geometry": null, "properties": {"nome": "Ribeirão Blink", "tipo": "stream", "classe": "ribeirao"}}, {"type": "Feature", "geometry": null, "properties": {"nome": "Rio Santa Luiza", "tipo": "stream", "classe": "ribeirao"}}, {"type": "Feature", "geometry": null, "properties": {"nome": "Rio dos Bugres", "tipo": "river", "classe": "rio"}}, {"type": "Feature", "geometry": null, "properties": {"nome": "Rio dos Bugres", "tipo": "river", "classe": "rio"}}, {"type": "Feature", "geometry": null, "properties": {"nome": "Rio dos Bugres", "tipo": "river", "classe": "rio"}}, {"type": "Feature", "geometry": null, "properties": {"nome": "Rio Fortuna", "tipo": "stream", "classe": "ribeirao"}}, {"type": "Feature", "geometry": null, "properties": {"nome": "Ribeirão do Cinema", "tipo": "river", "classe": "rio"}}, {"type": "Feature", "geometry": null, "properties": {"nome": "Rio Itajaí-Mirim", "tipo": "river", "classe": "rio"}}, {"type": "Feature", "geometry": null, "properties": {"nome": "Rio Itajaí-Mirim", "tipo": "river", "classe": "rio"}}, {"type": "Feature", "geometry": null, "properties": {"nome": "Rio Garrafão", "tipo": "stream", "classe": "ribeirao"}}, {"type": "Feature", "geometry": null, "properties": {"nome": "Rio Garrafão", "tipo": "stream", "classe": "ribeirao"}}, {"type": "Feature", "geometry": null, "properties": {"nome": "Rio Garrafão", "tipo": "stream", "classe": "ribeirao"}}, {"type": "Feature", "geometry": null, "properties": {"nome": "Rio Garrafão", "tipo": "stream", "classe": "ribeirao"}}, {"type": "Feature", "geometry": null, "properties": {"nome": "Rio Garrafão", "tipo": "stream", "classe": "ribeirao"}}, {"type": "Feature", "geometry": null, "properties": {"nome": "Rio Garrafão", "tipo": "stream", "classe": "ribeirao"}}, {"type": "Feature", "geometry": null, "properties": {"nome": "Rio Lembrança", "tipo": "stream", "classe": "ribeirao"}}, {"type": "Feature", "geometry": null, "properties": {"nome": "Rio Lembrança", "tipo": "stream", "classe": "ribeirao"}}, {"type": "Feature", "geometry": null, "properties": {"nome": "Rio Lembrança", "tipo": "stream", "classe": "ribeirao"}}, {"type": "Feature", "geometry": null, "properties": {"nome": "Rio Areia", "tipo": "river", "classe": "rio"}}, {"type": "Feature", "geometry": null, "properties": {"nome": "Rio da Parada", "tipo": "river", "classe": "rio"}}, {"type": "Feature", "geometry": null, "properties": {"nome": "Rio das Pedras", "tipo": "river", "classe": "rio"}}, {"type": "Feature", "geometry": null, "properties": {"nome": "Rio da Parada", "tipo": "stream", "classe": "ribeirao"}}, {"type": "Feature", "geometry": null, "properties": {"nome": "Rio Veado", "tipo": "river", "classe": "rio"}}, {"type": "Feature", "geometry": null, "properties": {"nome": "Rio Emiliano", "tipo": "river", "classe": "rio"}}, {"type": "Feature", "geometry": null, "properties": {"nome": "Rio Barra Grande", "tipo": "river", "classe": "rio"}}, {"type": "Feature", "geometry": null, "properties": {"nome": "Rio Antinha", "tipo": "river", "classe": "rio"}}, {"type": "Feature", "geometry": null, "properties": {"nome": "Rio Areia", "tipo": "river", "classe": "rio"}}, {"type": "Feature", "geometry": null, "properties": {"nome": "Rio Alto Braço", "tipo": "river", "classe": "rio"}}, {"type": "Feature", "geometry": null, "properties": {"nome": "Rio Alto Braço", "tipo": "river", "classe": "rio"}}, {"type": "Feature", "geometry": null, "properties": {"nome": "Rio Alto Braço", "tipo": "river", "classe": "rio"}}, {"type": "Feature", "geometry": null, "properties": {"nome": "Rio Alto Braço", "tipo": "river", "classe": "rio"}}, {"type": "Feature", "geometry": null, "properties": {"nome": "Rio Misch", "tipo": "river", "classe": "rio"}}, {"type": "Feature", "geometry": null, "properties": {"nome": "Ribeirão dos Ovos", "tipo": "river", "classe": "rio"}}, {"type": "Feature", "geometry": null, "properties": {"nome": "Rio Itajaí do Sul", "tipo": "river", "classe": "rio"}}, {"type": "Feature", "geometry": null, "properties": {"nome": "Rio Areia", "tipo": "stream", "classe": "ribeirao"}}, {"type": "Feature", "geometry": null, "properties": {"nome": "Rio Areia", "tipo": "stream", "classe": "ribeirao"}}, {"type": "Feature", "geometry": null, "properties": {"nome": "Rio Areia", "tipo": "stream", "classe": "ribeirao"}}, {"type": "Feature", "geometry": null, "properties": {"nome": "Rio da Furna", "tipo": "stream", "classe": "ribeirao"}}, {"type": "Feature", "geometry": null, "properties": {"nome": "Rio da Furna", "tipo": "river", "classe": "rio"}}, {"type": "Feature", "geometry": null, "properties": {"nome": "Rio Alto Braço", "tipo": "river", "classe": "rio"}}, {"type": "Feature", "geometry": null, "properties": {"nome": "Rio Veado", "tipo": "river", "classe": "rio"}}, {"type": "Feature", "geometry": null, "properties": {"nome": "Ribeirão do Salto", "tipo": "river", "classe": "rio"}}, {"type": "Feature", "geometry": null, "properties": {"nome": "Rio do Meio", "tipo": "river", "classe": "rio"}}, {"type": "Feature", "geometry": null, "properties": {"nome": "Rio Itajaí do Sul", "tipo": "river", "classe": "rio"}}, {"type": "Feature", "geometry": null, "properties": {"nome": "Rio Diamante", "tipo": "river", "classe": "rio"}}, {"type": "Feature", "geometry": null, "properties": {"nome": "Rio Diamante", "tipo": "river", "classe": "rio"}}, {"type": "Feature", "geometry": null, "properties": {"nome": "Rio Diamante", "tipo": "stream", "classe": "ribeirao"}}, {"type": "Feature", "geometry": null, "properties": {"nome": "Rio Diamante", "tipo": "stream", "classe": "ribeirao"}}, {"type": "Feature", "geometry": null, "properties": {"nome": "Rio da Barra Negra", "tipo": "river", "classe": "rio"}}, {"type": "Feature", "geometry": null, "properties": {"nome": "Rio Boa Esperança", "tipo": "river", "classe": "rio"}}, {"type": "Feature", "geometry": null, "properties": {"nome": "Rio da Barra Negra", "tipo": "river", "classe": "rio"}}, {"type": "Feature", "geometry": null, "properties": {"nome": "Rio Cará", "tipo": "river", "classe": "rio"}}, {"type": "Feature", "geometry": null, "properties": {"nome": "Ribeirão Fernandes", "tipo": "river", "classe": "rio"}}, {"type": "Feature", "geometry": null, "properties": {"nome": "Ribeirão das Águas", "tipo": "river", "classe": "rio"}}, {"type": "Feature", "geometry": null, "properties": {"nome": "Arroio dos Bellos", "tipo": "stream", "classe": "ribeirao"}}, {"type": "Feature", "geometry": null, "properties": {"nome": "Rio da Galera", "tipo": "river", "classe": "rio"}}, {"type": "Feature", "geometry": null, "properties": {"nome": "Rio do Moura", "tipo": "river", "classe": "rio"}}, {"type": "Feature", "geometry": null, "properties": {"nome": "Córrego Giesler", "tipo": "stream", "classe": "ribeirao"}}, {"type": "Feature", "geometry": null, "properties": {"nome": "Córrego Giesler", "tipo": "stream", "classe": "ribeirao"}}, {"type": "Feature", "geometry": null, "properties": {"nome": "Rio Três Riachos", "tipo": "stream", "classe": "ribeirao"}}, {"type": "Feature", "geometry": null, "properties": {"nome": "Rio Bonito", "tipo": "river", "classe": "rio"}}, {"type": "Feature", "geometry": null, "properties": {"nome": "Rio Braço do Cubatão", "tipo": "river", "classe": "rio"}}, {"type": "Feature", "geometry": null, "properties": {"nome": "Ribeirão Tigre", "tipo": "stream", "classe": "ribeirao"}}, {"type": "Feature", "geometry": null, "properties": {"nome": "Ribeirão Tigre", "tipo": "stream", "classe": "ribeirao"}}, {"type": "Feature", "geometry": null, "properties": {"nome": "Ribeirão Laranjeiras", "tipo": "stream", "classe": "ribeirao"}}, {"type": "Feature", "geometry": null, "properties": {"nome": "Ribeirão Laranjeiras", "tipo": "stream", "classe": "ribeirao"}}, {"type": "Feature", "geometry": null, "properties": {"nome": "Ribeirão Tigre", "tipo": "stream", "classe": "ribeirao"}}, {"type": "Feature", "geometry": null, "properties": {"nome": "Ribeirão Tigre", "tipo": "stream", "classe": "ribeirao"}}, {"type": "Feature", "geometry": null, "properties": {"nome": "Ribeirão Tigre", "tipo": "stream", "classe": "ribeirao"}}, {"type": "Feature", "geometry": null, "properties": {"nome": "Ribeirão Tigre", "tipo": "stream", "classe": "ribeirao"}}, {"type": "Feature", "geometry": null, "properties": {"nome": "Ribeirão da Laje", "tipo": "stream", "classe": "ribeirao"}}, {"type": "Feature", "geometry": null, "properties": {"nome": "Ribeirão da Laje", "tipo": "stream", "classe": "ribeirao"}}, {"type": "Feature", "geometry": null, "properties": {"nome": "Ribeirão da Laje", "tipo": "stream", "classe": "ribeirao"}}, {"type": "Feature", "geometry": null, "properties": {"nome": "Rio Vigante", "tipo": "river", "classe": "rio"}}, {"type": "Feature", "geometry": null, "properties": {"nome": "Rio Benedito", "tipo": "river", "classe": "rio"}}, {"type": "Feature", "geometry": null, "properties": {"nome": "Arroio Xaxim", "tipo": "river", "classe": "rio"}}, {"type": "Feature", "geometry": null, "properties": {"nome": "riacho", "tipo": "stream", "classe": "ribeirao"}}, {"type": "Feature", "geometry": null, "properties": {"nome": "Rio Guabiruba Sul", "tipo": "stream", "classe": "ribeirao"}}, {"type": "Feature", "geometry": null, "properties": {"nome": "Rio Guabiruba Sul", "tipo": "stream", "classe": "ribeirao"}}, {"type": "Feature", "geometry": null, "properties": {"nome": "Ribeirão Sibéria", "tipo": "river", "classe": "rio"}}, {"type": "Feature", "geometry": null, "properties": {"nome": "Ribeirão Sibéria", "tipo": "river", "classe": "rio"}}, {"type": "Feature", "geometry": null, "properties": {"nome": "Ribeirão Sibéria", "tipo": "river", "classe": "rio"}}, {"type": "Feature", "geometry": null, "properties": {"nome": "Ribeirão Sibéria", "tipo": "river", "classe": "rio"}}, {"type": "Feature", "geometry": null, "properties": {"nome": "Rio Guabiruba Norte", "tipo": "river", "classe": "rio"}}, {"type": "Feature", "geometry": null, "properties": {"nome": "Rio Guabiruba Norte", "tipo": "river", "classe": "rio"}}, {"type": "Feature", "geometry": null, "properties": {"nome": "Rio Guabiruba Norte", "tipo": "river", "classe": "rio"}}, {"type": "Feature", "geometry": null, "properties": {"nome": "Rio Guabiruba Norte", "tipo": "river", "classe": "rio"}}, {"type": "Feature", "geometry": null, "properties": {"nome": "Rio Guabiruba Norte", "tipo": "river", "classe": "rio"}}, {"type": "Feature", "geometry": null, "properties": {"nome": "Rio Guabiruba Norte", "tipo": "river", "classe": "rio"}}, {"type": "Feature", "geometry": null, "properties": {"nome": "Ribeirão Planície Alta", "tipo": "stream", "classe": "ribeirao"}}, {"type": "Feature", "geometry": null, "properties": {"nome": "Ribeirão Planície Alta", "tipo": "stream", "classe": "ribeirao"}}, {"type": "Feature", "geometry": null, "properties": {"nome": "Ribeirão Planície Alta", "tipo": "stream", "classe": "ribeirao"}}, {"type": "Feature", "geometry": null, "properties": {"nome": "Ribeirão Planície Alta", "tipo": "stream", "classe": "ribeirao"}}, {"type": "Feature", "geometry": null, "properties": {"nome": "Ribeirão Planície Alta", "tipo": "stream", "classe": "ribeirao"}}, {"type": "Feature", "geometry": null, "properties": {"nome": "Ribeirão Planície Alta", "tipo": "stream", "classe": "ribeirao"}}, {"type": "Feature", "geometry": null, "properties": {"nome": "Ribeirão Planície Alta", "tipo": "stream", "classe": "ribeirao"}}, {"type": "Feature", "geometry": null, "properties": {"nome": "Ribeirão Planície Alta", "tipo": "stream", "classe": "ribeirao"}}, {"type": "Feature", "geometry": null, "properties": {"nome": "Ribeirão Planície Alta", "tipo": "stream", "classe": "ribeirao"}}, {"type": "Feature", "geometry": null, "properties": {"nome": "Ribeirão Planície Alta", "tipo": "stream", "classe": "ribeirao"}}, {"type": "Feature", "geometry": null, "properties": {"nome": "Córrego Poço Grande", "tipo": "stream", "classe": "ribeirao"}}, {"type": "Feature", "geometry": null, "properties": {"nome": "Córrego Poço Grande", "tipo": "stream", "classe": "ribeirao"}}, {"type": "Feature", "geometry": null, "properties": {"nome": "Ribeirão da Cabra", "tipo": "stream", "classe": "ribeirao"}}, {"type": "Feature", "geometry": null, "properties": {"nome": "Ribeirão da Cabra", "tipo": "stream", "classe": "ribeirao"}}, {"type": "Feature", "geometry": null, "properties": {"nome": "Ribeirão Teceiro Braço do Norte", "tipo": "stream", "classe": "ribeirao"}}, {"type": "Feature", "geometry": null, "properties": {"nome": "Ribeirão da Cabra", "tipo": "stream", "classe": "ribeirao"}}, {"type": "Feature", "geometry": null, "properties": {"nome": "Ribeirão Braço Costa", "tipo": "stream", "classe": "ribeirao"}}, {"type": "Feature", "geometry": null, "properties": {"nome": "Ribeirão Gabiroba", "tipo": "stream", "classe": "ribeirao"}}, {"type": "Feature", "geometry": null, "properties": {"nome": "Rio Bonito", "tipo": "stream", "classe": "ribeirao"}}, {"type": "Feature", "geometry": null, "properties": {"nome": "Ribeirão Braço Seco", "tipo": "stream", "classe": "ribeirao"}}, {"type": "Feature", "geometry": null, "properties": {"nome": "Ribeirão Braço Direito de Santa Luzia", "tipo": "stream", "classe": "ribeirao"}}, {"type": "Feature", "geometry": null, "properties": {"nome": "Ribeirão Fortaleza", "tipo": "stream", "classe": "ribeirao"}}, {"type": "Feature", "geometry": null, "properties": {"nome": "Ribeirão Fortaleza", "tipo": "stream", "classe": "ribeirao"}}, {"type": "Feature", "geometry": null, "properties": {"nome": "Ribeirão Fortaleza", "tipo": "stream", "classe": "ribeirao"}}, {"type": "Feature", "geometry": null, "properties": {"nome": "Ribeirão Fortaleza", "tipo": "stream", "classe": "ribeirao"}}, {"type": "Feature", "geometry": null, "properties": {"nome": "Rio Cunha", "tipo": "stream", "classe": "ribeirao"}}, {"type": "Feature", "geometry": null, "properties": {"nome": "Rio Cunha", "tipo": "stream", "classe": "ribeirao"}}, {"type": "Feature", "geometry": null, "properties": {"nome": "Ribeirão 15 de Setembro", "tipo": "stream", "classe": "ribeirao"}}, {"type": "Feature", "geometry": null, "properties": {"nome": "Ribeirão 15 de Setembro", "tipo": "stream", "classe": "ribeirao"}}, {"type": "Feature", "geometry": null, "properties": {"nome": "Ribeirão 15 de Setembro", "tipo": "stream", "classe": "ribeirao"}}, {"type": "Feature", "geometry": null, "properties": {"nome": "Ribeirão 15 de Setembro", "tipo": "stream", "classe": "ribeirao"}}, {"type": "Feature", "geometry": null, "properties": {"nome": "Arroio Cedro Alto", "tipo": "stream", "classe": "ribeirao"}}, {"type": "Feature", "geometry": null, "properties": {"nome": "Arroio Cedro Alto", "tipo": "stream", "classe": "ribeirao"}}, {"type": "Feature", "geometry": null, "properties": {"nome": "Arroio Cedro Alto", "tipo": "stream", "classe": "ribeirao"}}, {"type": "Feature", "geometry": null, "properties": {"nome": "Arroio Cedro Alto", "tipo": "stream", "classe": "ribeirao"}}, {"type": "Feature", "geometry": null, "properties": {"nome": "Ribeirão das Pedras", "tipo": "stream", "classe": "ribeirao"}}, {"type": "Feature", "geometry": null, "properties": {"nome": "Ribeirão das Pedras", "tipo": "stream", "classe": "ribeirao"}}, {"type": "Feature", "geometry": null, "properties": {"nome": "Ribeirão Bracinho", "tipo": "stream", "classe": "ribeirao"}}, {"type": "Feature", "geometry": null, "properties": {"nome": "Ribeirão Bracinho", "tipo": "stream", "classe": "ribeirao"}}, {"type": "Feature", "geometry": null, "properties": {"nome": "Ribeirão Bracinho", "tipo": "stream", "classe": "ribeirao"}}, {"type": "Feature", "geometry": null, "properties": {"nome": "Ribeirão Bracinho", "tipo": "stream", "classe": "ribeirao"}}, {"type": "Feature", "geometry": null, "properties": {"nome": "Ribeirão Bracinho", "tipo": "stream", "classe": "ribeirao"}}, {"type": "Feature", "geometry": null, "properties": {"nome": "Ribeirão Maçaranduba Fundo", "tipo": "stream", "classe": "ribeirao"}}, {"type": "Feature", "geometry": null, "properties": {"nome": "Rio Sete de Janeiro", "tipo": "stream", "classe": "ribeirao"}}, {"type": "Feature", "geometry": null, "properties": {"nome": "Córrego Braço do Norte", "tipo": "stream", "classe": "ribeirao"}}, {"type": "Feature", "geometry": null, "properties": {"nome": "Ribeirão Campinha", "tipo": "river", "classe": "rio"}}, {"type": "Feature", "geometry": null, "properties": {"nome": "Ribeirão Campinha", "tipo": "stream", "classe": "ribeirao"}}, {"type": "Feature", "geometry": null, "properties": {"nome": "Ribeirão Irma", "tipo": "stream", "classe": "ribeirao"}}, {"type": "Feature", "geometry": null, "properties": {"nome": "Córrego Aurora", "tipo": "stream", "classe": "ribeirao"}}, {"type": "Feature", "geometry": null, "properties": {"nome": "Rio Benedito", "tipo": "river", "classe": "rio"}}, {"type": "Feature", "geometry": null, "properties": {"nome": "Rio Tavares", "tipo": "stream", "classe": "ribeirao"}}, {"type": "Feature", "geometry": null, "properties": {"nome": "Rio Tavares", "tipo": "stream", "classe": "ribeirao"}}, {"type": "Feature", "geometry": null, "properties": {"nome": "Rio Capivari", "tipo": "river", "classe": "rio"}}, {"type": "Feature", "geometry": null, "properties": {"nome": "Rio Capivari", "tipo": "stream", "classe": "ribeirao"}}, {"type": "Feature", "geometry": null, "properties": {"nome": "Ribeirão 1º Braço do Norte", "tipo": "river", "classe": "rio"}}, {"type": "Feature", "geometry": null, "properties": {"nome": "Ribeirão Estradinha", "tipo": "stream", "classe": "ribeirao"}}, {"type": "Feature", "geometry": null, "properties": {"nome": "Ribeirão Estradinha", "tipo": "stream", "classe": "ribeirao"}}, {"type": "Feature", "geometry": null, "properties": {"nome": "Arroio Arapongas", "tipo": "stream", "classe": "ribeirao"}}, {"type": "Feature", "geometry": null, "properties": {"nome": "Arroio Arapongas", "tipo": "stream", "classe": "ribeirao"}}, {"type": "Feature", "geometry": null, "properties": {"nome": "Rio Esperança", "tipo": "stream", "classe": "ribeirao"}}, {"type": "Feature", "geometry": null, "properties": {"nome": "Rio Esperança", "tipo": "stream", "classe": "ribeirao"}}, {"type": "Feature", "geometry": null, "properties": {"nome": "Rio Herta", "tipo": "stream", "classe": "ribeirao"}}, {"type": "Feature", "geometry": null, "properties": {"nome": "Rio Herta", "tipo": "stream", "classe": "ribeirao"}}, {"type": "Feature", "geometry": null, "properties": {"nome": "Rio Lontras", "tipo": "river", "classe": "rio"}}, {"type": "Feature", "geometry": null, "properties": {"nome": "Rio Lontras", "tipo": "river", "classe": "rio"}}, {"type": "Feature", "geometry": null, "properties": {"nome": "Ribeirão Rodrigues", "tipo": "stream", "classe": "ribeirao"}}, {"type": "Feature", "geometry": null, "properties": {"nome": "Ribeirão Rodrigues", "tipo": "stream", "classe": "ribeirao"}}, {"type": "Feature", "geometry": null, "properties": {"nome": "Rio Alto Ribeirão", "tipo": "stream", "classe": "ribeirao"}}, {"type": "Feature", "geometry": null, "properties": {"nome": "Rio Tavares", "tipo": "river", "classe": "rio"}}, {"type": "Feature", "geometry": null, "properties": {"nome": "Rio Tavares", "tipo": "river", "classe": "rio"}}, {"type": "Feature", "geometry": null, "properties": {"nome": "Rio Tavares", "tipo": "river", "classe": "rio"}}, {"type": "Feature", "geometry": null, "properties": {"nome": "Sanga dos Bois", "tipo": "river", "classe": "rio"}}, {"type": "Feature", "geometry": null, "properties": {"nome": "Rio Papaquara", "tipo": "river", "classe": "rio"}}, {"type": "Feature", "geometry": null, "properties": {"nome": "Rio Papaquara", "tipo": "river", "classe": "rio"}}, {"type": "Feature", "geometry": null, "properties": {"nome": "Rio Pedra de Amolar", "tipo": "river", "classe": "rio"}}, {"type": "Feature", "geometry": null, "properties": {"nome": "Rio das Ostras", "tipo": "stream", "classe": "ribeirao"}}, {"type": "Feature", "geometry": null, "properties": {"nome": "Rio Papaquara", "tipo": "river", "classe": "rio"}}, {"type": "Feature", "geometry": null, "properties": {"nome": "Rio Papaquara", "tipo": "river", "classe": "rio"}}, {"type": "Feature", "geometry": null, "properties": {"nome": "Rio Ratones", "tipo": "river", "classe": "rio"}}, {"type": "Feature", "geometry": null, "properties": {"nome": "Ribeirão Teceiro Braço do Norte", "tipo": "stream", "classe": "ribeirao"}}, {"type": "Feature", "geometry": null, "properties": {"nome": "Ribeirão Teceiro Braço do Norte", "tipo": "stream", "classe": "ribeirao"}}, {"type": "Feature", "geometry": null, "properties": {"nome": "Ribeirão Teceiro Braço do Norte", "tipo": "stream", "classe": "ribeirao"}}, {"type": "Feature", "geometry": null, "properties": {"nome": "Ribeirão Teceiro Braço do Norte", "tipo": "stream", "classe": "ribeirao"}}, {"type": "Feature", "geometry": null, "properties": {"nome": "Ribeirão Teceiro Braço do Norte", "tipo": "stream", "classe": "ribeirao"}}, {"type": "Feature", "geometry": null, "properties": {"nome": "Ribeirão Teceiro Braço do Norte", "tipo": "stream", "classe": "ribeirao"}}, {"type": "Feature", "geometry": null, "properties": {"nome": "Riberão do calado", "tipo": "stream", "classe": "ribeirao"}}, {"type": "Feature", "geometry": null, "properties": {"nome": "Riberão do calado", "tipo": "stream", "classe": "ribeirao"}}, {"type": "Feature", "geometry": null, "properties": {"nome": "Riberão do calado", "tipo": "stream", "classe": "ribeirao"}}, {"type": "Feature", "geometry": null, "properties": {"nome": "Riberão do calado", "tipo": "stream", "classe": "ribeirao"}}, {"type": "Feature", "geometry": null, "properties": {"nome": "Riberão do calado", "tipo": "stream", "classe": "ribeirao"}}, {"type": "Feature", "geometry": null, "properties": {"nome": "Riberão do calado", "tipo": "stream", "classe": "ribeirao"}}, {"type": "Feature", "geometry": null, "properties": {"nome": "Riberão do calado", "tipo": "stream", "classe": "ribeirao"}}, {"type": "Feature", "geometry": null, "properties": {"nome": "Rio Rachadel", "tipo": "river", "classe": "rio"}}, {"type": "Feature", "geometry": null, "properties": {"nome": "Rio de Guiomar", "tipo": "stream", "classe": "ribeirao"}}, {"type": "Feature", "geometry": null, "properties": {"nome": "Rio Biguaçu", "tipo": "river", "classe": "rio"}}, {"type": "Feature", "geometry": null, "properties": {"nome": "Rio Biguaçu", "tipo": "river", "classe": "rio"}}, {"type": "Feature", "geometry": null, "properties": {"nome": "Rio Biguaçu", "tipo": "river", "classe": "rio"}}, {"type": "Feature", "geometry": null, "properties": {"nome": "Rio Rachadel", "tipo": "river", "classe": "rio"}}, {"type": "Feature", "geometry": null, "properties": {"nome": "Rio Biguaçu", "tipo": "river", "classe": "rio"}}, {"type": "Feature", "geometry": null, "properties": {"nome": "Rio Canudos", "tipo": "river", "classe": "rio"}}, {"type": "Feature", "geometry": null, "properties": {"nome": "Rio Canudos", "tipo": "river", "classe": "rio"}}, {"type": "Feature", "geometry": null, "properties": {"nome": "Rio Biguaçu", "tipo": "river", "classe": "rio"}}, {"type": "Feature", "geometry": null, "properties": {"nome": "Rio Biguaçu", "tipo": "river", "classe": "rio"}}, {"type": "Feature", "geometry": null, "properties": {"nome": "Rio do Louro", "tipo": "river", "classe": "rio"}}, {"type": "Feature", "geometry": null, "properties": {"nome": "Rio Biguaçu", "tipo": "river", "classe": "rio"}}, {"type": "Feature", "geometry": null, "properties": {"nome": "Rio Novo", "tipo": "stream", "classe": "ribeirao"}}, {"type": "Feature", "geometry": null, "properties": {"nome": "Rio Cubatão", "tipo": "river", "classe": "rio"}}, {"type": "Feature", "geometry": null, "properties": {"nome": "Rio Cubatão", "tipo": "river", "classe": "rio"}}, {"type": "Feature", "geometry": null, "properties": {"nome": "Rio do Matias", "tipo": "river", "classe": "rio"}}, {"type": "Feature", "geometry": null, "properties": {"nome": "Rio Matias", "tipo": "river", "classe": "rio"}}, {"type": "Feature", "geometry": null, "properties": {"nome": "Rio Matias", "tipo": "river", "classe": "rio"}}, {"type": "Feature", "geometry": null, "properties": {"nome": "Rio Forquilha", "tipo": "river", "classe": "rio"}}, {"type": "Feature", "geometry": null, "properties": {"nome": "Rio Cubatão", "tipo": "river", "classe": "rio"}}, {"type": "Feature", "geometry": null, "properties": {"nome": "Rio Forquilha", "tipo": "river", "classe": "rio"}}, {"type": "Feature", "geometry": null, "properties": {"nome": "Rio Forquilha", "tipo": "river", "classe": "rio"}}, {"type": "Feature", "geometry": null, "properties": {"nome": "Rio Vargem do Braço", "tipo": "river", "classe": "rio"}}, {"type": "Feature", "geometry": null, "properties": {"nome": "Ribeirão Braço do Sertão", "tipo": "stream", "classe": "ribeirao"}}, {"type": "Feature", "geometry": null, "properties": {"nome": "Rio Cubatão", "tipo": "river", "classe": "rio"}}, {"type": "Feature", "geometry": null, "properties": {"nome": "Rio Cubatão", "tipo": "river", "classe": "rio"}}, {"type": "Feature", "geometry": null, "properties": {"nome": "Ribeirão Vermelho", "tipo": "river", "classe": "rio"}}, {"type": "Feature", "geometry": null, "properties": {"nome": "Rio Araçá", "tipo": "stream", "classe": "ribeirao"}}, {"type": "Feature", "geometry": null, "properties": {"nome": "Ribeirão Gustavo", "tipo": "river", "classe": "rio"}}, {"type": "Feature", "geometry": null, "properties": {"nome": "Rio Bonito", "tipo": "stream", "classe": "ribeirao"}}, {"type": "Feature", "geometry": null, "properties": {"nome": "Rio Bonito", "tipo": "stream", "classe": "ribeirao"}}, {"type": "Feature", "geometry": null, "properties": {"nome": "Rio Bonito", "tipo": "stream", "classe": "ribeirao"}}, {"type": "Feature", "geometry": null, "properties": {"nome": "Rio Bonito", "tipo": "stream", "classe": "ribeirao"}}, {"type": "Feature", "geometry": null, "properties": {"nome": "Córrego Águas Claras", "tipo": "river", "classe": "rio"}}, {"type": "Feature", "geometry": null, "properties": {"nome": "Córrego Águas Claras", "tipo": "river", "classe": "rio"}}, {"type": "Feature", "geometry": null, "properties": {"nome": "Ribeirão São Domingos", "tipo": "stream", "classe": "ribeirao"}}, {"type": "Feature", "geometry": null, "properties": {"nome": "Ribeirão São Domingos", "tipo": "stream", "classe": "ribeirao"}}, {"type": "Feature", "geometry": null, "properties": {"nome": "Ribeirão São Domingos", "tipo": "stream", "classe": "ribeirao"}}, {"type": "Feature", "geometry": null, "properties": {"nome": "Ribeirão São Domingos", "tipo": "stream", "classe": "ribeirao"}}, {"type": "Feature", "geometry": null, "properties": {"nome": "Ribeirão São Domingos", "tipo": "stream", "classe": "ribeirao"}}, {"type": "Feature", "geometry": null, "properties": {"nome": "Ribeirão São Domingos", "tipo": "stream", "classe": "ribeirao"}}, {"type": "Feature", "geometry": null, "properties": {"nome": "Ribeirão São Domingos", "tipo": "stream", "classe": "ribeirao"}}, {"type": "Feature", "geometry": null, "properties": {"nome": "Ribeirão São Domingos", "tipo": "stream", "classe": "ribeirao"}}, {"type": "Feature", "geometry": null, "properties": {"nome": "Ribeirão São Domingos", "tipo": "stream", "classe": "ribeirao"}}, {"type": "Feature", "geometry": null, "properties": {"nome": "Ribeirão São Domingos", "tipo": "stream", "classe": "ribeirao"}}, {"type": "Feature", "geometry": null, "properties": {"nome": "Ribeirão São Domingos", "tipo": "stream", "classe": "ribeirao"}}, {"type": "Feature", "geometry": null, "properties": {"nome": "Ribeirão São Domingos", "tipo": "stream", "classe": "ribeirao"}}, {"type": "Feature", "geometry": null, "properties": {"nome": "Ribeirão São Domingos", "tipo": "stream", "classe": "ribeirao"}}, {"type": "Feature", "geometry": null, "properties": {"nome": "Ribeirão São Domingos", "tipo": "stream", "classe": "ribeirao"}}, {"type": "Feature", "geometry": null, "properties": {"nome": "Ribeirão Liberdade", "tipo": "stream", "classe": "ribeirao"}}, {"type": "Feature", "geometry": null, "properties": {"nome": "Ribeirão Fausta", "tipo": "stream", "classe": "ribeirao"}}, {"type": "Feature", "geometry": null, "properties": {"nome": "Ribeirão Fausta", "tipo": "stream", "classe": "ribeirao"}}, {"type": "Feature", "geometry": null, "properties": {"nome": "Ribeirão Fausta", "tipo": "stream", "classe": "ribeirao"}}, {"type": "Feature", "geometry": null, "properties": {"nome": "Ribeirão Fausta", "tipo": "stream", "classe": "ribeirao"}}, {"type": "Feature", "geometry": null, "properties": {"nome": "Ribeirão Fausta", "tipo": "stream", "classe": "ribeirao"}}, {"type": "Feature", "geometry": null, "properties": {"nome": "Ribeirão Alice", "tipo": "stream", "classe": "ribeirao"}}, {"type": "Feature", "geometry": null, "properties": {"nome": "Ribeirão Alice", "tipo": "stream", "classe": "ribeirao"}}, {"type": "Feature", "geometry": null, "properties": {"nome": "Ribeirão Alice", "tipo": "stream", "classe": "ribeirao"}}, {"type": "Feature", "geometry": null, "properties": {"nome": "Ribeirão Alice", "tipo": "stream", "classe": "ribeirao"}}, {"type": "Feature", "geometry": null, "properties": {"nome": "Ribeirão Alice", "tipo": "stream", "classe": "ribeirao"}}, {"type": "Feature", "geometry": null, "properties": {"nome": "Ribeirão Alice", "tipo": "stream", "classe": "ribeirao"}}, {"type": "Feature", "geometry": null, "properties": {"nome": "Ribeirão Alice", "tipo": "stream", "classe": "ribeirao"}}, {"type": "Feature", "geometry": null, "properties": {"nome": "Ribeirão Alice", "tipo": "stream", "classe": "ribeirao"}}, {"type": "Feature", "geometry": null, "properties": {"nome": "Ribeirão Alice", "tipo": "stream", "classe": "ribeirao"}}, {"type": "Feature", "geometry": null, "properties": {"nome": "Córrego Tifa dos Húngaros", "tipo": "stream", "classe": "ribeirao"}}, {"type": "Feature", "geometry": null, "properties": {"nome": "Córrego Tifa dos Húngaros", "tipo": "stream", "classe": "ribeirao"}}, {"type": "Feature", "geometry": null, "properties": {"nome": "Rio Perequezinho", "tipo": "stream", "classe": "ribeirao"}}, {"type": "Feature", "geometry": null, "properties": {"nome": "Rio Perequezinho", "tipo": "stream", "classe": "ribeirao"}}, {"type": "Feature", "geometry": null, "properties": {"nome": "Rio Perequezinho", "tipo": "stream", "classe": "ribeirao"}}, {"type": "Feature", "geometry": null, "properties": {"nome": "Rio Perequezinho", "tipo": "stream", "classe": "ribeirao"}}, {"type": "Feature", "geometry": null, "properties": {"nome": "Rio Perequezinho", "tipo": "stream", "classe": "ribeirao"}}, {"type": "Feature", "geometry": null, "properties": {"nome": "Rio Perequezinho", "tipo": "stream", "classe": "ribeirao"}}, {"type": "Feature", "geometry": null, "properties": {"nome": "Rio Perequezinho", "tipo": "stream", "classe": "ribeirao"}}, {"type": "Feature", "geometry": null, "properties": {"nome": "Rio Perequezinho", "tipo": "stream", "classe": "ribeirao"}}, {"type": "Feature", "geometry": null, "properties": {"nome": "Rio Perequezinho", "tipo": "stream", "classe": "ribeirao"}}, {"type": "Feature", "geometry": null, "properties": {"nome": "Rio Perequezinho", "tipo": "stream", "classe": "ribeirao"}}, {"type": "Feature", "geometry": null, "properties": {"nome": "Rio Jaraguazinho", "tipo": "river", "classe": "rio"}}, {"type": "Feature", "geometry": null, "properties": {"nome": "Ribeirão Macuco Pequeno", "tipo": "river", "classe": "rio"}}, {"type": "Feature", "geometry": null, "properties": {"nome": "Ribeirão Macuco Pequeno", "tipo": "river", "classe": "rio"}}, {"type": "Feature", "geometry": null, "properties": {"nome": "Córrego Vitória", "tipo": "stream", "classe": "ribeirao"}}, {"type": "Feature", "geometry": null, "properties": {"nome": "Córrego Vitória", "tipo": "stream", "classe": "ribeirao"}}, {"type": "Feature", "geometry": null, "properties": {"nome": "Córrego São Roque", "tipo": "stream", "classe": "ribeirao"}}, {"type": "Feature", "geometry": null, "properties": {"nome": "Ribeirão Stinghen", "tipo": "stream", "classe": "ribeirao"}}, {"type": "Feature", "geometry": null, "properties": {"nome": "Ribeirão Stinghen", "tipo": "stream", "classe": "ribeirao"}}, {"type": "Feature", "geometry": null, "properties": {"nome": "Córrego Vitória", "tipo": "stream", "classe": "ribeirao"}}, {"type": "Feature", "geometry": null, "properties": {"nome": "Córrego Vitória", "tipo": "stream", "classe": "ribeirao"}}, {"type": "Feature", "geometry": null, "properties": {"nome": "Ribeirão da Velha Pequena", "tipo": "stream", "classe": "ribeirao"}}, {"type": "Feature", "geometry": null, "properties": {"nome": "Ribeirão da Velha Pequena", "tipo": "stream", "classe": "ribeirao"}}, {"type": "Feature", "geometry": null, "properties": {"nome": "Ribeirão da Velha Pequena", "tipo": "stream", "classe": "ribeirao"}}, {"type": "Feature", "geometry": null, "properties": {"nome": "Ribeirão da Velha Pequena", "tipo": "stream", "classe": "ribeirao"}}, {"type": "Feature", "geometry": null, "properties": {"nome": "Córrego Germano", "tipo": "stream", "classe": "ribeirao"}}, {"type": "Feature", "geometry": null, "properties": {"nome": "Córrego Germano", "tipo": "stream", "classe": "ribeirao"}}, {"type": "Feature", "geometry": null, "properties": {"nome": "Córrego Germano", "tipo": "stream", "classe": "ribeirao"}}, {"type": "Feature", "geometry": null, "properties": {"nome": "Córrego Germano", "tipo": "stream", "classe": "ribeirao"}}, {"type": "Feature", "geometry": null, "properties": {"nome": "Ribeirão Guaporuma", "tipo": "river", "classe": "rio"}}, {"type": "Feature", "geometry": null, "properties": {"nome": "Ribeirão Guaporuma", "tipo": "river", "classe": "rio"}}, {"type": "Feature", "geometry": null, "properties": {"nome": "Ribeirão Jararaca", "tipo": "stream", "classe": "ribeirao"}}, {"type": "Feature", "geometry": null, "properties": {"nome": "Córrego Três Quebras", "tipo": "stream", "classe": "ribeirao"}}, {"type": "Feature", "geometry": null, "properties": {"nome": "Córrego Três Quebras", "tipo": "stream", "classe": "ribeirao"}}, {"type": "Feature", "geometry": null, "properties": {"nome": "Rio da Luz", "tipo": "stream", "classe": "ribeirao"}}, {"type": "Feature", "geometry": null, "properties": {"nome": "Rio da Luz", "tipo": "stream", "classe": "ribeirao"}}, {"type": "Feature", "geometry": null, "properties": {"nome": "Rio da Luz", "tipo": "stream", "classe": "ribeirao"}}, {"type": "Feature", "geometry": null, "properties": {"nome": "Rio da Luz", "tipo": "stream", "classe": "ribeirao"}}, {"type": "Feature", "geometry": null, "properties": {"nome": "Rio da Luz", "tipo": "stream", "classe": "ribeirao"}}, {"type": "Feature", "geometry": null, "properties": {"nome": "Rio da Luz", "tipo": "stream", "classe": "ribeirao"}}, {"type": "Feature", "geometry": null, "properties": {"nome": "Rio da Luz", "tipo": "stream", "classe": "ribeirao"}}, {"type": "Feature", "geometry": null, "properties": {"nome": "Rio da Palha", "tipo": "stream", "classe": "ribeirao"}}, {"type": "Feature", "geometry": null, "properties": {"nome": "Rio Palha", "tipo": "stream", "classe": "ribeirao"}}, {"type": "Feature", "geometry": null, "properties": {"nome": "Rio Braço do Norte", "tipo": "stream", "classe": "ribeirao"}}, {"type": "Feature", "geometry": null, "properties": {"nome": "Rio Braço do Norte", "tipo": "stream", "classe": "ribeirao"}}, {"type": "Feature", "geometry": null, "properties": {"nome": "Rio Braço do Norte", "tipo": "stream", "classe": "ribeirao"}}, {"type": "Feature", "geometry": null, "properties": {"nome": "Rio Braço do Norte", "tipo": "stream", "classe": "ribeirao"}}, {"type": "Feature", "geometry": null, "properties": {"nome": "Rio Braço do Norte", "tipo": "stream", "classe": "ribeirao"}}, {"type": "Feature", "geometry": null, "properties": {"nome": "Rio Carolina", "tipo": "river", "classe": "rio"}}, {"type": "Feature", "geometry": null, "properties": {"nome": "Rio Carolina", "tipo": "river", "classe": "rio"}}, {"type": "Feature", "geometry": null, "properties": {"nome": "Ribeirão Grande da Luz", "tipo": "stream", "classe": "ribeirao"}}, {"type": "Feature", "geometry": null, "properties": {"nome": "Ribeirão Grande da Luz", "tipo": "stream", "classe": "ribeirao"}}, {"type": "Feature", "geometry": null, "properties": {"nome": "Ribeirão Grande da Luz", "tipo": "stream", "classe": "ribeirao"}}, {"type": "Feature", "geometry": null, "properties": {"nome": "Córrego do Quilombo", "tipo": "stream", "classe": "ribeirao"}}, {"type": "Feature", "geometry": null, "properties": {"nome": "Rio da Mata de Camboriú", "tipo": "stream", "classe": "ribeirao"}}, {"type": "Feature", "geometry": null, "properties": {"nome": "Rio da Mata de Camboriú", "tipo": "river", "classe": "rio"}}, {"type": "Feature", "geometry": null, "properties": {"nome": "Rio Perequezinho", "tipo": "river", "classe": "rio"}}, {"type": "Feature", "geometry": null, "properties": {"nome": "Rio Caetés", "tipo": "stream", "classe": "ribeirao"}}, {"type": "Feature", "geometry": null, "properties": {"nome": "Rio Caetés", "tipo": "stream", "classe": "ribeirao"}}, {"type": "Feature", "geometry": null, "properties": {"nome": "Ribeirão Massaranduba", "tipo": "river", "classe": "rio"}}, {"type": "Feature", "geometry": null, "properties": {"nome": "Ribeirão Massaranduba", "tipo": "river", "classe": "rio"}}, {"type": "Feature", "geometry": null, "properties": {"nome": "Ribeirão Massaranduba", "tipo": "river", "classe": "rio"}}, {"type": "Feature", "geometry": null, "properties": {"nome": "Ribeirão Massaranduba", "tipo": "river", "classe": "rio"}}, {"type": "Feature", "geometry": null, "properties": {"nome": "Ribeirão Massaranduba", "tipo": "river", "classe": "rio"}}, {"type": "Feature", "geometry": null, "properties": {"nome": "Ribeirão Massaranduba", "tipo": "river", "classe": "rio"}}, {"type": "Feature", "geometry": null, "properties": {"nome": "Ribeirão Massaranduba", "tipo": "river", "classe": "rio"}}, {"type": "Feature", "geometry": null, "properties": {"nome": "Ribeirão Massaranduba", "tipo": "river", "classe": "rio"}}, {"type": "Feature", "geometry": null, "properties": {"nome": "Ribeirão Massaranduba", "tipo": "river", "classe": "rio"}}, {"type": "Feature", "geometry": null, "properties": {"nome": "Ribeirão Massaranduba", "tipo": "river", "classe": "rio"}}, {"type": "Feature", "geometry": null, "properties": {"nome": "Ribeirão Massaranduba", "tipo": "river", "classe": "rio"}}, {"type": "Feature", "geometry": null, "properties": {"nome": "Ribeirão Massaranduba", "tipo": "river", "classe": "rio"}}, {"type": "Feature", "geometry": null, "properties": {"nome": "Ribeirão Massaranduba", "tipo": "river", "classe": "rio"}}, {"type": "Feature", "geometry": null, "properties": {"nome": "Ribeirão Massaranduba", "tipo": "river", "classe": "rio"}}, {"type": "Feature", "geometry": null, "properties": {"nome": "Ribeirão Massaranduba", "tipo": "river", "classe": "rio"}}, {"type": "Feature", "geometry": null, "properties": {"nome": "Ribeirão Massaranduba", "tipo": "river", "classe": "rio"}}, {"type": "Feature", "geometry": null, "properties": {"nome": "Ribeirão Massaranduba", "tipo": "river", "classe": "rio"}}, {"type": "Feature", "geometry": null, "properties": {"nome": "Ribeirão Massaranduba", "tipo": "river", "classe": "rio"}}, {"type": "Feature", "geometry": null, "properties": {"nome": "Ribeirão Massaranduba", "tipo": "river", "classe": "rio"}}, {"type": "Feature", "geometry": null, "properties": {"nome": "Ribeirão Massaranduba", "tipo": "river", "classe": "rio"}}, {"type": "Feature", "geometry": null, "properties": {"nome": "Ribeirão Massaranduba", "tipo": "river", "classe": "rio"}}, {"type": "Feature", "geometry": null, "properties": {"nome": "Ribeirão Massaranduba", "tipo": "river", "classe": "rio"}}, {"type": "Feature", "geometry": null, "properties": {"nome": "Ribeirão Massaranduba", "tipo": "river", "classe": "rio"}}, {"type": "Feature", "geometry": null, "properties": {"nome": "Ribeirão Massaranduba", "tipo": "river", "classe": "rio"}}, {"type": "Feature", "geometry": null, "properties": {"nome": "Rio Matador", "tipo": "stream", "classe": "ribeirao"}}, {"type": "Feature", "geometry": null, "properties": {"nome": "Rio Matador", "tipo": "stream", "classe": "ribeirao"}}, {"type": "Feature", "geometry": null, "properties": {"nome": "Rio Matador", "tipo": "stream", "classe": "ribeirao"}}, {"type": "Feature", "geometry": null, "properties": {"nome": "Rio Matador", "tipo": "stream", "classe": "ribeirao"}}, {"type": "Feature", "geometry": null, "properties": {"nome": "Rio Matador", "tipo": "stream", "classe": "ribeirao"}}, {"type": "Feature", "geometry": null, "properties": {"nome": "Rio do Barreiro", "tipo": "stream", "classe": "ribeirao"}}, {"type": "Feature", "geometry": null, "properties": {"nome": "Rio do Barreiro", "tipo": "stream", "classe": "ribeirao"}}, {"type": "Feature", "geometry": null, "properties": {"nome": "Arroio Barreirinho", "tipo": "stream", "classe": "ribeirao"}}, {"type": "Feature", "geometry": null, "properties": {"nome": "Arroio Barreirinho", "tipo": "stream", "classe": "ribeirao"}}, {"type": "Feature", "geometry": null, "properties": {"nome": "Rio do Barreiro", "tipo": "stream", "classe": "ribeirao"}}, {"type": "Feature", "geometry": null, "properties": {"nome": "Arroio Barreirinho", "tipo": "stream", "classe": "ribeirao"}}, {"type": "Feature", "geometry": null, "properties": {"nome": "Rio de Trás", "tipo": "stream", "classe": "ribeirao"}}, {"type": "Feature", "geometry": null, "properties": {"nome": "Arroio Anta Nova", "tipo": "stream", "classe": "ribeirao"}}, {"type": "Feature", "geometry": null, "properties": {"nome": "Córrego Silvino", "tipo": "stream", "classe": "ribeirao"}}, {"type": "Feature", "geometry": null, "properties": {"nome": "Córrego Silvino", "tipo": "stream", "classe": "ribeirao"}}, {"type": "Feature", "geometry": null, "properties": {"nome": "Ribeirão João Gualberto", "tipo": "stream", "classe": "ribeirao"}}, {"type": "Feature", "geometry": null, "properties": {"nome": "Ribeirão João Gualberto", "tipo": "stream", "classe": "ribeirao"}}, {"type": "Feature", "geometry": null, "properties": {"nome": "Riacho da Igreja", "tipo": "stream", "classe": "ribeirao"}}, {"type": "Feature", "geometry": null, "properties": {"nome": "Riacho da Igreja", "tipo": "stream", "classe": "ribeirao"}}, {"type": "Feature", "geometry": null, "properties": {"nome": "Riacho da Igreja", "tipo": "stream", "classe": "ribeirao"}}, {"type": "Feature", "geometry": null, "properties": {"nome": "Rio Doce", "tipo": "stream", "classe": "ribeirao"}}, {"type": "Feature", "geometry": null, "properties": {"nome": "Rio Doce", "tipo": "stream", "classe": "ribeirao"}}, {"type": "Feature", "geometry": null, "properties": {"nome": "Rio Doce", "tipo": "stream", "classe": "ribeirao"}}, {"type": "Feature", "geometry": null, "properties": {"nome": "Rio Doce", "tipo": "stream", "classe": "ribeirao"}}, {"type": "Feature", "geometry": null, "properties": {"nome": "Ribeirão Grande", "tipo": "stream", "classe": "ribeirao"}}, {"type": "Feature", "geometry": null, "properties": {"nome": "Ribeirão Grande", "tipo": "river", "classe": "rio"}}, {"type": "Feature", "geometry": null, "properties": {"nome": "Ribeirão das Capivaras", "tipo": "stream", "classe": "ribeirao"}}, {"type": "Feature", "geometry": null, "properties": {"nome": "Ribeirão das Capivaras", "tipo": "stream", "classe": "ribeirao"}}, {"type": "Feature", "geometry": null, "properties": {"nome": "Ribeirão das Capivaras", "tipo": "stream", "classe": "ribeirao"}}, {"type": "Feature", "geometry": null, "properties": {"nome": "Ribeirão das Capivaras", "tipo": "stream", "classe": "ribeirao"}}, {"type": "Feature", "geometry": null, "properties": {"nome": "Ribeirão das Capivaras", "tipo": "stream", "classe": "ribeirao"}}, {"type": "Feature", "geometry": null, "properties": {"nome": "Ribeirão das Capivaras", "tipo": "stream", "classe": "ribeirao"}}, {"type": "Feature", "geometry": null, "properties": {"nome": "Rio Papaquara", "tipo": "stream", "classe": "ribeirao"}}, {"type": "Feature", "geometry": null, "properties": {"nome": "Rio Papaquara", "tipo": "stream", "classe": "ribeirao"}}, {"type": "Feature", "geometry": null, "properties": {"nome": "Rio Papaquara", "tipo": "stream", "classe": "ribeirao"}}, {"type": "Feature", "geometry": null, "properties": {"nome": "Rio Papaquara", "tipo": "stream", "classe": "ribeirao"}}, {"type": "Feature", "geometry": null, "properties": {"nome": "Rio Palha", "tipo": "stream", "classe": "ribeirao"}}, {"type": "Feature", "geometry": null, "properties": {"nome": "Rio Palha", "tipo": "stream", "classe": "ribeirao"}}, {"type": "Feature", "geometry": null, "properties": {"nome": "Rio Palha", "tipo": "stream", "classe": "ribeirao"}}, {"type": "Feature", "geometry": null, "properties": {"nome": "Rio Palha", "tipo": "stream", "classe": "ribeirao"}}, {"type": "Feature", "geometry": null, "properties": {"nome": "Ribeirão Vargem Pequena", "tipo": "stream", "classe": "ribeirao"}}, {"type": "Feature", "geometry": null, "properties": {"nome": "Ribeirão Vargem Pequena", "tipo": "stream", "classe": "ribeirao"}}, {"type": "Feature", "geometry": null, "properties": {"nome": "Rio Ratones", "tipo": "stream", "classe": "ribeirao"}}, {"type": "Feature", "geometry": null, "properties": {"nome": "Ribeirão da Capela", "tipo": "stream", "classe": "ribeirao"}}, {"type": "Feature", "geometry": null, "properties": {"nome": "Ribeirão da Capela", "tipo": "stream", "classe": "ribeirao"}}, {"type": "Feature", "geometry": null, "properties": {"nome": "Ribeirão da Capela", "tipo": "stream", "classe": "ribeirao"}}, {"type": "Feature", "geometry": null, "properties": {"nome": "Ribeirão da Capela", "tipo": "stream", "classe": "ribeirao"}}, {"type": "Feature", "geometry": null, "properties": {"nome": "Ribeirão da Capela", "tipo": "stream", "classe": "ribeirao"}}, {"type": "Feature", "geometry": null, "properties": {"nome": "Ribeirão da Capela", "tipo": "stream", "classe": "ribeirao"}}, {"type": "Feature", "geometry": null, "properties": {"nome": "Ribeirão da Capela", "tipo": "stream", "classe": "ribeirao"}}, {"type": "Feature", "geometry": null, "properties": {"nome": "Ribeirão da Capela", "tipo": "stream", "classe": "ribeirao"}}, {"type": "Feature", "geometry": null, "properties": {"nome": "Ribeirão da Capela", "tipo": "stream", "classe": "ribeirao"}}, {"type": "Feature", "geometry": null, "properties": {"nome": "Rio do Veríssimo", "tipo": "stream", "classe": "ribeirao"}}, {"type": "Feature", "geometry": null, "properties": {"nome": "Rio do Veríssimo", "tipo": "stream", "classe": "ribeirao"}}, {"type": "Feature", "geometry": null, "properties": {"nome": "Rio do Veríssimo", "tipo": "stream", "classe": "ribeirao"}}, {"type": "Feature", "geometry": null, "properties": {"nome": "Rio do Veríssimo", "tipo": "stream", "classe": "ribeirao"}}, {"type": "Feature", "geometry": null, "properties": {"nome": "Rio Papaquara", "tipo": "river", "classe": "rio"}}, {"type": "Feature", "geometry": null, "properties": {"nome": "Ribeirão Doutor Pedro", "tipo": "stream", "classe": "ribeirao"}}, {"type": "Feature", "geometry": null, "properties": {"nome": "Ribeirão Doutor Pedro", "tipo": "stream", "classe": "ribeirao"}}, {"type": "Feature", "geometry": null, "properties": {"nome": "Ribeirão Doutor Pedro", "tipo": "stream", "classe": "ribeirao"}}, {"type": "Feature", "geometry": null, "properties": {"nome": "Ribeirão Doutor Pedro", "tipo": "stream", "classe": "ribeirao"}}, {"type": "Feature", "geometry": null, "properties": {"nome": "Ribeirão Doutor Pedro", "tipo": "stream", "classe": "ribeirao"}}, {"type": "Feature", "geometry": null, "properties": {"nome": "Ribeirão Doutor Pedro", "tipo": "stream", "classe": "ribeirao"}}, {"type": "Feature", "geometry": null, "properties": {"nome": "Ribeirão Doutor Pedro", "tipo": "stream", "classe": "ribeirao"}}, {"type": "Feature", "geometry": null, "properties": {"nome": "Ribeirão Doutor Pedro", "tipo": "stream", "classe": "ribeirao"}}, {"type": "Feature", "geometry": null, "properties": {"nome": "Ribeirão Doutor Pedro", "tipo": "stream", "classe": "ribeirao"}}, {"type": "Feature", "geometry": null, "properties": {"nome": "Ribeirão Doutor Pedro", "tipo": "stream", "classe": "ribeirao"}}, {"type": "Feature", "geometry": null, "properties": {"nome": "Ribeirão Doutor Pedro", "tipo": "stream", "classe": "ribeirao"}}, {"type": "Feature", "geometry": null, "properties": {"nome": "Ribeirão Doutor Pedro", "tipo": "stream", "classe": "ribeirao"}}, {"type": "Feature", "geometry": null, "properties": {"nome": "Ribeirão Doutor Pedro", "tipo": "stream", "classe": "ribeirao"}}, {"type": "Feature", "geometry": null, "properties": {"nome": "Rio Jacatirão", "tipo": "river", "classe": "rio"}}, {"type": "Feature", "geometry": null, "properties": {"nome": "Rio Jacatirão", "tipo": "river", "classe": "rio"}}, {"type": "Feature", "geometry": null, "properties": {"nome": "Rio do Mel", "tipo": "river", "classe": "rio"}}, {"type": "Feature", "geometry": null, "properties": {"nome": "Rio Pau do Barco", "tipo": "stream", "classe": "ribeirao"}}, {"type": "Feature", "geometry": null, "properties": {"nome": "Rio Pau do Barco", "tipo": "stream", "classe": "ribeirao"}}, {"type": "Feature", "geometry": null, "properties": {"nome": "Rio Pau do Barco", "tipo": "stream", "classe": "ribeirao"}}, {"type": "Feature", "geometry": null, "properties": {"nome": "Rio Pau do Barco", "tipo": "stream", "classe": "ribeirao"}}, {"type": "Feature", "geometry": null, "properties": {"nome": "Rio Pau do Barco", "tipo": "stream", "classe": "ribeirao"}}, {"type": "Feature", "geometry": null, "properties": {"nome": "Rio Pau do Barco", "tipo": "stream", "classe": "ribeirao"}}, {"type": "Feature", "geometry": null, "properties": {"nome": "Rio Pau do Barco", "tipo": "stream", "classe": "ribeirao"}}, {"type": "Feature", "geometry": null, "properties": {"nome": "Rio Pau do Barco", "tipo": "stream", "classe": "ribeirao"}}, {"type": "Feature", "geometry": null, "properties": {"nome": "Rio Inácio", "tipo": "stream", "classe": "ribeirao"}}, {"type": "Feature", "geometry": null, "properties": {"nome": "Rio Inácio", "tipo": "stream", "classe": "ribeirao"}}, {"type": "Feature", "geometry": null, "properties": {"nome": "Rio Inácio", "tipo": "stream", "classe": "ribeirao"}}, {"type": "Feature", "geometry": null, "properties": {"nome": "Ribeirão Vadik", "tipo": "stream", "classe": "ribeirao"}}, {"type": "Feature", "geometry": null, "properties": {"nome": "Rio do Meio", "tipo": "stream", "classe": "ribeirao"}}, {"type": "Feature", "geometry": null, "properties": {"nome": "Rio do Meio", "tipo": "stream", "classe": "ribeirao"}}, {"type": "Feature", "geometry": null, "properties": {"nome": "Córrego do Sertão da Fazenda", "tipo": "stream", "classe": "ribeirao"}}, {"type": "Feature", "geometry": null, "properties": {"nome": "Córrego do Sertão da Fazenda", "tipo": "stream", "classe": "ribeirao"}}, {"type": "Feature", "geometry": null, "properties": {"nome": "Rio Tavares", "tipo": "stream", "classe": "ribeirao"}}, {"type": "Feature", "geometry": null, "properties": {"nome": "Rio Tavares", "tipo": "stream", "classe": "ribeirao"}}, {"type": "Feature", "geometry": null, "properties": {"nome": "Rio Tavares", "tipo": "stream", "classe": "ribeirao"}}, {"type": "Feature", "geometry": null, "properties": {"nome": "Rio Tavares", "tipo": "stream", "classe": "ribeirao"}}, {"type": "Feature", "geometry": null, "properties": {"nome": "Rio Pirajubaé", "tipo": "stream", "classe": "ribeirao"}}, {"type": "Feature", "geometry": null, "properties": {"nome": "Rio Pirajubaé", "tipo": "stream", "classe": "ribeirao"}}, {"type": "Feature", "geometry": null, "properties": {"nome": "Rio do Veríssimo", "tipo": "stream", "classe": "ribeirao"}}, {"type": "Feature", "geometry": null, "properties": {"nome": "Rio Pirajubaé", "tipo": "stream", "classe": "ribeirao"}}, {"type": "Feature", "geometry": null, "properties": {"nome": "Rio da Casqueira", "tipo": "stream", "classe": "ribeirao"}}, {"type": "Feature", "geometry": null, "properties": {"nome": "Ribeirão Doutor Pedro", "tipo": "stream", "classe": "ribeirao"}}, {"type": "Feature", "geometry": null, "properties": {"nome": "Rio Pau do Barco", "tipo": "stream", "classe": "ribeirao"}}, {"type": "Feature", "geometry": null, "properties": {"nome": "Rio Pirajubaé", "tipo": "stream", "classe": "ribeirao"}}, {"type": "Feature", "geometry": null, "properties": {"nome": "Rio do Veríssimo", "tipo": "stream", "classe": "ribeirao"}}, {"type": "Feature", "geometry": null, "properties": {"nome": "Rio Cachoeira Grande", "tipo": "stream", "classe": "ribeirao"}}, {"type": "Feature", "geometry": null, "properties": {"nome": "Rio Doce", "tipo": "stream", "classe": "ribeirao"}}, {"type": "Feature", "geometry": null, "properties": {"nome": "Córrego Silvino", "tipo": "stream", "classe": "ribeirao"}}, {"type": "Feature", "geometry": null, "properties": {"nome": "Rio do Veríssimo", "tipo": "stream", "classe": "ribeirao"}}, {"type": "Feature", "geometry": null, "properties": {"nome": "Rio do Veríssimo", "tipo": "stream", "classe": "ribeirao"}}, {"type": "Feature", "geometry": null, "properties": {"nome": "Ribeirão Doutor Pedro", "tipo": "stream", "classe": "ribeirao"}}, {"type": "Feature", "geometry": null, "properties": {"nome": "Rio Jacatirão", "tipo": "river", "classe": "rio"}}, {"type": "Feature", "geometry": null, "properties": {"nome": "Rio do Veríssimo", "tipo": "stream", "classe": "ribeirao"}}, {"type": "Feature", "geometry": null, "properties": {"nome": "Rio Inácio", "tipo": "stream", "classe": "ribeirao"}}, {"type": "Feature", "geometry": null, "properties": {"nome": "Ribeirão João Gualberto", "tipo": "stream", "classe": "ribeirao"}}, {"type": "Feature", "geometry": null, "properties": {"nome": "Rio Pirajubaé", "tipo": "stream", "classe": "ribeirao"}}, {"type": "Feature", "geometry": null, "properties": {"nome": "Rio do Veríssimo", "tipo": "stream", "classe": "ribeirao"}}, {"type": "Feature", "geometry": null, "properties": {"nome": "Rio Cachoeira Grande", "tipo": "stream", "classe": "ribeirao"}}, {"type": "Feature", "geometry": null, "properties": {"nome": "Rio do Veríssimo", "tipo": "stream", "classe": "ribeirao"}}, {"type": "Feature", "geometry": null, "properties": {"nome": "Riacho da Igreja", "tipo": "stream", "classe": "ribeirao"}}, {"type": "Feature", "geometry": null, "properties": {"nome": "Rio dos Defuntos", "tipo": "stream", "classe": "ribeirao"}}, {"type": "Feature", "geometry": null, "properties": {"nome": "Rio do Mel", "tipo": "river", "classe": "rio"}}, {"type": "Feature", "geometry": null, "properties": {"nome": "Rio Pirajubaé", "tipo": "stream", "classe": "ribeirao"}}, {"type": "Feature", "geometry": null, "properties": {"nome": "Rio Doce", "tipo": "stream", "classe": "ribeirao"}}, {"type": "Feature", "geometry": null, "properties": {"nome": "Rio do Braço", "tipo": "river", "classe": "rio"}}, {"type": "Feature", "geometry": null, "properties": {"nome": "Rio do Braço", "tipo": "river", "classe": "rio"}}, {"type": "Feature", "geometry": null, "properties": {"nome": "Rio do Braço", "tipo": "river", "classe": "rio"}}, {"type": "Feature", "geometry": null, "properties": {"nome": "Rio do Braço", "tipo": "river", "classe": "rio"}}, {"type": "Feature", "geometry": null, "properties": {"nome": "Rio do Braço", "tipo": "river", "classe": "rio"}}, {"type": "Feature", "geometry": null, "properties": {"nome": "Rio do Braço", "tipo": "river", "classe": "rio"}}, {"type": "Feature", "geometry": null, "properties": {"nome": "Rio do Braço", "tipo": "river", "classe": "rio"}}, {"type": "Feature", "geometry": null, "properties": {"nome": "Rio do Braço", "tipo": "river", "classe": "rio"}}, {"type": "Feature", "geometry": null, "properties": {"nome": "Rio do Braço", "tipo": "river", "classe": "rio"}}, {"type": "Feature", "geometry": null, "properties": {"nome": "Rio do Braço", "tipo": "river", "classe": "rio"}}, {"type": "Feature", "geometry": null, "properties": {"nome": "Rio Tijucas", "tipo": "river", "classe": "rio"}}, {"type": "Feature", "geometry": null, "properties": {"nome": "Rio Tijucas", "tipo": "river", "classe": "rio"}}, {"type": "Feature", "geometry": null, "properties": {"nome": "Rio Tijucas", "tipo": "river", "classe": "rio"}}, {"type": "Feature", "geometry": null, "properties": {"nome": "Rio Tijucas", "tipo": "river", "classe": "rio"}}, {"type": "Feature", "geometry": null, "properties": {"nome": "Rio Tijucas", "tipo": "river", "classe": "rio"}}, {"type": "Feature", "geometry": null, "properties": {"nome": "Rio do Braço", "tipo": "river", "classe": "rio"}}, {"type": "Feature", "geometry": null, "properties": {"nome": "Rio Tijucas", "tipo": "river", "classe": "rio"}}, {"type": "Feature", "geometry": null, "properties": {"nome": "Rio Tijucas", "tipo": "river", "classe": "rio"}}, {"type": "Feature", "geometry": null, "properties": {"nome": "Rio do Braço", "tipo": "river", "classe": "rio"}}, {"type": "Feature", "geometry": null, "properties": {"nome": "Rio Tijucas", "tipo": "river", "classe": "rio"}}, {"type": "Feature", "geometry": null, "properties": {"nome": "Rio do Braço", "tipo": "river", "classe": "rio"}}, {"type": "Feature", "geometry": null, "properties": {"nome": "Rio Tijucas", "tipo": "river", "classe": "rio"}}, {"type": "Feature", "geometry": null, "properties": {"nome": "Rio Aririú", "tipo": "river", "classe": "rio"}}, {"type": "Feature", "geometry": null, "properties": {"nome": "Rio Aririú", "tipo": "river", "classe": "rio"}}, {"type": "Feature", "geometry": null, "properties": {"nome": "Ribeirão Porto Franco", "tipo": "river", "classe": "rio"}}, {"type": "Feature", "geometry": null, "properties": {"nome": "Ribeirão Porto Franco", "tipo": "river", "classe": "rio"}}, {"type": "Feature", "geometry": null, "properties": {"nome": "Ribeirão de Molha", "tipo": "river", "classe": "rio"}}, {"type": "Feature", "geometry": null, "properties": {"nome": "Rio do Mata-Fome", "tipo": "stream", "classe": "ribeirao"}}, {"type": "Feature", "geometry": null, "properties": {"nome": "Rio Cambirela", "tipo": "stream", "classe": "ribeirao"}}, {"type": "Feature", "geometry": null, "properties": {"nome": "Rio do Neto", "tipo": "stream", "classe": "ribeirao"}}, {"type": "Feature", "geometry": null, "properties": {"nome": "Rio Forcação", "tipo": "river", "classe": "rio"}}, {"type": "Feature", "geometry": null, "properties": {"nome": "Rio da Onça", "tipo": "stream", "classe": "ribeirao"}}, {"type": "Feature", "geometry": null, "properties": {"nome": "Rio Novo", "tipo": "stream", "classe": "ribeirao"}}, {"type": "Feature", "geometry": null, "properties": {"nome": "Ribeirão da Campina", "tipo": "stream", "classe": "ribeirao"}}, {"type": "Feature", "geometry": null, "properties": {"nome": "Ribeirão Lima", "tipo": "stream", "classe": "ribeirao"}}, {"type": "Feature", "geometry": null, "properties": {"nome": "Arroio do Pavão", "tipo": "stream", "classe": "ribeirao"}}, {"type": "Feature", "geometry": null, "properties": {"nome": "Ribeirão Nato", "tipo": "stream", "classe": "ribeirao"}}, {"type": "Feature", "geometry": null, "properties": {"nome": "Ribeirão Caeté", "tipo": "river", "classe": "rio"}}, {"type": "Feature", "geometry": null, "properties": {"nome": "Ribeirão Caeté", "tipo": "river", "classe": "rio"}}, {"type": "Feature", "geometry": null, "properties": {"nome": "Ribeirão Braço do Sertão", "tipo": "stream", "classe": "ribeirao"}}, {"type": "Feature", "geometry": null, "properties": {"nome": "Ribeirão Braço do Sertão", "tipo": "stream", "classe": "ribeirao"}}, {"type": "Feature", "geometry": null, "properties": {"nome": "Ribeirão Braço do Sertão", "tipo": "stream", "classe": "ribeirao"}}, {"type": "Feature", "geometry": null, "properties": {"nome": "Ribeirão Braço do Sertão", "tipo": "stream", "classe": "ribeirao"}}, {"type": "Feature", "geometry": null, "properties": {"nome": "Ribeirão Braço do Sertão", "tipo": "stream", "classe": "ribeirao"}}, {"type": "Feature", "geometry": null, "properties": {"nome": "Ribeirão Braço do Sertão", "tipo": "stream", "classe": "ribeirao"}}, {"type": "Feature", "geometry": null, "properties": {"nome": "Ribeirão Braço do Sertão", "tipo": "stream", "classe": "ribeirao"}}, {"type": "Feature", "geometry": null, "properties": {"nome": "Ribeirão Braço do Sertão", "tipo": "stream", "classe": "ribeirao"}}, {"type": "Feature", "geometry": null, "properties": {"nome": "Ribeirão Braço do Sertão", "tipo": "stream", "classe": "ribeirao"}}, {"type": "Feature", "geometry": null, "properties": {"nome": "Ribeirão Braço do Sertão", "tipo": "stream", "classe": "ribeirao"}}, {"type": "Feature", "geometry": null, "properties": {"nome": "Ribeirão Braço do Sertão", "tipo": "stream", "classe": "ribeirao"}}, {"type": "Feature", "geometry": null, "properties": {"nome": "Ribeirão Braço do Sertão", "tipo": "stream", "classe": "ribeirao"}}, {"type": "Feature", "geometry": null, "properties": {"nome": "Ribeirão Braço do Sertão", "tipo": "stream", "classe": "ribeirao"}}, {"type": "Feature", "geometry": null, "properties": {"nome": "Ribeirão Braço do Sertão", "tipo": "stream", "classe": "ribeirao"}}, {"type": "Feature", "geometry": null, "properties": {"nome": "Rio do Braço", "tipo": "stream", "classe": "ribeirao"}}, {"type": "Feature", "geometry": null, "properties": {"nome": "Rio Cachoeira da Aninha Mata", "tipo": "stream", "classe": "ribeirao"}}, {"type": "Feature", "geometry": null, "properties": {"nome": "Ribeirão Cachoeira das Sete Braças", "tipo": "stream", "classe": "ribeirao"}}, {"type": "Feature", "geometry": null, "properties": {"nome": "Ribeirão Braço do Sertão", "tipo": "stream", "classe": "ribeirao"}}, {"type": "Feature", "geometry": null, "properties": {"nome": "Ribeirão do Tigre", "tipo": "stream", "classe": "ribeirao"}}, {"type": "Feature", "geometry": null, "properties": {"nome": "Rio Ponta Comprida", "tipo": "river", "classe": "rio"}}, {"type": "Feature", "geometry": null, "properties": {"nome": "Rio Ponta Comprida", "tipo": "river", "classe": "rio"}}, {"type": "Feature", "geometry": null, "properties": {"nome": "Rio Ponta Comprida", "tipo": "river", "classe": "rio"}}, {"type": "Feature", "geometry": null, "properties": {"nome": "Rio Ponta Comprida", "tipo": "river", "classe": "rio"}}, {"type": "Feature", "geometry": null, "properties": {"nome": "Rio Ponta Comprida", "tipo": "river", "classe": "rio"}}, {"type": "Feature", "geometry": null, "properties": {"nome": "Rio Ponta Comprida", "tipo": "river", "classe": "rio"}}, {"type": "Feature", "geometry": null, "properties": {"nome": "Ribeirão Souto", "tipo": "river", "classe": "rio"}}, {"type": "Feature", "geometry": null, "properties": {"nome": "Ribeirão Souto", "tipo": "river", "classe": "rio"}}, {"type": "Feature", "geometry": null, "properties": {"nome": "Rio Itaperiú", "tipo": "stream", "classe": "ribeirao"}}, {"type": "Feature", "geometry": null, "properties": {"nome": "Rio Itaperiú", "tipo": "stream", "classe": "ribeirao"}}, {"type": "Feature", "geometry": null, "properties": {"nome": "Rio Novo", "tipo": "river", "classe": "rio"}}, {"type": "Feature", "geometry": null, "properties": {"nome": "Rio Novo", "tipo": "river", "classe": "rio"}}, {"type": "Feature", "geometry": null, "properties": {"nome": "Rio Itaperiú", "tipo": "stream", "classe": "ribeirao"}}, {"type": "Feature", "geometry": null, "properties": {"nome": "Rio Itaperiú", "tipo": "stream", "classe": "ribeirao"}}, {"type": "Feature", "geometry": null, "properties": {"nome": "Rio Itaperiú", "tipo": "stream", "classe": "ribeirao"}}, {"type": "Feature", "geometry": null, "properties": {"nome": "Rio Itaperiú", "tipo": "stream", "classe": "ribeirao"}}, {"type": "Feature", "geometry": null, "properties": {"nome": "Ribeirão do Salto", "tipo": "river", "classe": "rio"}}, {"type": "Feature", "geometry": null, "properties": {"nome": "Ribeirão do Salto", "tipo": "river", "classe": "rio"}}, {"type": "Feature", "geometry": null, "properties": {"nome": "Ribeirão do Salto", "tipo": "river", "classe": "rio"}}, {"type": "Feature", "geometry": null, "properties": {"nome": "Ribeirão do Salto", "tipo": "river", "classe": "rio"}}, {"type": "Feature", "geometry": null, "properties": {"nome": "Ribeirão da Lagoa", "tipo": "canal", "classe": "canal"}}, {"type": "Feature", "geometry": null, "properties": {"nome": "Ribeirão da Lagoa", "tipo": "canal", "classe": "canal"}}, {"type": "Feature", "geometry": null, "properties": {"nome": "Ribeirão da Lagoa", "tipo": "canal", "classe": "canal"}}, {"type": "Feature", "geometry": null, "properties": {"nome": "Ribeirão da Lagoa", "tipo": "canal", "classe": "canal"}}, {"type": "Feature", "geometry": null, "properties": {"nome": "Ribeirão da Lagoa", "tipo": "canal", "classe": "canal"}}, {"type": "Feature", "geometry": null, "properties": {"nome": "Ribeirão do Salto", "tipo": "river", "classe": "rio"}}, {"type": "Feature", "geometry": null, "properties": {"nome": "Ribeirão do Salto", "tipo": "river", "classe": "rio"}}, {"type": "Feature", "geometry": null, "properties": {"nome": "Ribeirão da Lagoa", "tipo": "canal", "classe": "canal"}}, {"type": "Feature", "geometry": null, "properties": {"nome": "Ribeirão da Lagoa", "tipo": "canal", "classe": "canal"}}, {"type": "Feature", "geometry": null, "properties": {"nome": "Ribeirão da Lagoa", "tipo": "canal", "classe": "canal"}}, {"type": "Feature", "geometry": null, "properties": {"nome": "Ribeirão da Lagoa", "tipo": "canal", "classe": "canal"}}, {"type": "Feature", "geometry": null, "properties": {"nome": "Ribeirão do Salto", "tipo": "river", "classe": "rio"}}, {"type": "Feature", "geometry": null, "properties": {"nome": "Rio Itaperiú", "tipo": "stream", "classe": "ribeirao"}}, {"type": "Feature", "geometry": null, "properties": {"nome": "Ribeirão do Salto", "tipo": "river", "classe": "rio"}}, {"type": "Feature", "geometry": null, "properties": {"nome": "Ribeirão do Salto", "tipo": "river", "classe": "rio"}}, {"type": "Feature", "geometry": null, "properties": {"nome": "Ribeirão da Lagoa", "tipo": "canal", "classe": "canal"}}, {"type": "Feature", "geometry": null, "properties": {"nome": "Ribeirão da Lagoa", "tipo": "canal", "classe": "canal"}}, {"type": "Feature", "geometry": null, "properties": {"nome": "Ribeirão da Lagoa", "tipo": "river", "classe": "rio"}}, {"type": "Feature", "geometry": null, "properties": {"nome": "Ribeirão do Salto", "tipo": "river", "classe": "rio"}}, {"type": "Feature", "geometry": null, "properties": {"nome": "Ribeirão do Salto", "tipo": "river", "classe": "rio"}}, {"type": "Feature", "geometry": null, "properties": {"nome": "Rio Itaperiú", "tipo": "river", "classe": "rio"}}, {"type": "Feature", "geometry": null, "properties": {"nome": "Rio 1", "tipo": "stream", "classe": "ribeirao"}}, {"type": "Feature", "geometry": null, "properties": {"nome": "Rio Itaperiú", "tipo": "river", "classe": "rio"}}, {"type": "Feature", "geometry": null, "properties": {"nome": "Ribeirão Sibéria", "tipo": "river", "classe": "rio"}}, {"type": "Feature", "geometry": null, "properties": {"nome": "Ribeirão Sibéria", "tipo": "river", "classe": "rio"}}, {"type": "Feature", "geometry": null, "properties": {"nome": "Rio Novo", "tipo": "river", "classe": "rio"}}, {"type": "Feature", "geometry": null, "properties": {"nome": "Rio Novo", "tipo": "river", "classe": "rio"}}, {"type": "Feature", "geometry": null, "properties": {"nome": "Rio Felício", "tipo": "stream", "classe": "ribeirao"}}, {"type": "Feature", "geometry": null, "properties": {"nome": "Rio Felício", "tipo": "stream", "classe": "ribeirao"}}, {"type": "Feature", "geometry": null, "properties": {"nome": "Ribeirão das Areias", "tipo": "stream", "classe": "ribeirao"}}, {"type": "Feature", "geometry": null, "properties": {"nome": "Ribeirão das Areias", "tipo": "stream", "classe": "ribeirao"}}, {"type": "Feature", "geometry": null, "properties": {"nome": "Rio Felício", "tipo": "stream", "classe": "ribeirao"}}, {"type": "Feature", "geometry": null, "properties": {"nome": "Rio Felício", "tipo": "stream", "classe": "ribeirao"}}, {"type": "Feature", "geometry": null, "properties": {"nome": "Rio Felício", "tipo": "stream", "classe": "ribeirao"}}, {"type": "Feature", "geometry": null, "properties": {"nome": "Rio Felício", "tipo": "stream", "classe": "ribeirao"}}, {"type": "Feature", "geometry": null, "properties": {"nome": "Rio Felício", "tipo": "stream", "classe": "ribeirao"}}, {"type": "Feature", "geometry": null, "properties": {"nome": "Rio Felício", "tipo": "stream", "classe": "ribeirao"}}, {"type": "Feature", "geometry": null, "properties": {"nome": "Rio Felício", "tipo": "stream", "classe": "ribeirao"}}, {"type": "Feature", "geometry": null, "properties": {"nome": "Rio Felício", "tipo": "stream", "classe": "ribeirao"}}, {"type": "Feature", "geometry": null, "properties": {"nome": "Rio Felício", "tipo": "stream", "classe": "ribeirao"}}, {"type": "Feature", "geometry": null, "properties": {"nome": "Rio Felício", "tipo": "stream", "classe": "ribeirao"}}, {"type": "Feature", "geometry": null, "properties": {"nome": "Rio Felício", "tipo": "stream", "classe": "ribeirao"}}, {"type": "Feature", "geometry": null, "properties": {"nome": "Rio Felício", "tipo": "stream", "classe": "ribeirao"}}, {"type": "Feature", "geometry": null, "properties": {"nome": "Córrego da Estiva", "tipo": "stream", "classe": "ribeirao"}}, {"type": "Feature", "geometry": null, "properties": {"nome": "Córrego da Estiva", "tipo": "stream", "classe": "ribeirao"}}, {"type": "Feature", "geometry": null, "properties": {"nome": "Córrego da Estiva", "tipo": "stream", "classe": "ribeirao"}}, {"type": "Feature", "geometry": null, "properties": {"nome": "Córrego da Estiva", "tipo": "stream", "classe": "ribeirao"}}, {"type": "Feature", "geometry": null, "properties": {"nome": "Córrego da Estiva", "tipo": "stream", "classe": "ribeirao"}}, {"type": "Feature", "geometry": null, "properties": {"nome": "Córrego da Estiva", "tipo": "stream", "classe": "ribeirao"}}, {"type": "Feature", "geometry": null, "properties": {"nome": "Córrego da Estiva", "tipo": "stream", "classe": "ribeirao"}}, {"type": "Feature", "geometry": null, "properties": {"nome": "Córrego da Estiva", "tipo": "stream", "classe": "ribeirao"}}, {"type": "Feature", "geometry": null, "properties": {"nome": "Córrego da Estiva", "tipo": "stream", "classe": "ribeirao"}}, {"type": "Feature", "geometry": null, "properties": {"nome": "Córrego da Estiva", "tipo": "stream", "classe": "ribeirao"}}, {"type": "Feature", "geometry": null, "properties": {"nome": "Córrego da Estiva", "tipo": "stream", "classe": "ribeirao"}}, {"type": "Feature", "geometry": null, "properties": {"nome": "Córrego da Estiva", "tipo": "stream", "classe": "ribeirao"}}, {"type": "Feature", "geometry": null, "properties": {"nome": "Córrego da Estiva", "tipo": "stream", "classe": "ribeirao"}}, {"type": "Feature", "geometry": null, "properties": {"nome": "Córrego da Estiva", "tipo": "stream", "classe": "ribeirao"}}, {"type": "Feature", "geometry": null, "properties": {"nome": "Córrego da Estiva", "tipo": "stream", "classe": "ribeirao"}}, {"type": "Feature", "geometry": null, "properties": {"nome": "Córrego da Estiva", "tipo": "stream", "classe": "ribeirao"}}, {"type": "Feature", "geometry": null, "properties": {"nome": "Rio Jordão", "tipo": "stream", "classe": "ribeirao"}}, {"type": "Feature", "geometry": null, "properties": {"nome": "Rio Jordão", "tipo": "stream", "classe": "ribeirao"}}, {"type": "Feature", "geometry": null, "properties": {"nome": "Rio Jordão", "tipo": "stream", "classe": "ribeirao"}}, {"type": "Feature", "geometry": null, "properties": {"nome": "Rio Jordão", "tipo": "stream", "classe": "ribeirao"}}, {"type": "Feature", "geometry": null, "properties": {"nome": "Rio Jordão", "tipo": "stream", "classe": "ribeirao"}}, {"type": "Feature", "geometry": null, "properties": {"nome": "Rio Jordão", "tipo": "stream", "classe": "ribeirao"}}, {"type": "Feature", "geometry": null, "properties": {"nome": "Rio Jordão", "tipo": "stream", "classe": "ribeirao"}}, {"type": "Feature", "geometry": null, "properties": {"nome": "Rio Jordão", "tipo": "stream", "classe": "ribeirao"}}, {"type": "Feature", "geometry": null, "properties": {"nome": "Rio Jordão", "tipo": "stream", "classe": "ribeirao"}}, {"type": "Feature", "geometry": null, "properties": {"nome": "Rio Jordão", "tipo": "stream", "classe": "ribeirao"}}, {"type": "Feature", "geometry": null, "properties": {"nome": "Rio Jordão", "tipo": "stream", "classe": "ribeirao"}}, {"type": "Feature", "geometry": null, "properties": {"nome": "Rio Jordão", "tipo": "stream", "classe": "ribeirao"}}, {"type": "Feature", "geometry": null, "properties": {"nome": "Rio Jordão", "tipo": "stream", "classe": "ribeirao"}}, {"type": "Feature", "geometry": null, "properties": {"nome": "Rio Jordão", "tipo": "stream", "classe": "ribeirao"}}, {"type": "Feature", "geometry": null, "properties": {"nome": "Rio Jordão", "tipo": "stream", "classe": "ribeirao"}}, {"type": "Feature", "geometry": null, "properties": {"nome": "Rio Jordão", "tipo": "stream", "classe": "ribeirao"}}, {"type": "Feature", "geometry": null, "properties": {"nome": "Rio Águas Negras", "tipo": "stream", "classe": "ribeirao"}}, {"type": "Feature", "geometry": null, "properties": {"nome": "Rio Águas Negras", "tipo": "stream", "classe": "ribeirao"}}, {"type": "Feature", "geometry": null, "properties": {"nome": "Rio Águas Negras", "tipo": "stream", "classe": "ribeirao"}}, {"type": "Feature", "geometry": null, "properties": {"nome": "Rio Águas Negras", "tipo": "stream", "classe": "ribeirao"}}, {"type": "Feature", "geometry": null, "properties": {"nome": "Rio do Meio", "tipo": "stream", "classe": "ribeirao"}}, {"type": "Feature", "geometry": null, "properties": {"nome": "Rio Antônio Mafra", "tipo": "stream", "classe": "ribeirao"}}, {"type": "Feature", "geometry": null, "properties": {"nome": "Rio Antônio Mafra", "tipo": "stream", "classe": "ribeirao"}}, {"type": "Feature", "geometry": null, "properties": {"nome": "Rio Antônio Mafra", "tipo": "stream", "classe": "ribeirao"}}, {"type": "Feature", "geometry": null, "properties": {"nome": "Rio Antônio Mafra", "tipo": "stream", "classe": "ribeirao"}}, {"type": "Feature", "geometry": null, "properties": {"nome": "Rio Antônio Mafra", "tipo": "stream", "classe": "ribeirao"}}, {"type": "Feature", "geometry": null, "properties": {"nome": "Rio Antônio Mafra", "tipo": "stream", "classe": "ribeirao"}}, {"type": "Feature", "geometry": null, "properties": {"nome": "Rio Antônio Mafra", "tipo": "stream", "classe": "ribeirao"}}, {"type": "Feature", "geometry": null, "properties": {"nome": "Rio Antônio Mafra", "tipo": "stream", "classe": "ribeirao"}}, {"type": "Feature", "geometry": null, "properties": {"nome": "Córrego dos Currais", "tipo": "stream", "classe": "ribeirao"}}, {"type": "Feature", "geometry": null, "properties": {"nome": "Córrego dos Currais", "tipo": "stream", "classe": "ribeirao"}}, {"type": "Feature", "geometry": null, "properties": {"nome": "Rio Pequeno", "tipo": "stream", "classe": "ribeirao"}}, {"type": "Feature", "geometry": null, "properties": {"nome": "Rio Pequeno", "tipo": "stream", "classe": "ribeirao"}}, {"type": "Feature", "geometry": null, "properties": {"nome": "Rio Pequeno", "tipo": "stream", "classe": "ribeirao"}}, {"type": "Feature", "geometry": null, "properties": {"nome": "Rio Pequeno", "tipo": "stream", "classe": "ribeirao"}}, {"type": "Feature", "geometry": null, "properties": {"nome": "Rio Pequeno", "tipo": "stream", "classe": "ribeirao"}}, {"type": "Feature", "geometry": null, "properties": {"nome": "Rio Pequeno", "tipo": "stream", "classe": "ribeirao"}}, {"type": "Feature", "geometry": null, "properties": {"nome": "Rio Pequeno", "tipo": "stream", "classe": "ribeirao"}}, {"type": "Feature", "geometry": null, "properties": {"nome": "Córrego do Manduca", "tipo": "stream", "classe": "ribeirao"}}, {"type": "Feature", "geometry": null, "properties": {"nome": "Córrego do Manduca", "tipo": "stream", "classe": "ribeirao"}}, {"type": "Feature", "geometry": null, "properties": {"nome": "Rio do Camarão", "tipo": "stream", "classe": "ribeirao"}}, {"type": "Feature", "geometry": null, "properties": {"nome": "Rio do Camarão", "tipo": "stream", "classe": "ribeirao"}}, {"type": "Feature", "geometry": null, "properties": {"nome": "Rio do Camarão", "tipo": "stream", "classe": "ribeirao"}}, {"type": "Feature", "geometry": null, "properties": {"nome": "Rio do Camarão", "tipo": "stream", "classe": "ribeirao"}}, {"type": "Feature", "geometry": null, "properties": {"nome": "Rio do Camarão", "tipo": "stream", "classe": "ribeirao"}}, {"type": "Feature", "geometry": null, "properties": {"nome": "Rio do Camarão", "tipo": "stream", "classe": "ribeirao"}}, {"type": "Feature", "geometry": null, "properties": {"nome": "Rio do Camarão", "tipo": "stream", "classe": "ribeirao"}}, {"type": "Feature", "geometry": null, "properties": {"nome": "Rio do Camarão", "tipo": "stream", "classe": "ribeirao"}}, {"type": "Feature", "geometry": null, "properties": {"nome": "Rio do Camarão", "tipo": "stream", "classe": "ribeirao"}}, {"type": "Feature", "geometry": null, "properties": {"nome": "Rio do Camarão", "tipo": "stream", "classe": "ribeirao"}}, {"type": "Feature", "geometry": null, "properties": {"nome": "Rio do Camarão", "tipo": "stream", "classe": "ribeirao"}}, {"type": "Feature", "geometry": null, "properties": {"nome": "Rio do Camarão", "tipo": "stream", "classe": "ribeirao"}}, {"type": "Feature", "geometry": null, "properties": {"nome": "Rio do Camarão", "tipo": "stream", "classe": "ribeirao"}}, {"type": "Feature", "geometry": null, "properties": {"nome": "Rio do Camarão", "tipo": "stream", "classe": "ribeirao"}}, {"type": "Feature", "geometry": null, "properties": {"nome": "Rio do Camarão", "tipo": "stream", "classe": "ribeirao"}}, {"type": "Feature", "geometry": null, "properties": {"nome": "Rio do Camarão", "tipo": "stream", "classe": "ribeirao"}}, {"type": "Feature", "geometry": null, "properties": {"nome": "Rio do Camarão", "tipo": "stream", "classe": "ribeirao"}}, {"type": "Feature", "geometry": null, "properties": {"nome": "Rio do Camarão", "tipo": "stream", "classe": "ribeirao"}}, {"type": "Feature", "geometry": null, "properties": {"nome": "Rio do Camarão", "tipo": "stream", "classe": "ribeirao"}}, {"type": "Feature", "geometry": null, "properties": {"nome": "Rio do Camarão", "tipo": "stream", "classe": "ribeirao"}}, {"type": "Feature", "geometry": null, "properties": {"nome": "Ribeirão das Areias", "tipo": "stream", "classe": "ribeirao"}}, {"type": "Feature", "geometry": null, "properties": {"nome": "Ribeirão das Areias", "tipo": "stream", "classe": "ribeirao"}}, {"type": "Feature", "geometry": null, "properties": {"nome": "Ribeirão das Areias", "tipo": "stream", "classe": "ribeirao"}}, {"type": "Feature", "geometry": null, "properties": {"nome": "Ribeirão das Areias", "tipo": "stream", "classe": "ribeirao"}}, {"type": "Feature", "geometry": null, "properties": {"nome": "Ribeirão das Areias", "tipo": "stream", "classe": "ribeirao"}}, {"type": "Feature", "geometry": null, "properties": {"nome": "Ribeirão das Areias", "tipo": "stream", "classe": "ribeirao"}}, {"type": "Feature", "geometry": null, "properties": {"nome": "Ribeirão das Areias", "tipo": "stream", "classe": "ribeirao"}}, {"type": "Feature", "geometry": null, "properties": {"nome": "Ribeirão das Areias", "tipo": "stream", "classe": "ribeirao"}}, {"type": "Feature", "geometry": null, "properties": {"nome": "Ribeirão das Areias", "tipo": "stream", "classe": "ribeirao"}}, {"type": "Feature", "geometry": null, "properties": {"nome": "Ribeirão das Areias", "tipo": "stream", "classe": "ribeirao"}}, {"type": "Feature", "geometry": null, "properties": {"nome": "Ribeirão das Areias", "tipo": "stream", "classe": "ribeirao"}}, {"type": "Feature", "geometry": null, "properties": {"nome": "Ribeirão das Areias", "tipo": "stream", "classe": "ribeirao"}}, {"type": "Feature", "geometry": null, "properties": {"nome": "Rio do Camarão", "tipo": "stream", "classe": "ribeirao"}}, {"type": "Feature", "geometry": null, "properties": {"nome": "Rio do Camarão", "tipo": "stream", "classe": "ribeirao"}}, {"type": "Feature", "geometry": null, "properties": {"nome": "Rio Águas Negras", "tipo": "stream", "classe": "ribeirao"}}, {"type": "Feature", "geometry": null, "properties": {"nome": "Rio Felício", "tipo": "stream", "classe": "ribeirao"}}, {"type": "Feature", "geometry": null, "properties": {"nome": "Córrego dos Currais", "tipo": "stream", "classe": "ribeirao"}}, {"type": "Feature", "geometry": null, "properties": {"nome": "Rio Antônio Mafra", "tipo": "stream", "classe": "ribeirao"}}, {"type": "Feature", "geometry": null, "properties": {"nome": "Ribeirão das Areias", "tipo": "stream", "classe": "ribeirao"}}, {"type": "Feature", "geometry": null, "properties": {"nome": "Córrego do Manduca", "tipo": "stream", "classe": "ribeirao"}}, {"type": "Feature", "geometry": null, "properties": {"nome": "Rio do Camarão", "tipo": "stream", "classe": "ribeirao"}}, {"type": "Feature", "geometry": null, "properties": {"nome": "Córrego da Estiva", "tipo": "stream", "classe": "ribeirao"}}, {"type": "Feature", "geometry": null, "properties": {"nome": "Rio Jordão", "tipo": "stream", "classe": "ribeirao"}}, {"type": "Feature", "geometry": null, "properties": {"nome": "Rio Perequê", "tipo": "stream", "classe": "ribeirao"}}, {"type": "Feature", "geometry": null, "properties": {"nome": "Rio Perequê", "tipo": "stream", "classe": "ribeirao"}}, {"type": "Feature", "geometry": null, "properties": {"nome": "Rio da Vovó", "tipo": "stream", "classe": "ribeirao"}}, {"type": "Feature", "geometry": null, "properties": {"nome": "Rio da Vovó", "tipo": "stream", "classe": "ribeirao"}}, {"type": "Feature", "geometry": null, "properties": {"nome": "Rio da Vovó", "tipo": "river", "classe": "rio"}}, {"type": "Feature", "geometry": null, "properties": {"nome": "Rio da Vovó", "tipo": "river", "classe": "rio"}}, {"type": "Feature", "geometry": null, "properties": {"nome": "Rio da Barra", "tipo": "stream", "classe": "ribeirao"}}, {"type": "Feature", "geometry": null, "properties": {"nome": "Rio Passa Vinte", "tipo": "stream", "classe": "ribeirao"}}, {"type": "Feature", "geometry": null, "properties": {"nome": "Rio Passa Vinte", "tipo": "stream", "classe": "ribeirao"}}, {"type": "Feature", "geometry": null, "properties": {"nome": "Rio Passa Vinte", "tipo": "stream", "classe": "ribeirao"}}, {"type": "Feature", "geometry": null, "properties": {"nome": "Rio Santa Luzia", "tipo": "stream", "classe": "ribeirao"}}, {"type": "Feature", "geometry": null, "properties": {"nome": "Rio Santa Luzia", "tipo": "stream", "classe": "ribeirao"}}, {"type": "Feature", "geometry": null, "properties": {"nome": "Rio Santa Luzia", "tipo": "stream", "classe": "ribeirao"}}, {"type": "Feature", "geometry": null, "properties": {"nome": "Rio Santa Luzia", "tipo": "stream", "classe": "ribeirao"}}, {"type": "Feature", "geometry": null, "properties": {"nome": "Rio Santa Luzia", "tipo": "stream", "classe": "ribeirao"}}, {"type": "Feature", "geometry": null, "properties": {"nome": "Rio Santa Luzia", "tipo": "stream", "classe": "ribeirao"}}, {"type": "Feature", "geometry": null, "properties": {"nome": "Rio Santa Luzia", "tipo": "stream", "classe": "ribeirao"}}, {"type": "Feature", "geometry": null, "properties": {"nome": "Rio Santa Luzia", "tipo": "stream", "classe": "ribeirao"}}, {"type": "Feature", "geometry": null, "properties": {"nome": "Rio do Areal", "tipo": "stream", "classe": "ribeirao"}}, {"type": "Feature", "geometry": null, "properties": {"nome": "Rio do Areal", "tipo": "stream", "classe": "ribeirao"}}, {"type": "Feature", "geometry": null, "properties": {"nome": "Rio do Areal", "tipo": "stream", "classe": "ribeirao"}}, {"type": "Feature", "geometry": null, "properties": {"nome": "Rio do Areal", "tipo": "stream", "classe": "ribeirao"}}, {"type": "Feature", "geometry": null, "properties": {"nome": "Rio do Areal", "tipo": "stream", "classe": "ribeirao"}}, {"type": "Feature", "geometry": null, "properties": {"nome": "Rio do Areal", "tipo": "stream", "classe": "ribeirao"}}, {"type": "Feature", "geometry": null, "properties": {"nome": "Rio do Areal", "tipo": "stream", "classe": "ribeirao"}}, {"type": "Feature", "geometry": null, "properties": {"nome": "Rio do Areal", "tipo": "stream", "classe": "ribeirao"}}, {"type": "Feature", "geometry": null, "properties": {"nome": "Rio do Areal", "tipo": "stream", "classe": "ribeirao"}}, {"type": "Feature", "geometry": null, "properties": {"nome": "Rio do Areal", "tipo": "stream", "classe": "ribeirao"}}, {"type": "Feature", "geometry": null, "properties": {"nome": "Rio do Areal", "tipo": "stream", "classe": "ribeirao"}}, {"type": "Feature", "geometry": null, "properties": {"nome": "Rio do Areal", "tipo": "stream", "classe": "ribeirao"}}, {"type": "Feature", "geometry": null, "properties": {"nome": "Rio do Areal", "tipo": "stream", "classe": "ribeirao"}}, {"type": "Feature", "geometry": null, "properties": {"nome": "Rio do Areal", "tipo": "stream", "classe": "ribeirao"}}, {"type": "Feature", "geometry": null, "properties": {"nome": "Rio do Areal", "tipo": "stream", "classe": "ribeirao"}}, {"type": "Feature", "geometry": null, "properties": {"nome": "Rio do Areal", "tipo": "stream", "classe": "ribeirao"}}, {"type": "Feature", "geometry": null, "properties": {"nome": "Rio da Mata de Camboriú", "tipo": "stream", "classe": "ribeirao"}}, {"type": "Feature", "geometry": null, "properties": {"nome": "Rio da Mata de Camboriú", "tipo": "stream", "classe": "ribeirao"}}, {"type": "Feature", "geometry": null, "properties": {"nome": "Rio da Mata de Camboriú", "tipo": "stream", "classe": "ribeirao"}}, {"type": "Feature", "geometry": null, "properties": {"nome": "Rio da Mata de Camboriú", "tipo": "river", "classe": "rio"}}, {"type": "Feature", "geometry": null, "properties": {"nome": "Rio Itapema", "tipo": "stream", "classe": "ribeirao"}}, {"type": "Feature", "geometry": null, "properties": {"nome": "Rio Itapema", "tipo": "stream", "classe": "ribeirao"}}, {"type": "Feature", "geometry": null, "properties": {"nome": "Rio Itapema", "tipo": "stream", "classe": "ribeirao"}}, {"type": "Feature", "geometry": null, "properties": {"nome": "Rio Itapema", "tipo": "stream", "classe": "ribeirao"}}, {"type": "Feature", "geometry": null, "properties": {"nome": "Rio Itapema", "tipo": "stream", "classe": "ribeirao"}}, {"type": "Feature", "geometry": null, "properties": {"nome": "Rio Itapema", "tipo": "stream", "classe": "ribeirao"}}, {"type": "Feature", "geometry": null, "properties": {"nome": "Rio Itapema", "tipo": "stream", "classe": "ribeirao"}}, {"type": "Feature", "geometry": null, "properties": {"nome": "Rio Itapema", "tipo": "stream", "classe": "ribeirao"}}, {"type": "Feature", "geometry": null, "properties": {"nome": "Rio Itapema", "tipo": "stream", "classe": "ribeirao"}}, {"type": "Feature", "geometry": null, "properties": {"nome": "Rio Itapema", "tipo": "stream", "classe": "ribeirao"}}, {"type": "Feature", "geometry": null, "properties": {"nome": "Rio Itapema", "tipo": "stream", "classe": "ribeirao"}}, {"type": "Feature", "geometry": null, "properties": {"nome": "Rio Itapema", "tipo": "stream", "classe": "ribeirao"}}, {"type": "Feature", "geometry": null, "properties": {"nome": "Rio Itapema", "tipo": "stream", "classe": "ribeirao"}}, {"type": "Feature", "geometry": null, "properties": {"nome": "Rio Itapema", "tipo": "stream", "classe": "ribeirao"}}, {"type": "Feature", "geometry": null, "properties": {"nome": "Rio Itapema", "tipo": "stream", "classe": "ribeirao"}}, {"type": "Feature", "geometry": null, "properties": {"nome": "Rio Itapema", "tipo": "stream", "classe": "ribeirao"}}, {"type": "Feature", "geometry": null, "properties": {"nome": "Rio Fabrício", "tipo": "stream", "classe": "ribeirao"}}, {"type": "Feature", "geometry": null, "properties": {"nome": "Rio Fabrício", "tipo": "stream", "classe": "ribeirao"}}, {"type": "Feature", "geometry": null, "properties": {"nome": "Rio Fabrício", "tipo": "stream", "classe": "ribeirao"}}, {"type": "Feature", "geometry": null, "properties": {"nome": "Rio Fabrício", "tipo": "stream", "classe": "ribeirao"}}, {"type": "Feature", "geometry": null, "properties": {"nome": "Rio Fabrício", "tipo": "stream", "classe": "ribeirao"}}, {"type": "Feature", "geometry": null, "properties": {"nome": "Rio Fabrício", "tipo": "stream", "classe": "ribeirao"}}, {"type": "Feature", "geometry": null, "properties": {"nome": "Rio Fabrício", "tipo": "stream", "classe": "ribeirao"}}, {"type": "Feature", "geometry": null, "properties": {"nome": "Rio Fabrício", "tipo": "stream", "classe": "ribeirao"}}, {"type": "Feature", "geometry": null, "properties": {"nome": "Rio Fabrício", "tipo": "stream", "classe": "ribeirao"}}, {"type": "Feature", "geometry": null, "properties": {"nome": "Rio Fabrício", "tipo": "stream", "classe": "ribeirao"}}, {"type": "Feature", "geometry": null, "properties": {"nome": "Rio Fabrício", "tipo": "stream", "classe": "ribeirao"}}, {"type": "Feature", "geometry": null, "properties": {"nome": "Rio Fabrício", "tipo": "stream", "classe": "ribeirao"}}, {"type": "Feature", "geometry": null, "properties": {"nome": "Rio Fabrício", "tipo": "stream", "classe": "ribeirao"}}, {"type": "Feature", "geometry": null, "properties": {"nome": "Rio Fabrício", "tipo": "stream", "classe": "ribeirao"}}, {"type": "Feature", "geometry": null, "properties": {"nome": "Rio Fabrício", "tipo": "stream", "classe": "ribeirao"}}, {"type": "Feature", "geometry": null, "properties": {"nome": "Rio Itapema", "tipo": "stream", "classe": "ribeirao"}}, {"type": "Feature", "geometry": null, "properties": {"nome": "Rio Fabrício", "tipo": "stream", "classe": "ribeirao"}}, {"type": "Feature", "geometry": null, "properties": {"nome": "Rio Fabrício", "tipo": "stream", "classe": "ribeirao"}}, {"type": "Feature", "geometry": null, "properties": {"nome": "Rio da Cachoeira", "tipo": "stream", "classe": "ribeirao"}}, {"type": "Feature", "geometry": null, "properties": {"nome": "Rio da Cachoeira", "tipo": "stream", "classe": "ribeirao"}}, {"type": "Feature", "geometry": null, "properties": {"nome": "Rio da Cachoeira", "tipo": "stream", "classe": "ribeirao"}}, {"type": "Feature", "geometry": null, "properties": {"nome": "Rio da Cachoeira", "tipo": "stream", "classe": "ribeirao"}}, {"type": "Feature", "geometry": null, "properties": {"nome": "Rio da Cachoeira", "tipo": "river", "classe": "rio"}}, {"type": "Feature", "geometry": null, "properties": {"nome": "Rio da Cachoeira", "tipo": "river", "classe": "rio"}}, {"type": "Feature", "geometry": null, "properties": {"nome": "Córrego do Quinca Ramalho", "tipo": "stream", "classe": "ribeirao"}}, {"type": "Feature", "geometry": null, "properties": {"nome": "Córrego do Quinca Ramalho", "tipo": "stream", "classe": "ribeirao"}}, {"type": "Feature", "geometry": null, "properties": {"nome": "Rio dos Morretes", "tipo": "stream", "classe": "ribeirao"}}, {"type": "Feature", "geometry": null, "properties": {"nome": "Rio dos Morretes", "tipo": "stream", "classe": "ribeirao"}}, {"type": "Feature", "geometry": null, "properties": {"nome": "Rio dos Morretes", "tipo": "stream", "classe": "ribeirao"}}, {"type": "Feature", "geometry": null, "properties": {"nome": "Rio dos Morretes", "tipo": "stream", "classe": "ribeirao"}}, {"type": "Feature", "geometry": null, "properties": {"nome": "Rio dos Morretes", "tipo": "stream", "classe": "ribeirao"}}, {"type": "Feature", "geometry": null, "properties": {"nome": "Rio dos Morretes", "tipo": "stream", "classe": "ribeirao"}}, {"type": "Feature", "geometry": null, "properties": {"nome": "Rio da Cachoeira", "tipo": "stream", "classe": "ribeirao"}}, {"type": "Feature", "geometry": null, "properties": {"nome": "Rio dos Morretes", "tipo": "stream", "classe": "ribeirao"}}, {"type": "Feature", "geometry": null, "properties": {"nome": "Rio do Salto", "tipo": "stream", "classe": "ribeirao"}}, {"type": "Feature", "geometry": null, "properties": {"nome": "Rio Lajeado", "tipo": "stream", "classe": "ribeirao"}}, {"type": "Feature", "geometry": null, "properties": {"nome": "Rio Lajeado", "tipo": "stream", "classe": "ribeirao"}}, {"type": "Feature", "geometry": null, "properties": {"nome": "Rio Lajeado", "tipo": "stream", "classe": "ribeirao"}}, {"type": "Feature", "geometry": null, "properties": {"nome": "Rio do Este", "tipo": "stream", "classe": "ribeirao"}}, {"type": "Feature", "geometry": null, "properties": {"nome": "Rio do Este", "tipo": "stream", "classe": "ribeirao"}}, {"type": "Feature", "geometry": null, "properties": {"nome": "Rio Vila das Pedras", "tipo": "stream", "classe": "ribeirao"}}, {"type": "Feature", "geometry": null, "properties": {"nome": "Rio Vila das Pedras", "tipo": "stream", "classe": "ribeirao"}}, {"type": "Feature", "geometry": null, "properties": {"nome": "Rio Vila das Pedras", "tipo": "stream", "classe": "ribeirao"}}, {"type": "Feature", "geometry": null, "properties": {"nome": "Rio Vila das Pedras", "tipo": "stream", "classe": "ribeirao"}}, {"type": "Feature", "geometry": null, "properties": {"nome": "Rio Vila das Pedras", "tipo": "stream", "classe": "ribeirao"}}, {"type": "Feature", "geometry": null, "properties": {"nome": "Rio Peroba", "tipo": "stream", "classe": "ribeirao"}}, {"type": "Feature", "geometry": null, "properties": {"nome": "Rio Peroba", "tipo": "stream", "classe": "ribeirao"}}, {"type": "Feature", "geometry": null, "properties": {"nome": "Rio Peroba", "tipo": "stream", "classe": "ribeirao"}}, {"type": "Feature", "geometry": null, "properties": {"nome": "Rio Peroba", "tipo": "stream", "classe": "ribeirao"}}, {"type": "Feature", "geometry": null, "properties": {"nome": "Rio Peroba", "tipo": "stream", "classe": "ribeirao"}}, {"type": "Feature", "geometry": null, "properties": {"nome": "Rio Peroba", "tipo": "stream", "classe": "ribeirao"}}, {"type": "Feature", "geometry": null, "properties": {"nome": "Rio Peroba", "tipo": "stream", "classe": "ribeirao"}}, {"type": "Feature", "geometry": null, "properties": {"nome": "Rio Peroba", "tipo": "stream", "classe": "ribeirao"}}, {"type": "Feature", "geometry": null, "properties": {"nome": "Rio Peroba", "tipo": "stream", "classe": "ribeirao"}}, {"type": "Feature", "geometry": null, "properties": {"nome": "Rio Pequeno", "tipo": "stream", "classe": "ribeirao"}}, {"type": "Feature", "geometry": null, "properties": {"nome": "Rio Pequeno", "tipo": "stream", "classe": "ribeirao"}}, {"type": "Feature", "geometry": null, "properties": {"nome": "Rio Pequeno", "tipo": "stream", "classe": "ribeirao"}}, {"type": "Feature", "geometry": null, "properties": {"nome": "Rio Pequeno", "tipo": "stream", "classe": "ribeirao"}}, {"type": "Feature", "geometry": null, "properties": {"nome": "Rio Pequeno", "tipo": "stream", "classe": "ribeirao"}}, {"type": "Feature", "geometry": null, "properties": {"nome": "Rio Pequeno", "tipo": "stream", "classe": "ribeirao"}}, {"type": "Feature", "geometry": null, "properties": {"nome": "Rio Pequeno", "tipo": "stream", "classe": "ribeirao"}}, {"type": "Feature", "geometry": null, "properties": {"nome": "Rio Pequeno", "tipo": "stream", "classe": "ribeirao"}}, {"type": "Feature", "geometry": null, "properties": {"nome": "Rio Pequeno", "tipo": "stream", "classe": "ribeirao"}}, {"type": "Feature", "geometry": null, "properties": {"nome": "Rio Pequeno", "tipo": "stream", "classe": "ribeirao"}}, {"type": "Feature", "geometry": null, "properties": {"nome": "Rio Pequeno", "tipo": "stream", "classe": "ribeirao"}}, {"type": "Feature", "geometry": null, "properties": {"nome": "Rio Pequeno", "tipo": "stream", "classe": "ribeirao"}}, {"type": "Feature", "geometry": null, "properties": {"nome": "Rio Pequeno", "tipo": "stream", "classe": "ribeirao"}}, {"type": "Feature", "geometry": null, "properties": {"nome": "Rio Pequeno", "tipo": "stream", "classe": "ribeirao"}}, {"type": "Feature", "geometry": null, "properties": {"nome": "Rio Pequeno", "tipo": "stream", "classe": "ribeirao"}}, {"type": "Feature", "geometry": null, "properties": {"nome": "Rio Pequeno", "tipo": "stream", "classe": "ribeirao"}}, {"type": "Feature", "geometry": null, "properties": {"nome": "Rio Pequeno", "tipo": "stream", "classe": "ribeirao"}}, {"type": "Feature", "geometry": null, "properties": {"nome": "Rio Pequeno", "tipo": "stream", "classe": "ribeirao"}}, {"type": "Feature", "geometry": null, "properties": {"nome": "Rio Pequeno", "tipo": "stream", "classe": "ribeirao"}}, {"type": "Feature", "geometry": null, "properties": {"nome": "Rio Pequeno", "tipo": "stream", "classe": "ribeirao"}}, {"type": "Feature", "geometry": null, "properties": {"nome": "Rio Pequeno", "tipo": "stream", "classe": "ribeirao"}}, {"type": "Feature", "geometry": null, "properties": {"nome": "Rio Pequeno", "tipo": "stream", "classe": "ribeirao"}}, {"type": "Feature", "geometry": null, "properties": {"nome": "Rio Pequeno", "tipo": "stream", "classe": "ribeirao"}}, {"type": "Feature", "geometry": null, "properties": {"nome": "Rio Pequeno", "tipo": "stream", "classe": "ribeirao"}}, {"type": "Feature", "geometry": null, "properties": {"nome": "Rio Pequeno", "tipo": "stream", "classe": "ribeirao"}}, {"type": "Feature", "geometry": null, "properties": {"nome": "Rio Pequeno", "tipo": "stream", "classe": "ribeirao"}}, {"type": "Feature", "geometry": null, "properties": {"nome": "Rio Pequeno", "tipo": "stream", "classe": "ribeirao"}}, {"type": "Feature", "geometry": null, "properties": {"nome": "Rio Forquilhas", "tipo": "river", "classe": "rio"}}, {"type": "Feature", "geometry": null, "properties": {"nome": "Rio Forquilhas", "tipo": "river", "classe": "rio"}}, {"type": "Feature", "geometry": null, "properties": {"nome": "Rio da Vovó", "tipo": "river", "classe": "rio"}}, {"type": "Feature", "geometry": null, "properties": {"nome": "Ribeirão da Velha", "tipo": "river", "classe": "rio"}}, {"type": "Feature", "geometry": null, "properties": {"nome": "Ribeirão do Vígolo", "tipo": "stream", "classe": "ribeirao"}}, {"type": "Feature", "geometry": null, "properties": {"nome": "Rio Aririú", "tipo": "river", "classe": "rio"}}, {"type": "Feature", "geometry": null, "properties": {"nome": "Rio Aririú", "tipo": "river", "classe": "rio"}}, {"type": "Feature", "geometry": null, "properties": {"nome": "Rio Itaperiú", "tipo": "river", "classe": "rio"}}, {"type": "Feature", "geometry": null, "properties": {"nome": "Rio Itaperiú", "tipo": "river", "classe": "rio"}}, {"type": "Feature", "geometry": null, "properties": {"nome": "Rio Novo", "tipo": "river", "classe": "rio"}}, {"type": "Feature", "geometry": null, "properties": {"nome": "Rio Novo", "tipo": "river", "classe": "rio"}}, {"type": "Feature", "geometry": null, "properties": {"nome": "Rio do Areal", "tipo": "stream", "classe": "ribeirao"}}, {"type": "Feature", "geometry": null, "properties": {"nome": "Rio do Areal", "tipo": "stream", "classe": "ribeirao"}}, {"type": "Feature", "geometry": null, "properties": {"nome": "Rio dos Coqueiros", "tipo": "river", "classe": "rio"}}, {"type": "Feature", "geometry": null, "properties": {"nome": "Ribeirão do Salto", "tipo": "stream", "classe": "ribeirao"}}, {"type": "Feature", "geometry": null, "properties": {"nome": "Arroio Santa Bárbara", "tipo": "stream", "classe": "ribeirao"}}, {"type": "Feature", "geometry": null, "properties": {"nome": "Arroio Santa Bárbara", "tipo": "stream", "classe": "ribeirao"}}, {"type": "Feature", "geometry": null, "properties": {"nome": "Arroio Santa Bárbara", "tipo": "stream", "classe": "ribeirao"}}, {"type": "Feature", "geometry": null, "properties": {"nome": "Rio São João", "tipo": "river", "classe": "rio"}}, {"type": "Feature", "geometry": null, "properties": {"nome": "Arroio do Pingo", "tipo": "stream", "classe": "ribeirao"}}, {"type": "Feature", "geometry": null, "properties": {"nome": "Ribeirão das Pedras Brancas", "tipo": "river", "classe": "rio"}}, {"type": "Feature", "geometry": null, "properties": {"nome": "Ribeirão das Pedras Brancas", "tipo": "river", "classe": "rio"}}, {"type": "Feature", "geometry": null, "properties": {"nome": "Córrego Javali", "tipo": "stream", "classe": "ribeirao"}}, {"type": "Feature", "geometry": null, "properties": {"nome": "Córrego Javali", "tipo": "stream", "classe": "ribeirao"}}, {"type": "Feature", "geometry": null, "properties": {"nome": "Córrego Mathias", "tipo": "stream", "classe": "ribeirao"}}, {"type": "Feature", "geometry": null, "properties": {"nome": "Córrego Mathias", "tipo": "stream", "classe": "ribeirao"}}, {"type": "Feature", "geometry": null, "properties": {"nome": "Córrego Mathias", "tipo": "stream", "classe": "ribeirao"}}, {"type": "Feature", "geometry": null, "properties": {"nome": "Ribeirão Alma", "tipo": "river", "classe": "rio"}}, {"type": "Feature", "geometry": null, "properties": {"nome": "Braço do Ribeirão Alma", "tipo": "stream", "classe": "ribeirao"}}, {"type": "Feature", "geometry": null, "properties": {"nome": "Córrego Javali", "tipo": "stream", "classe": "ribeirao"}}, {"type": "Feature", "geometry": null, "properties": {"nome": "Córrego Javali", "tipo": "stream", "classe": "ribeirao"}}, {"type": "Feature", "geometry": null, "properties": {"nome": "Córrego Javali", "tipo": "stream", "classe": "ribeirao"}}, {"type": "Feature", "geometry": null, "properties": {"nome": "Córrego da Serra Preta", "tipo": "stream", "classe": "ribeirao"}}, {"type": "Feature", "geometry": null, "properties": {"nome": "Córrego Aurora", "tipo": "stream", "classe": "ribeirao"}}, {"type": "Feature", "geometry": null, "properties": {"nome": "Córrego Aurora", "tipo": "stream", "classe": "ribeirao"}}, {"type": "Feature", "geometry": null, "properties": {"nome": "Córrego da Serra Preta", "tipo": "stream", "classe": "ribeirao"}}, {"type": "Feature", "geometry": null, "properties": {"nome": "Córrego da Serra Preta", "tipo": "stream", "classe": "ribeirao"}}, {"type": "Feature", "geometry": null, "properties": {"nome": "Córrego da Serra Preta", "tipo": "stream", "classe": "ribeirao"}}, {"type": "Feature", "geometry": null, "properties": {"nome": "Córrego da Serra Preta", "tipo": "stream", "classe": "ribeirao"}}, {"type": "Feature", "geometry": null, "properties": {"nome": "Córrego da Serra Preta", "tipo": "stream", "classe": "ribeirao"}}, {"type": "Feature", "geometry": null, "properties": {"nome": "Córrego da Serra Preta", "tipo": "stream", "classe": "ribeirao"}}, {"type": "Feature", "geometry": null, "properties": {"nome": "Rio do Cerro", "tipo": "river", "classe": "rio"}}, {"type": "Feature", "geometry": null, "properties": {"nome": "Ribeirão Aurora", "tipo": "stream", "classe": "ribeirao"}}, {"type": "Feature", "geometry": null, "properties": {"nome": "Córrego Aurora", "tipo": "stream", "classe": "ribeirao"}}, {"type": "Feature", "geometry": null, "properties": {"nome": "Córrego Mathias", "tipo": "stream", "classe": "ribeirao"}}, {"type": "Feature", "geometry": null, "properties": {"nome": "Córrego Mathias", "tipo": "stream", "classe": "ribeirao"}}, {"type": "Feature", "geometry": null, "properties": {"nome": "Ribeirão da Anta", "tipo": "stream", "classe": "ribeirao"}}, {"type": "Feature", "geometry": null, "properties": {"nome": "Ribeirão da Anta", "tipo": "stream", "classe": "ribeirao"}}, {"type": "Feature", "geometry": null, "properties": {"nome": "Rio Mutuca", "tipo": "stream", "classe": "ribeirao"}}, {"type": "Feature", "geometry": null, "properties": {"nome": "Arroio da Cruz", "tipo": "stream", "classe": "ribeirao"}}, {"type": "Feature", "geometry": null, "properties": {"nome": "Rio Novo", "tipo": "river", "classe": "rio"}}, {"type": "Feature", "geometry": null, "properties": {"nome": "Rio Novo", "tipo": "river", "classe": "rio"}}, {"type": "Feature", "geometry": null, "properties": {"nome": "Ribeirão Máximo", "tipo": "stream", "classe": "ribeirao"}}, {"type": "Feature", "geometry": null, "properties": {"nome": "Ribeirão Fiedler", "tipo": "stream", "classe": "ribeirao"}}, {"type": "Feature", "geometry": null, "properties": {"nome": "Ribeirão Fiedler", "tipo": "stream", "classe": "ribeirao"}}, {"type": "Feature", "geometry": null, "properties": {"nome": "Ribeirão Fiedler", "tipo": "stream", "classe": "ribeirao"}}, {"type": "Feature", "geometry": null, "properties": {"nome": "Ribeirão Fiedler", "tipo": "stream", "classe": "ribeirao"}}, {"type": "Feature", "geometry": null, "properties": {"nome": "Ribeirão Fiedler", "tipo": "stream", "classe": "ribeirao"}}, {"type": "Feature", "geometry": null, "properties": {"nome": "Ribeirão Fiedler", "tipo": "stream", "classe": "ribeirao"}}, {"type": "Feature", "geometry": null, "properties": {"nome": "Ribeirão Fiedler", "tipo": "stream", "classe": "ribeirao"}}, {"type": "Feature", "geometry": null, "properties": {"nome": "Ribeirão Fiedler", "tipo": "stream", "classe": "ribeirao"}}, {"type": "Feature", "geometry": null, "properties": {"nome": "Ribeirão Fiedler", "tipo": "stream", "classe": "ribeirao"}}, {"type": "Feature", "geometry": null, "properties": {"nome": "Ribeirão Fiedler", "tipo": "stream", "classe": "ribeirao"}}, {"type": "Feature", "geometry": null, "properties": {"nome": "Arroio Apa", "tipo": "stream", "classe": "ribeirao"}}, {"type": "Feature", "geometry": null, "properties": {"nome": "Rio do Salto", "tipo": "stream", "classe": "ribeirao"}}, {"type": "Feature", "geometry": null, "properties": {"nome": "Rio Feio", "tipo": "stream", "classe": "ribeirao"}}, {"type": "Feature", "geometry": null, "properties": {"nome": "Córrego Caunal", "tipo": "stream", "classe": "ribeirao"}}, {"type": "Feature", "geometry": null, "properties": {"nome": "Córrego Caunal", "tipo": "stream", "classe": "ribeirao"}}, {"type": "Feature", "geometry": null, "properties": {"nome": "Córrego Caunal", "tipo": "stream", "classe": "ribeirao"}}, {"type": "Feature", "geometry": null, "properties": {"nome": "Rio Passa Vinte", "tipo": "river", "classe": "rio"}}, {"type": "Feature", "geometry": null, "properties": {"nome": "Rio Passa Vinte", "tipo": "river", "classe": "rio"}}, {"type": "Feature", "geometry": null, "properties": {"nome": "Rio Passa Vinte", "tipo": "river", "classe": "rio"}}, {"type": "Feature", "geometry": null, "properties": {"nome": "Ribeirão Coral de Minas", "tipo": "river", "classe": "rio"}}, {"type": "Feature", "geometry": null, "properties": {"nome": "Rio Passa Vinte", "tipo": "stream", "classe": "ribeirao"}}, {"type": "Feature", "geometry": null, "properties": {"nome": "Rio Passa Vinte", "tipo": "stream", "classe": "ribeirao"}}, {"type": "Feature", "geometry": null, "properties": {"nome": "Rio Passa Vinte", "tipo": "stream", "classe": "ribeirao"}}, {"type": "Feature", "geometry": null, "properties": {"nome": "Rio Passa Vinte", "tipo": "stream", "classe": "ribeirao"}}, {"type": "Feature", "geometry": null, "properties": {"nome": "Rio Passa Vinte", "tipo": "stream", "classe": "ribeirao"}}, {"type": "Feature", "geometry": null, "properties": {"nome": "Rio Imaruí", "tipo": "river", "classe": "rio"}}, {"type": "Feature", "geometry": null, "properties": {"nome": "Ribeirão da Velha Pequena", "tipo": "stream", "classe": "ribeirao"}}, {"type": "Feature", "geometry": null, "properties": {"nome": "Ribeirão da Velha Pequena", "tipo": "stream", "classe": "ribeirao"}}, {"type": "Feature", "geometry": null, "properties": {"nome": "Ribeirão Aurora", "tipo": "stream", "classe": "ribeirao"}}, {"type": "Feature", "geometry": null, "properties": {"nome": "Ribeirão São Pedro", "tipo": "river", "classe": "rio"}}, {"type": "Feature", "geometry": null, "properties": {"nome": "Rio Preto", "tipo": "river", "classe": "rio"}}, {"type": "Feature", "geometry": null, "properties": {"nome": "Ribeirão Wundervald", "tipo": "stream", "classe": "ribeirao"}}, {"type": "Feature", "geometry": null, "properties": {"nome": "Rio Araújo", "tipo": "river", "classe": "rio"}}, {"type": "Feature", "geometry": null, "properties": {"nome": "Rio Araújo", "tipo": "river", "classe": "rio"}}, {"type": "Feature", "geometry": null, "properties": {"nome": "Rio Araújo", "tipo": "river", "classe": "rio"}}, {"type": "Feature", "geometry": null, "properties": {"nome": "Rio Araújo", "tipo": "river", "classe": "rio"}}, {"type": "Feature", "geometry": null, "properties": {"nome": "Rio dos Bugres", "tipo": "stream", "classe": "ribeirao"}}, {"type": "Feature", "geometry": null, "properties": {"nome": "Rio dos Bugres", "tipo": "stream", "classe": "ribeirao"}}, {"type": "Feature", "geometry": null, "properties": {"nome": "Rio dos Bugres", "tipo": "stream", "classe": "ribeirao"}}, {"type": "Feature", "geometry": null, "properties": {"nome": "Rio dos Bugres", "tipo": "stream", "classe": "ribeirao"}}, {"type": "Feature", "geometry": null, "properties": {"nome": "Rio dos Bugres", "tipo": "stream", "classe": "ribeirao"}}, {"type": "Feature", "geometry": null, "properties": {"nome": "Rio Cubatão", "tipo": "river", "classe": "rio"}}, {"type": "Feature", "geometry": null, "properties": {"nome": "Rio do Gaspar", "tipo": "stream", "classe": "ribeirao"}}, {"type": "Feature", "geometry": null, "properties": {"nome": "Rio do Gaspar", "tipo": "stream", "classe": "ribeirao"}}, {"type": "Feature", "geometry": null, "properties": {"nome": "Rio do Gaspar", "tipo": "stream", "classe": "ribeirao"}}, {"type": "Feature", "geometry": null, "properties": {"nome": "Rio do Gaspar", "tipo": "stream", "classe": "ribeirao"}}, {"type": "Feature", "geometry": null, "properties": {"nome": "Rio do Gaspar", "tipo": "stream", "classe": "ribeirao"}}, {"type": "Feature", "geometry": null, "properties": {"nome": "Rio do Gaspar", "tipo": "stream", "classe": "ribeirao"}}, {"type": "Feature", "geometry": null, "properties": {"nome": "Rio do Gaspar", "tipo": "stream", "classe": "ribeirao"}}, {"type": "Feature", "geometry": null, "properties": {"nome": "Rio do Gaspar", "tipo": "stream", "classe": "ribeirao"}}, {"type": "Feature", "geometry": null, "properties": {"nome": "Rio do Gaspar", "tipo": "stream", "classe": "ribeirao"}}, {"type": "Feature", "geometry": null, "properties": {"nome": "Rio do Gaspar", "tipo": "stream", "classe": "ribeirao"}}, {"type": "Feature", "geometry": null, "properties": {"nome": "Rio do Gaspar", "tipo": "stream", "classe": "ribeirao"}}, {"type": "Feature", "geometry": null, "properties": {"nome": "Rio do Gaspar", "tipo": "stream", "classe": "ribeirao"}}, {"type": "Feature", "geometry": null, "properties": {"nome": "Rio do Gaspar", "tipo": "stream", "classe": "ribeirao"}}, {"type": "Feature", "geometry": null, "properties": {"nome": "Rio do Gaspar", "tipo": "stream", "classe": "ribeirao"}}, {"type": "Feature", "geometry": null, "properties": {"nome": "Rio do Gaspar", "tipo": "stream", "classe": "ribeirao"}}, {"type": "Feature", "geometry": null, "properties": {"nome": "Rio do Gaspar", "tipo": "stream", "classe": "ribeirao"}}, {"type": "Feature", "geometry": null, "properties": {"nome": "Rio do Gaspar", "tipo": "river", "classe": "rio"}}, {"type": "Feature", "geometry": null, "properties": {"nome": "Rio do Gaspar", "tipo": "river", "classe": "rio"}}, {"type": "Feature", "geometry": null, "properties": {"nome": "Rio do Gaspar", "tipo": "river", "classe": "rio"}}, {"type": "Feature", "geometry": null, "properties": {"nome": "Rio do Gaspar", "tipo": "river", "classe": "rio"}}, {"type": "Feature", "geometry": null, "properties": {"nome": "Rio do Gaspar", "tipo": "river", "classe": "rio"}}, {"type": "Feature", "geometry": null, "properties": {"nome": "Rio do Gaspar", "tipo": "river", "classe": "rio"}}, {"type": "Feature", "geometry": null, "properties": {"nome": "Rio do Gaspar", "tipo": "river", "classe": "rio"}}, {"type": "Feature", "geometry": null, "properties": {"nome": "Rio das Águas Claras", "tipo": "stream", "classe": "ribeirao"}}, {"type": "Feature", "geometry": null, "properties": {"nome": "Arroio Felício", "tipo": "stream", "classe": "ribeirao"}}, {"type": "Feature", "geometry": null, "properties": {"nome": "Arroio Felício", "tipo": "stream", "classe": "ribeirao"}}, {"type": "Feature", "geometry": null, "properties": {"nome": "Rio Aririú", "tipo": "stream", "classe": "ribeirao"}}, {"type": "Feature", "geometry": null, "properties": {"nome": "Rio Aririú", "tipo": "stream", "classe": "ribeirao"}}, {"type": "Feature", "geometry": null, "properties": {"nome": "Rio Aririú", "tipo": "stream", "classe": "ribeirao"}}, {"type": "Feature", "geometry": null, "properties": {"nome": "Rio Aririú", "tipo": "stream", "classe": "ribeirao"}}, {"type": "Feature", "geometry": null, "properties": {"nome": "Rio Aririú", "tipo": "stream", "classe": "ribeirao"}}, {"type": "Feature", "geometry": null, "properties": {"nome": "Rio Aririú", "tipo": "stream", "classe": "ribeirao"}}, {"type": "Feature", "geometry": null, "properties": {"nome": "Rio Aririú", "tipo": "stream", "classe": "ribeirao"}}, {"type": "Feature", "geometry": null, "properties": {"nome": "Rio Aririú", "tipo": "stream", "classe": "ribeirao"}}, {"type": "Feature", "geometry": null, "properties": {"nome": "Rio Aririú", "tipo": "stream", "classe": "ribeirao"}}, {"type": "Feature", "geometry": null, "properties": {"nome": "Rio Aririú", "tipo": "river", "classe": "rio"}}, {"type": "Feature", "geometry": null, "properties": {"nome": "Rio Aririú", "tipo": "river", "classe": "rio"}}, {"type": "Feature", "geometry": null, "properties": {"nome": "Rio Aririú", "tipo": "river", "classe": "rio"}}, {"type": "Feature", "geometry": null, "properties": {"nome": "Rio Aririú", "tipo": "river", "classe": "rio"}}, {"type": "Feature", "geometry": null, "properties": {"nome": "Rio Aririú", "tipo": "river", "classe": "rio"}}, {"type": "Feature", "geometry": null, "properties": {"nome": "Rio Aririú", "tipo": "river", "classe": "rio"}}, {"type": "Feature", "geometry": null, "properties": {"nome": "Rio Aririú", "tipo": "river", "classe": "rio"}}, {"type": "Feature", "geometry": null, "properties": {"nome": "Rio Aririú", "tipo": "river", "classe": "rio"}}, {"type": "Feature", "geometry": null, "properties": {"nome": "Rio Aririú", "tipo": "stream", "classe": "ribeirao"}}, {"type": "Feature", "geometry": null, "properties": {"nome": "Rio do Gaspar", "tipo": "stream", "classe": "ribeirao"}}, {"type": "Feature", "geometry": null, "properties": {"nome": "Rio do Miguel", "tipo": "stream", "classe": "ribeirao"}}, {"type": "Feature", "geometry": null, "properties": {"nome": "Rio do Miguel", "tipo": "stream", "classe": "ribeirao"}}, {"type": "Feature", "geometry": null, "properties": {"nome": "Rio Curtume", "tipo": "stream", "classe": "ribeirao"}}, {"type": "Feature", "geometry": null, "properties": {"nome": "Rio Curtume", "tipo": "stream", "classe": "ribeirao"}}, {"type": "Feature", "geometry": null, "properties": {"nome": "Rio Curtume", "tipo": "stream", "classe": "ribeirao"}}, {"type": "Feature", "geometry": null, "properties": {"nome": "Rio Curtume", "tipo": "stream", "classe": "ribeirao"}}, {"type": "Feature", "geometry": null, "properties": {"nome": "Rio Curtume", "tipo": "stream", "classe": "ribeirao"}}, {"type": "Feature", "geometry": null, "properties": {"nome": "Rio Curtume", "tipo": "stream", "classe": "ribeirao"}}, {"type": "Feature", "geometry": null, "properties": {"nome": "Córrego dos Pombos", "tipo": "stream", "classe": "ribeirao"}}, {"type": "Feature", "geometry": null, "properties": {"nome": "Córrego dos Pombos", "tipo": "stream", "classe": "ribeirao"}}, {"type": "Feature", "geometry": null, "properties": {"nome": "Ribeirão Forquilha", "tipo": "stream", "classe": "ribeirao"}}, {"type": "Feature", "geometry": null, "properties": {"nome": "Ribeirão Forquilha", "tipo": "stream", "classe": "ribeirao"}}, {"type": "Feature", "geometry": null, "properties": {"nome": "Ribeirão Forquilha", "tipo": "stream", "classe": "ribeirao"}}, {"type": "Feature", "geometry": null, "properties": {"nome": "Ribeirão Forquilha", "tipo": "river", "classe": "rio"}}, {"type": "Feature", "geometry": null, "properties": {"nome": "Córrego Cem Braças", "tipo": "stream", "classe": "ribeirao"}}, {"type": "Feature", "geometry": null, "properties": {"nome": "Córrego Cem Braças", "tipo": "stream", "classe": "ribeirao"}}, {"type": "Feature", "geometry": null, "properties": {"nome": "Córrego Cem Braças", "tipo": "stream", "classe": "ribeirao"}}, {"type": "Feature", "geometry": null, "properties": {"nome": "Córrego Cem Braças", "tipo": "stream", "classe": "ribeirao"}}, {"type": "Feature", "geometry": null, "properties": {"nome": "Córrego Cem Braças", "tipo": "stream", "classe": "ribeirao"}}, {"type": "Feature", "geometry": null, "properties": {"nome": "Córrego Cem Braças", "tipo": "stream", "classe": "ribeirao"}}, {"type": "Feature", "geometry": null, "properties": {"nome": "Córrego Cem Braças", "tipo": "stream", "classe": "ribeirao"}}, {"type": "Feature", "geometry": null, "properties": {"nome": "Córrego Cem Braças", "tipo": "stream", "classe": "ribeirao"}}, {"type": "Feature", "geometry": null, "properties": {"nome": "Córrego Cem Braças", "tipo": "stream", "classe": "ribeirao"}}, {"type": "Feature", "geometry": null, "properties": {"nome": "Córrego Cem Braças", "tipo": "stream", "classe": "ribeirao"}}, {"type": "Feature", "geometry": null, "properties": {"nome": "Córrego Cem Braças", "tipo": "stream", "classe": "ribeirao"}}, {"type": "Feature", "geometry": null, "properties": {"nome": "Córrego Potecas", "tipo": "stream", "classe": "ribeirao"}}, {"type": "Feature", "geometry": null, "properties": {"nome": "Córrego Potecas", "tipo": "stream", "classe": "ribeirao"}}, {"type": "Feature", "geometry": null, "properties": {"nome": "Córrego Potecas", "tipo": "stream", "classe": "ribeirao"}}, {"type": "Feature", "geometry": null, "properties": {"nome": "Córrego Potecas", "tipo": "stream", "classe": "ribeirao"}}, {"type": "Feature", "geometry": null, "properties": {"nome": "Córrego Potecas", "tipo": "stream", "classe": "ribeirao"}}, {"type": "Feature", "geometry": null, "properties": {"nome": "Córrego Potecas", "tipo": "stream", "classe": "ribeirao"}}, {"type": "Feature", "geometry": null, "properties": {"nome": "Córrego Potecas", "tipo": "stream", "classe": "ribeirao"}}, {"type": "Feature", "geometry": null, "properties": {"nome": "Córrego Potecas", "tipo": "stream", "classe": "ribeirao"}}, {"type": "Feature", "geometry": null, "properties": {"nome": "Córrego Potecas", "tipo": "stream", "classe": "ribeirao"}}, {"type": "Feature", "geometry": null, "properties": {"nome": "Córrego Potecas", "tipo": "stream", "classe": "ribeirao"}}, {"type": "Feature", "geometry": null, "properties": {"nome": "Córrego Potecas", "tipo": "stream", "classe": "ribeirao"}}, {"type": "Feature", "geometry": null, "properties": {"nome": "Córrego Potecas", "tipo": "stream", "classe": "ribeirao"}}, {"type": "Feature", "geometry": null, "properties": {"nome": "Córrego Potecas", "tipo": "stream", "classe": "ribeirao"}}, {"type": "Feature", "geometry": null, "properties": {"nome": "Córrego Potecas", "tipo": "stream", "classe": "ribeirao"}}, {"type": "Feature", "geometry": null, "properties": {"nome": "Ribeirão Forquilha", "tipo": "stream", "classe": "ribeirao"}}, {"type": "Feature", "geometry": null, "properties": {"nome": "Córrego dos Pombos", "tipo": "stream", "classe": "ribeirao"}}, {"type": "Feature", "geometry": null, "properties": {"nome": "Córrego dos Pombos", "tipo": "stream", "classe": "ribeirao"}}, {"type": "Feature", "geometry": null, "properties": {"nome": "Córrego dos Pombos", "tipo": "stream", "classe": "ribeirao"}}, {"type": "Feature", "geometry": null, "properties": {"nome": "Córrego dos Pombos", "tipo": "stream", "classe": "ribeirao"}}, {"type": "Feature", "geometry": null, "properties": {"nome": "Córrego dos Pombos", "tipo": "stream", "classe": "ribeirao"}}, {"type": "Feature", "geometry": null, "properties": {"nome": "Córrego dos Pombos", "tipo": "stream", "classe": "ribeirao"}}, {"type": "Feature", "geometry": null, "properties": {"nome": "Córrego dos Pombos", "tipo": "stream", "classe": "ribeirao"}}, {"type": "Feature", "geometry": null, "properties": {"nome": "Córrego dos Pombos", "tipo": "stream", "classe": "ribeirao"}}, {"type": "Feature", "geometry": null, "properties": {"nome": "Córrego dos Pombos", "tipo": "stream", "classe": "ribeirao"}}, {"type": "Feature", "geometry": null, "properties": {"nome": "Córrego Cem Braças", "tipo": "stream", "classe": "ribeirao"}}, {"type": "Feature", "geometry": null, "properties": {"nome": "Córrego Potecas", "tipo": "stream", "classe": "ribeirao"}}, {"type": "Feature", "geometry": null, "properties": {"nome": "Rio Matias", "tipo": "stream", "classe": "ribeirao"}}, {"type": "Feature", "geometry": null, "properties": {"nome": "Rio Matias", "tipo": "stream", "classe": "ribeirao"}}, {"type": "Feature", "geometry": null, "properties": {"nome": "Rio Matias", "tipo": "stream", "classe": "ribeirao"}}, {"type": "Feature", "geometry": null, "properties": {"nome": "Rio Matias", "tipo": "stream", "classe": "ribeirao"}}, {"type": "Feature", "geometry": null, "properties": {"nome": "Rio Matias", "tipo": "stream", "classe": "ribeirao"}}, {"type": "Feature", "geometry": null, "properties": {"nome": "Rio da Varginha", "tipo": "stream", "classe": "ribeirao"}}, {"type": "Feature", "geometry": null, "properties": {"nome": "Rio da Varginha", "tipo": "stream", "classe": "ribeirao"}}, {"type": "Feature", "geometry": null, "properties": {"nome": "Rio da Varginha", "tipo": "stream", "classe": "ribeirao"}}, {"type": "Feature", "geometry": null, "properties": {"nome": "Rio da Varginha", "tipo": "stream", "classe": "ribeirao"}}, {"type": "Feature", "geometry": null, "properties": {"nome": "Rio Forquilha", "tipo": "stream", "classe": "ribeirao"}}, {"type": "Feature", "geometry": null, "properties": {"nome": "Rio Forquilha", "tipo": "stream", "classe": "ribeirao"}}, {"type": "Feature", "geometry": null, "properties": {"nome": "Rio Forquilha", "tipo": "stream", "classe": "ribeirao"}}, {"type": "Feature", "geometry": null, "properties": {"nome": "Rio Forquilha", "tipo": "stream", "classe": "ribeirao"}}, {"type": "Feature", "geometry": null, "properties": {"nome": "Rio Forquilha", "tipo": "stream", "classe": "ribeirao"}}, {"type": "Feature", "geometry": null, "properties": {"nome": "Rio Forquilha", "tipo": "stream", "classe": "ribeirao"}}, {"type": "Feature", "geometry": null, "properties": {"nome": "Rio Forquilha", "tipo": "stream", "classe": "ribeirao"}}, {"type": "Feature", "geometry": null, "properties": {"nome": "Rio Forquilha", "tipo": "stream", "classe": "ribeirao"}}, {"type": "Feature", "geometry": null, "properties": {"nome": "Rio Forquilha", "tipo": "stream", "classe": "ribeirao"}}, {"type": "Feature", "geometry": null, "properties": {"nome": "Rio Forquilha", "tipo": "river", "classe": "rio"}}, {"type": "Feature", "geometry": null, "properties": {"nome": "Rio das Imbiras", "tipo": "stream", "classe": "ribeirao"}}, {"type": "Feature", "geometry": null, "properties": {"nome": "Rio das Imbiras", "tipo": "stream", "classe": "ribeirao"}}, {"type": "Feature", "geometry": null, "properties": {"nome": "Rio das Imbiras", "tipo": "stream", "classe": "ribeirao"}}, {"type": "Feature", "geometry": null, "properties": {"nome": "Rio das Imbiras", "tipo": "stream", "classe": "ribeirao"}}, {"type": "Feature", "geometry": null, "properties": {"nome": "Rio das Imbiras", "tipo": "stream", "classe": "ribeirao"}}, {"type": "Feature", "geometry": null, "properties": {"nome": "Rio das Imbiras", "tipo": "stream", "classe": "ribeirao"}}, {"type": "Feature", "geometry": null, "properties": {"nome": "Rio da Rocinha", "tipo": "stream", "classe": "ribeirao"}}, {"type": "Feature", "geometry": null, "properties": {"nome": "Rio da Rocinha", "tipo": "stream", "classe": "ribeirao"}}, {"type": "Feature", "geometry": null, "properties": {"nome": "Rio da Rocinha", "tipo": "stream", "classe": "ribeirao"}}, {"type": "Feature", "geometry": null, "properties": {"nome": "Rio da Rocinha", "tipo": "stream", "classe": "ribeirao"}}, {"type": "Feature", "geometry": null, "properties": {"nome": "Rio da Rocinha", "tipo": "stream", "classe": "ribeirao"}}, {"type": "Feature", "geometry": null, "properties": {"nome": "Rio da Rocinha", "tipo": "stream", "classe": "ribeirao"}}, {"type": "Feature", "geometry": null, "properties": {"nome": "Rio da Rocinha", "tipo": "stream", "classe": "ribeirao"}}, {"type": "Feature", "geometry": null, "properties": {"nome": "Rio da Rocinha", "tipo": "stream", "classe": "ribeirao"}}, {"type": "Feature", "geometry": null, "properties": {"nome": "Rio da Rocinha", "tipo": "stream", "classe": "ribeirao"}}, {"type": "Feature", "geometry": null, "properties": {"nome": "Rio da Rocinha", "tipo": "stream", "classe": "ribeirao"}}, {"type": "Feature", "geometry": null, "properties": {"nome": "Rio da Rocinha", "tipo": "stream", "classe": "ribeirao"}}, {"type": "Feature", "geometry": null, "properties": {"nome": "Rio da Rocinha", "tipo": "stream", "classe": "ribeirao"}}, {"type": "Feature", "geometry": null, "properties": {"nome": "Rio da Rocinha", "tipo": "stream", "classe": "ribeirao"}}, {"type": "Feature", "geometry": null, "properties": {"nome": "Rio da Rocinha", "tipo": "stream", "classe": "ribeirao"}}, {"type": "Feature", "geometry": null, "properties": {"nome": "Rio da Rocinha", "tipo": "stream", "classe": "ribeirao"}}, {"type": "Feature", "geometry": null, "properties": {"nome": "Rio Estaneslau", "tipo": "stream", "classe": "ribeirao"}}, {"type": "Feature", "geometry": null, "properties": {"nome": "Rio Estaneslau", "tipo": "stream", "classe": "ribeirao"}}, {"type": "Feature", "geometry": null, "properties": {"nome": "Rio Estaneslau", "tipo": "stream", "classe": "ribeirao"}}, {"type": "Feature", "geometry": null, "properties": {"nome": "Rio Estaneslau", "tipo": "stream", "classe": "ribeirao"}}, {"type": "Feature", "geometry": null, "properties": {"nome": "Rio Estaneslau", "tipo": "stream", "classe": "ribeirao"}}, {"type": "Feature", "geometry": null, "properties": {"nome": "Rio Estaneslau", "tipo": "stream", "classe": "ribeirao"}}, {"type": "Feature", "geometry": null, "properties": {"nome": "Rio Estaneslau", "tipo": "stream", "classe": "ribeirao"}}, {"type": "Feature", "geometry": null, "properties": {"nome": "Rio Estaneslau", "tipo": "stream", "classe": "ribeirao"}}, {"type": "Feature", "geometry": null, "properties": {"nome": "Rio Estaneslau", "tipo": "stream", "classe": "ribeirao"}}, {"type": "Feature", "geometry": null, "properties": {"nome": "Rio Estaneslau", "tipo": "stream", "classe": "ribeirao"}}, {"type": "Feature", "geometry": null, "properties": {"nome": "Córrego Mariquita", "tipo": "stream", "classe": "ribeirao"}}, {"type": "Feature", "geometry": null, "properties": {"nome": "Córrego Mariquita", "tipo": "stream", "classe": "ribeirao"}}, {"type": "Feature", "geometry": null, "properties": {"nome": "Córrego Mariquita", "tipo": "stream", "classe": "ribeirao"}}, {"type": "Feature", "geometry": null, "properties": {"nome": "Córrego Mariquita", "tipo": "stream", "classe": "ribeirao"}}, {"type": "Feature", "geometry": null, "properties": {"nome": "Córrego Mariquita", "tipo": "stream", "classe": "ribeirao"}}, {"type": "Feature", "geometry": null, "properties": {"nome": "Córrego Mariquita", "tipo": "stream", "classe": "ribeirao"}}, {"type": "Feature", "geometry": null, "properties": {"nome": "Córrego Mariquita", "tipo": "stream", "classe": "ribeirao"}}, {"type": "Feature", "geometry": null, "properties": {"nome": "Córrego Mariquita", "tipo": "stream", "classe": "ribeirao"}}, {"type": "Feature", "geometry": null, "properties": {"nome": "Córrego Mariquita", "tipo": "stream", "classe": "ribeirao"}}, {"type": "Feature", "geometry": null, "properties": {"nome": "Córrego Mariquita", "tipo": "stream", "classe": "ribeirao"}}, {"type": "Feature", "geometry": null, "properties": {"nome": "Córrego Mariquita", "tipo": "stream", "classe": "ribeirao"}}, {"type": "Feature", "geometry": null, "properties": {"nome": "Córrego Mariquita", "tipo": "stream", "classe": "ribeirao"}}, {"type": "Feature", "geometry": null, "properties": {"nome": "Córrego Mariquita", "tipo": "stream", "classe": "ribeirao"}}, {"type": "Feature", "geometry": null, "properties": {"nome": "Córrego Mariquita", "tipo": "stream", "classe": "ribeirao"}}, {"type": "Feature", "geometry": null, "properties": {"nome": "Rio Pagará", "tipo": "stream", "classe": "ribeirao"}}, {"type": "Feature", "geometry": null, "properties": {"nome": "Rio Pagará", "tipo": "stream", "classe": "ribeirao"}}, {"type": "Feature", "geometry": null, "properties": {"nome": "Rio Pagará", "tipo": "stream", "classe": "ribeirao"}}, {"type": "Feature", "geometry": null, "properties": {"nome": "Ribeirão Pagará", "tipo": "stream", "classe": "ribeirao"}}, {"type": "Feature", "geometry": null, "properties": {"nome": "Ribeirão Pagará", "tipo": "stream", "classe": "ribeirao"}}, {"type": "Feature", "geometry": null, "properties": {"nome": "Ribeirão Pagará", "tipo": "stream", "classe": "ribeirao"}}, {"type": "Feature", "geometry": null, "properties": {"nome": "Ribeirão Pagará", "tipo": "stream", "classe": "ribeirao"}}, {"type": "Feature", "geometry": null, "properties": {"nome": "Ribeirão Pagará", "tipo": "stream", "classe": "ribeirao"}}, {"type": "Feature", "geometry": null, "properties": {"nome": "Ribeirão Pagará", "tipo": "stream", "classe": "ribeirao"}}, {"type": "Feature", "geometry": null, "properties": {"nome": "Ribeirão Pagará", "tipo": "stream", "classe": "ribeirao"}}, {"type": "Feature", "geometry": null, "properties": {"nome": "Ribeirão Pagará", "tipo": "stream", "classe": "ribeirao"}}, {"type": "Feature", "geometry": null, "properties": {"nome": "Ribeirão Pagará", "tipo": "stream", "classe": "ribeirao"}}, {"type": "Feature", "geometry": null, "properties": {"nome": "Ribeirão Pagará", "tipo": "stream", "classe": "ribeirao"}}, {"type": "Feature", "geometry": null, "properties": {"nome": "Ribeirão Pagará", "tipo": "stream", "classe": "ribeirao"}}, {"type": "Feature", "geometry": null, "properties": {"nome": "Ribeirão Pagará", "tipo": "stream", "classe": "ribeirao"}}, {"type": "Feature", "geometry": null, "properties": {"nome": "Rio Pagará", "tipo": "river", "classe": "rio"}}, {"type": "Feature", "geometry": null, "properties": {"nome": "Rio Pagará", "tipo": "river", "classe": "rio"}}, {"type": "Feature", "geometry": null, "properties": {"nome": "Córrego Mariquita", "tipo": "stream", "classe": "ribeirao"}}, {"type": "Feature", "geometry": null, "properties": {"nome": "Ribeirão Pagará", "tipo": "stream", "classe": "ribeirao"}}, {"type": "Feature", "geometry": null, "properties": {"nome": "Rio Estaneslau", "tipo": "stream", "classe": "ribeirao"}}, {"type": "Feature", "geometry": null, "properties": {"nome": "Rio da Saudade", "tipo": "stream", "classe": "ribeirao"}}, {"type": "Feature", "geometry": null, "properties": {"nome": "Rio da Saudade", "tipo": "stream", "classe": "ribeirao"}}, {"type": "Feature", "geometry": null, "properties": {"nome": "Rio da Saudade", "tipo": "stream", "classe": "ribeirao"}}, {"type": "Feature", "geometry": null, "properties": {"nome": "Rio da Saudade", "tipo": "stream", "classe": "ribeirao"}}, {"type": "Feature", "geometry": null, "properties": {"nome": "Rio da Saudade", "tipo": "stream", "classe": "ribeirao"}}, {"type": "Feature", "geometry": null, "properties": {"nome": "Rio da Saudade", "tipo": "stream", "classe": "ribeirao"}}, {"type": "Feature", "geometry": null, "properties": {"nome": "Rio da Saudade", "tipo": "stream", "classe": "ribeirao"}}, {"type": "Feature", "geometry": null, "properties": {"nome": "Rio da Saudade", "tipo": "stream", "classe": "ribeirao"}}, {"type": "Feature", "geometry": null, "properties": {"nome": "Rio da Saudade", "tipo": "stream", "classe": "ribeirao"}}, {"type": "Feature", "geometry": null, "properties": {"nome": "Rio da Saudade", "tipo": "stream", "classe": "ribeirao"}}, {"type": "Feature", "geometry": null, "properties": {"nome": "Rio da Saudade", "tipo": "stream", "classe": "ribeirao"}}, {"type": "Feature", "geometry": null, "properties": {"nome": "Rio da Saudade", "tipo": "stream", "classe": "ribeirao"}}, {"type": "Feature", "geometry": null, "properties": {"nome": "Rio da Saudade", "tipo": "river", "classe": "rio"}}, {"type": "Feature", "geometry": null, "properties": {"nome": "Rio da Saudade", "tipo": "stream", "classe": "ribeirao"}}, {"type": "Feature", "geometry": null, "properties": {"nome": "Rio do Louro", "tipo": "stream", "classe": "ribeirao"}}, {"type": "Feature", "geometry": null, "properties": {"nome": "Rio do Louro", "tipo": "stream", "classe": "ribeirao"}}, {"type": "Feature", "geometry": null, "properties": {"nome": "Rio do Louro", "tipo": "stream", "classe": "ribeirao"}}, {"type": "Feature", "geometry": null, "properties": {"nome": "Ribeirão Vermelho", "tipo": "stream", "classe": "ribeirao"}}, {"type": "Feature", "geometry": null, "properties": {"nome": "Ribeirão Vermelho", "tipo": "stream", "classe": "ribeirao"}}, {"type": "Feature", "geometry": null, "properties": {"nome": "Ribeirão Vermelho", "tipo": "stream", "classe": "ribeirao"}}, {"type": "Feature", "geometry": null, "properties": {"nome": "Córrego da Saudade", "tipo": "stream", "classe": "ribeirao"}}, {"type": "Feature", "geometry": null, "properties": {"nome": "Córrego da Saudade", "tipo": "stream", "classe": "ribeirao"}}, {"type": "Feature", "geometry": null, "properties": {"nome": "Córrego da Saudade", "tipo": "stream", "classe": "ribeirao"}}, {"type": "Feature", "geometry": null, "properties": {"nome": "Córrego da Saudade", "tipo": "stream", "classe": "ribeirao"}}, {"type": "Feature", "geometry": null, "properties": {"nome": "Córrego da Saudade", "tipo": "stream", "classe": "ribeirao"}}, {"type": "Feature", "geometry": null, "properties": {"nome": "Córrego da Saudade", "tipo": "stream", "classe": "ribeirao"}}, {"type": "Feature", "geometry": null, "properties": {"nome": "Córrego da Saudade", "tipo": "stream", "classe": "ribeirao"}}, {"type": "Feature", "geometry": null, "properties": {"nome": "Córrego da Saudade", "tipo": "stream", "classe": "ribeirao"}}, {"type": "Feature", "geometry": null, "properties": {"nome": "Córrego Cachoeira", "tipo": "stream", "classe": "ribeirao"}}, {"type": "Feature", "geometry": null, "properties": {"nome": "Córrego Cachoeira", "tipo": "stream", "classe": "ribeirao"}}, {"type": "Feature", "geometry": null, "properties": {"nome": "Córrego da Cachoeira", "tipo": "stream", "classe": "ribeirao"}}, {"type": "Feature", "geometry": null, "properties": {"nome": "Córrego da Cachoeira", "tipo": "stream", "classe": "ribeirao"}}, {"type": "Feature", "geometry": null, "properties": {"nome": "Córrego da Cachoeira", "tipo": "stream", "classe": "ribeirao"}}, {"type": "Feature", "geometry": null, "properties": {"nome": "Córrego da Cachoeira", "tipo": "stream", "classe": "ribeirao"}}, {"type": "Feature", "geometry": null, "properties": {"nome": "Córrego Boa Vista", "tipo": "stream", "classe": "ribeirao"}}, {"type": "Feature", "geometry": null, "properties": {"nome": "Córrego Boa Vista", "tipo": "stream", "classe": "ribeirao"}}, {"type": "Feature", "geometry": null, "properties": {"nome": "Córrego Boa Vista", "tipo": "stream", "classe": "ribeirao"}}, {"type": "Feature", "geometry": null, "properties": {"nome": "Córrego Boa Vista", "tipo": "stream", "classe": "ribeirao"}}, {"type": "Feature", "geometry": null, "properties": {"nome": "Córrego Boa Vista", "tipo": "stream", "classe": "ribeirao"}}, {"type": "Feature", "geometry": null, "properties": {"nome": "Córrego Boa Vista", "tipo": "stream", "classe": "ribeirao"}}, {"type": "Feature", "geometry": null, "properties": {"nome": "Córrego Boa Vista", "tipo": "stream", "classe": "ribeirao"}}, {"type": "Feature", "geometry": null, "properties": {"nome": "Córrego Boa Vista", "tipo": "stream", "classe": "ribeirao"}}, {"type": "Feature", "geometry": null, "properties": {"nome": "Córrego Boa Vista", "tipo": "stream", "classe": "ribeirao"}}, {"type": "Feature", "geometry": null, "properties": {"nome": "Córrego Boa Vista", "tipo": "stream", "classe": "ribeirao"}}, {"type": "Feature", "geometry": null, "properties": {"nome": "Córrego Boa Vista", "tipo": "stream", "classe": "ribeirao"}}, {"type": "Feature", "geometry": null, "properties": {"nome": "Córrego Boa Vista", "tipo": "stream", "classe": "ribeirao"}}, {"type": "Feature", "geometry": null, "properties": {"nome": "Córrego Boa Vista", "tipo": "stream", "classe": "ribeirao"}}, {"type": "Feature", "geometry": null, "properties": {"nome": "Córrego Boa Vista", "tipo": "stream", "classe": "ribeirao"}}, {"type": "Feature", "geometry": null, "properties": {"nome": "Córrego Boa Vista", "tipo": "stream", "classe": "ribeirao"}}, {"type": "Feature", "geometry": null, "properties": {"nome": "Córrego Boa Vista", "tipo": "stream", "classe": "ribeirao"}}, {"type": "Feature", "geometry": null, "properties": {"nome": "Córrego Boa Vista", "tipo": "stream", "classe": "ribeirao"}}, {"type": "Feature", "geometry": null, "properties": {"nome": "Córrego Boa Vista", "tipo": "stream", "classe": "ribeirao"}}, {"type": "Feature", "geometry": null, "properties": {"nome": "Córrego Boa Vista", "tipo": "stream", "classe": "ribeirao"}}, {"type": "Feature", "geometry": null, "properties": {"nome": "Córrego Boa Vista", "tipo": "stream", "classe": "ribeirao"}}, {"type": "Feature", "geometry": null, "properties": {"nome": "Córrego Boa Vista", "tipo": "stream", "classe": "ribeirao"}}, {"type": "Feature", "geometry": null, "properties": {"nome": "Córrego Boa Vista", "tipo": "stream", "classe": "ribeirao"}}, {"type": "Feature", "geometry": null, "properties": {"nome": "Córrego Boa Vista", "tipo": "stream", "classe": "ribeirao"}}, {"type": "Feature", "geometry": null, "properties": {"nome": "Rio Caveiras", "tipo": "stream", "classe": "ribeirao"}}, {"type": "Feature", "geometry": null, "properties": {"nome": "Rio Caveiras", "tipo": "stream", "classe": "ribeirao"}}, {"type": "Feature", "geometry": null, "properties": {"nome": "Rio Caveiras", "tipo": "stream", "classe": "ribeirao"}}, {"type": "Feature", "geometry": null, "properties": {"nome": "Rio Caveiras", "tipo": "stream", "classe": "ribeirao"}}, {"type": "Feature", "geometry": null, "properties": {"nome": "Rio Caveiras", "tipo": "stream", "classe": "ribeirao"}}, {"type": "Feature", "geometry": null, "properties": {"nome": "Rio Caveiras", "tipo": "stream", "classe": "ribeirao"}}, {"type": "Feature", "geometry": null, "properties": {"nome": "Rio Caveiras", "tipo": "stream", "classe": "ribeirao"}}, {"type": "Feature", "geometry": null, "properties": {"nome": "Ribeirão Carolina", "tipo": "stream", "classe": "ribeirao"}}, {"type": "Feature", "geometry": null, "properties": {"nome": "Ribeirão Carolina", "tipo": "stream", "classe": "ribeirao"}}, {"type": "Feature", "geometry": null, "properties": {"nome": "Ribeirão Carolina", "tipo": "stream", "classe": "ribeirao"}}, {"type": "Feature", "geometry": null, "properties": {"nome": "Ribeirão Carolina", "tipo": "stream", "classe": "ribeirao"}}, {"type": "Feature", "geometry": null, "properties": {"nome": "Ribeirão Carolina", "tipo": "stream", "classe": "ribeirao"}}, {"type": "Feature", "geometry": null, "properties": {"nome": "Ribeirão Carolina", "tipo": "stream", "classe": "ribeirao"}}, {"type": "Feature", "geometry": null, "properties": {"nome": "Ribeirão Carolina", "tipo": "stream", "classe": "ribeirao"}}, {"type": "Feature", "geometry": null, "properties": {"nome": "Ribeirão Carolina", "tipo": "stream", "classe": "ribeirao"}}, {"type": "Feature", "geometry": null, "properties": {"nome": "Ribeirão Carolina", "tipo": "stream", "classe": "ribeirao"}}, {"type": "Feature", "geometry": null, "properties": {"nome": "Ribeirão Vermelho", "tipo": "stream", "classe": "ribeirao"}}, {"type": "Feature", "geometry": null, "properties": {"nome": "Ribeirão Carolina", "tipo": "stream", "classe": "ribeirao"}}, {"type": "Feature", "geometry": null, "properties": {"nome": "Córrego da Cachoeira", "tipo": "stream", "classe": "ribeirao"}}, {"type": "Feature", "geometry": null, "properties": {"nome": "Córrego Boa Vista", "tipo": "stream", "classe": "ribeirao"}}, {"type": "Feature", "geometry": null, "properties": {"nome": "Rio Caveiras", "tipo": "stream", "classe": "ribeirao"}}, {"type": "Feature", "geometry": null, "properties": {"nome": "Córrego da Saudade", "tipo": "stream", "classe": "ribeirao"}}, {"type": "Feature", "geometry": null, "properties": {"nome": "Rio Farias", "tipo": "stream", "classe": "ribeirao"}}, {"type": "Feature", "geometry": null, "properties": {"nome": "Rio Farias", "tipo": "stream", "classe": "ribeirao"}}, {"type": "Feature", "geometry": null, "properties": {"nome": "Rio Farias", "tipo": "stream", "classe": "ribeirao"}}, {"type": "Feature", "geometry": null, "properties": {"nome": "Rio Farias", "tipo": "stream", "classe": "ribeirao"}}, {"type": "Feature", "geometry": null, "properties": {"nome": "Rio Farias", "tipo": "stream", "classe": "ribeirao"}}, {"type": "Feature", "geometry": null, "properties": {"nome": "Rio Rachadel", "tipo": "stream", "classe": "ribeirao"}}, {"type": "Feature", "geometry": null, "properties": {"nome": "Rio Rachadel", "tipo": "stream", "classe": "ribeirao"}}, {"type": "Feature", "geometry": null, "properties": {"nome": "Rio Rachadel", "tipo": "stream", "classe": "ribeirao"}}, {"type": "Feature", "geometry": null, "properties": {"nome": "Rio de Guiomar", "tipo": "stream", "classe": "ribeirao"}}, {"type": "Feature", "geometry": null, "properties": {"nome": "Rio de Guiomar", "tipo": "stream", "classe": "ribeirao"}}, {"type": "Feature", "geometry": null, "properties": {"nome": "Rio de Guiomar", "tipo": "stream", "classe": "ribeirao"}}, {"type": "Feature", "geometry": null, "properties": {"nome": "Rio de Guiomar", "tipo": "stream", "classe": "ribeirao"}}, {"type": "Feature", "geometry": null, "properties": {"nome": "Rio Rachadel", "tipo": "stream", "classe": "ribeirao"}}, {"type": "Feature", "geometry": null, "properties": {"nome": "Rio de Guiomar", "tipo": "stream", "classe": "ribeirao"}}, {"type": "Feature", "geometry": null, "properties": {"nome": "Rio Farias", "tipo": "river", "classe": "rio"}}, {"type": "Feature", "geometry": null, "properties": {"nome": "Rio Biguaçu", "tipo": "stream", "classe": "ribeirao"}}, {"type": "Feature", "geometry": null, "properties": {"nome": "Rio Biguaçu", "tipo": "stream", "classe": "ribeirao"}}, {"type": "Feature", "geometry": null, "properties": {"nome": "Rio Biguaçu", "tipo": "stream", "classe": "ribeirao"}}, {"type": "Feature", "geometry": null, "properties": {"nome": "Rio Biguaçu", "tipo": "stream", "classe": "ribeirao"}}, {"type": "Feature", "geometry": null, "properties": {"nome": "Rio Biguaçu", "tipo": "stream", "classe": "ribeirao"}}, {"type": "Feature", "geometry": null, "properties": {"nome": "Rio Biguaçu", "tipo": "stream", "classe": "ribeirao"}}, {"type": "Feature", "geometry": null, "properties": {"nome": "Rio Biguaçu", "tipo": "stream", "classe": "ribeirao"}}, {"type": "Feature", "geometry": null, "properties": {"nome": "Rio do Rancho do Miguel", "tipo": "stream", "classe": "ribeirao"}}, {"type": "Feature", "geometry": null, "properties": {"nome": "Rio do Rancho do Miguel", "tipo": "stream", "classe": "ribeirao"}}, {"type": "Feature", "geometry": null, "properties": {"nome": "Rio do Rancho do Miguel", "tipo": "stream", "classe": "ribeirao"}}, {"type": "Feature", "geometry": null, "properties": {"nome": "Rio do Rancho do Miguel", "tipo": "stream", "classe": "ribeirao"}}, {"type": "Feature", "geometry": null, "properties": {"nome": "Rio do Rancho do Miguel", "tipo": "stream", "classe": "ribeirao"}}, {"type": "Feature", "geometry": null, "properties": {"nome": "Rio do Rancho do Miguel", "tipo": "stream", "classe": "ribeirao"}}, {"type": "Feature", "geometry": null, "properties": {"nome": "Rio Braço do Norte", "tipo": "stream", "classe": "ribeirao"}}, {"type": "Feature", "geometry": null, "properties": {"nome": "Rio Braço do Norte", "tipo": "stream", "classe": "ribeirao"}}, {"type": "Feature", "geometry": null, "properties": {"nome": "Rio Braço do Norte", "tipo": "stream", "classe": "ribeirao"}}, {"type": "Feature", "geometry": null, "properties": {"nome": "Rio Braço do Norte", "tipo": "stream", "classe": "ribeirao"}}, {"type": "Feature", "geometry": null, "properties": {"nome": "Rio Braço do Norte", "tipo": "stream", "classe": "ribeirao"}}, {"type": "Feature", "geometry": null, "properties": {"nome": "Rio Braço do Norte", "tipo": "stream", "classe": "ribeirao"}}, {"type": "Feature", "geometry": null, "properties": {"nome": "Rio Braço do Norte", "tipo": "river", "classe": "rio"}}, {"type": "Feature", "geometry": null, "properties": {"nome": "Rio do Rancho do Miguel", "tipo": "stream", "classe": "ribeirao"}}, {"type": "Feature", "geometry": null, "properties": {"nome": "Rio Braço do Norte", "tipo": "stream", "classe": "ribeirao"}}, {"type": "Feature", "geometry": null, "properties": {"nome": "Córrego Cachoeira", "tipo": "stream", "classe": "ribeirao"}}, {"type": "Feature", "geometry": null, "properties": {"nome": "Córrego Cachoeira", "tipo": "stream", "classe": "ribeirao"}}, {"type": "Feature", "geometry": null, "properties": {"nome": "Rio Braço Direito", "tipo": "stream", "classe": "ribeirao"}}, {"type": "Feature", "geometry": null, "properties": {"nome": "Rio Lessa", "tipo": "stream", "classe": "ribeirao"}}, {"type": "Feature", "geometry": null, "properties": {"nome": "Rio Adaga", "tipo": "stream", "classe": "ribeirao"}}, {"type": "Feature", "geometry": null, "properties": {"nome": "Rio Adaga", "tipo": "stream", "classe": "ribeirao"}}, {"type": "Feature", "geometry": null, "properties": {"nome": "Rio Adaga", "tipo": "stream", "classe": "ribeirao"}}, {"type": "Feature", "geometry": null, "properties": {"nome": "Rio Araçá", "tipo": "stream", "classe": "ribeirao"}}, {"type": "Feature", "geometry": null, "properties": {"nome": "Rio Araçá", "tipo": "stream", "classe": "ribeirao"}}, {"type": "Feature", "geometry": null, "properties": {"nome": "Arroio da Invernada", "tipo": "stream", "classe": "ribeirao"}}, {"type": "Feature", "geometry": null, "properties": {"nome": "Arroio da Invernada", "tipo": "stream", "classe": "ribeirao"}}, {"type": "Feature", "geometry": null, "properties": {"nome": "Rio da Casa Velha", "tipo": "stream", "classe": "ribeirao"}}, {"type": "Feature", "geometry": null, "properties": {"nome": "Rio da Casa Velha", "tipo": "stream", "classe": "ribeirao"}}, {"type": "Feature", "geometry": null, "properties": {"nome": "Rio da Casa Velha", "tipo": "stream", "classe": "ribeirao"}}, {"type": "Feature", "geometry": null, "properties": {"nome": "Rio da Casa Velha", "tipo": "stream", "classe": "ribeirao"}}, {"type": "Feature", "geometry": null, "properties": {"nome": "Rio da Casa Velha", "tipo": "river", "classe": "rio"}}, {"type": "Feature", "geometry": null, "properties": {"nome": "Rio Adaga", "tipo": "stream", "classe": "ribeirao"}}, {"type": "Feature", "geometry": null, "properties": {"nome": "Rio das Furnas", "tipo": "stream", "classe": "ribeirao"}}, {"type": "Feature", "geometry": null, "properties": {"nome": "Arroio da Invernada", "tipo": "stream", "classe": "ribeirao"}}, {"type": "Feature", "geometry": null, "properties": {"nome": "Rio da Casa Velha", "tipo": "stream", "classe": "ribeirao"}}, {"type": "Feature", "geometry": null, "properties": {"nome": "Rio Bonito", "tipo": "stream", "classe": "ribeirao"}}, {"type": "Feature", "geometry": null, "properties": {"nome": "Rio Bonito", "tipo": "stream", "classe": "ribeirao"}}, {"type": "Feature", "geometry": null, "properties": {"nome": "Rio Bonito", "tipo": "stream", "classe": "ribeirao"}}, {"type": "Feature", "geometry": null, "properties": {"nome": "Rio Bonito", "tipo": "stream", "classe": "ribeirao"}}, {"type": "Feature", "geometry": null, "properties": {"nome": "Rio Bonito", "tipo": "stream", "classe": "ribeirao"}}, {"type": "Feature", "geometry": null, "properties": {"nome": "Rio Invernadinha", "tipo": "stream", "classe": "ribeirao"}}, {"type": "Feature", "geometry": null, "properties": {"nome": "Rio Pinheiral", "tipo": "stream", "classe": "ribeirao"}}, {"type": "Feature", "geometry": null, "properties": {"nome": "Rio Pinheiral", "tipo": "stream", "classe": "ribeirao"}}, {"type": "Feature", "geometry": null, "properties": {"nome": "Rio Pinheiral", "tipo": "stream", "classe": "ribeirao"}}, {"type": "Feature", "geometry": null, "properties": {"nome": "Rio Taquaras", "tipo": "stream", "classe": "ribeirao"}}, {"type": "Feature", "geometry": null, "properties": {"nome": "Rio Taquaras", "tipo": "stream", "classe": "ribeirao"}}, {"type": "Feature", "geometry": null, "properties": {"nome": "Rio Taquaras", "tipo": "stream", "classe": "ribeirao"}}, {"type": "Feature", "geometry": null, "properties": {"nome": "Rio das Antas", "tipo": "stream", "classe": "ribeirao"}}, {"type": "Feature", "geometry": null, "properties": {"nome": "Rio das Antas", "tipo": "river", "classe": "rio"}}, {"type": "Feature", "geometry": null, "properties": {"nome": "Rio Pequeno", "tipo": "stream", "classe": "ribeirao"}}, {"type": "Feature", "geometry": null, "properties": {"nome": "Rio Pequeno", "tipo": "stream", "classe": "ribeirao"}}, {"type": "Feature", "geometry": null, "properties": {"nome": "Rio Pequeno", "tipo": "stream", "classe": "ribeirao"}}, {"type": "Feature", "geometry": null, "properties": {"nome": "Rio Pequeno", "tipo": "river", "classe": "rio"}}, {"type": "Feature", "geometry": null, "properties": {"nome": "Rio do Scharf", "tipo": "stream", "classe": "ribeirao"}}, {"type": "Feature", "geometry": null, "properties": {"nome": "Rio do Scharf", "tipo": "stream", "classe": "ribeirao"}}, {"type": "Feature", "geometry": null, "properties": {"nome": "Rio do Scharf", "tipo": "stream", "classe": "ribeirao"}}, {"type": "Feature", "geometry": null, "properties": {"nome": "Rio Capivaras", "tipo": "stream", "classe": "ribeirao"}}, {"type": "Feature", "geometry": null, "properties": {"nome": "Rio Capivaras", "tipo": "stream", "classe": "ribeirao"}}, {"type": "Feature", "geometry": null, "properties": {"nome": "Rio Capivaras", "tipo": "stream", "classe": "ribeirao"}}, {"type": "Feature", "geometry": null, "properties": {"nome": "Rio Capivaras", "tipo": "stream", "classe": "ribeirao"}}, {"type": "Feature", "geometry": null, "properties": {"nome": "Rio Capivaras", "tipo": "stream", "classe": "ribeirao"}}, {"type": "Feature", "geometry": null, "properties": {"nome": "Rio Capivaras", "tipo": "stream", "classe": "ribeirao"}}, {"type": "Feature", "geometry": null, "properties": {"nome": "Rio Capivaras", "tipo": "stream", "classe": "ribeirao"}}, {"type": "Feature", "geometry": null, "properties": {"nome": "Rio Capivaras", "tipo": "stream", "classe": "ribeirao"}}, {"type": "Feature", "geometry": null, "properties": {"nome": "Rio Capivaras", "tipo": "stream", "classe": "ribeirao"}}, {"type": "Feature", "geometry": null, "properties": {"nome": "Rio Capivaras", "tipo": "stream", "classe": "ribeirao"}}, {"type": "Feature", "geometry": null, "properties": {"nome": "Rio Capivaras", "tipo": "river", "classe": "rio"}}, {"type": "Feature", "geometry": null, "properties": {"nome": "Rio Capivaras", "tipo": "river", "classe": "rio"}}, {"type": "Feature", "geometry": null, "properties": {"nome": "Rio Capivaras", "tipo": "stream", "classe": "ribeirao"}}, {"type": "Feature", "geometry": null, "properties": {"nome": "Rio Capivaras", "tipo": "river", "classe": "rio"}}, {"type": "Feature", "geometry": null, "properties": {"nome": "Rio Capivaras", "tipo": "river", "classe": "rio"}}, {"type": "Feature", "geometry": null, "properties": {"nome": "Rio das Antas", "tipo": "river", "classe": "rio"}}, {"type": "Feature", "geometry": null, "properties": {"nome": "Rio das Antas", "tipo": "river", "classe": "rio"}}, {"type": "Feature", "geometry": null, "properties": {"nome": "Rio das Antas", "tipo": "stream", "classe": "ribeirao"}}, {"type": "Feature", "geometry": null, "properties": {"nome": "Rio do Scharf", "tipo": "river", "classe": "rio"}}, {"type": "Feature", "geometry": null, "properties": {"nome": "Córrego Caixão", "tipo": "stream", "classe": "ribeirao"}}, {"type": "Feature", "geometry": null, "properties": {"nome": "Córrego Caixão", "tipo": "stream", "classe": "ribeirao"}}, {"type": "Feature", "geometry": null, "properties": {"nome": "Córrego Caixão", "tipo": "stream", "classe": "ribeirao"}}, {"type": "Feature", "geometry": null, "properties": {"nome": "Córrego Caixão", "tipo": "stream", "classe": "ribeirao"}}, {"type": "Feature", "geometry": null, "properties": {"nome": "Córrego Caixão", "tipo": "stream", "classe": "ribeirao"}}, {"type": "Feature", "geometry": null, "properties": {"nome": "Córrego Caixão", "tipo": "stream", "classe": "ribeirao"}}, {"type": "Feature", "geometry": null, "properties": {"nome": "Arroio Guarda Velha", "tipo": "stream", "classe": "ribeirao"}}, {"type": "Feature", "geometry": null, "properties": {"nome": "Arroio Guarda Velha", "tipo": "stream", "classe": "ribeirao"}}, {"type": "Feature", "geometry": null, "properties": {"nome": "Arroio Guarda Velha", "tipo": "stream", "classe": "ribeirao"}}, {"type": "Feature", "geometry": null, "properties": {"nome": "Arroio Guarda Velha", "tipo": "stream", "classe": "ribeirao"}}, {"type": "Feature", "geometry": null, "properties": {"nome": "Arroio Guarda Velha", "tipo": "river", "classe": "rio"}}, {"type": "Feature", "geometry": null, "properties": {"nome": "Arroio Costão do Frade", "tipo": "stream", "classe": "ribeirao"}}, {"type": "Feature", "geometry": null, "properties": {"nome": "Arroio Costão do Frade", "tipo": "stream", "classe": "ribeirao"}}, {"type": "Feature", "geometry": null, "properties": {"nome": "Arroio Costão do Frade", "tipo": "stream", "classe": "ribeirao"}}, {"type": "Feature", "geometry": null, "properties": {"nome": "Arroio Costão do Frade", "tipo": "stream", "classe": "ribeirao"}}, {"type": "Feature", "geometry": null, "properties": {"nome": "Arroio Costão do Frade", "tipo": "river", "classe": "rio"}}, {"type": "Feature", "geometry": null, "properties": {"nome": "Arroio Caixão", "tipo": "stream", "classe": "ribeirao"}}, {"type": "Feature", "geometry": null, "properties": {"nome": "Arroio Caixão", "tipo": "stream", "classe": "ribeirao"}}, {"type": "Feature", "geometry": null, "properties": {"nome": "Arroio Porto Certo", "tipo": "stream", "classe": "ribeirao"}}, {"type": "Feature", "geometry": null, "properties": {"nome": "Arroio Porto Certo", "tipo": "stream", "classe": "ribeirao"}}, {"type": "Feature", "geometry": null, "properties": {"nome": "Arroio Porto Certo", "tipo": "stream", "classe": "ribeirao"}}, {"type": "Feature", "geometry": null, "properties": {"nome": "Arroio Porto Certo", "tipo": "stream", "classe": "ribeirao"}}, {"type": "Feature", "geometry": null, "properties": {"nome": "Arroio Porto Certo", "tipo": "stream", "classe": "ribeirao"}}, {"type": "Feature", "geometry": null, "properties": {"nome": "Arroio Porto Certo", "tipo": "stream", "classe": "ribeirao"}}, {"type": "Feature", "geometry": null, "properties": {"nome": "Arroio Porto Certo", "tipo": "stream", "classe": "ribeirao"}}, {"type": "Feature", "geometry": null, "properties": {"nome": "Arroio Porto Certo", "tipo": "stream", "classe": "ribeirao"}}, {"type": "Feature", "geometry": null, "properties": {"nome": "Arroio Lomba Alta", "tipo": "stream", "classe": "ribeirao"}}, {"type": "Feature", "geometry": null, "properties": {"nome": "Arroio Lomba Alta", "tipo": "stream", "classe": "ribeirao"}}, {"type": "Feature", "geometry": null, "properties": {"nome": "Arroio Lomba Alta", "tipo": "stream", "classe": "ribeirao"}}, {"type": "Feature", "geometry": null, "properties": {"nome": "Arroio do Boi", "tipo": "stream", "classe": "ribeirao"}}, {"type": "Feature", "geometry": null, "properties": {"nome": "Arroio do Boi", "tipo": "stream", "classe": "ribeirao"}}, {"type": "Feature", "geometry": null, "properties": {"nome": "Arroio do Boi", "tipo": "stream", "classe": "ribeirao"}}, {"type": "Feature", "geometry": null, "properties": {"nome": "Arroio do Boi", "tipo": "stream", "classe": "ribeirao"}}, {"type": "Feature", "geometry": null, "properties": {"nome": "Arroio do Rosário", "tipo": "stream", "classe": "ribeirao"}}, {"type": "Feature", "geometry": null, "properties": {"nome": "Arroio do Rosário", "tipo": "stream", "classe": "ribeirao"}}, {"type": "Feature", "geometry": null, "properties": {"nome": "Arroio do Rosário", "tipo": "stream", "classe": "ribeirao"}}, {"type": "Feature", "geometry": null, "properties": {"nome": "Arroio do Rosário", "tipo": "stream", "classe": "ribeirao"}}, {"type": "Feature", "geometry": null, "properties": {"nome": "Arroio Piquete", "tipo": "stream", "classe": "ribeirao"}}, {"type": "Feature", "geometry": null, "properties": {"nome": "Arroio Piquete", "tipo": "stream", "classe": "ribeirao"}}, {"type": "Feature", "geometry": null, "properties": {"nome": "Arroio Piquete", "tipo": "stream", "classe": "ribeirao"}}, {"type": "Feature", "geometry": null, "properties": {"nome": "Arroio Piquete", "tipo": "stream", "classe": "ribeirao"}}, {"type": "Feature", "geometry": null, "properties": {"nome": "Arroio Piquete", "tipo": "river", "classe": "rio"}}, {"type": "Feature", "geometry": null, "properties": {"nome": "Arroio Piquete", "tipo": "river", "classe": "rio"}}, {"type": "Feature", "geometry": null, "properties": {"nome": "Arroio Piquete", "tipo": "river", "classe": "rio"}}, {"type": "Feature", "geometry": null, "properties": {"nome": "Arroio Piquete", "tipo": "stream", "classe": "ribeirao"}}, {"type": "Feature", "geometry": null, "properties": {"nome": "Arroio Lagoa Cumprida", "tipo": "stream", "classe": "ribeirao"}}, {"type": "Feature", "geometry": null, "properties": {"nome": "Arroio Lagoa Cumprida", "tipo": "stream", "classe": "ribeirao"}}, {"type": "Feature", "geometry": null, "properties": {"nome": "Arroio Lagoa Cumprida", "tipo": "stream", "classe": "ribeirao"}}, {"type": "Feature", "geometry": null, "properties": {"nome": "Arroio Lagoa Cumprida", "tipo": "stream", "classe": "ribeirao"}}, {"type": "Feature", "geometry": null, "properties": {"nome": "Arroio do Shula", "tipo": "stream", "classe": "ribeirao"}}, {"type": "Feature", "geometry": null, "properties": {"nome": "Arroio do Shula", "tipo": "stream", "classe": "ribeirao"}}, {"type": "Feature", "geometry": null, "properties": {"nome": "Arroio do Shula", "tipo": "stream", "classe": "ribeirao"}}, {"type": "Feature", "geometry": null, "properties": {"nome": "Arroio do Shula", "tipo": "stream", "classe": "ribeirao"}}, {"type": "Feature", "geometry": null, "properties": {"nome": "Arroio dos Carneiros", "tipo": "stream", "classe": "ribeirao"}}, {"type": "Feature", "geometry": null, "properties": {"nome": "Arroio dos Carneiros", "tipo": "stream", "classe": "ribeirao"}}, {"type": "Feature", "geometry": null, "properties": {"nome": "Arroio dos Carneiros", "tipo": "stream", "classe": "ribeirao"}}, {"type": "Feature", "geometry": null, "properties": {"nome": "Arroio dos Carneiros", "tipo": "stream", "classe": "ribeirao"}}, {"type": "Feature", "geometry": null, "properties": {"nome": "Arroio Guilherme", "tipo": "stream", "classe": "ribeirao"}}, {"type": "Feature", "geometry": null, "properties": {"nome": "Arroio Guilherme", "tipo": "stream", "classe": "ribeirao"}}, {"type": "Feature", "geometry": null, "properties": {"nome": "Arroio do Rasgado", "tipo": "stream", "classe": "ribeirao"}}, {"type": "Feature", "geometry": null, "properties": {"nome": "Arroio do Rasgado", "tipo": "stream", "classe": "ribeirao"}}, {"type": "Feature", "geometry": null, "properties": {"nome": "Arroio do Rasgado", "tipo": "stream", "classe": "ribeirao"}}, {"type": "Feature", "geometry": null, "properties": {"nome": "Arroio do Rasgado", "tipo": "stream", "classe": "ribeirao"}}, {"type": "Feature", "geometry": null, "properties": {"nome": "Arroio do Rasgado", "tipo": "stream", "classe": "ribeirao"}}, {"type": "Feature", "geometry": null, "properties": {"nome": "Arroio do Rasgado", "tipo": "stream", "classe": "ribeirao"}}, {"type": "Feature", "geometry": null, "properties": {"nome": "Arroio da Gruta", "tipo": "stream", "classe": "ribeirao"}}, {"type": "Feature", "geometry": null, "properties": {"nome": "Arroio da Gruta", "tipo": "stream", "classe": "ribeirao"}}, {"type": "Feature", "geometry": null, "properties": {"nome": "Arroio da Gruta", "tipo": "stream", "classe": "ribeirao"}}, {"type": "Feature", "geometry": null, "properties": {"nome": "Arroio da Gruta", "tipo": "stream", "classe": "ribeirao"}}, {"type": "Feature", "geometry": null, "properties": {"nome": "Arroio do Galdino", "tipo": "stream", "classe": "ribeirao"}}, {"type": "Feature", "geometry": null, "properties": {"nome": "Arroio do Galdino", "tipo": "stream", "classe": "ribeirao"}}, {"type": "Feature", "geometry": null, "properties": {"nome": "Arroio do Galdino", "tipo": "stream", "classe": "ribeirao"}}, {"type": "Feature", "geometry": null, "properties": {"nome": "Arroio do Galdino", "tipo": "stream", "classe": "ribeirao"}}, {"type": "Feature", "geometry": null, "properties": {"nome": "Arroio das Antas", "tipo": "stream", "classe": "ribeirao"}}, {"type": "Feature", "geometry": null, "properties": {"nome": "Arroio das Antas", "tipo": "stream", "classe": "ribeirao"}}, {"type": "Feature", "geometry": null, "properties": {"nome": "Arroio das Antas", "tipo": "stream", "classe": "ribeirao"}}, {"type": "Feature", "geometry": null, "properties": {"nome": "Arroio das Antas", "tipo": "stream", "classe": "ribeirao"}}, {"type": "Feature", "geometry": null, "properties": {"nome": "Arroio Pinguirito", "tipo": "stream", "classe": "ribeirao"}}, {"type": "Feature", "geometry": null, "properties": {"nome": "Arroio Pinguirito", "tipo": "stream", "classe": "ribeirao"}}, {"type": "Feature", "geometry": null, "properties": {"nome": "Arroio Pinguirito", "tipo": "stream", "classe": "ribeirao"}}, {"type": "Feature", "geometry": null, "properties": {"nome": "Arroio do Moristone", "tipo": "stream", "classe": "ribeirao"}}, {"type": "Feature", "geometry": null, "properties": {"nome": "Arroio do Moristone", "tipo": "stream", "classe": "ribeirao"}}, {"type": "Feature", "geometry": null, "properties": {"nome": "Arroio do Moristone", "tipo": "stream", "classe": "ribeirao"}}, {"type": "Feature", "geometry": null, "properties": {"nome": "Arroio do Moristone", "tipo": "stream", "classe": "ribeirao"}}, {"type": "Feature", "geometry": null, "properties": {"nome": "Arroio do Moristone", "tipo": "stream", "classe": "ribeirao"}}, {"type": "Feature", "geometry": null, "properties": {"nome": "Arroio do Moristone", "tipo": "stream", "classe": "ribeirao"}}, {"type": "Feature", "geometry": null, "properties": {"nome": "Arroio Passo da Limeira", "tipo": "stream", "classe": "ribeirao"}}, {"type": "Feature", "geometry": null, "properties": {"nome": "Arroio Passo da Limeira", "tipo": "stream", "classe": "ribeirao"}}, {"type": "Feature", "geometry": null, "properties": {"nome": "Arroio Passo da Limeira", "tipo": "stream", "classe": "ribeirao"}}, {"type": "Feature", "geometry": null, "properties": {"nome": "Arroio Passo da Limeira", "tipo": "stream", "classe": "ribeirao"}}, {"type": "Feature", "geometry": null, "properties": {"nome": "Arroio da Limeira", "tipo": "stream", "classe": "ribeirao"}}, {"type": "Feature", "geometry": null, "properties": {"nome": "Arroio da Limeira", "tipo": "stream", "classe": "ribeirao"}}, {"type": "Feature", "geometry": null, "properties": {"nome": "Arroio da Limeira", "tipo": "stream", "classe": "ribeirao"}}, {"type": "Feature", "geometry": null, "properties": {"nome": "Arroio da Limeira", "tipo": "stream", "classe": "ribeirao"}}, {"type": "Feature", "geometry": null, "properties": {"nome": "Arroio da Limeira", "tipo": "stream", "classe": "ribeirao"}}, {"type": "Feature", "geometry": null, "properties": {"nome": "Arroio da Limeira", "tipo": "stream", "classe": "ribeirao"}}, {"type": "Feature", "geometry": null, "properties": {"nome": "Arroio Wendelino", "tipo": "stream", "classe": "ribeirao"}}, {"type": "Feature", "geometry": null, "properties": {"nome": "Arroio Wendelino", "tipo": "stream", "classe": "ribeirao"}}, {"type": "Feature", "geometry": null, "properties": {"nome": "Arroio Wendelino", "tipo": "stream", "classe": "ribeirao"}}, {"type": "Feature", "geometry": null, "properties": {"nome": "Arroio Wendelino", "tipo": "stream", "classe": "ribeirao"}}, {"type": "Feature", "geometry": null, "properties": {"nome": "Arroio Wendelino", "tipo": "stream", "classe": "ribeirao"}}, {"type": "Feature", "geometry": null, "properties": {"nome": "Arroio Wendelino", "tipo": "stream", "classe": "ribeirao"}}, {"type": "Feature", "geometry": null, "properties": {"nome": "Arroio Wendelino", "tipo": "stream", "classe": "ribeirao"}}, {"type": "Feature", "geometry": null, "properties": {"nome": "Arroio Wendelino", "tipo": "stream", "classe": "ribeirao"}}, {"type": "Feature", "geometry": null, "properties": {"nome": "Arroio do Rosário", "tipo": "stream", "classe": "ribeirao"}}, {"type": "Feature", "geometry": null, "properties": {"nome": "Arroio Wendelino", "tipo": "stream", "classe": "ribeirao"}}, {"type": "Feature", "geometry": null, "properties": {"nome": "Arroio Guilherme", "tipo": "stream", "classe": "ribeirao"}}, {"type": "Feature", "geometry": null, "properties": {"nome": "Arroio da Limeira", "tipo": "stream", "classe": "ribeirao"}}, {"type": "Feature", "geometry": null, "properties": {"nome": "Arroio Lagoa Cumprida", "tipo": "stream", "classe": "ribeirao"}}, {"type": "Feature", "geometry": null, "properties": {"nome": "Arroio Passo da Limeira", "tipo": "stream", "classe": "ribeirao"}}, {"type": "Feature", "geometry": null, "properties": {"nome": "Arroio Pinguirito", "tipo": "river", "classe": "rio"}}, {"type": "Feature", "geometry": null, "properties": {"nome": "Arroio das Antas", "tipo": "stream", "classe": "ribeirao"}}, {"type": "Feature", "geometry": null, "properties": {"nome": "Arroio do Galdino", "tipo": "stream", "classe": "ribeirao"}}, {"type": "Feature", "geometry": null, "properties": {"nome": "Arroio Caixão", "tipo": "stream", "classe": "ribeirao"}}, {"type": "Feature", "geometry": null, "properties": {"nome": "Rio Riozinho", "tipo": "river", "classe": "rio"}}, {"type": "Feature", "geometry": null, "properties": {"nome": "Arroio da Gruta", "tipo": "stream", "classe": "ribeirao"}}, {"type": "Feature", "geometry": null, "properties": {"nome": "Arroio do Boi", "tipo": "stream", "classe": "ribeirao"}}, {"type": "Feature", "geometry": null, "properties": {"nome": "Córrego Caixão", "tipo": "stream", "classe": "ribeirao"}}, {"type": "Feature", "geometry": null, "properties": {"nome": "Arroio dos Carneiros", "tipo": "stream", "classe": "ribeirao"}}, {"type": "Feature", "geometry": null, "properties": {"nome": "Arroio Porto Certo", "tipo": "stream", "classe": "ribeirao"}}, {"type": "Feature", "geometry": null, "properties": {"nome": "Arroio do Rasgado", "tipo": "stream", "classe": "ribeirao"}}, {"type": "Feature", "geometry": null, "properties": {"nome": "Arroio Costão do Frade", "tipo": "stream", "classe": "ribeirao"}}, {"type": "Feature", "geometry": null, "properties": {"nome": "Arroio do Shula", "tipo": "stream", "classe": "ribeirao"}}, {"type": "Feature", "geometry": null, "properties": {"nome": "Arroio do Moristone", "tipo": "stream", "classe": "ribeirao"}}, {"type": "Feature", "geometry": null, "properties": {"nome": "Arroio Lomba Alta", "tipo": "river", "classe": "rio"}}, {"type": "Feature", "geometry": null, "properties": {"nome": "Arroio Guarda Velha", "tipo": "stream", "classe": "ribeirao"}}, {"type": "Feature", "geometry": null, "properties": {"nome": "Rio do Barro Preto", "tipo": "stream", "classe": "ribeirao"}}, {"type": "Feature", "geometry": null, "properties": {"nome": "Rio do Barro Preto", "tipo": "stream", "classe": "ribeirao"}}, {"type": "Feature", "geometry": null, "properties": {"nome": "Arroio Pedro Sane", "tipo": "stream", "classe": "ribeirao"}}, {"type": "Feature", "geometry": null, "properties": {"nome": "Arroio Pedro Sane", "tipo": "stream", "classe": "ribeirao"}}, {"type": "Feature", "geometry": null, "properties": {"nome": "Arroio Pedro Sane", "tipo": "stream", "classe": "ribeirao"}}, {"type": "Feature", "geometry": null, "properties": {"nome": "Arroio Pedro Sane", "tipo": "stream", "classe": "ribeirao"}}, {"type": "Feature", "geometry": null, "properties": {"nome": "Arroio Pedro Sane", "tipo": "stream", "classe": "ribeirao"}}, {"type": "Feature", "geometry": null, "properties": {"nome": "Arroio Pedro Sane", "tipo": "stream", "classe": "ribeirao"}}, {"type": "Feature", "geometry": null, "properties": {"nome": "Arroio Pedro Sane", "tipo": "stream", "classe": "ribeirao"}}, {"type": "Feature", "geometry": null, "properties": {"nome": "Arroio Pedro Sane", "tipo": "stream", "classe": "ribeirao"}}, {"type": "Feature", "geometry": null, "properties": {"nome": "Arroio Albino", "tipo": "stream", "classe": "ribeirao"}}, {"type": "Feature", "geometry": null, "properties": {"nome": "Arroio Albino", "tipo": "stream", "classe": "ribeirao"}}, {"type": "Feature", "geometry": null, "properties": {"nome": "Arroio Albino", "tipo": "stream", "classe": "ribeirao"}}, {"type": "Feature", "geometry": null, "properties": {"nome": "Arroio Albino", "tipo": "stream", "classe": "ribeirao"}}, {"type": "Feature", "geometry": null, "properties": {"nome": "Rio Engano", "tipo": "river", "classe": "rio"}}, {"type": "Feature", "geometry": null, "properties": {"nome": "Rio Engano", "tipo": "river", "classe": "rio"}}, {"type": "Feature", "geometry": null, "properties": {"nome": "Arroio da Bainha", "tipo": "stream", "classe": "ribeirao"}}, {"type": "Feature", "geometry": null, "properties": {"nome": "Arroio da Bainha", "tipo": "stream", "classe": "ribeirao"}}, {"type": "Feature", "geometry": null, "properties": {"nome": "Arroio da Bainha", "tipo": "stream", "classe": "ribeirao"}}, {"type": "Feature", "geometry": null, "properties": {"nome": "Arroio da Bainha", "tipo": "stream", "classe": "ribeirao"}}, {"type": "Feature", "geometry": null, "properties": {"nome": "Arroio da Bainha", "tipo": "stream", "classe": "ribeirao"}}, {"type": "Feature", "geometry": null, "properties": {"nome": "Arroio da Bainha", "tipo": "stream", "classe": "ribeirao"}}, {"type": "Feature", "geometry": null, "properties": {"nome": "Arroio da Bainha", "tipo": "stream", "classe": "ribeirao"}}, {"type": "Feature", "geometry": null, "properties": {"nome": "Arroio da Bainha", "tipo": "stream", "classe": "ribeirao"}}, {"type": "Feature", "geometry": null, "properties": {"nome": "Arroio da Bainha", "tipo": "stream", "classe": "ribeirao"}}, {"type": "Feature", "geometry": null, "properties": {"nome": "Arroio da Bainha", "tipo": "stream", "classe": "ribeirao"}}, {"type": "Feature", "geometry": null, "properties": {"nome": "Arroio da Bainha", "tipo": "stream", "classe": "ribeirao"}}, {"type": "Feature", "geometry": null, "properties": {"nome": "Arroio da Bainha", "tipo": "stream", "classe": "ribeirao"}}, {"type": "Feature", "geometry": null, "properties": {"nome": "Arroio da Bainha", "tipo": "stream", "classe": "ribeirao"}}, {"type": "Feature", "geometry": null, "properties": {"nome": "Arroio da Bainha", "tipo": "stream", "classe": "ribeirao"}}, {"type": "Feature", "geometry": null, "properties": {"nome": "Arroio da Bainha", "tipo": "stream", "classe": "ribeirao"}}, {"type": "Feature", "geometry": null, "properties": {"nome": "Rio Engano", "tipo": "stream", "classe": "ribeirao"}}, {"type": "Feature", "geometry": null, "properties": {"nome": "Arroio Pedro Sane", "tipo": "stream", "classe": "ribeirao"}}, {"type": "Feature", "geometry": null, "properties": {"nome": "Arroio Albino", "tipo": "stream", "classe": "ribeirao"}}, {"type": "Feature", "geometry": null, "properties": {"nome": "Rio do Meio", "tipo": "stream", "classe": "ribeirao"}}, {"type": "Feature", "geometry": null, "properties": {"nome": "Rio do Meio", "tipo": "stream", "classe": "ribeirao"}}, {"type": "Feature", "geometry": null, "properties": {"nome": "Rio do Meio", "tipo": "stream", "classe": "ribeirao"}}, {"type": "Feature", "geometry": null, "properties": {"nome": "Arroio Três Pontas", "tipo": "stream", "classe": "ribeirao"}}, {"type": "Feature", "geometry": null, "properties": {"nome": "Arroio Três Pontas", "tipo": "stream", "classe": "ribeirao"}}, {"type": "Feature", "geometry": null, "properties": {"nome": "Rio da Paca", "tipo": "stream", "classe": "ribeirao"}}, {"type": "Feature", "geometry": null, "properties": {"nome": "Rio da Paca", "tipo": "stream", "classe": "ribeirao"}}, {"type": "Feature", "geometry": null, "properties": {"nome": "Rio da Paca", "tipo": "stream", "classe": "ribeirao"}}, {"type": "Feature", "geometry": null, "properties": {"nome": "Rio da Paca", "tipo": "stream", "classe": "ribeirao"}}, {"type": "Feature", "geometry": null, "properties": {"nome": "Rio da Paca", "tipo": "stream", "classe": "ribeirao"}}, {"type": "Feature", "geometry": null, "properties": {"nome": "Rio da Paca", "tipo": "stream", "classe": "ribeirao"}}, {"type": "Feature", "geometry": null, "properties": {"nome": "Arroio Sapato", "tipo": "stream", "classe": "ribeirao"}}, {"type": "Feature", "geometry": null, "properties": {"nome": "Arroio Sapato", "tipo": "stream", "classe": "ribeirao"}}, {"type": "Feature", "geometry": null, "properties": {"nome": "Arroio Sapato", "tipo": "stream", "classe": "ribeirao"}}, {"type": "Feature", "geometry": null, "properties": {"nome": "Arroio Sapato", "tipo": "stream", "classe": "ribeirao"}}, {"type": "Feature", "geometry": null, "properties": {"nome": "Arroio Sapato", "tipo": "stream", "classe": "ribeirao"}}, {"type": "Feature", "geometry": null, "properties": {"nome": "Arroio Sapato", "tipo": "stream", "classe": "ribeirao"}}, {"type": "Feature", "geometry": null, "properties": {"nome": "Arroio Sapato", "tipo": "stream", "classe": "ribeirao"}}, {"type": "Feature", "geometry": null, "properties": {"nome": "Arroio Sapato", "tipo": "stream", "classe": "ribeirao"}}, {"type": "Feature", "geometry": null, "properties": {"nome": "Arroio Sapato", "tipo": "stream", "classe": "ribeirao"}}, {"type": "Feature", "geometry": null, "properties": {"nome": "Arroio Sapato", "tipo": "stream", "classe": "ribeirao"}}, {"type": "Feature", "geometry": null, "properties": {"nome": "Arroio Xaxim", "tipo": "stream", "classe": "ribeirao"}}, {"type": "Feature", "geometry": null, "properties": {"nome": "Arroio Xaxim", "tipo": "stream", "classe": "ribeirao"}}, {"type": "Feature", "geometry": null, "properties": {"nome": "Arroio Xaxim", "tipo": "stream", "classe": "ribeirao"}}, {"type": "Feature", "geometry": null, "properties": {"nome": "Arroio Papuã", "tipo": "stream", "classe": "ribeirao"}}, {"type": "Feature", "geometry": null, "properties": {"nome": "Arroio Papuã", "tipo": "stream", "classe": "ribeirao"}}, {"type": "Feature", "geometry": null, "properties": {"nome": "Arroio Papuã", "tipo": "stream", "classe": "ribeirao"}}, {"type": "Feature", "geometry": null, "properties": {"nome": "Arroio Papuã", "tipo": "stream", "classe": "ribeirao"}}, {"type": "Feature", "geometry": null, "properties": {"nome": "Arroio Papuã", "tipo": "stream", "classe": "ribeirao"}}, {"type": "Feature", "geometry": null, "properties": {"nome": "Arroio Papuã", "tipo": "stream", "classe": "ribeirao"}}, {"type": "Feature", "geometry": null, "properties": {"nome": "Arroio Papuã", "tipo": "stream", "classe": "ribeirao"}}, {"type": "Feature", "geometry": null, "properties": {"nome": "Arroio Papuã", "tipo": "stream", "classe": "ribeirao"}}, {"type": "Feature", "geometry": null, "properties": {"nome": "Arroio Papuã", "tipo": "river", "classe": "rio"}}, {"type": "Feature", "geometry": null, "properties": {"nome": "Arroio Lajeira", "tipo": "stream", "classe": "ribeirao"}}, {"type": "Feature", "geometry": null, "properties": {"nome": "Arroio Lajeira", "tipo": "stream", "classe": "ribeirao"}}, {"type": "Feature", "geometry": null, "properties": {"nome": "Rio Barro Branco", "tipo": "stream", "classe": "ribeirao"}}, {"type": "Feature", "geometry": null, "properties": {"nome": "Rio Barro Branco", "tipo": "stream", "classe": "ribeirao"}}, {"type": "Feature", "geometry": null, "properties": {"nome": "Rio Barro Branco", "tipo": "river", "classe": "rio"}}, {"type": "Feature", "geometry": null, "properties": {"nome": "Rio Inferninho", "tipo": "stream", "classe": "ribeirao"}}, {"type": "Feature", "geometry": null, "properties": {"nome": "Rio Inferninho", "tipo": "stream", "classe": "ribeirao"}}, {"type": "Feature", "geometry": null, "properties": {"nome": "Rio Inferninho", "tipo": "stream", "classe": "ribeirao"}}, {"type": "Feature", "geometry": null, "properties": {"nome": "Rio Inferninho", "tipo": "stream", "classe": "ribeirao"}}, {"type": "Feature", "geometry": null, "properties": {"nome": "Arroio Frederico", "tipo": "stream", "classe": "ribeirao"}}, {"type": "Feature", "geometry": null, "properties": {"nome": "Arroio Frederico", "tipo": "stream", "classe": "ribeirao"}}, {"type": "Feature", "geometry": null, "properties": {"nome": "Arroio Frederico", "tipo": "stream", "classe": "ribeirao"}}, {"type": "Feature", "geometry": null, "properties": {"nome": "Arroio Frederico", "tipo": "stream", "classe": "ribeirao"}}, {"type": "Feature", "geometry": null, "properties": {"nome": "Arroio Alto Frederico", "tipo": "stream", "classe": "ribeirao"}}, {"type": "Feature", "geometry": null, "properties": {"nome": "Arroio Alto Frederico", "tipo": "stream", "classe": "ribeirao"}}, {"type": "Feature", "geometry": null, "properties": {"nome": "Arroio Frederico", "tipo": "stream", "classe": "ribeirao"}}, {"type": "Feature", "geometry": null, "properties": {"nome": "Arroio Frederico", "tipo": "stream", "classe": "ribeirao"}}, {"type": "Feature", "geometry": null, "properties": {"nome": "Arroio Cincerro", "tipo": "stream", "classe": "ribeirao"}}, {"type": "Feature", "geometry": null, "properties": {"nome": "Arroio Cincerro", "tipo": "stream", "classe": "ribeirao"}}, {"type": "Feature", "geometry": null, "properties": {"nome": "Arroio Cincerro", "tipo": "stream", "classe": "ribeirao"}}, {"type": "Feature", "geometry": null, "properties": {"nome": "Arroio Cincerro", "tipo": "stream", "classe": "ribeirao"}}, {"type": "Feature", "geometry": null, "properties": {"nome": "Arroio Corote", "tipo": "stream", "classe": "ribeirao"}}, {"type": "Feature", "geometry": null, "properties": {"nome": "Arroio Corote", "tipo": "stream", "classe": "ribeirao"}}, {"type": "Feature", "geometry": null, "properties": {"nome": "Arroio Cincerro", "tipo": "stream", "classe": "ribeirao"}}, {"type": "Feature", "geometry": null, "properties": {"nome": "Arroio Cincerro", "tipo": "stream", "classe": "ribeirao"}}, {"type": "Feature", "geometry": null, "properties": {"nome": "Rio dos Cachorros", "tipo": "stream", "classe": "ribeirao"}}, {"type": "Feature", "geometry": null, "properties": {"nome": "Rio dos Cachorros", "tipo": "stream", "classe": "ribeirao"}}, {"type": "Feature", "geometry": null, "properties": {"nome": "Rio dos Cachorros", "tipo": "stream", "classe": "ribeirao"}}, {"type": "Feature", "geometry": null, "properties": {"nome": "Rio dos Cachorros", "tipo": "stream", "classe": "ribeirao"}}, {"type": "Feature", "geometry": null, "properties": {"nome": "Rio dos Cachorros", "tipo": "stream", "classe": "ribeirao"}}, {"type": "Feature", "geometry": null, "properties": {"nome": "Rio dos Cachorros", "tipo": "stream", "classe": "ribeirao"}}, {"type": "Feature", "geometry": null, "properties": {"nome": "Rio dos Cachorros", "tipo": "stream", "classe": "ribeirao"}}, {"type": "Feature", "geometry": null, "properties": {"nome": "Rio dos Cachorros", "tipo": "stream", "classe": "ribeirao"}}, {"type": "Feature", "geometry": null, "properties": {"nome": "Arroio Invernadinha", "tipo": "stream", "classe": "ribeirao"}}, {"type": "Feature", "geometry": null, "properties": {"nome": "Arroio Invernadinha", "tipo": "stream", "classe": "ribeirao"}}, {"type": "Feature", "geometry": null, "properties": {"nome": "Arroio Invernadinha", "tipo": "stream", "classe": "ribeirao"}}, {"type": "Feature", "geometry": null, "properties": {"nome": "Arroio Invernadinha", "tipo": "stream", "classe": "ribeirao"}}, {"type": "Feature", "geometry": null, "properties": {"nome": "Arroio Invernadinha", "tipo": "stream", "classe": "ribeirao"}}, {"type": "Feature", "geometry": null, "properties": {"nome": "Arroio Invernadinha", "tipo": "stream", "classe": "ribeirao"}}, {"type": "Feature", "geometry": null, "properties": {"nome": "Arroio Invernadinha", "tipo": "stream", "classe": "ribeirao"}}, {"type": "Feature", "geometry": null, "properties": {"nome": "Arroio Invernadinha", "tipo": "stream", "classe": "ribeirao"}}, {"type": "Feature", "geometry": null, "properties": {"nome": "Arroio Invernadinha", "tipo": "stream", "classe": "ribeirao"}}, {"type": "Feature", "geometry": null, "properties": {"nome": "Arroio Invernadinha", "tipo": "stream", "classe": "ribeirao"}}, {"type": "Feature", "geometry": null, "properties": {"nome": "Rio Inferninho", "tipo": "stream", "classe": "ribeirao"}}, {"type": "Feature", "geometry": null, "properties": {"nome": "Rio Barro Branco", "tipo": "river", "classe": "rio"}}, {"type": "Feature", "geometry": null, "properties": {"nome": "Rio Barro Branco", "tipo": "stream", "classe": "ribeirao"}}, {"type": "Feature", "geometry": null, "properties": {"nome": "Rio dos Cachorros", "tipo": "stream", "classe": "ribeirao"}}, {"type": "Feature", "geometry": null, "properties": {"nome": "Arroio Lajeira", "tipo": "stream", "classe": "ribeirao"}}, {"type": "Feature", "geometry": null, "properties": {"nome": "Arroio Três Pontas", "tipo": "stream", "classe": "ribeirao"}}, {"type": "Feature", "geometry": null, "properties": {"nome": "Arroio Invernadinha", "tipo": "stream", "classe": "ribeirao"}}, {"type": "Feature", "geometry": null, "properties": {"nome": "Rio Gabiroba", "tipo": "river", "classe": "rio"}}, {"type": "Feature", "geometry": null, "properties": {"nome": "Arroio Cincerro", "tipo": "stream", "classe": "ribeirao"}}, {"type": "Feature", "geometry": null, "properties": {"nome": "Rio da Paca", "tipo": "stream", "classe": "ribeirao"}}, {"type": "Feature", "geometry": null, "properties": {"nome": "Arroio Sapato", "tipo": "stream", "classe": "ribeirao"}}, {"type": "Feature", "geometry": null, "properties": {"nome": "Rio do Tanque", "tipo": "river", "classe": "rio"}}, {"type": "Feature", "geometry": null, "properties": {"nome": "Arroio Papuã", "tipo": "stream", "classe": "ribeirao"}}, {"type": "Feature", "geometry": null, "properties": {"nome": "Arroio Corote", "tipo": "stream", "classe": "ribeirao"}}, {"type": "Feature", "geometry": null, "properties": {"nome": "Arroio Alto Frederico", "tipo": "stream", "classe": "ribeirao"}}, {"type": "Feature", "geometry": null, "properties": {"nome": "Arroio do Tanque", "tipo": "stream", "classe": "ribeirao"}}, {"type": "Feature", "geometry": null, "properties": {"nome": "Arroio Frederico", "tipo": "stream", "classe": "ribeirao"}}, {"type": "Feature", "geometry": null, "properties": {"nome": "Arroio Ranchinho", "tipo": "stream", "classe": "ribeirao"}}, {"type": "Feature", "geometry": null, "properties": {"nome": "Rio Caçador", "tipo": "stream", "classe": "ribeirao"}}, {"type": "Feature", "geometry": null, "properties": {"nome": "Rio Caçador", "tipo": "stream", "classe": "ribeirao"}}, {"type": "Feature", "geometry": null, "properties": {"nome": "Rio Caçador", "tipo": "stream", "classe": "ribeirao"}}, {"type": "Feature", "geometry": null, "properties": {"nome": "Ribeirão Forquilha", "tipo": "stream", "classe": "ribeirao"}}, {"type": "Feature", "geometry": null, "properties": {"nome": "Rio da Vovó", "tipo": "river", "classe": "rio"}}, {"type": "Feature", "geometry": null, "properties": {"nome": "Rio da Vovó", "tipo": "river", "classe": "rio"}}, {"type": "Feature", "geometry": null, "properties": {"nome": "Ribeirão Bonito", "tipo": "river", "classe": "rio"}}, {"type": "Feature", "geometry": null, "properties": {"nome": "Rio Canhanduba", "tipo": "river", "classe": "rio"}}, {"type": "Feature", "geometry": null, "properties": {"nome": "Rio Canhanduba", "tipo": "river", "classe": "rio"}}, {"type": "Feature", "geometry": null, "properties": {"nome": "Rio Canhanduba", "tipo": "river", "classe": "rio"}}, {"type": "Feature", "geometry": null, "properties": {"nome": "Rio Canhanduba", "tipo": "river", "classe": "rio"}}, {"type": "Feature", "geometry": null, "properties": {"nome": "Rio Canhanduba", "tipo": "river", "classe": "rio"}}, {"type": "Feature", "geometry": null, "properties": {"nome": "Rio Canhanduba", "tipo": "river", "classe": "rio"}}, {"type": "Feature", "geometry": null, "properties": {"nome": "Rio Canhanduba", "tipo": "river", "classe": "rio"}}, {"type": "Feature", "geometry": null, "properties": {"nome": "Rio Canhanduba", "tipo": "river", "classe": "rio"}}, {"type": "Feature", "geometry": null, "properties": {"nome": "Ribeirão Kiloba", "tipo": "stream", "classe": "ribeirao"}}, {"type": "Feature", "geometry": null, "properties": {"nome": "Ribeirão Kiloba", "tipo": "stream", "classe": "ribeirao"}}, {"type": "Feature", "geometry": null, "properties": {"nome": "Ribeirão Kiloba", "tipo": "stream", "classe": "ribeirao"}}, {"type": "Feature", "geometry": null, "properties": {"nome": "Ribeirão Kiloba", "tipo": "stream", "classe": "ribeirao"}}, {"type": "Feature", "geometry": null, "properties": {"nome": "Rio Aririú", "tipo": "river", "classe": "rio"}}, {"type": "Feature", "geometry": null, "properties": {"nome": "Rio Aririú", "tipo": "river", "classe": "rio"}}, {"type": "Feature", "geometry": null, "properties": {"nome": "Rio Araçá", "tipo": "stream", "classe": "ribeirao"}}, {"type": "Feature", "geometry": null, "properties": {"nome": "Rio Araçá", "tipo": "stream", "classe": "ribeirao"}}, {"type": "Feature", "geometry": null, "properties": {"nome": "Rio Araçá", "tipo": "stream", "classe": "ribeirao"}}, {"type": "Feature", "geometry": null, "properties": {"nome": "Rio Araçá", "tipo": "stream", "classe": "ribeirao"}}, {"type": "Feature", "geometry": null, "properties": {"nome": "Rio Araçá", "tipo": "stream", "classe": "ribeirao"}}, {"type": "Feature", "geometry": null, "properties": {"nome": "Rio Araçá", "tipo": "stream", "classe": "ribeirao"}}, {"type": "Feature", "geometry": null, "properties": {"nome": "Rio Araçá", "tipo": "stream", "classe": "ribeirao"}}, {"type": "Feature", "geometry": null, "properties": {"nome": "Rio Bonito", "tipo": "stream", "classe": "ribeirao"}}, {"type": "Feature", "geometry": null, "properties": {"nome": "Rio Bonito", "tipo": "stream", "classe": "ribeirao"}}, {"type": "Feature", "geometry": null, "properties": {"nome": "Rio Bonito", "tipo": "stream", "classe": "ribeirao"}}, {"type": "Feature", "geometry": null, "properties": {"nome": "Arroio do Rio Bonito", "tipo": "stream", "classe": "ribeirao"}}, {"type": "Feature", "geometry": null, "properties": {"nome": "Arroio dos Bellos", "tipo": "stream", "classe": "ribeirao"}}, {"type": "Feature", "geometry": null, "properties": {"nome": "Arroio dos Bellos", "tipo": "stream", "classe": "ribeirao"}}, {"type": "Feature", "geometry": null, "properties": {"nome": "Arroio dos Bellos", "tipo": "stream", "classe": "ribeirao"}}, {"type": "Feature", "geometry": null, "properties": {"nome": "Arroio Nova Alemanha", "tipo": "stream", "classe": "ribeirao"}}, {"type": "Feature", "geometry": null, "properties": {"nome": "Arroio Nova Alemanha", "tipo": "stream", "classe": "ribeirao"}}, {"type": "Feature", "geometry": null, "properties": {"nome": "Arroio Nova Alemanha", "tipo": "stream", "classe": "ribeirao"}}, {"type": "Feature", "geometry": null, "properties": {"nome": "Arroio Nova Alemanha", "tipo": "stream", "classe": "ribeirao"}}, {"type": "Feature", "geometry": null, "properties": {"nome": "Arroio Nova Alemanha", "tipo": "stream", "classe": "ribeirao"}}, {"type": "Feature", "geometry": null, "properties": {"nome": "Arroio Nova Alemanha", "tipo": "stream", "classe": "ribeirao"}}, {"type": "Feature", "geometry": null, "properties": {"nome": "Arroio Nova Alemanha", "tipo": "stream", "classe": "ribeirao"}}, {"type": "Feature", "geometry": null, "properties": {"nome": "Arroio Nova Alemanha", "tipo": "stream", "classe": "ribeirao"}}, {"type": "Feature", "geometry": null, "properties": {"nome": "Arroio Nova Alemanha", "tipo": "stream", "classe": "ribeirao"}}, {"type": "Feature", "geometry": null, "properties": {"nome": "Arroio Nova Alemanha", "tipo": "stream", "classe": "ribeirao"}}, {"type": "Feature", "geometry": null, "properties": {"nome": "Arroio Nova Alemanha", "tipo": "stream", "classe": "ribeirao"}}, {"type": "Feature", "geometry": null, "properties": {"nome": "Arroio Nova Alemanha", "tipo": "stream", "classe": "ribeirao"}}, {"type": "Feature", "geometry": null, "properties": {"nome": "Arroio Nova Alemanha", "tipo": "stream", "classe": "ribeirao"}}, {"type": "Feature", "geometry": null, "properties": {"nome": "Arroio Nova Alemanha", "tipo": "stream", "classe": "ribeirao"}}, {"type": "Feature", "geometry": null, "properties": {"nome": "Arroio Nova Alemanha", "tipo": "stream", "classe": "ribeirao"}}, {"type": "Feature", "geometry": null, "properties": {"nome": "Arroio Nova Alemanha", "tipo": "stream", "classe": "ribeirao"}}, {"type": "Feature", "geometry": null, "properties": {"nome": "Arroio Nova Alemanha", "tipo": "stream", "classe": "ribeirao"}}, {"type": "Feature", "geometry": null, "properties": {"nome": "Arroio Nova Alemanha", "tipo": "stream", "classe": "ribeirao"}}, {"type": "Feature", "geometry": null, "properties": {"nome": "Arroio Nova Alemanha", "tipo": "stream", "classe": "ribeirao"}}, {"type": "Feature", "geometry": null, "properties": {"nome": "Arroio Nova Alemanha", "tipo": "stream", "classe": "ribeirao"}}, {"type": "Feature", "geometry": null, "properties": {"nome": "Arroio Nova Alemanha", "tipo": "stream", "classe": "ribeirao"}}, {"type": "Feature", "geometry": null, "properties": {"nome": "Arroio Nova Alemanha", "tipo": "stream", "classe": "ribeirao"}}, {"type": "Feature", "geometry": null, "properties": {"nome": "Arroio Nova Alemanha", "tipo": "stream", "classe": "ribeirao"}}, {"type": "Feature", "geometry": null, "properties": {"nome": "Arroio Nova Alemanha", "tipo": "stream", "classe": "ribeirao"}}, {"type": "Feature", "geometry": null, "properties": {"nome": "Rio dos Bugres", "tipo": "stream", "classe": "ribeirao"}}, {"type": "Feature", "geometry": null, "properties": {"nome": "Rio dos Bugres", "tipo": "stream", "classe": "ribeirao"}}, {"type": "Feature", "geometry": null, "properties": {"nome": "Rio dos Bugres", "tipo": "stream", "classe": "ribeirao"}}, {"type": "Feature", "geometry": null, "properties": {"nome": "Rio Lajeado", "tipo": "stream", "classe": "ribeirao"}}, {"type": "Feature", "geometry": null, "properties": {"nome": "Arroio Florestal", "tipo": "stream", "classe": "ribeirao"}}, {"type": "Feature", "geometry": null, "properties": {"nome": "Arroio dos Batistas", "tipo": "stream", "classe": "ribeirao"}}, {"type": "Feature", "geometry": null, "properties": {"nome": "Arroio dos Batistas", "tipo": "stream", "classe": "ribeirao"}}, {"type": "Feature", "geometry": null, "properties": {"nome": "Arroio Saltinho", "tipo": "river", "classe": "rio"}}, {"type": "Feature", "geometry": null, "properties": {"nome": "Lageado Bueiro Fundo", "tipo": "stream", "classe": "ribeirao"}}, {"type": "Feature", "geometry": null, "properties": {"nome": "Lageado Bueiro Fundo", "tipo": "stream", "classe": "ribeirao"}}, {"type": "Feature", "geometry": null, "properties": {"nome": "Lageado Bueiro Fundo", "tipo": "stream", "classe": "ribeirao"}}, {"type": "Feature", "geometry": null, "properties": {"nome": "Lageado Bueiro Fundo", "tipo": "stream", "classe": "ribeirao"}}, {"type": "Feature", "geometry": null, "properties": {"nome": "Arroio do Chico", "tipo": "stream", "classe": "ribeirao"}}, {"type": "Feature", "geometry": null, "properties": {"nome": "Arroio do Chico", "tipo": "stream", "classe": "ribeirao"}}, {"type": "Feature", "geometry": null, "properties": {"nome": "Arroio do Chico", "tipo": "stream", "classe": "ribeirao"}}, {"type": "Feature", "geometry": null, "properties": {"nome": "Rio Três Barras", "tipo": "river", "classe": "rio"}}, {"type": "Feature", "geometry": null, "properties": {"nome": "Rio Três Barras", "tipo": "river", "classe": "rio"}}, {"type": "Feature", "geometry": null, "properties": {"nome": "Rio Três Barras", "tipo": "river", "classe": "rio"}}, {"type": "Feature", "geometry": null, "properties": {"nome": "Rio Ponta Comprida", "tipo": "river", "classe": "rio"}}, {"type": "Feature", "geometry": null, "properties": {"nome": "Rio Ponta Comprida", "tipo": "river", "classe": "rio"}}, {"type": "Feature", "geometry": null, "properties": {"nome": "Córrego Poço Grande", "tipo": "stream", "classe": "ribeirao"}}, {"type": "Feature", "geometry": null, "properties": {"nome": "Rio Pequeno", "tipo": "stream", "classe": "ribeirao"}}, {"type": "Feature", "geometry": null, "properties": {"nome": "Rio Pequeno", "tipo": "stream", "classe": "ribeirao"}}, {"type": "Feature", "geometry": null, "properties": {"nome": "Córrego do Jacú", "tipo": "stream", "classe": "ribeirao"}}, {"type": "Feature", "geometry": null, "properties": {"nome": "Córrego do Jacú", "tipo": "stream", "classe": "ribeirao"}}, {"type": "Feature", "geometry": null, "properties": {"nome": "Rio Itapema", "tipo": "stream", "classe": "ribeirao"}}, {"type": "Feature", "geometry": null, "properties": {"nome": "Rio Itapema", "tipo": "stream", "classe": "ribeirao"}}, {"type": "Feature", "geometry": null, "properties": {"nome": "Rio Caveiras", "tipo": "stream", "classe": "ribeirao"}}, {"type": "Feature", "geometry": null, "properties": {"nome": "Rio Caveiras", "tipo": "stream", "classe": "ribeirao"}}, {"type": "Feature", "geometry": null, "properties": {"nome": "Ribeirão das Pedras Brancas", "tipo": "river", "classe": "rio"}}, {"type": "Feature", "geometry": null, "properties": {"nome": "Ribeirão das Pedras Brancas", "tipo": "river", "classe": "rio"}}, {"type": "Feature", "geometry": null, "properties": {"nome": "Arroio do Leão", "tipo": "stream", "classe": "ribeirao"}}, {"type": "Feature", "geometry": null, "properties": {"nome": "Córrego Mathias", "tipo": "stream", "classe": "ribeirao"}}, {"type": "Feature", "geometry": null, "properties": {"nome": "Córrego Mathias", "tipo": "stream", "classe": "ribeirao"}}, {"type": "Feature", "geometry": null, "properties": {"nome": "Córrego Mathias", "tipo": "stream", "classe": "ribeirao"}}, {"type": "Feature", "geometry": null, "properties": {"nome": "Córrego Mathias", "tipo": "stream", "classe": "ribeirao"}}, {"type": "Feature", "geometry": null, "properties": {"nome": "Córrego Mathias", "tipo": "stream", "classe": "ribeirao"}}, {"type": "Feature", "geometry": null, "properties": {"nome": "Córrego Mathias", "tipo": "stream", "classe": "ribeirao"}}, {"type": "Feature", "geometry": null, "properties": {"nome": "Córrego Mathias", "tipo": "stream", "classe": "ribeirao"}}, {"type": "Feature", "geometry": null, "properties": {"nome": "Córrego Mathias", "tipo": "stream", "classe": "ribeirao"}}, {"type": "Feature", "geometry": null, "properties": {"nome": "Córrego Mathias", "tipo": "stream", "classe": "ribeirao"}}, {"type": "Feature", "geometry": null, "properties": {"nome": "Ribeirão das Pedras Brancas", "tipo": "river", "classe": "rio"}}, {"type": "Feature", "geometry": null, "properties": {"nome": "Ribeirão das Pedras Brancas", "tipo": "river", "classe": "rio"}}, {"type": "Feature", "geometry": null, "properties": {"nome": "Córrego Javali", "tipo": "stream", "classe": "ribeirao"}}, {"type": "Feature", "geometry": null, "properties": {"nome": "Córrego Javali", "tipo": "stream", "classe": "ribeirao"}}, {"type": "Feature", "geometry": null, "properties": {"nome": "Córrego Javali", "tipo": "stream", "classe": "ribeirao"}}, {"type": "Feature", "geometry": null, "properties": {"nome": "Córrego Javali", "tipo": "stream", "classe": "ribeirao"}}, {"type": "Feature", "geometry": null, "properties": {"nome": "Córrego Javali", "tipo": "stream", "classe": "ribeirao"}}, {"type": "Feature", "geometry": null, "properties": {"nome": "Córrego Aurora", "tipo": "stream", "classe": "ribeirao"}}, {"type": "Feature", "geometry": null, "properties": {"nome": "Córrego Aurora", "tipo": "stream", "classe": "ribeirao"}}, {"type": "Feature", "geometry": null, "properties": {"nome": "Ribeirão Aurora", "tipo": "stream", "classe": "ribeirao"}}, {"type": "Feature", "geometry": null, "properties": {"nome": "Rio do Cerro", "tipo": "river", "classe": "rio"}}, {"type": "Feature", "geometry": null, "properties": {"nome": "Córrego da Serra Preta", "tipo": "stream", "classe": "ribeirao"}}, {"type": "Feature", "geometry": null, "properties": {"nome": "Córrego da Serra Preta", "tipo": "stream", "classe": "ribeirao"}}, {"type": "Feature", "geometry": null, "properties": {"nome": "Córrego da Serra Preta", "tipo": "stream", "classe": "ribeirao"}}, {"type": "Feature", "geometry": null, "properties": {"nome": "Córrego da Serra Preta", "tipo": "stream", "classe": "ribeirao"}}, {"type": "Feature", "geometry": null, "properties": {"nome": "Córrego da Serra Preta", "tipo": "stream", "classe": "ribeirao"}}, {"type": "Feature", "geometry": null, "properties": {"nome": "Rio do Cerro", "tipo": "river", "classe": "rio"}}, {"type": "Feature", "geometry": null, "properties": {"nome": "Rio do Cerro", "tipo": "river", "classe": "rio"}}, {"type": "Feature", "geometry": null, "properties": {"nome": "Rio do Cerro", "tipo": "stream", "classe": "ribeirao"}}, {"type": "Feature", "geometry": null, "properties": {"nome": "Rio do Cerro", "tipo": "stream", "classe": "ribeirao"}}, {"type": "Feature", "geometry": null, "properties": {"nome": "Ribeirão Alma", "tipo": "river", "classe": "rio"}}, {"type": "Feature", "geometry": null, "properties": {"nome": "Ribeirão Alma", "tipo": "river", "classe": "rio"}}, {"type": "Feature", "geometry": null, "properties": {"nome": "Braço do Ribeirão Alma", "tipo": "stream", "classe": "ribeirao"}}, {"type": "Feature", "geometry": null, "properties": {"nome": "Ribeirão Alma", "tipo": "river", "classe": "rio"}}, {"type": "Feature", "geometry": null, "properties": {"nome": "Ribeirão do Molha", "tipo": "stream", "classe": "ribeirao"}}, {"type": "Feature", "geometry": null, "properties": {"nome": "Ribeirão do Molha", "tipo": "stream", "classe": "ribeirao"}}, {"type": "Feature", "geometry": null, "properties": {"nome": "Ribeirão do Molha", "tipo": "stream", "classe": "ribeirao"}}, {"type": "Feature", "geometry": null, "properties": {"nome": "Ribeirão do Molha", "tipo": "stream", "classe": "ribeirao"}}, {"type": "Feature", "geometry": null, "properties": {"nome": "Ribeirão Fazendinha", "tipo": "stream", "classe": "ribeirao"}}, {"type": "Feature", "geometry": null, "properties": {"nome": "Ribeirão Fazendinha", "tipo": "stream", "classe": "ribeirao"}}, {"type": "Feature", "geometry": null, "properties": {"nome": "Rio Perequezinho", "tipo": "stream", "classe": "ribeirao"}}, {"type": "Feature", "geometry": null, "properties": {"nome": "Rio Perequezinho", "tipo": "stream", "classe": "ribeirao"}}, {"type": "Feature", "geometry": null, "properties": {"nome": "Rio Grande", "tipo": "stream", "classe": "ribeirao"}}, {"type": "Feature", "geometry": null, "properties": {"nome": "Rio Grande", "tipo": "stream", "classe": "ribeirao"}}, {"type": "Feature", "geometry": null, "properties": {"nome": "Ribeirão Máximo", "tipo": "stream", "classe": "ribeirao"}}, {"type": "Feature", "geometry": null, "properties": {"nome": "Ribeirão Máximo", "tipo": "stream", "classe": "ribeirao"}}, {"type": "Feature", "geometry": null, "properties": {"nome": "Rio Itajaí-Mirim", "tipo": "stream", "classe": "ribeirao"}}, {"type": "Feature", "geometry": null, "properties": {"nome": "Rio Itajaí-Mirim", "tipo": "stream", "classe": "ribeirao"}}, {"type": "Feature", "geometry": null, "properties": {"nome": "Rio Canhanduba", "tipo": "river", "classe": "rio"}}, {"type": "Feature", "geometry": null, "properties": {"nome": "Ribeirão Pomeranos", "tipo": "stream", "classe": "ribeirao"}}, {"type": "Feature", "geometry": null, "properties": {"nome": "Ribeirão Pomeranos", "tipo": "stream", "classe": "ribeirao"}}, {"type": "Feature", "geometry": null, "properties": {"nome": "Rio Novo", "tipo": "stream", "classe": "ribeirao"}}, {"type": "Feature", "geometry": null, "properties": {"nome": "Rio Novo", "tipo": "stream", "classe": "ribeirao"}}, {"type": "Feature", "geometry": null, "properties": {"nome": "Rio Novo", "tipo": "stream", "classe": "ribeirao"}}, {"type": "Feature", "geometry": null, "properties": {"nome": "Rio Novo", "tipo": "stream", "classe": "ribeirao"}}, {"type": "Feature", "geometry": null, "properties": {"nome": "Arroio Braço Esquerdo", "tipo": "stream", "classe": "ribeirao"}}, {"type": "Feature", "geometry": null, "properties": {"nome": "Arroio Braço Esquerdo", "tipo": "stream", "classe": "ribeirao"}}, {"type": "Feature", "geometry": null, "properties": {"nome": "Arroio Braço Esquerdo", "tipo": "stream", "classe": "ribeirao"}}, {"type": "Feature", "geometry": null, "properties": {"nome": "Arroio Braço Esquerdo", "tipo": "stream", "classe": "ribeirao"}}, {"type": "Feature", "geometry": null, "properties": {"nome": "Arroio Braço Esquerdo", "tipo": "stream", "classe": "ribeirao"}}, {"type": "Feature", "geometry": null, "properties": {"nome": "Arroio Braço Esquerdo", "tipo": "stream", "classe": "ribeirao"}}, {"type": "Feature", "geometry": null, "properties": {"nome": "Arroio Braço Esquerdo", "tipo": "stream", "classe": "ribeirao"}}, {"type": "Feature", "geometry": null, "properties": {"nome": "Arroio Braço Esquerdo", "tipo": "stream", "classe": "ribeirao"}}, {"type": "Feature", "geometry": null, "properties": {"nome": "Arroio Braço Esquerdo", "tipo": "stream", "classe": "ribeirao"}}, {"type": "Feature", "geometry": null, "properties": {"nome": "Arroio Braço Esquerdo", "tipo": "stream", "classe": "ribeirao"}}, {"type": "Feature", "geometry": null, "properties": {"nome": "Arroio Braço Esquerdo", "tipo": "stream", "classe": "ribeirao"}}, {"type": "Feature", "geometry": null, "properties": {"nome": "Arroio Braço Esquerdo", "tipo": "stream", "classe": "ribeirao"}}, {"type": "Feature", "geometry": null, "properties": {"nome": "Arroio Braço Esquerdo", "tipo": "stream", "classe": "ribeirao"}}, {"type": "Feature", "geometry": null, "properties": {"nome": "Córrego Lagoa Vermelha", "tipo": "stream", "classe": "ribeirao"}}, {"type": "Feature", "geometry": null, "properties": {"nome": "Córrego Lagoa Vermelha", "tipo": "stream", "classe": "ribeirao"}}, {"type": "Feature", "geometry": null, "properties": {"nome": "Córrego Gabiroba", "tipo": "stream", "classe": "ribeirao"}}, {"type": "Feature", "geometry": null, "properties": {"nome": "Córrego Gabiroba", "tipo": "stream", "classe": "ribeirao"}}, {"type": "Feature", "geometry": null, "properties": {"nome": "Córrego Gabiroba", "tipo": "stream", "classe": "ribeirao"}}, {"type": "Feature", "geometry": null, "properties": {"nome": "Córrego Gabiroba", "tipo": "stream", "classe": "ribeirao"}}, {"type": "Feature", "geometry": null, "properties": {"nome": "Córrego Gabiroba", "tipo": "stream", "classe": "ribeirao"}}, {"type": "Feature", "geometry": null, "properties": {"nome": "Córrego Gabiroba", "tipo": "stream", "classe": "ribeirao"}}, {"type": "Feature", "geometry": null, "properties": {"nome": "Córrego Gabiroba", "tipo": "stream", "classe": "ribeirao"}}, {"type": "Feature", "geometry": null, "properties": {"nome": "Córrego Gabiroba", "tipo": "stream", "classe": "ribeirao"}}, {"type": "Feature", "geometry": null, "properties": {"nome": "Córrego Gabiroba", "tipo": "stream", "classe": "ribeirao"}}, {"type": "Feature", "geometry": null, "properties": {"nome": "Córrego Gabiroba", "tipo": "stream", "classe": "ribeirao"}}, {"type": "Feature", "geometry": null, "properties": {"nome": "Córrego Gabiroba", "tipo": "stream", "classe": "ribeirao"}}, {"type": "Feature", "geometry": null, "properties": {"nome": "Córrego Gabiroba", "tipo": "stream", "classe": "ribeirao"}}, {"type": "Feature", "geometry": null, "properties": {"nome": "Córrego Gabiroba", "tipo": "stream", "classe": "ribeirao"}}, {"type": "Feature", "geometry": null, "properties": {"nome": "Córrego Gabiroba", "tipo": "stream", "classe": "ribeirao"}}, {"type": "Feature", "geometry": null, "properties": {"nome": "Córrego Gabiroba", "tipo": "stream", "classe": "ribeirao"}}, {"type": "Feature", "geometry": null, "properties": {"nome": "Córrego Gabiroba", "tipo": "stream", "classe": "ribeirao"}}, {"type": "Feature", "geometry": null, "properties": {"nome": "Córrego Gabiroba", "tipo": "stream", "classe": "ribeirao"}}, {"type": "Feature", "geometry": null, "properties": {"nome": "Córrego Gabiroba", "tipo": "stream", "classe": "ribeirao"}}, {"type": "Feature", "geometry": null, "properties": {"nome": "Córrego da Farinheira", "tipo": "stream", "classe": "ribeirao"}}, {"type": "Feature", "geometry": null, "properties": {"nome": "Córrego da Farinheira", "tipo": "stream", "classe": "ribeirao"}}, {"type": "Feature", "geometry": null, "properties": {"nome": "Córrego da Farinheira", "tipo": "stream", "classe": "ribeirao"}}, {"type": "Feature", "geometry": null, "properties": {"nome": "Córrego da Farinheira", "tipo": "stream", "classe": "ribeirao"}}, {"type": "Feature", "geometry": null, "properties": {"nome": "Córrego da Farinheira", "tipo": "stream", "classe": "ribeirao"}}, {"type": "Feature", "geometry": null, "properties": {"nome": "Córrego da Farinheira", "tipo": "stream", "classe": "ribeirao"}}, {"type": "Feature", "geometry": null, "properties": {"nome": "Córrego da Farinheira", "tipo": "stream", "classe": "ribeirao"}}, {"type": "Feature", "geometry": null, "properties": {"nome": "Córrego da Farinheira", "tipo": "stream", "classe": "ribeirao"}}, {"type": "Feature", "geometry": null, "properties": {"nome": "Córrego da Farinheira", "tipo": "stream", "classe": "ribeirao"}}, {"type": "Feature", "geometry": null, "properties": {"nome": "Córrego da Farinheira", "tipo": "stream", "classe": "ribeirao"}}, {"type": "Feature", "geometry": null, "properties": {"nome": "Córrego da Farinheira", "tipo": "stream", "classe": "ribeirao"}}, {"type": "Feature", "geometry": null, "properties": {"nome": "Córrego da Farinheira", "tipo": "stream", "classe": "ribeirao"}}, {"type": "Feature", "geometry": null, "properties": {"nome": "Córrego da Farinheira", "tipo": "stream", "classe": "ribeirao"}}, {"type": "Feature", "geometry": null, "properties": {"nome": "Córrego da Farinheira", "tipo": "stream", "classe": "ribeirao"}}, {"type": "Feature", "geometry": null, "properties": {"nome": "Córrego Gabiroba", "tipo": "river", "classe": "rio"}}, {"type": "Feature", "geometry": null, "properties": {"nome": "Córrego Gabiroba", "tipo": "river", "classe": "rio"}}, {"type": "Feature", "geometry": null, "properties": {"nome": "Córrego Gabiroba", "tipo": "river", "classe": "rio"}}, {"type": "Feature", "geometry": null, "properties": {"nome": "Córrego Lagoa Vermelha", "tipo": "stream", "classe": "ribeirao"}}, {"type": "Feature", "geometry": null, "properties": {"nome": "Córrego da Farinheira", "tipo": "stream", "classe": "ribeirao"}}, {"type": "Feature", "geometry": null, "properties": {"nome": "Córrego Gabiroba", "tipo": "stream", "classe": "ribeirao"}}, {"type": "Feature", "geometry": null, "properties": {"nome": "Rio Quebra-Dentes", "tipo": "stream", "classe": "ribeirao"}}, {"type": "Feature", "geometry": null, "properties": {"nome": "Rio Quebra-Dentes", "tipo": "stream", "classe": "ribeirao"}}, {"type": "Feature", "geometry": null, "properties": {"nome": "Rio Quebra-Dentes", "tipo": "stream", "classe": "ribeirao"}}, {"type": "Feature", "geometry": null, "properties": {"nome": "Rio Quebra-Dentes", "tipo": "stream", "classe": "ribeirao"}}, {"type": "Feature", "geometry": null, "properties": {"nome": "Rio Quebra-Dentes", "tipo": "stream", "classe": "ribeirao"}}, {"type": "Feature", "geometry": null, "properties": {"nome": "Rio Quebra-Dentes", "tipo": "stream", "classe": "ribeirao"}}, {"type": "Feature", "geometry": null, "properties": {"nome": "Rio Quebra-Dentes", "tipo": "stream", "classe": "ribeirao"}}, {"type": "Feature", "geometry": null, "properties": {"nome": "Rio Quebra-Dentes", "tipo": "stream", "classe": "ribeirao"}}, {"type": "Feature", "geometry": null, "properties": {"nome": "Arroio do Cocho", "tipo": "stream", "classe": "ribeirao"}}, {"type": "Feature", "geometry": null, "properties": {"nome": "Arroio do Cocho", "tipo": "stream", "classe": "ribeirao"}}, {"type": "Feature", "geometry": null, "properties": {"nome": "Rio Quebra-Dentes", "tipo": "river", "classe": "rio"}}, {"type": "Feature", "geometry": null, "properties": {"nome": "Córrego do Artulindo", "tipo": "stream", "classe": "ribeirao"}}, {"type": "Feature", "geometry": null, "properties": {"nome": "Rio Quebra-Dentes", "tipo": "river", "classe": "rio"}}, {"type": "Feature", "geometry": null, "properties": {"nome": "Rio Areia", "tipo": "stream", "classe": "ribeirao"}}, {"type": "Feature", "geometry": null, "properties": {"nome": "Arroio do Cocho", "tipo": "stream", "classe": "ribeirao"}}, {"type": "Feature", "geometry": null, "properties": {"nome": "Rio Quebra-Dentes", "tipo": "stream", "classe": "ribeirao"}}, {"type": "Feature", "geometry": null, "properties": {"nome": "Arroio do Cocho", "tipo": "river", "classe": "rio"}}, {"type": "Feature", "geometry": null, "properties": {"nome": "Rio Quebra-Dentes", "tipo": "river", "classe": "rio"}}, {"type": "Feature", "geometry": null, "properties": {"nome": "Rio Areia", "tipo": "river", "classe": "rio"}}, {"type": "Feature", "geometry": null, "properties": {"nome": "Rio Alto Braço", "tipo": "stream", "classe": "ribeirao"}}, {"type": "Feature", "geometry": null, "properties": {"nome": "Rio Barra Grande", "tipo": "stream", "classe": "ribeirao"}}, {"type": "Feature", "geometry": null, "properties": {"nome": "Rio Antinha", "tipo": "stream", "classe": "ribeirao"}}, {"type": "Feature", "geometry": null, "properties": {"nome": "Rio da Parada", "tipo": "stream", "classe": "ribeirao"}}, {"type": "Feature", "geometry": null, "properties": {"nome": "Rio da Parada", "tipo": "stream", "classe": "ribeirao"}}, {"type": "Feature", "geometry": null, "properties": {"nome": "Rio Veado", "tipo": "stream", "classe": "ribeirao"}}, {"type": "Feature", "geometry": null, "properties": {"nome": "Rio Novo", "tipo": "stream", "classe": "ribeirao"}}, {"type": "Feature", "geometry": null, "properties": {"nome": "Rio de Dentro", "tipo": "stream", "classe": "ribeirao"}}, {"type": "Feature", "geometry": null, "properties": {"nome": "Rio de Dentro", "tipo": "stream", "classe": "ribeirao"}}, {"type": "Feature", "geometry": null, "properties": {"nome": "Rio Verde", "tipo": "stream", "classe": "ribeirao"}}, {"type": "Feature", "geometry": null, "properties": {"nome": "Rio do Tigre", "tipo": "stream", "classe": "ribeirao"}}, {"type": "Feature", "geometry": null, "properties": {"nome": "Rio do Tigre", "tipo": "stream", "classe": "ribeirao"}}, {"type": "Feature", "geometry": null, "properties": {"nome": "Rio do Tigre", "tipo": "stream", "classe": "ribeirao"}}, {"type": "Feature", "geometry": null, "properties": {"nome": "Rio do Tigre", "tipo": "stream", "classe": "ribeirao"}}, {"type": "Feature", "geometry": null, "properties": {"nome": "Rio do Tigre", "tipo": "stream", "classe": "ribeirao"}}, {"type": "Feature", "geometry": null, "properties": {"nome": "Rio do Pavão", "tipo": "stream", "classe": "ribeirao"}}, {"type": "Feature", "geometry": null, "properties": {"nome": "Rio do Pavão", "tipo": "stream", "classe": "ribeirao"}}, {"type": "Feature", "geometry": null, "properties": {"nome": "Rio do Pavão", "tipo": "stream", "classe": "ribeirao"}}, {"type": "Feature", "geometry": null, "properties": {"nome": "Rio do Pavão", "tipo": "stream", "classe": "ribeirao"}}, {"type": "Feature", "geometry": null, "properties": {"nome": "Rio do Pavão", "tipo": "stream", "classe": "ribeirao"}}, {"type": "Feature", "geometry": null, "properties": {"nome": "Rio do Pavão", "tipo": "stream", "classe": "ribeirao"}}, {"type": "Feature", "geometry": null, "properties": {"nome": "Rio de Dentro", "tipo": "stream", "classe": "ribeirao"}}, {"type": "Feature", "geometry": null, "properties": {"nome": "Rio Novo", "tipo": "stream", "classe": "ribeirao"}}, {"type": "Feature", "geometry": null, "properties": {"nome": "Rio do Norte", "tipo": "stream", "classe": "ribeirao"}}, {"type": "Feature", "geometry": null, "properties": {"nome": "Rio do Tigre", "tipo": "river", "classe": "rio"}}, {"type": "Feature", "geometry": null, "properties": {"nome": "Rio Verde", "tipo": "river", "classe": "rio"}}, {"type": "Feature", "geometry": null, "properties": {"nome": "Rio do Pavão", "tipo": "stream", "classe": "ribeirao"}}, {"type": "Feature", "geometry": null, "properties": {"nome": "Rio das Pedras", "tipo": "stream", "classe": "ribeirao"}}, {"type": "Feature", "geometry": null, "properties": {"nome": "Rio Gabiroba", "tipo": "stream", "classe": "ribeirao"}}, {"type": "Feature", "geometry": null, "properties": {"nome": "Rio Gabiroba", "tipo": "stream", "classe": "ribeirao"}}, {"type": "Feature", "geometry": null, "properties": {"nome": "Rio Gabiroba", "tipo": "stream", "classe": "ribeirao"}}, {"type": "Feature", "geometry": null, "properties": {"nome": "Rio Gabiroba", "tipo": "stream", "classe": "ribeirao"}}, {"type": "Feature", "geometry": null, "properties": {"nome": "Rio Gabiroba", "tipo": "stream", "classe": "ribeirao"}}, {"type": "Feature", "geometry": null, "properties": {"nome": "Arroio do Veado", "tipo": "stream", "classe": "ribeirao"}}, {"type": "Feature", "geometry": null, "properties": {"nome": "Arroio do Veado", "tipo": "stream", "classe": "ribeirao"}}, {"type": "Feature", "geometry": null, "properties": {"nome": "Arroio do Veado", "tipo": "stream", "classe": "ribeirao"}}, {"type": "Feature", "geometry": null, "properties": {"nome": "Arroio do Veado", "tipo": "stream", "classe": "ribeirao"}}, {"type": "Feature", "geometry": null, "properties": {"nome": "Arroio do Veado", "tipo": "stream", "classe": "ribeirao"}}, {"type": "Feature", "geometry": null, "properties": {"nome": "Arroio do Veado", "tipo": "stream", "classe": "ribeirao"}}, {"type": "Feature", "geometry": null, "properties": {"nome": "Arroio do Veado", "tipo": "stream", "classe": "ribeirao"}}, {"type": "Feature", "geometry": null, "properties": {"nome": "Arroio do Veado", "tipo": "stream", "classe": "ribeirao"}}, {"type": "Feature", "geometry": null, "properties": {"nome": "Rio do Norte", "tipo": "stream", "classe": "ribeirao"}}, {"type": "Feature", "geometry": null, "properties": {"nome": "Rio do Norte", "tipo": "stream", "classe": "ribeirao"}}, {"type": "Feature", "geometry": null, "properties": {"nome": "Rio do Norte", "tipo": "stream", "classe": "ribeirao"}}, {"type": "Feature", "geometry": null, "properties": {"nome": "Rio do Norte", "tipo": "stream", "classe": "ribeirao"}}, {"type": "Feature", "geometry": null, "properties": {"nome": "Rio do Norte", "tipo": "stream", "classe": "ribeirao"}}, {"type": "Feature", "geometry": null, "properties": {"nome": "Rio do Norte", "tipo": "stream", "classe": "ribeirao"}}, {"type": "Feature", "geometry": null, "properties": {"nome": "Rio do Norte", "tipo": "stream", "classe": "ribeirao"}}, {"type": "Feature", "geometry": null, "properties": {"nome": "Rio do Norte", "tipo": "stream", "classe": "ribeirao"}}, {"type": "Feature", "geometry": null, "properties": {"nome": "Rio do Norte", "tipo": "stream", "classe": "ribeirao"}}, {"type": "Feature", "geometry": null, "properties": {"nome": "Rio do Norte", "tipo": "stream", "classe": "ribeirao"}}, {"type": "Feature", "geometry": null, "properties": {"nome": "Córrego Biguana", "tipo": "stream", "classe": "ribeirao"}}, {"type": "Feature", "geometry": null, "properties": {"nome": "Córrego Biguana", "tipo": "stream", "classe": "ribeirao"}}, {"type": "Feature", "geometry": null, "properties": {"nome": "Córrego Biguana", "tipo": "stream", "classe": "ribeirao"}}, {"type": "Feature", "geometry": null, "properties": {"nome": "Córrego Biguana", "tipo": "stream", "classe": "ribeirao"}}, {"type": "Feature", "geometry": null, "properties": {"nome": "Córrego Biguana", "tipo": "stream", "classe": "ribeirao"}}, {"type": "Feature", "geometry": null, "properties": {"nome": "Córrego Biguana", "tipo": "stream", "classe": "ribeirao"}}, {"type": "Feature", "geometry": null, "properties": {"nome": "Córrego Biguana", "tipo": "stream", "classe": "ribeirao"}}, {"type": "Feature", "geometry": null, "properties": {"nome": "Córrego Biguana", "tipo": "stream", "classe": "ribeirao"}}, {"type": "Feature", "geometry": null, "properties": {"nome": "Córrego Biguana", "tipo": "stream", "classe": "ribeirao"}}, {"type": "Feature", "geometry": null, "properties": {"nome": "Córrego Biguana", "tipo": "stream", "classe": "ribeirao"}}, {"type": "Feature", "geometry": null, "properties": {"nome": "Córrego Biguana", "tipo": "stream", "classe": "ribeirao"}}, {"type": "Feature", "geometry": null, "properties": {"nome": "Córrego Biguana", "tipo": "stream", "classe": "ribeirao"}}, {"type": "Feature", "geometry": null, "properties": {"nome": "Córrego Biguana", "tipo": "stream", "classe": "ribeirao"}}, {"type": "Feature", "geometry": null, "properties": {"nome": "Córrego Biguana", "tipo": "stream", "classe": "ribeirao"}}, {"type": "Feature", "geometry": null, "properties": {"nome": "Córrego Biguana", "tipo": "stream", "classe": "ribeirao"}}, {"type": "Feature", "geometry": null, "properties": {"nome": "Córrego Biguana", "tipo": "stream", "classe": "ribeirao"}}, {"type": "Feature", "geometry": null, "properties": {"nome": "Córrego Biguana", "tipo": "stream", "classe": "ribeirao"}}, {"type": "Feature", "geometry": null, "properties": {"nome": "Córrego Biguana", "tipo": "stream", "classe": "ribeirao"}}, {"type": "Feature", "geometry": null, "properties": {"nome": "Córrego Biguana", "tipo": "stream", "classe": "ribeirao"}}, {"type": "Feature", "geometry": null, "properties": {"nome": "Córrego Biguana", "tipo": "stream", "classe": "ribeirao"}}, {"type": "Feature", "geometry": null, "properties": {"nome": "Córrego Biguana", "tipo": "stream", "classe": "ribeirao"}}, {"type": "Feature", "geometry": null, "properties": {"nome": "Córrego Biguana", "tipo": "stream", "classe": "ribeirao"}}, {"type": "Feature", "geometry": null, "properties": {"nome": "Córrego Biguana", "tipo": "stream", "classe": "ribeirao"}}, {"type": "Feature", "geometry": null, "properties": {"nome": "Córrego Biguana", "tipo": "stream", "classe": "ribeirao"}}, {"type": "Feature", "geometry": null, "properties": {"nome": "Córrego Biguana", "tipo": "stream", "classe": "ribeirao"}}, {"type": "Feature", "geometry": null, "properties": {"nome": "Córrego Biguana", "tipo": "stream", "classe": "ribeirao"}}, {"type": "Feature", "geometry": null, "properties": {"nome": "Córrego Biguana", "tipo": "stream", "classe": "ribeirao"}}, {"type": "Feature", "geometry": null, "properties": {"nome": "Arroio do Veado", "tipo": "stream", "classe": "ribeirao"}}, {"type": "Feature", "geometry": null, "properties": {"nome": "Rio dos Mundéus", "tipo": "stream", "classe": "ribeirao"}}, {"type": "Feature", "geometry": null, "properties": {"nome": "Rio dos Mundéus", "tipo": "stream", "classe": "ribeirao"}}, {"type": "Feature", "geometry": null, "properties": {"nome": "Rio dos Mundéus", "tipo": "stream", "classe": "ribeirao"}}, {"type": "Feature", "geometry": null, "properties": {"nome": "Rio dos Mundéus", "tipo": "stream", "classe": "ribeirao"}}, {"type": "Feature", "geometry": null, "properties": {"nome": "Rio dos Mundéus", "tipo": "stream", "classe": "ribeirao"}}, {"type": "Feature", "geometry": null, "properties": {"nome": "Rio dos Mundéus", "tipo": "stream", "classe": "ribeirao"}}, {"type": "Feature", "geometry": null, "properties": {"nome": "Rio dos Mundéus", "tipo": "river", "classe": "rio"}}, {"type": "Feature", "geometry": null, "properties": {"nome": "Rio dos Mundéus", "tipo": "river", "classe": "rio"}}, {"type": "Feature", "geometry": null, "properties": {"nome": "Rio dos Mundéus", "tipo": "river", "classe": "rio"}}, {"type": "Feature", "geometry": null, "properties": {"nome": "Rio da Vargem dos Pinheiros", "tipo": "river", "classe": "rio"}}, {"type": "Feature", "geometry": null, "properties": {"nome": "Rio da Vargem dos Pinheiros", "tipo": "river", "classe": "rio"}}, {"type": "Feature", "geometry": null, "properties": {"nome": "Rio das Vargens dos Pinheiros", "tipo": "stream", "classe": "ribeirao"}}, {"type": "Feature", "geometry": null, "properties": {"nome": "Rio das Vargens dos Pinheiros", "tipo": "stream", "classe": "ribeirao"}}, {"type": "Feature", "geometry": null, "properties": {"nome": "Rio das Vargens dos Pinheiros", "tipo": "stream", "classe": "ribeirao"}}, {"type": "Feature", "geometry": null, "properties": {"nome": "Rio das Vargens dos Pinheiros", "tipo": "stream", "classe": "ribeirao"}}, {"type": "Feature", "geometry": null, "properties": {"nome": "Rio das Vargens dos Pinheiros", "tipo": "stream", "classe": "ribeirao"}}, {"type": "Feature", "geometry": null, "properties": {"nome": "Rio das Vargens dos Pinheiros", "tipo": "stream", "classe": "ribeirao"}}, {"type": "Feature", "geometry": null, "properties": {"nome": "Rio das Vargens dos Pinheiros", "tipo": "stream", "classe": "ribeirao"}}, {"type": "Feature", "geometry": null, "properties": {"nome": "Rio das Vargens dos Pinheiros", "tipo": "stream", "classe": "ribeirao"}}, {"type": "Feature", "geometry": null, "properties": {"nome": "Rio das Vargens dos Pinheiros", "tipo": "stream", "classe": "ribeirao"}}, {"type": "Feature", "geometry": null, "properties": {"nome": "Rio Linha dos Chaves", "tipo": "stream", "classe": "ribeirao"}}, {"type": "Feature", "geometry": null, "properties": {"nome": "Rio Linha dos Chaves", "tipo": "stream", "classe": "ribeirao"}}, {"type": "Feature", "geometry": null, "properties": {"nome": "Rio Linha dos Chaves", "tipo": "stream", "classe": "ribeirao"}}, {"type": "Feature", "geometry": null, "properties": {"nome": "Rio Linha dos Chaves", "tipo": "stream", "classe": "ribeirao"}}, {"type": "Feature", "geometry": null, "properties": {"nome": "Rio Linha dos Chaves", "tipo": "stream", "classe": "ribeirao"}}, {"type": "Feature", "geometry": null, "properties": {"nome": "Rio Linha dos Chaves", "tipo": "stream", "classe": "ribeirao"}}, {"type": "Feature", "geometry": null, "properties": {"nome": "Rio Linha dos Chaves", "tipo": "stream", "classe": "ribeirao"}}, {"type": "Feature", "geometry": null, "properties": {"nome": "Rio Linha dos Chaves", "tipo": "stream", "classe": "ribeirao"}}, {"type": "Feature", "geometry": null, "properties": {"nome": "Rio Linha dos Chaves", "tipo": "stream", "classe": "ribeirao"}}, {"type": "Feature", "geometry": null, "properties": {"nome": "Rio Linha dos Chaves", "tipo": "stream", "classe": "ribeirao"}}, {"type": "Feature", "geometry": null, "properties": {"nome": "Rio Linha dos Chaves", "tipo": "stream", "classe": "ribeirao"}}, {"type": "Feature", "geometry": null, "properties": {"nome": "Rio Linha dos Chaves", "tipo": "stream", "classe": "ribeirao"}}, {"type": "Feature", "geometry": null, "properties": {"nome": "Rio Linha dos Chaves", "tipo": "stream", "classe": "ribeirao"}}, {"type": "Feature", "geometry": null, "properties": {"nome": "Rio Linha dos Chaves", "tipo": "stream", "classe": "ribeirao"}}, {"type": "Feature", "geometry": null, "properties": {"nome": "Rio Linha dos Chaves", "tipo": "stream", "classe": "ribeirao"}}, {"type": "Feature", "geometry": null, "properties": {"nome": "Rio das Vargens dos Pinheiros", "tipo": "stream", "classe": "ribeirao"}}, {"type": "Feature", "geometry": null, "properties": {"nome": "Rio Linha dos Chaves", "tipo": "river", "classe": "rio"}}, {"type": "Feature", "geometry": null, "properties": {"nome": "Rio dos Mundéus", "tipo": "stream", "classe": "ribeirao"}}, {"type": "Feature", "geometry": null, "properties": {"nome": "Rio do Norte", "tipo": "stream", "classe": "ribeirao"}}, {"type": "Feature", "geometry": null, "properties": {"nome": "Rio das Congonhas", "tipo": "stream", "classe": "ribeirao"}}, {"type": "Feature", "geometry": null, "properties": {"nome": "Rio das Congonhas", "tipo": "stream", "classe": "ribeirao"}}, {"type": "Feature", "geometry": null, "properties": {"nome": "Rio das Congonhas", "tipo": "stream", "classe": "ribeirao"}}, {"type": "Feature", "geometry": null, "properties": {"nome": "Córrego Betânia", "tipo": "stream", "classe": "ribeirao"}}, {"type": "Feature", "geometry": null, "properties": {"nome": "Córrego Betânia", "tipo": "stream", "classe": "ribeirao"}}, {"type": "Feature", "geometry": null, "properties": {"nome": "Córrego Betânia", "tipo": "stream", "classe": "ribeirao"}}, {"type": "Feature", "geometry": null, "properties": {"nome": "Córrego Betânia", "tipo": "stream", "classe": "ribeirao"}}, {"type": "Feature", "geometry": null, "properties": {"nome": "Córrego Betânia", "tipo": "stream", "classe": "ribeirao"}}, {"type": "Feature", "geometry": null, "properties": {"nome": "Rio Garrafão", "tipo": "stream", "classe": "ribeirao"}}, {"type": "Feature", "geometry": null, "properties": {"nome": "Rio Garrafão", "tipo": "stream", "classe": "ribeirao"}}, {"type": "Feature", "geometry": null, "properties": {"nome": "Rio Garrafão", "tipo": "stream", "classe": "ribeirao"}}, {"type": "Feature", "geometry": null, "properties": {"nome": "Córrego do Lauro", "tipo": "stream", "classe": "ribeirao"}}, {"type": "Feature", "geometry": null, "properties": {"nome": "Córrego do Lauro", "tipo": "stream", "classe": "ribeirao"}}, {"type": "Feature", "geometry": null, "properties": {"nome": "Córrego do Lauro", "tipo": "stream", "classe": "ribeirao"}}, {"type": "Feature", "geometry": null, "properties": {"nome": "Arroio Tifa do Miguel", "tipo": "stream", "classe": "ribeirao"}}, {"type": "Feature", "geometry": null, "properties": {"nome": "Arroio Tifa do Miguel", "tipo": "stream", "classe": "ribeirao"}}, {"type": "Feature", "geometry": null, "properties": {"nome": "Arroio Tifa do Miguel", "tipo": "stream", "classe": "ribeirao"}}, {"type": "Feature", "geometry": null, "properties": {"nome": "Córrego Alto Barnabé", "tipo": "stream", "classe": "ribeirao"}}, {"type": "Feature", "geometry": null, "properties": {"nome": "Córrego Alto Barnabé", "tipo": "stream", "classe": "ribeirao"}}, {"type": "Feature", "geometry": null, "properties": {"nome": "Rio Santa Luiza", "tipo": "stream", "classe": "ribeirao"}}, {"type": "Feature", "geometry": null, "properties": {"nome": "Rio Santa Luiza", "tipo": "stream", "classe": "ribeirao"}}, {"type": "Feature", "geometry": null, "properties": {"nome": "Rio das Pacas", "tipo": "stream", "classe": "ribeirao"}}, {"type": "Feature", "geometry": null, "properties": {"nome": "Rio das Pacas", "tipo": "stream", "classe": "ribeirao"}}, {"type": "Feature", "geometry": null, "properties": {"nome": "Rio das Pacas", "tipo": "stream", "classe": "ribeirao"}}, {"type": "Feature", "geometry": null, "properties": {"nome": "Rio das Pacas", "tipo": "stream", "classe": "ribeirao"}}, {"type": "Feature", "geometry": null, "properties": {"nome": "Rio das Pacas", "tipo": "stream", "classe": "ribeirao"}}, {"type": "Feature", "geometry": null, "properties": {"nome": "Rio das Pacas", "tipo": "stream", "classe": "ribeirao"}}, {"type": "Feature", "geometry": null, "properties": {"nome": "Rio das Pacas", "tipo": "stream", "classe": "ribeirao"}}, {"type": "Feature", "geometry": null, "properties": {"nome": "Rio das Pacas", "tipo": "stream", "classe": "ribeirao"}}, {"type": "Feature", "geometry": null, "properties": {"nome": "Rio das Pacas", "tipo": "stream", "classe": "ribeirao"}}, {"type": "Feature", "geometry": null, "properties": {"nome": "Rio das Pacas", "tipo": "stream", "classe": "ribeirao"}}, {"type": "Feature", "geometry": null, "properties": {"nome": "Rio das Pacas", "tipo": "stream", "classe": "ribeirao"}}, {"type": "Feature", "geometry": null, "properties": {"nome": "Ribeirão Veado", "tipo": "stream", "classe": "ribeirao"}}, {"type": "Feature", "geometry": null, "properties": {"nome": "Ribeirão Veado", "tipo": "stream", "classe": "ribeirao"}}, {"type": "Feature", "geometry": null, "properties": {"nome": "Ribeirão Veado", "tipo": "stream", "classe": "ribeirao"}}, {"type": "Feature", "geometry": null, "properties": {"nome": "Ribeirão Veado", "tipo": "stream", "classe": "ribeirao"}}, {"type": "Feature", "geometry": null, "properties": {"nome": "Arroio Lembrança", "tipo": "stream", "classe": "ribeirao"}}, {"type": "Feature", "geometry": null, "properties": {"nome": "Arroio Lembrança", "tipo": "stream", "classe": "ribeirao"}}, {"type": "Feature", "geometry": null, "properties": {"nome": "Ribeirão Águas Frias", "tipo": "stream", "classe": "ribeirao"}}, {"type": "Feature", "geometry": null, "properties": {"nome": "Ribeirão Águas Frias", "tipo": "stream", "classe": "ribeirao"}}, {"type": "Feature", "geometry": null, "properties": {"nome": "Ribeirão Águas Frias", "tipo": "stream", "classe": "ribeirao"}}, {"type": "Feature", "geometry": null, "properties": {"nome": "Ribeirão Águas Frias", "tipo": "stream", "classe": "ribeirao"}}, {"type": "Feature", "geometry": null, "properties": {"nome": "Ribeirão Águas Frias", "tipo": "stream", "classe": "ribeirao"}}, {"type": "Feature", "geometry": null, "properties": {"nome": "Ribeirão Águas Frias", "tipo": "stream", "classe": "ribeirao"}}, {"type": "Feature", "geometry": null, "properties": {"nome": "Ribeirão Águas Frias", "tipo": "stream", "classe": "ribeirao"}}, {"type": "Feature", "geometry": null, "properties": {"nome": "Arroio do Floriano", "tipo": "river", "classe": "rio"}}, {"type": "Feature", "geometry": null, "properties": {"nome": "Ribeirão Veado", "tipo": "river", "classe": "rio"}}, {"type": "Feature", "geometry": null, "properties": {"nome": "Ribeirão Antinha", "tipo": "river", "classe": "rio"}}, {"type": "Feature", "geometry": null, "properties": {"nome": "Arroio Lembrança", "tipo": "stream", "classe": "ribeirao"}}, {"type": "Feature", "geometry": null, "properties": {"nome": "Ribeirão Veado", "tipo": "stream", "classe": "ribeirao"}}, {"type": "Feature", "geometry": null, "properties": {"nome": "Arroio Tifa do Miguel", "tipo": "river", "classe": "rio"}}, {"type": "Feature", "geometry": null, "properties": {"nome": "Ribeirão Águas Frias", "tipo": "river", "classe": "rio"}}, {"type": "Feature", "geometry": null, "properties": {"nome": "Córrego do Lauro", "tipo": "stream", "classe": "ribeirao"}}, {"type": "Feature", "geometry": null, "properties": {"nome": "Rio das Pacas", "tipo": "river", "classe": "rio"}}, {"type": "Feature", "geometry": null, "properties": {"nome": "Rio Itajaí-Mirim", "tipo": "stream", "classe": "ribeirao"}}, {"type": "Feature", "geometry": null, "properties": {"nome": "Rio Itajaí-Mirim", "tipo": "stream", "classe": "ribeirao"}}, {"type": "Feature", "geometry": null, "properties": {"nome": "Rio Macaco", "tipo": "stream", "classe": "ribeirao"}}, {"type": "Feature", "geometry": null, "properties": {"nome": "Rio Macaco", "tipo": "stream", "classe": "ribeirao"}}, {"type": "Feature", "geometry": null, "properties": {"nome": "Rio Macaco", "tipo": "stream", "classe": "ribeirao"}}, {"type": "Feature", "geometry": null, "properties": {"nome": "Rio dos Bugres", "tipo": "stream", "classe": "ribeirao"}}, {"type": "Feature", "geometry": null, "properties": {"nome": "Rio Itajaí-Mirim", "tipo": "stream", "classe": "ribeirao"}}, {"type": "Feature", "geometry": null, "properties": {"nome": "Rio Macaco", "tipo": "river", "classe": "rio"}}, {"type": "Feature", "geometry": null, "properties": {"nome": "Rio Diamante", "tipo": "stream", "classe": "ribeirao"}}, {"type": "Feature", "geometry": null, "properties": {"nome": "Rio Cará", "tipo": "stream", "classe": "ribeirao"}}, {"type": "Feature", "geometry": null, "properties": {"nome": "Rio da Barra Negra", "tipo": "river", "classe": "rio"}}, {"type": "Feature", "geometry": null, "properties": {"nome": "Rio da Barra Negra", "tipo": "river", "classe": "rio"}}, {"type": "Feature", "geometry": null, "properties": {"nome": "Rio da Barra Negra", "tipo": "stream", "classe": "ribeirao"}}, {"type": "Feature", "geometry": null, "properties": {"nome": "Rio do Café", "tipo": "river", "classe": "rio"}}, {"type": "Feature", "geometry": null, "properties": {"nome": "Rio Pinheiro", "tipo": "stream", "classe": "ribeirao"}}, {"type": "Feature", "geometry": null, "properties": {"nome": "Rio Pinheiro", "tipo": "stream", "classe": "ribeirao"}}, {"type": "Feature", "geometry": null, "properties": {"nome": "Rio Pinheiro", "tipo": "stream", "classe": "ribeirao"}}, {"type": "Feature", "geometry": null, "properties": {"nome": "Rio Pinheiro", "tipo": "stream", "classe": "ribeirao"}}, {"type": "Feature", "geometry": null, "properties": {"nome": "Rio Pinheiro", "tipo": "stream", "classe": "ribeirao"}}, {"type": "Feature", "geometry": null, "properties": {"nome": "Rio Pinheiro", "tipo": "stream", "classe": "ribeirao"}}, {"type": "Feature", "geometry": null, "properties": {"nome": "Rio Pinhalzinho", "tipo": "stream", "classe": "ribeirao"}}, {"type": "Feature", "geometry": null, "properties": {"nome": "Rio Pinhalzinho", "tipo": "stream", "classe": "ribeirao"}}, {"type": "Feature", "geometry": null, "properties": {"nome": "Rio Pinhalzinho", "tipo": "stream", "classe": "ribeirao"}}, {"type": "Feature", "geometry": null, "properties": {"nome": "Rio Pinhalzinho", "tipo": "stream", "classe": "ribeirao"}}, {"type": "Feature", "geometry": null, "properties": {"nome": "Ribeirão Nova Galícia", "tipo": "stream", "classe": "ribeirao"}}, {"type": "Feature", "geometry": null, "properties": {"nome": "Ribeirão Nova Galícia", "tipo": "stream", "classe": "ribeirao"}}, {"type": "Feature", "geometry": null, "properties": {"nome": "Ribeirão Nova Galícia", "tipo": "stream", "classe": "ribeirao"}}, {"type": "Feature", "geometry": null, "properties": {"nome": "Ribeirão Nova Galícia", "tipo": "stream", "classe": "ribeirao"}}, {"type": "Feature", "geometry": null, "properties": {"nome": "Ribeirão Nova Galícia", "tipo": "stream", "classe": "ribeirao"}}, {"type": "Feature", "geometry": null, "properties": {"nome": "Ribeirão Nova Galícia", "tipo": "stream", "classe": "ribeirao"}}, {"type": "Feature", "geometry": null, "properties": {"nome": "Ribeirão Nova Galícia", "tipo": "stream", "classe": "ribeirao"}}, {"type": "Feature", "geometry": null, "properties": {"nome": "Ribeirão Nova Galícia", "tipo": "stream", "classe": "ribeirao"}}, {"type": "Feature", "geometry": null, "properties": {"nome": "Ribeirão Nova Galícia", "tipo": "stream", "classe": "ribeirao"}}, {"type": "Feature", "geometry": null, "properties": {"nome": "Ribeirão Nova Galícia", "tipo": "stream", "classe": "ribeirao"}}, {"type": "Feature", "geometry": null, "properties": {"nome": "Ribeirão Nova Galícia", "tipo": "stream", "classe": "ribeirao"}}, {"type": "Feature", "geometry": null, "properties": {"nome": "Ribeirão Nova Galícia", "tipo": "stream", "classe": "ribeirao"}}, {"type": "Feature", "geometry": null, "properties": {"nome": "Ribeirão Nova Galícia", "tipo": "stream", "classe": "ribeirao"}}, {"type": "Feature", "geometry": null, "properties": {"nome": "Ribeirão Nova Galícia", "tipo": "stream", "classe": "ribeirao"}}, {"type": "Feature", "geometry": null, "properties": {"nome": "Ribeirão Nova Galícia", "tipo": "stream", "classe": "ribeirao"}}, {"type": "Feature", "geometry": null, "properties": {"nome": "Ribeirão Nova Galícia", "tipo": "stream", "classe": "ribeirao"}}, {"type": "Feature", "geometry": null, "properties": {"nome": "Ribeirão Nova Galícia", "tipo": "stream", "classe": "ribeirao"}}, {"type": "Feature", "geometry": null, "properties": {"nome": "Ribeirão Nova Galícia", "tipo": "stream", "classe": "ribeirao"}}, {"type": "Feature", "geometry": null, "properties": {"nome": "Ribeirão Nova Galícia", "tipo": "stream", "classe": "ribeirao"}}, {"type": "Feature", "geometry": null, "properties": {"nome": "Rio da Fraternidade", "tipo": "stream", "classe": "ribeirao"}}, {"type": "Feature", "geometry": null, "properties": {"nome": "Rio Teófilo", "tipo": "stream", "classe": "ribeirao"}}, {"type": "Feature", "geometry": null, "properties": {"nome": "Rio Teófilo", "tipo": "stream", "classe": "ribeirao"}}, {"type": "Feature", "geometry": null, "properties": {"nome": "Rio Teófilo", "tipo": "river", "classe": "rio"}}, {"type": "Feature", "geometry": null, "properties": {"nome": "Rio da Fraternidade", "tipo": "river", "classe": "rio"}}, {"type": "Feature", "geometry": null, "properties": {"nome": "Rio do Café", "tipo": "stream", "classe": "ribeirao"}}, {"type": "Feature", "geometry": null, "properties": {"nome": "Rio Teófilo", "tipo": "stream", "classe": "ribeirao"}}, {"type": "Feature", "geometry": null, "properties": {"nome": "Rio Pinhalzinho", "tipo": "river", "classe": "rio"}}, {"type": "Feature", "geometry": null, "properties": {"nome": "Rio Pinheiro", "tipo": "stream", "classe": "ribeirao"}}, {"type": "Feature", "geometry": null, "properties": {"nome": "Rio Pequeno", "tipo": "stream", "classe": "ribeirao"}}, {"type": "Feature", "geometry": null, "properties": {"nome": "Rio Pequeno", "tipo": "stream", "classe": "ribeirao"}}, {"type": "Feature", "geometry": null, "properties": {"nome": "Rio Pequeno", "tipo": "stream", "classe": "ribeirao"}}, {"type": "Feature", "geometry": null, "properties": {"nome": "Rio Coqueiral", "tipo": "stream", "classe": "ribeirao"}}, {"type": "Feature", "geometry": null, "properties": {"nome": "Rio Coqueiral", "tipo": "stream", "classe": "ribeirao"}}, {"type": "Feature", "geometry": null, "properties": {"nome": "Rio Coqueiral", "tipo": "stream", "classe": "ribeirao"}}, {"type": "Feature", "geometry": null, "properties": {"nome": "Rio Coqueiral", "tipo": "stream", "classe": "ribeirao"}}, {"type": "Feature", "geometry": null, "properties": {"nome": "Rio Coqueiral", "tipo": "stream", "classe": "ribeirao"}}, {"type": "Feature", "geometry": null, "properties": {"nome": "Rio Coqueiral", "tipo": "stream", "classe": "ribeirao"}}, {"type": "Feature", "geometry": null, "properties": {"nome": "Rio Coqueiral", "tipo": "stream", "classe": "ribeirao"}}, {"type": "Feature", "geometry": null, "properties": {"nome": "Rio Coqueiral", "tipo": "stream", "classe": "ribeirao"}}, {"type": "Feature", "geometry": null, "properties": {"nome": "Rio Coqueiral", "tipo": "river", "classe": "rio"}}, {"type": "Feature", "geometry": null, "properties": {"nome": "Córrego Cândido Andrade", "tipo": "stream", "classe": "ribeirao"}}, {"type": "Feature", "geometry": null, "properties": {"nome": "Córrego Cândido Andrade", "tipo": "stream", "classe": "ribeirao"}}, {"type": "Feature", "geometry": null, "properties": {"nome": "Córrego Cândido Andrade", "tipo": "stream", "classe": "ribeirao"}}, {"type": "Feature", "geometry": null, "properties": {"nome": "Córrego Cândido Andrade", "tipo": "stream", "classe": "ribeirao"}}, {"type": "Feature", "geometry": null, "properties": {"nome": "Córrego Cândido Andrade", "tipo": "stream", "classe": "ribeirao"}}, {"type": "Feature", "geometry": null, "properties": {"nome": "Córrego Cândido Andrade", "tipo": "stream", "classe": "ribeirao"}}, {"type": "Feature", "geometry": null, "properties": {"nome": "Rio Pequeno", "tipo": "river", "classe": "rio"}}, {"type": "Feature", "geometry": null, "properties": {"nome": "Córrego Cândido Andrade", "tipo": "stream", "classe": "ribeirao"}}, {"type": "Feature", "geometry": null, "properties": {"nome": "Rio Fartura", "tipo": "river", "classe": "rio"}}, {"type": "Feature", "geometry": null, "properties": {"nome": "Rio São Sebastião", "tipo": "stream", "classe": "ribeirao"}}, {"type": "Feature", "geometry": null, "properties": {"nome": "Rio Fartura", "tipo": "stream", "classe": "ribeirao"}}, {"type": "Feature", "geometry": null, "properties": {"nome": "Rio Fartura", "tipo": "stream", "classe": "ribeirao"}}, {"type": "Feature", "geometry": null, "properties": {"nome": "Rio Fartura", "tipo": "stream", "classe": "ribeirao"}}, {"type": "Feature", "geometry": null, "properties": {"nome": "Rio Fartura", "tipo": "stream", "classe": "ribeirao"}}, {"type": "Feature", "geometry": null, "properties": {"nome": "Rio Fartura", "tipo": "stream", "classe": "ribeirao"}}, {"type": "Feature", "geometry": null, "properties": {"nome": "Rio Fartura", "tipo": "stream", "classe": "ribeirao"}}, {"type": "Feature", "geometry": null, "properties": {"nome": "Rio Fartura", "tipo": "stream", "classe": "ribeirao"}}, {"type": "Feature", "geometry": null, "properties": {"nome": "Rio Fartura", "tipo": "stream", "classe": "ribeirao"}}, {"type": "Feature", "geometry": null, "properties": {"nome": "Rio Fartura", "tipo": "stream", "classe": "ribeirao"}}, {"type": "Feature", "geometry": null, "properties": {"nome": "Rio Fartura", "tipo": "stream", "classe": "ribeirao"}}, {"type": "Feature", "geometry": null, "properties": {"nome": "Rio Fartura", "tipo": "river", "classe": "rio"}}, {"type": "Feature", "geometry": null, "properties": {"nome": "Rio Antinha", "tipo": "stream", "classe": "ribeirao"}}, {"type": "Feature", "geometry": null, "properties": {"nome": "Rio Antinha", "tipo": "stream", "classe": "ribeirao"}}, {"type": "Feature", "geometry": null, "properties": {"nome": "Rio Antinha", "tipo": "stream", "classe": "ribeirao"}}, {"type": "Feature", "geometry": null, "properties": {"nome": "Rio das Antas", "tipo": "stream", "classe": "ribeirao"}}, {"type": "Feature", "geometry": null, "properties": {"nome": "Rio das Antas", "tipo": "stream", "classe": "ribeirao"}}, {"type": "Feature", "geometry": null, "properties": {"nome": "Rio das Antas", "tipo": "river", "classe": "rio"}}, {"type": "Feature", "geometry": null, "properties": {"nome": "Rio Schubert", "tipo": "river", "classe": "rio"}}, {"type": "Feature", "geometry": null, "properties": {"nome": "Rio Fortuna", "tipo": "stream", "classe": "ribeirao"}}, {"type": "Feature", "geometry": null, "properties": {"nome": "Rio Fortuna", "tipo": "stream", "classe": "ribeirao"}}, {"type": "Feature", "geometry": null, "properties": {"nome": "Rio Fortuna", "tipo": "stream", "classe": "ribeirao"}}, {"type": "Feature", "geometry": null, "properties": {"nome": "Rio Fortuna", "tipo": "stream", "classe": "ribeirao"}}, {"type": "Feature", "geometry": null, "properties": {"nome": "Rio Fortuna", "tipo": "stream", "classe": "ribeirao"}}, {"type": "Feature", "geometry": null, "properties": {"nome": "Rio Fortuna", "tipo": "stream", "classe": "ribeirao"}}, {"type": "Feature", "geometry": null, "properties": {"nome": "Rio Fortuna", "tipo": "stream", "classe": "ribeirao"}}, {"type": "Feature", "geometry": null, "properties": {"nome": "Rio do Jacu", "tipo": "stream", "classe": "ribeirao"}}, {"type": "Feature", "geometry": null, "properties": {"nome": "Rio do Jacu", "tipo": "stream", "classe": "ribeirao"}}, {"type": "Feature", "geometry": null, "properties": {"nome": "Rio do Jacu", "tipo": "stream", "classe": "ribeirao"}}, {"type": "Feature", "geometry": null, "properties": {"nome": "Rio do Jacu", "tipo": "stream", "classe": "ribeirao"}}, {"type": "Feature", "geometry": null, "properties": {"nome": "Rio do Jacu", "tipo": "stream", "classe": "ribeirao"}}, {"type": "Feature", "geometry": null, "properties": {"nome": "Rio do Jacu", "tipo": "stream", "classe": "ribeirao"}}, {"type": "Feature", "geometry": null, "properties": {"nome": "Rio do Jacu", "tipo": "stream", "classe": "ribeirao"}}, {"type": "Feature", "geometry": null, "properties": {"nome": "Rio do Jacu", "tipo": "stream", "classe": "ribeirao"}}, {"type": "Feature", "geometry": null, "properties": {"nome": "Rio do Jacu", "tipo": "stream", "classe": "ribeirao"}}, {"type": "Feature", "geometry": null, "properties": {"nome": "Rio do Jacu", "tipo": "stream", "classe": "ribeirao"}}, {"type": "Feature", "geometry": null, "properties": {"nome": "Rio do Jacu", "tipo": "stream", "classe": "ribeirao"}}, {"type": "Feature", "geometry": null, "properties": {"nome": "Rio do Veado", "tipo": "stream", "classe": "ribeirao"}}, {"type": "Feature", "geometry": null, "properties": {"nome": "Rio do Veado", "tipo": "stream", "classe": "ribeirao"}}, {"type": "Feature", "geometry": null, "properties": {"nome": "Rio do Veado", "tipo": "stream", "classe": "ribeirao"}}, {"type": "Feature", "geometry": null, "properties": {"nome": "Rio do Veado", "tipo": "stream", "classe": "ribeirao"}}, {"type": "Feature", "geometry": null, "properties": {"nome": "Rio do Veado", "tipo": "stream", "classe": "ribeirao"}}, {"type": "Feature", "geometry": null, "properties": {"nome": "Rio do Veado", "tipo": "stream", "classe": "ribeirao"}}, {"type": "Feature", "geometry": null, "properties": {"nome": "Rio do Veado", "tipo": "stream", "classe": "ribeirao"}}, {"type": "Feature", "geometry": null, "properties": {"nome": "Rio do Veado", "tipo": "stream", "classe": "ribeirao"}}, {"type": "Feature", "geometry": null, "properties": {"nome": "Rio do Veado", "tipo": "stream", "classe": "ribeirao"}}, {"type": "Feature", "geometry": null, "properties": {"nome": "Rio do Veado", "tipo": "stream", "classe": "ribeirao"}}, {"type": "Feature", "geometry": null, "properties": {"nome": "Rio do Engano", "tipo": "river", "classe": "rio"}}, {"type": "Feature", "geometry": null, "properties": {"nome": "Rio do Engano", "tipo": "river", "classe": "rio"}}, {"type": "Feature", "geometry": null, "properties": {"nome": "Rio do Veado", "tipo": "stream", "classe": "ribeirao"}}, {"type": "Feature", "geometry": null, "properties": {"nome": "Rio Fortuna", "tipo": "river", "classe": "rio"}}, {"type": "Feature", "geometry": null, "properties": {"nome": "Rio Antinha", "tipo": "river", "classe": "rio"}}, {"type": "Feature", "geometry": null, "properties": {"nome": "Rio das Antas", "tipo": "stream", "classe": "ribeirao"}}, {"type": "Feature", "geometry": null, "properties": {"nome": "Rio São Sebastião", "tipo": "river", "classe": "rio"}}, {"type": "Feature", "geometry": null, "properties": {"nome": "Rio do Jacu", "tipo": "stream", "classe": "ribeirao"}}, {"type": "Feature", "geometry": null, "properties": {"nome": "Rio Schubert", "tipo": "stream", "classe": "ribeirao"}}, {"type": "Feature", "geometry": null, "properties": {"nome": "Ribeirão Macuco Grande", "tipo": "stream", "classe": "ribeirao"}}, {"type": "Feature", "geometry": null, "properties": {"nome": "Ribeirão Macuco Grande", "tipo": "stream", "classe": "ribeirao"}}, {"type": "Feature", "geometry": null, "properties": {"nome": "Rio dos Coqueiros", "tipo": "stream", "classe": "ribeirao"}}, {"type": "Feature", "geometry": null, "properties": {"nome": "Rio dos Porcos", "tipo": "stream", "classe": "ribeirao"}}, {"type": "Feature", "geometry": null, "properties": {"nome": "Rio dos Porcos", "tipo": "stream", "classe": "ribeirao"}}, {"type": "Feature", "geometry": null, "properties": {"nome": "Rio dos Porcos", "tipo": "stream", "classe": "ribeirao"}}, {"type": "Feature", "geometry": null, "properties": {"nome": "Rio dos Porcos", "tipo": "stream", "classe": "ribeirao"}}, {"type": "Feature", "geometry": null, "properties": {"nome": "Rio dos Porcos", "tipo": "river", "classe": "rio"}}, {"type": "Feature", "geometry": null, "properties": {"nome": "Rio do Alho", "tipo": "stream", "classe": "ribeirao"}}, {"type": "Feature", "geometry": null, "properties": {"nome": "Rio dos Porcos", "tipo": "stream", "classe": "ribeirao"}}, {"type": "Feature", "geometry": null, "properties": {"nome": "Rio Campo Novo", "tipo": "stream", "classe": "ribeirao"}}, {"type": "Feature", "geometry": null, "properties": {"nome": "Rio Campo Novo", "tipo": "stream", "classe": "ribeirao"}}, {"type": "Feature", "geometry": null, "properties": {"nome": "Rio Campo Novo", "tipo": "stream", "classe": "ribeirao"}}, {"type": "Feature", "geometry": null, "properties": {"nome": "Rio Campo Novo", "tipo": "stream", "classe": "ribeirao"}}, {"type": "Feature", "geometry": null, "properties": {"nome": "Rio do Compra Tudo", "tipo": "stream", "classe": "ribeirao"}}, {"type": "Feature", "geometry": null, "properties": {"nome": "Rio do Compra Tudo", "tipo": "stream", "classe": "ribeirao"}}, {"type": "Feature", "geometry": null, "properties": {"nome": "Rio do Compra Tudo", "tipo": "stream", "classe": "ribeirao"}}, {"type": "Feature", "geometry": null, "properties": {"nome": "Rio do Compra Tudo", "tipo": "stream", "classe": "ribeirao"}}, {"type": "Feature", "geometry": null, "properties": {"nome": "Rio do Compra Tudo", "tipo": "stream", "classe": "ribeirao"}}, {"type": "Feature", "geometry": null, "properties": {"nome": "Rio do Compra Tudo", "tipo": "stream", "classe": "ribeirao"}}, {"type": "Feature", "geometry": null, "properties": {"nome": "Rio do Compra Tudo", "tipo": "stream", "classe": "ribeirao"}}, {"type": "Feature", "geometry": null, "properties": {"nome": "Rio do Compra Tudo", "tipo": "stream", "classe": "ribeirao"}}, {"type": "Feature", "geometry": null, "properties": {"nome": "Rio do Compra Tudo", "tipo": "stream", "classe": "ribeirao"}}, {"type": "Feature", "geometry": null, "properties": {"nome": "Rio do Compra Tudo", "tipo": "stream", "classe": "ribeirao"}}, {"type": "Feature", "geometry": null, "properties": {"nome": "Rio do Compra Tudo", "tipo": "stream", "classe": "ribeirao"}}, {"type": "Feature", "geometry": null, "properties": {"nome": "Rio do Compra Tudo", "tipo": "stream", "classe": "ribeirao"}}, {"type": "Feature", "geometry": null, "properties": {"nome": "Ribeirão do Zé Honório", "tipo": "stream", "classe": "ribeirao"}}, {"type": "Feature", "geometry": null, "properties": {"nome": "Ribeirão do Zé Honório", "tipo": "stream", "classe": "ribeirao"}}, {"type": "Feature", "geometry": null, "properties": {"nome": "Ribeirão do Zé Honório", "tipo": "stream", "classe": "ribeirao"}}, {"type": "Feature", "geometry": null, "properties": {"nome": "Rio do Campo Novo", "tipo": "stream", "classe": "ribeirao"}}, {"type": "Feature", "geometry": null, "properties": {"nome": "Rio do Campo Novo", "tipo": "stream", "classe": "ribeirao"}}, {"type": "Feature", "geometry": null, "properties": {"nome": "Rio do Campo Novo", "tipo": "stream", "classe": "ribeirao"}}, {"type": "Feature", "geometry": null, "properties": {"nome": "Rio Oliveira", "tipo": "stream", "classe": "ribeirao"}}, {"type": "Feature", "geometry": null, "properties": {"nome": "Rio Oliveira", "tipo": "stream", "classe": "ribeirao"}}, {"type": "Feature", "geometry": null, "properties": {"nome": "Rio Oliveira", "tipo": "stream", "classe": "ribeirao"}}, {"type": "Feature", "geometry": null, "properties": {"nome": "Rio Oliveira", "tipo": "stream", "classe": "ribeirao"}}, {"type": "Feature", "geometry": null, "properties": {"nome": "Rio Oliveira", "tipo": "stream", "classe": "ribeirao"}}, {"type": "Feature", "geometry": null, "properties": {"nome": "Rio Oliveira", "tipo": "stream", "classe": "ribeirao"}}, {"type": "Feature", "geometry": null, "properties": {"nome": "Rio Oliveira", "tipo": "stream", "classe": "ribeirao"}}, {"type": "Feature", "geometry": null, "properties": {"nome": "Rio Bento", "tipo": "stream", "classe": "ribeirao"}}, {"type": "Feature", "geometry": null, "properties": {"nome": "Rio Bento", "tipo": "stream", "classe": "ribeirao"}}, {"type": "Feature", "geometry": null, "properties": {"nome": "Rio Teles", "tipo": "stream", "classe": "ribeirao"}}, {"type": "Feature", "geometry": null, "properties": {"nome": "Rio Teles", "tipo": "stream", "classe": "ribeirao"}}, {"type": "Feature", "geometry": null, "properties": {"nome": "Rio Oliveira", "tipo": "stream", "classe": "ribeirao"}}, {"type": "Feature", "geometry": null, "properties": {"nome": "Rio Itinga", "tipo": "stream", "classe": "ribeirao"}}, {"type": "Feature", "geometry": null, "properties": {"nome": "Rio Teles", "tipo": "stream", "classe": "ribeirao"}}, {"type": "Feature", "geometry": null, "properties": {"nome": "Rio Teles", "tipo": "stream", "classe": "ribeirao"}}, {"type": "Feature", "geometry": null, "properties": {"nome": "Rio das Pedras", "tipo": "stream", "classe": "ribeirao"}}, {"type": "Feature", "geometry": null, "properties": {"nome": "Rio das Pedras", "tipo": "stream", "classe": "ribeirao"}}, {"type": "Feature", "geometry": null, "properties": {"nome": "Rio das Pedras", "tipo": "stream", "classe": "ribeirao"}}, {"type": "Feature", "geometry": null, "properties": {"nome": "Rio das Pedras", "tipo": "stream", "classe": "ribeirao"}}, {"type": "Feature", "geometry": null, "properties": {"nome": "Rio das Pedras", "tipo": "stream", "classe": "ribeirao"}}, {"type": "Feature", "geometry": null, "properties": {"nome": "Ribeirão dos Ovos", "tipo": "stream", "classe": "ribeirao"}}, {"type": "Feature", "geometry": null, "properties": {"nome": "Ribeirão dos Ovos", "tipo": "stream", "classe": "ribeirao"}}, {"type": "Feature", "geometry": null, "properties": {"nome": "Ribeirão dos Ovos", "tipo": "stream", "classe": "ribeirao"}}, {"type": "Feature", "geometry": null, "properties": {"nome": "Ribeirão Grande", "tipo": "stream", "classe": "ribeirao"}}, {"type": "Feature", "geometry": null, "properties": {"nome": "Ribeirão Grande", "tipo": "stream", "classe": "ribeirao"}}, {"type": "Feature", "geometry": null, "properties": {"nome": "Ribeirão Grande", "tipo": "stream", "classe": "ribeirao"}}, {"type": "Feature", "geometry": null, "properties": {"nome": "Ribeirão Grande", "tipo": "stream", "classe": "ribeirao"}}, {"type": "Feature", "geometry": null, "properties": {"nome": "Ribeirão Grande", "tipo": "stream", "classe": "ribeirao"}}, {"type": "Feature", "geometry": null, "properties": {"nome": "Ribeirão Grande", "tipo": "stream", "classe": "ribeirao"}}, {"type": "Feature", "geometry": null, "properties": {"nome": "Ribeirão Grande", "tipo": "stream", "classe": "ribeirao"}}, {"type": "Feature", "geometry": null, "properties": {"nome": "Ribeirão Grande", "tipo": "stream", "classe": "ribeirao"}}, {"type": "Feature", "geometry": null, "properties": {"nome": "Ribeirão Grande", "tipo": "stream", "classe": "ribeirao"}}, {"type": "Feature", "geometry": null, "properties": {"nome": "Ribeirão Grande", "tipo": "stream", "classe": "ribeirao"}}, {"type": "Feature", "geometry": null, "properties": {"nome": "Ribeirão Grande", "tipo": "river", "classe": "rio"}}, {"type": "Feature", "geometry": null, "properties": {"nome": "Rio Misch", "tipo": "stream", "classe": "ribeirao"}}, {"type": "Feature", "geometry": null, "properties": {"nome": "Rio Misch", "tipo": "stream", "classe": "ribeirao"}}, {"type": "Feature", "geometry": null, "properties": {"nome": "Rio Misch", "tipo": "stream", "classe": "ribeirao"}}, {"type": "Feature", "geometry": null, "properties": {"nome": "Córrego da Divisa", "tipo": "stream", "classe": "ribeirao"}}, {"type": "Feature", "geometry": null, "properties": {"nome": "Córrego da Divisa", "tipo": "stream", "classe": "ribeirao"}}, {"type": "Feature", "geometry": null, "properties": {"nome": "Córrego da Divisa", "tipo": "stream", "classe": "ribeirao"}}, {"type": "Feature", "geometry": null, "properties": {"nome": "Rio do Bugres", "tipo": "stream", "classe": "ribeirao"}}, {"type": "Feature", "geometry": null, "properties": {"nome": "Rio do Bugres", "tipo": "stream", "classe": "ribeirao"}}, {"type": "Feature", "geometry": null, "properties": {"nome": "Rio do Bugres", "tipo": "stream", "classe": "ribeirao"}}, {"type": "Feature", "geometry": null, "properties": {"nome": "Córrego da Divisa", "tipo": "stream", "classe": "ribeirao"}}, {"type": "Feature", "geometry": null, "properties": {"nome": "Córrego da Divisa", "tipo": "stream", "classe": "ribeirao"}}, {"type": "Feature", "geometry": null, "properties": {"nome": "Córrego da Divisa", "tipo": "stream", "classe": "ribeirao"}}, {"type": "Feature", "geometry": null, "properties": {"nome": "Rio Corridas", "tipo": "stream", "classe": "ribeirao"}}, {"type": "Feature", "geometry": null, "properties": {"nome": "Córrego da Divisa", "tipo": "river", "classe": "rio"}}, {"type": "Feature", "geometry": null, "properties": {"nome": "Rio do Bugres", "tipo": "river", "classe": "rio"}}, {"type": "Feature", "geometry": null, "properties": {"nome": "Ribeirão Grande", "tipo": "stream", "classe": "ribeirao"}}, {"type": "Feature", "geometry": null, "properties": {"nome": "Rio Veado", "tipo": "stream", "classe": "ribeirao"}}, {"type": "Feature", "geometry": null, "properties": {"nome": "Rio Veado", "tipo": "stream", "classe": "ribeirao"}}, {"type": "Feature", "geometry": null, "properties": {"nome": "Rio Veado", "tipo": "stream", "classe": "ribeirao"}}, {"type": "Feature", "geometry": null, "properties": {"nome": "Rio Veado", "tipo": "stream", "classe": "ribeirao"}}, {"type": "Feature", "geometry": null, "properties": {"nome": "Rio Veado", "tipo": "stream", "classe": "ribeirao"}}, {"type": "Feature", "geometry": null, "properties": {"nome": "Rio do Morcego", "tipo": "stream", "classe": "ribeirao"}}, {"type": "Feature", "geometry": null, "properties": {"nome": "Rio do Morcego", "tipo": "stream", "classe": "ribeirao"}}, {"type": "Feature", "geometry": null, "properties": {"nome": "Rio do Morcego", "tipo": "stream", "classe": "ribeirao"}}, {"type": "Feature", "geometry": null, "properties": {"nome": "Ribeirão Poço Bonito", "tipo": "stream", "classe": "ribeirao"}}, {"type": "Feature", "geometry": null, "properties": {"nome": "Ribeirão do Meio", "tipo": "stream", "classe": "ribeirao"}}, {"type": "Feature", "geometry": null, "properties": {"nome": "Ribeirão do Meio", "tipo": "stream", "classe": "ribeirao"}}, {"type": "Feature", "geometry": null, "properties": {"nome": "Ribeirão do Meio", "tipo": "stream", "classe": "ribeirao"}}, {"type": "Feature", "geometry": null, "properties": {"nome": "Ribeirão do Meio", "tipo": "stream", "classe": "ribeirao"}}, {"type": "Feature", "geometry": null, "properties": {"nome": "Rio Branco", "tipo": "stream", "classe": "ribeirao"}}, {"type": "Feature", "geometry": null, "properties": {"nome": "Ribeirão do Reginaldo", "tipo": "stream", "classe": "ribeirao"}}, {"type": "Feature", "geometry": null, "properties": {"nome": "Ribeirão do Reginaldo", "tipo": "stream", "classe": "ribeirao"}}, {"type": "Feature", "geometry": null, "properties": {"nome": "Ribeirão do Reginaldo", "tipo": "stream", "classe": "ribeirao"}}, {"type": "Feature", "geometry": null, "properties": {"nome": "Ribeirão do Reginaldo", "tipo": "stream", "classe": "ribeirao"}}, {"type": "Feature", "geometry": null, "properties": {"nome": "Ribeirão do Reginaldo", "tipo": "stream", "classe": "ribeirao"}}, {"type": "Feature", "geometry": null, "properties": {"nome": "Rio Alto Braço", "tipo": "river", "classe": "rio"}}, {"type": "Feature", "geometry": null, "properties": {"nome": "Ribeirão Poço Bonito", "tipo": "river", "classe": "rio"}}, {"type": "Feature", "geometry": null, "properties": {"nome": "Ribeirão do Reginaldo", "tipo": "river", "classe": "rio"}}, {"type": "Feature", "geometry": null, "properties": {"nome": "Ribeirão Corveta", "tipo": "stream", "classe": "ribeirao"}}, {"type": "Feature", "geometry": null, "properties": {"nome": "Ribeirão do Meio", "tipo": "stream", "classe": "ribeirao"}}, {"type": "Feature", "geometry": null, "properties": {"nome": "Rio Branco", "tipo": "river", "classe": "rio"}}, {"type": "Feature", "geometry": null, "properties": {"nome": "Rio do Morcego", "tipo": "river", "classe": "rio"}}, {"type": "Feature", "geometry": null, "properties": {"nome": "Ribeirão do Máximo", "tipo": "stream", "classe": "ribeirao"}}, {"type": "Feature", "geometry": null, "properties": {"nome": "Ribeirão do Máximo", "tipo": "stream", "classe": "ribeirao"}}, {"type": "Feature", "geometry": null, "properties": {"nome": "Ribeirão do Máximo", "tipo": "river", "classe": "rio"}}, {"type": "Feature", "geometry": null, "properties": {"nome": "Ribeirão Pitanga", "tipo": "stream", "classe": "ribeirao"}}, {"type": "Feature", "geometry": null, "properties": {"nome": "Ribeirão Pitanga", "tipo": "stream", "classe": "ribeirao"}}, {"type": "Feature", "geometry": null, "properties": {"nome": "Ribeirão Pitanga", "tipo": "stream", "classe": "ribeirao"}}, {"type": "Feature", "geometry": null, "properties": {"nome": "Rio Lajeado", "tipo": "stream", "classe": "ribeirao"}}, {"type": "Feature", "geometry": null, "properties": {"nome": "Ribeirão Bonito", "tipo": "stream", "classe": "ribeirao"}}, {"type": "Feature", "geometry": null, "properties": {"nome": "Ribeirão Bom Retiro", "tipo": "stream", "classe": "ribeirao"}}, {"type": "Feature", "geometry": null, "properties": {"nome": "Ribeirão Bom Retiro", "tipo": "river", "classe": "rio"}}, {"type": "Feature", "geometry": null, "properties": {"nome": "Ribeirão Bonito", "tipo": "river", "classe": "rio"}}, {"type": "Feature", "geometry": null, "properties": {"nome": "Rio Lajeado", "tipo": "river", "classe": "rio"}}, {"type": "Feature", "geometry": null, "properties": {"nome": "Ribeirão Pitanga", "tipo": "river", "classe": "rio"}}, {"type": "Feature", "geometry": null, "properties": {"nome": "Ribeirão do Máximo", "tipo": "stream", "classe": "ribeirao"}}, {"type": "Feature", "geometry": null, "properties": {"nome": "Ribeirão do Salto", "tipo": "stream", "classe": "ribeirao"}}, {"type": "Feature", "geometry": null, "properties": {"nome": "Ribeirão do Salto", "tipo": "stream", "classe": "ribeirao"}}, {"type": "Feature", "geometry": null, "properties": {"nome": "Ribeirão do Salto", "tipo": "stream", "classe": "ribeirao"}}, {"type": "Feature", "geometry": null, "properties": {"nome": "Ribeirão do Salto", "tipo": "stream", "classe": "ribeirao"}}, {"type": "Feature", "geometry": null, "properties": {"nome": "Ribeirão Criminoso", "tipo": "stream", "classe": "ribeirao"}}, {"type": "Feature", "geometry": null, "properties": {"nome": "Ribeirão Criminoso", "tipo": "stream", "classe": "ribeirao"}}, {"type": "Feature", "geometry": null, "properties": {"nome": "Ribeirão Criminoso", "tipo": "stream", "classe": "ribeirao"}}, {"type": "Feature", "geometry": null, "properties": {"nome": "Ribeirão Criminoso", "tipo": "stream", "classe": "ribeirao"}}, {"type": "Feature", "geometry": null, "properties": {"nome": "Ribeirão de Molha", "tipo": "stream", "classe": "ribeirao"}}, {"type": "Feature", "geometry": null, "properties": {"nome": "Ribeirão de Molha", "tipo": "stream", "classe": "ribeirao"}}, {"type": "Feature", "geometry": null, "properties": {"nome": "Ribeirão de Molha", "tipo": "stream", "classe": "ribeirao"}}, {"type": "Feature", "geometry": null, "properties": {"nome": "Ribeirão de Molha", "tipo": "stream", "classe": "ribeirao"}}, {"type": "Feature", "geometry": null, "properties": {"nome": "Ribeirão de Molha", "tipo": "stream", "classe": "ribeirao"}}, {"type": "Feature", "geometry": null, "properties": {"nome": "Ribeirão da Vasca", "tipo": "stream", "classe": "ribeirao"}}, {"type": "Feature", "geometry": null, "properties": {"nome": "Ribeirão da Vasca", "tipo": "stream", "classe": "ribeirao"}}, {"type": "Feature", "geometry": null, "properties": {"nome": "Ribeirão Frederico", "tipo": "stream", "classe": "ribeirao"}}, {"type": "Feature", "geometry": null, "properties": {"nome": "Ribeirão Frederico", "tipo": "stream", "classe": "ribeirao"}}, {"type": "Feature", "geometry": null, "properties": {"nome": "Ribeirão Frederico", "tipo": "stream", "classe": "ribeirao"}}, {"type": "Feature", "geometry": null, "properties": {"nome": "Ribeirão Frederico", "tipo": "stream", "classe": "ribeirao"}}, {"type": "Feature", "geometry": null, "properties": {"nome": "Ribeirão Frederico", "tipo": "stream", "classe": "ribeirao"}}, {"type": "Feature", "geometry": null, "properties": {"nome": "Ribeirão do Alferes", "tipo": "stream", "classe": "ribeirao"}}, {"type": "Feature", "geometry": null, "properties": {"nome": "Ribeirão do Alferes", "tipo": "stream", "classe": "ribeirao"}}, {"type": "Feature", "geometry": null, "properties": {"nome": "Ribeirão do Alferes", "tipo": "stream", "classe": "ribeirao"}}, {"type": "Feature", "geometry": null, "properties": {"nome": "Ribeirão do Alferes", "tipo": "stream", "classe": "ribeirao"}}, {"type": "Feature", "geometry": null, "properties": {"nome": "Ribeirão do Vígolo", "tipo": "stream", "classe": "ribeirao"}}, {"type": "Feature", "geometry": null, "properties": {"nome": "Ribeirão do Vígolo", "tipo": "stream", "classe": "ribeirao"}}, {"type": "Feature", "geometry": null, "properties": {"nome": "Ribeirão do Vígolo", "tipo": "stream", "classe": "ribeirao"}}, {"type": "Feature", "geometry": null, "properties": {"nome": "Ribeirão do Vígolo", "tipo": "stream", "classe": "ribeirao"}}, {"type": "Feature", "geometry": null, "properties": {"nome": "Ribeirão da Onça", "tipo": "stream", "classe": "ribeirao"}}, {"type": "Feature", "geometry": null, "properties": {"nome": "Ribeirão da Onça", "tipo": "stream", "classe": "ribeirao"}}, {"type": "Feature", "geometry": null, "properties": {"nome": "Ribeirão da Onça", "tipo": "stream", "classe": "ribeirao"}}, {"type": "Feature", "geometry": null, "properties": {"nome": "Ribeirão da Onça", "tipo": "stream", "classe": "ribeirao"}}, {"type": "Feature", "geometry": null, "properties": {"nome": "Rio da Onça", "tipo": "stream", "classe": "ribeirao"}}, {"type": "Feature", "geometry": null, "properties": {"nome": "Rio da Onça", "tipo": "river", "classe": "rio"}}, {"type": "Feature", "geometry": null, "properties": {"nome": "Rio da Onça", "tipo": "river", "classe": "rio"}}, {"type": "Feature", "geometry": null, "properties": {"nome": "Ribeirão Queimado", "tipo": "stream", "classe": "ribeirao"}}, {"type": "Feature", "geometry": null, "properties": {"nome": "Ribeirão Queimado", "tipo": "stream", "classe": "ribeirao"}}, {"type": "Feature", "geometry": null, "properties": {"nome": "Ribeirão Queimado", "tipo": "stream", "classe": "ribeirao"}}, {"type": "Feature", "geometry": null, "properties": {"nome": "Ribeirão Queimado", "tipo": "stream", "classe": "ribeirao"}}, {"type": "Feature", "geometry": null, "properties": {"nome": "Ribeirão Queimado", "tipo": "stream", "classe": "ribeirao"}}, {"type": "Feature", "geometry": null, "properties": {"nome": "Ribeirão Queimado", "tipo": "stream", "classe": "ribeirao"}}, {"type": "Feature", "geometry": null, "properties": {"nome": "Ribeirão Queimado", "tipo": "stream", "classe": "ribeirao"}}, {"type": "Feature", "geometry": null, "properties": {"nome": "Ribeirão Queimado", "tipo": "stream", "classe": "ribeirao"}}, {"type": "Feature", "geometry": null, "properties": {"nome": "Ribeirão da Velha", "tipo": "stream", "classe": "ribeirao"}}, {"type": "Feature", "geometry": null, "properties": {"nome": "Ribeirão do Cedro", "tipo": "stream", "classe": "ribeirao"}}, {"type": "Feature", "geometry": null, "properties": {"nome": "Ribeirão do Cedro", "tipo": "stream", "classe": "ribeirao"}}, {"type": "Feature", "geometry": null, "properties": {"nome": "Ribeirão do Cedro", "tipo": "stream", "classe": "ribeirao"}}, {"type": "Feature", "geometry": null, "properties": {"nome": "Ribeirão do Cedro", "tipo": "stream", "classe": "ribeirao"}}, {"type": "Feature", "geometry": null, "properties": {"nome": "Ribeirão do Cedro", "tipo": "stream", "classe": "ribeirao"}}, {"type": "Feature", "geometry": null, "properties": {"nome": "Ribeirão do Cedro", "tipo": "stream", "classe": "ribeirao"}}, {"type": "Feature", "geometry": null, "properties": {"nome": "Ribeirão Criminoso", "tipo": "stream", "classe": "ribeirao"}}, {"type": "Feature", "geometry": null, "properties": {"nome": "Ribeirão Queimado", "tipo": "stream", "classe": "ribeirao"}}, {"type": "Feature", "geometry": null, "properties": {"nome": "Ribeirão do Cedro", "tipo": "stream", "classe": "ribeirao"}}, {"type": "Feature", "geometry": null, "properties": {"nome": "Ribeirão Frederico", "tipo": "river", "classe": "rio"}}, {"type": "Feature", "geometry": null, "properties": {"nome": "Ribeirão Àguas Claras", "tipo": "stream", "classe": "ribeirao"}}, {"type": "Feature", "geometry": null, "properties": {"nome": "Ribeirão do Salto", "tipo": "stream", "classe": "ribeirao"}}, {"type": "Feature", "geometry": null, "properties": {"nome": "Ribeirão Arataca", "tipo": "stream", "classe": "ribeirao"}}, {"type": "Feature", "geometry": null, "properties": {"nome": "Ribeirão das Águas", "tipo": "stream", "classe": "ribeirao"}}, {"type": "Feature", "geometry": null, "properties": {"nome": "Ribeirão das Águas", "tipo": "stream", "classe": "ribeirao"}}, {"type": "Feature", "geometry": null, "properties": {"nome": "Ribeirão das Águas", "tipo": "stream", "classe": "ribeirao"}}, {"type": "Feature", "geometry": null, "properties": {"nome": "Rio Boa Vista Pequeno", "tipo": "stream", "classe": "ribeirao"}}, {"type": "Feature", "geometry": null, "properties": {"nome": "Ribeirão Canudos", "tipo": "stream", "classe": "ribeirao"}}, {"type": "Feature", "geometry": null, "properties": {"nome": "Ribeirão Canudos", "tipo": "stream", "classe": "ribeirao"}}, {"type": "Feature", "geometry": null, "properties": {"nome": "Ribeirão Canudos", "tipo": "stream", "classe": "ribeirao"}}, {"type": "Feature", "geometry": null, "properties": {"nome": "Ribeirão Canudos", "tipo": "stream", "classe": "ribeirao"}}, {"type": "Feature", "geometry": null, "properties": {"nome": "Ribeirão Canudos", "tipo": "stream", "classe": "ribeirao"}}, {"type": "Feature", "geometry": null, "properties": {"nome": "Ribeirão Canudos", "tipo": "stream", "classe": "ribeirao"}}, {"type": "Feature", "geometry": null, "properties": {"nome": "Ribeirão Canudos", "tipo": "stream", "classe": "ribeirao"}}, {"type": "Feature", "geometry": null, "properties": {"nome": "Ribeirão Canudos", "tipo": "stream", "classe": "ribeirao"}}, {"type": "Feature", "geometry": null, "properties": {"nome": "Ribeirão Canudos", "tipo": "stream", "classe": "ribeirao"}}, {"type": "Feature", "geometry": null, "properties": {"nome": "Ribeirão Canudos", "tipo": "stream", "classe": "ribeirao"}}, {"type": "Feature", "geometry": null, "properties": {"nome": "Ribeirão Canudos", "tipo": "stream", "classe": "ribeirao"}}, {"type": "Feature", "geometry": null, "properties": {"nome": "Ribeirão Canudos", "tipo": "stream", "classe": "ribeirao"}}, {"type": "Feature", "geometry": null, "properties": {"nome": "Ribeirão Canudos", "tipo": "river", "classe": "rio"}}, {"type": "Feature", "geometry": null, "properties": {"nome": "Ribeirão Galera", "tipo": "stream", "classe": "ribeirao"}}, {"type": "Feature", "geometry": null, "properties": {"nome": "Ribeirão Galera", "tipo": "stream", "classe": "ribeirao"}}, {"type": "Feature", "geometry": null, "properties": {"nome": "Córrego Campeche", "tipo": "stream", "classe": "ribeirao"}}, {"type": "Feature", "geometry": null, "properties": {"nome": "Córrego Campeche", "tipo": "stream", "classe": "ribeirao"}}, {"type": "Feature", "geometry": null, "properties": {"nome": "Córrego Campeche", "tipo": "stream", "classe": "ribeirao"}}, {"type": "Feature", "geometry": null, "properties": {"nome": "Córrego Campeche", "tipo": "stream", "classe": "ribeirao"}}, {"type": "Feature", "geometry": null, "properties": {"nome": "Córrego Campeche", "tipo": "stream", "classe": "ribeirao"}}, {"type": "Feature", "geometry": null, "properties": {"nome": "Córrego Campeche", "tipo": "stream", "classe": "ribeirao"}}, {"type": "Feature", "geometry": null, "properties": {"nome": "Ribeirão Fernandes", "tipo": "stream", "classe": "ribeirao"}}, {"type": "Feature", "geometry": null, "properties": {"nome": "Ribeirão Àguas Claras", "tipo": "river", "classe": "rio"}}, {"type": "Feature", "geometry": null, "properties": {"nome": "Ribeirão Canudos", "tipo": "stream", "classe": "ribeirao"}}, {"type": "Feature", "geometry": null, "properties": {"nome": "Ribeirão Arataca", "tipo": "river", "classe": "rio"}}, {"type": "Feature", "geometry": null, "properties": {"nome": "Rio Boa Vista Pequeno", "tipo": "river", "classe": "rio"}}, {"type": "Feature", "geometry": null, "properties": {"nome": "Córrego Campeche", "tipo": "stream", "classe": "ribeirao"}}, {"type": "Feature", "geometry": null, "properties": {"nome": "Ribeirão Galera", "tipo": "stream", "classe": "ribeirao"}}, {"type": "Feature", "geometry": null, "properties": {"nome": "Rio do Moura", "tipo": "stream", "classe": "ribeirao"}}, {"type": "Feature", "geometry": null, "properties": {"nome": "Rio do Moura", "tipo": "stream", "classe": "ribeirao"}}, {"type": "Feature", "geometry": null, "properties": {"nome": "Rio do Moura", "tipo": "stream", "classe": "ribeirao"}}, {"type": "Feature", "geometry": null, "properties": {"nome": "Rio do Moura", "tipo": "stream", "classe": "ribeirao"}}, {"type": "Feature", "geometry": null, "properties": {"nome": "Rio do Moura", "tipo": "stream", "classe": "ribeirao"}}, {"type": "Feature", "geometry": null, "properties": {"nome": "Rio do Moura", "tipo": "stream", "classe": "ribeirao"}}, {"type": "Feature", "geometry": null, "properties": {"nome": "Rio do Moura", "tipo": "stream", "classe": "ribeirao"}}, {"type": "Feature", "geometry": null, "properties": {"nome": "Rio Kroecker", "tipo": "stream", "classe": "ribeirao"}}, {"type": "Feature", "geometry": null, "properties": {"nome": "Rio Kroecker", "tipo": "stream", "classe": "ribeirao"}}, {"type": "Feature", "geometry": null, "properties": {"nome": "Ribeirão Tirol", "tipo": "stream", "classe": "ribeirao"}}, {"type": "Feature", "geometry": null, "properties": {"nome": "Ribeirão Tirol", "tipo": "stream", "classe": "ribeirao"}}, {"type": "Feature", "geometry": null, "properties": {"nome": "Rio Kroecker", "tipo": "stream", "classe": "ribeirao"}}, {"type": "Feature", "geometry": null, "properties": {"nome": "Ribeirão do Bado", "tipo": "stream", "classe": "ribeirao"}}, {"type": "Feature", "geometry": null, "properties": {"nome": "Ribeirão do Bado", "tipo": "stream", "classe": "ribeirao"}}, {"type": "Feature", "geometry": null, "properties": {"nome": "Ribeirão do Bado", "tipo": "stream", "classe": "ribeirao"}}, {"type": "Feature", "geometry": null, "properties": {"nome": "Ribeirão do Bado", "tipo": "stream", "classe": "ribeirao"}}, {"type": "Feature", "geometry": null, "properties": {"nome": "Ribeirão do Bado", "tipo": "stream", "classe": "ribeirao"}}, {"type": "Feature", "geometry": null, "properties": {"nome": "Ribeirão do Bado", "tipo": "stream", "classe": "ribeirao"}}, {"type": "Feature", "geometry": null, "properties": {"nome": "Ribeirão Indaiá", "tipo": "stream", "classe": "ribeirao"}}, {"type": "Feature", "geometry": null, "properties": {"nome": "Ribeirão Indaiá", "tipo": "stream", "classe": "ribeirao"}}, {"type": "Feature", "geometry": null, "properties": {"nome": "Ribeirão Indaiá", "tipo": "stream", "classe": "ribeirao"}}, {"type": "Feature", "geometry": null, "properties": {"nome": "Ribeirão Indaiá", "tipo": "stream", "classe": "ribeirao"}}, {"type": "Feature", "geometry": null, "properties": {"nome": "Ribeirão Indaiá", "tipo": "stream", "classe": "ribeirao"}}, {"type": "Feature", "geometry": null, "properties": {"nome": "Ribeirão Indaiá", "tipo": "stream", "classe": "ribeirao"}}, {"type": "Feature", "geometry": null, "properties": {"nome": "Ribeirão Indaiá", "tipo": "stream", "classe": "ribeirao"}}, {"type": "Feature", "geometry": null, "properties": {"nome": "Ribeirão Indaiá", "tipo": "stream", "classe": "ribeirao"}}, {"type": "Feature", "geometry": null, "properties": {"nome": "Ribeirão Indaiá", "tipo": "stream", "classe": "ribeirao"}}, {"type": "Feature", "geometry": null, "properties": {"nome": "Ribeirão Indaiá", "tipo": "stream", "classe": "ribeirao"}}, {"type": "Feature", "geometry": null, "properties": {"nome": "Ribeirão Casaniga", "tipo": "stream", "classe": "ribeirao"}}, {"type": "Feature", "geometry": null, "properties": {"nome": "Ribeirão Casaniga", "tipo": "stream", "classe": "ribeirao"}}, {"type": "Feature", "geometry": null, "properties": {"nome": "Ribeirão Casaniga", "tipo": "stream", "classe": "ribeirao"}}, {"type": "Feature", "geometry": null, "properties": {"nome": "Ribeirão Casaniga", "tipo": "stream", "classe": "ribeirao"}}, {"type": "Feature", "geometry": null, "properties": {"nome": "Ribeirão Casaniga", "tipo": "stream", "classe": "ribeirao"}}, {"type": "Feature", "geometry": null, "properties": {"nome": "Ribeirão Casaniga", "tipo": "stream", "classe": "ribeirao"}}, {"type": "Feature", "geometry": null, "properties": {"nome": "Ribeirão Casaniga", "tipo": "stream", "classe": "ribeirao"}}, {"type": "Feature", "geometry": null, "properties": {"nome": "Ribeirão Casaniga", "tipo": "stream", "classe": "ribeirao"}}, {"type": "Feature", "geometry": null, "properties": {"nome": "Ribeirão Casaniga", "tipo": "stream", "classe": "ribeirao"}}, {"type": "Feature", "geometry": null, "properties": {"nome": "Ribeirão Casaniga", "tipo": "stream", "classe": "ribeirao"}}, {"type": "Feature", "geometry": null, "properties": {"nome": "Ribeirão Casaniga", "tipo": "stream", "classe": "ribeirao"}}, {"type": "Feature", "geometry": null, "properties": {"nome": "Ribeirão Casaniga", "tipo": "stream", "classe": "ribeirao"}}, {"type": "Feature", "geometry": null, "properties": {"nome": "Ribeirão Casaniga", "tipo": "stream", "classe": "ribeirao"}}, {"type": "Feature", "geometry": null, "properties": {"nome": "Ribeirão Casaniga", "tipo": "stream", "classe": "ribeirao"}}, {"type": "Feature", "geometry": null, "properties": {"nome": "Ribeirão Casaniga", "tipo": "stream", "classe": "ribeirao"}}, {"type": "Feature", "geometry": null, "properties": {"nome": "Ribeirão Casaniga", "tipo": "stream", "classe": "ribeirao"}}, {"type": "Feature", "geometry": null, "properties": {"nome": "Ribeirão Casaniga", "tipo": "stream", "classe": "ribeirao"}}, {"type": "Feature", "geometry": null, "properties": {"nome": "Ribeirão Casaniga", "tipo": "stream", "classe": "ribeirao"}}, {"type": "Feature", "geometry": null, "properties": {"nome": "Rio João Soares", "tipo": "stream", "classe": "ribeirao"}}, {"type": "Feature", "geometry": null, "properties": {"nome": "Rio João Soares", "tipo": "stream", "classe": "ribeirao"}}, {"type": "Feature", "geometry": null, "properties": {"nome": "Rio João Soares", "tipo": "stream", "classe": "ribeirao"}}, {"type": "Feature", "geometry": null, "properties": {"nome": "Rio João Soares", "tipo": "stream", "classe": "ribeirao"}}, {"type": "Feature", "geometry": null, "properties": {"nome": "Rio João Soares", "tipo": "stream", "classe": "ribeirao"}}, {"type": "Feature", "geometry": null, "properties": {"nome": "Rio João Soares", "tipo": "stream", "classe": "ribeirao"}}, {"type": "Feature", "geometry": null, "properties": {"nome": "Rio João Soares", "tipo": "stream", "classe": "ribeirao"}}, {"type": "Feature", "geometry": null, "properties": {"nome": "Rio da Galera", "tipo": "stream", "classe": "ribeirao"}}, {"type": "Feature", "geometry": null, "properties": {"nome": "Rio da Dona", "tipo": "stream", "classe": "ribeirao"}}, {"type": "Feature", "geometry": null, "properties": {"nome": "Rio do Cobre", "tipo": "stream", "classe": "ribeirao"}}, {"type": "Feature", "geometry": null, "properties": {"nome": "Rio do Cobre", "tipo": "stream", "classe": "ribeirao"}}, {"type": "Feature", "geometry": null, "properties": {"nome": "Rio do Cobre", "tipo": "stream", "classe": "ribeirao"}}, {"type": "Feature", "geometry": null, "properties": {"nome": "Rio do Cobre", "tipo": "stream", "classe": "ribeirao"}}, {"type": "Feature", "geometry": null, "properties": {"nome": "Rio do Cobre", "tipo": "stream", "classe": "ribeirao"}}, {"type": "Feature", "geometry": null, "properties": {"nome": "Rio do Cobre", "tipo": "stream", "classe": "ribeirao"}}, {"type": "Feature", "geometry": null, "properties": {"nome": "Rio do Cobre", "tipo": "stream", "classe": "ribeirao"}}, {"type": "Feature", "geometry": null, "properties": {"nome": "Rio do Cobre", "tipo": "stream", "classe": "ribeirao"}}, {"type": "Feature", "geometry": null, "properties": {"nome": "Rio do Cobre", "tipo": "stream", "classe": "ribeirao"}}, {"type": "Feature", "geometry": null, "properties": {"nome": "Rio do Cobre", "tipo": "stream", "classe": "ribeirao"}}, {"type": "Feature", "geometry": null, "properties": {"nome": "Rio do Cobre", "tipo": "stream", "classe": "ribeirao"}}, {"type": "Feature", "geometry": null, "properties": {"nome": "Rio do Cobre", "tipo": "stream", "classe": "ribeirao"}}, {"type": "Feature", "geometry": null, "properties": {"nome": "Rio do Cobre", "tipo": "stream", "classe": "ribeirao"}}, {"type": "Feature", "geometry": null, "properties": {"nome": "Rio do Cobre", "tipo": "stream", "classe": "ribeirao"}}, {"type": "Feature", "geometry": null, "properties": {"nome": "Rio do Cobre", "tipo": "stream", "classe": "ribeirao"}}, {"type": "Feature", "geometry": null, "properties": {"nome": "Rio do Cobre", "tipo": "stream", "classe": "ribeirao"}}, {"type": "Feature", "geometry": null, "properties": {"nome": "Ribeirão Indaiá", "tipo": "stream", "classe": "ribeirao"}}, {"type": "Feature", "geometry": null, "properties": {"nome": "Ribeirão Casaniga", "tipo": "stream", "classe": "ribeirao"}}, {"type": "Feature", "geometry": null, "properties": {"nome": "Ribeirão Tirol", "tipo": "river", "classe": "rio"}}, {"type": "Feature", "geometry": null, "properties": {"nome": "Rio do Cobre", "tipo": "stream", "classe": "ribeirao"}}, {"type": "Feature", "geometry": null, "properties": {"nome": "Ribeirão do Bado", "tipo": "stream", "classe": "ribeirao"}}, {"type": "Feature", "geometry": null, "properties": {"nome": "Ribeirão Herval", "tipo": "stream", "classe": "ribeirao"}}, {"type": "Feature", "geometry": null, "properties": {"nome": "Ribeirão Herval", "tipo": "stream", "classe": "ribeirao"}}, {"type": "Feature", "geometry": null, "properties": {"nome": "Ribeirão Herval", "tipo": "river", "classe": "rio"}}, {"type": "Feature", "geometry": null, "properties": {"nome": "Arroio Três Ranchos", "tipo": "stream", "classe": "ribeirao"}}, {"type": "Feature", "geometry": null, "properties": {"nome": "Arroio Três Ranchos", "tipo": "stream", "classe": "ribeirao"}}, {"type": "Feature", "geometry": null, "properties": {"nome": "Arroio Três Ranchos", "tipo": "stream", "classe": "ribeirao"}}, {"type": "Feature", "geometry": null, "properties": {"nome": "Arroio Coqueiral", "tipo": "river", "classe": "rio"}}, {"type": "Feature", "geometry": null, "properties": {"nome": "Arroio Três Ranchos", "tipo": "stream", "classe": "ribeirao"}}, {"type": "Feature", "geometry": null, "properties": {"nome": "Arroio Santa Cecília", "tipo": "stream", "classe": "ribeirao"}}, {"type": "Feature", "geometry": null, "properties": {"nome": "Arroio Santa Cecília", "tipo": "stream", "classe": "ribeirao"}}, {"type": "Feature", "geometry": null, "properties": {"nome": "Arroio Santa Cecília", "tipo": "stream", "classe": "ribeirao"}}, {"type": "Feature", "geometry": null, "properties": {"nome": "Arroio Santa Cecília", "tipo": "stream", "classe": "ribeirao"}}, {"type": "Feature", "geometry": null, "properties": {"nome": "Arroio Santa Cecília", "tipo": "stream", "classe": "ribeirao"}}, {"type": "Feature", "geometry": null, "properties": {"nome": "Arroio Santa Cecília", "tipo": "stream", "classe": "ribeirao"}}, {"type": "Feature", "geometry": null, "properties": {"nome": "Arroio Bandeira", "tipo": "stream", "classe": "ribeirao"}}, {"type": "Feature", "geometry": null, "properties": {"nome": "Rio Antinha", "tipo": "stream", "classe": "ribeirao"}}, {"type": "Feature", "geometry": null, "properties": {"nome": "Rio Antinha", "tipo": "stream", "classe": "ribeirao"}}, {"type": "Feature", "geometry": null, "properties": {"nome": "Arroio Titête", "tipo": "stream", "classe": "ribeirao"}}, {"type": "Feature", "geometry": null, "properties": {"nome": "Arroio Titête", "tipo": "stream", "classe": "ribeirao"}}, {"type": "Feature", "geometry": null, "properties": {"nome": "Arroio Figueiras", "tipo": "stream", "classe": "ribeirao"}}, {"type": "Feature", "geometry": null, "properties": {"nome": "Arroio Figueiras", "tipo": "stream", "classe": "ribeirao"}}, {"type": "Feature", "geometry": null, "properties": {"nome": "Arroio Boa Esperança", "tipo": "stream", "classe": "ribeirao"}}, {"type": "Feature", "geometry": null, "properties": {"nome": "Arroio Boa Esperança", "tipo": "stream", "classe": "ribeirao"}}, {"type": "Feature", "geometry": null, "properties": {"nome": "Arroio Boa Esperança", "tipo": "stream", "classe": "ribeirao"}}, {"type": "Feature", "geometry": null, "properties": {"nome": "Arroio Boa Esperança", "tipo": "stream", "classe": "ribeirao"}}, {"type": "Feature", "geometry": null, "properties": {"nome": "Arroio Boa Esperança", "tipo": "stream", "classe": "ribeirao"}}, {"type": "Feature", "geometry": null, "properties": {"nome": "Arroio Boa Esperança", "tipo": "stream", "classe": "ribeirao"}}, {"type": "Feature", "geometry": null, "properties": {"nome": "Arroio Pequeno", "tipo": "stream", "classe": "ribeirao"}}, {"type": "Feature", "geometry": null, "properties": {"nome": "Arroio Pequeno", "tipo": "stream", "classe": "ribeirao"}}, {"type": "Feature", "geometry": null, "properties": {"nome": "Arroio Pequeno", "tipo": "stream", "classe": "ribeirao"}}, {"type": "Feature", "geometry": null, "properties": {"nome": "Arroio Pequeno", "tipo": "stream", "classe": "ribeirao"}}, {"type": "Feature", "geometry": null, "properties": {"nome": "Arroio Pequeno", "tipo": "stream", "classe": "ribeirao"}}, {"type": "Feature", "geometry": null, "properties": {"nome": "Arroio Pequeno", "tipo": "stream", "classe": "ribeirao"}}, {"type": "Feature", "geometry": null, "properties": {"nome": "Arroio Pequeno", "tipo": "stream", "classe": "ribeirao"}}, {"type": "Feature", "geometry": null, "properties": {"nome": "Rio Barrinha", "tipo": "stream", "classe": "ribeirao"}}, {"type": "Feature", "geometry": null, "properties": {"nome": "Arroio Titête", "tipo": "stream", "classe": "ribeirao"}}, {"type": "Feature", "geometry": null, "properties": {"nome": "Arroio Três Ranchos", "tipo": "stream", "classe": "ribeirao"}}, {"type": "Feature", "geometry": null, "properties": {"nome": "Arroio Pequeno", "tipo": "river", "classe": "rio"}}, {"type": "Feature", "geometry": null, "properties": {"nome": "Arroio Santa Cecília", "tipo": "stream", "classe": "ribeirao"}}, {"type": "Feature", "geometry": null, "properties": {"nome": "Rio Barrinha", "tipo": "river", "classe": "rio"}}, {"type": "Feature", "geometry": null, "properties": {"nome": "Arroio Coqueiral", "tipo": "stream", "classe": "ribeirao"}}, {"type": "Feature", "geometry": null, "properties": {"nome": "Rio Barra da Piava", "tipo": "stream", "classe": "ribeirao"}}, {"type": "Feature", "geometry": null, "properties": {"nome": "Rio Barra da Piava", "tipo": "stream", "classe": "ribeirao"}}, {"type": "Feature", "geometry": null, "properties": {"nome": "Rio Barra da Piava", "tipo": "stream", "classe": "ribeirao"}}, {"type": "Feature", "geometry": null, "properties": {"nome": "Rio Barra da Piava", "tipo": "stream", "classe": "ribeirao"}}, {"type": "Feature", "geometry": null, "properties": {"nome": "Rio Barra da Piava", "tipo": "stream", "classe": "ribeirao"}}, {"type": "Feature", "geometry": null, "properties": {"nome": "Rio Barra da Piava", "tipo": "stream", "classe": "ribeirao"}}, {"type": "Feature", "geometry": null, "properties": {"nome": "Rio Barra da Piava", "tipo": "stream", "classe": "ribeirao"}}, {"type": "Feature", "geometry": null, "properties": {"nome": "Rio Indaial", "tipo": "stream", "classe": "ribeirao"}}, {"type": "Feature", "geometry": null, "properties": {"nome": "Rio Indaial", "tipo": "stream", "classe": "ribeirao"}}, {"type": "Feature", "geometry": null, "properties": {"nome": "Rio Indaial", "tipo": "stream", "classe": "ribeirao"}}, {"type": "Feature", "geometry": null, "properties": {"nome": "Rio Indaial", "tipo": "stream", "classe": "ribeirao"}}, {"type": "Feature", "geometry": null, "properties": {"nome": "Rio Indaial", "tipo": "stream", "classe": "ribeirao"}}, {"type": "Feature", "geometry": null, "properties": {"nome": "Rio Mestre", "tipo": "stream", "classe": "ribeirao"}}, {"type": "Feature", "geometry": null, "properties": {"nome": "Rio Thime", "tipo": "stream", "classe": "ribeirao"}}, {"type": "Feature", "geometry": null, "properties": {"nome": "Rio Thime", "tipo": "stream", "classe": "ribeirao"}}, {"type": "Feature", "geometry": null, "properties": {"nome": "Rio Thime", "tipo": "stream", "classe": "ribeirao"}}, {"type": "Feature", "geometry": null, "properties": {"nome": "Braço do Rio Thime", "tipo": "stream", "classe": "ribeirao"}}, {"type": "Feature", "geometry": null, "properties": {"nome": "Braço do Rio Thime", "tipo": "stream", "classe": "ribeirao"}}, {"type": "Feature", "geometry": null, "properties": {"nome": "Rio Pavão", "tipo": "stream", "classe": "ribeirao"}}, {"type": "Feature", "geometry": null, "properties": {"nome": "Rio do Corso", "tipo": "stream", "classe": "ribeirao"}}, {"type": "Feature", "geometry": null, "properties": {"nome": "Rio do Veado", "tipo": "stream", "classe": "ribeirao"}}, {"type": "Feature", "geometry": null, "properties": {"nome": "Ribeirão Blink", "tipo": "stream", "classe": "ribeirao"}}, {"type": "Feature", "geometry": null, "properties": {"nome": "Ribeirão Blink", "tipo": "stream", "classe": "ribeirao"}}, {"type": "Feature", "geometry": null, "properties": {"nome": "Rio Fortuna", "tipo": "stream", "classe": "ribeirao"}}, {"type": "Feature", "geometry": null, "properties": {"nome": "Rio Fortuna", "tipo": "stream", "classe": "ribeirao"}}, {"type": "Feature", "geometry": null, "properties": {"nome": "Rio Fortuna", "tipo": "stream", "classe": "ribeirao"}}, {"type": "Feature", "geometry": null, "properties": {"nome": "Rio Fortuna", "tipo": "stream", "classe": "ribeirao"}}, {"type": "Feature", "geometry": null, "properties": {"nome": "Rio Fortuna", "tipo": "stream", "classe": "ribeirao"}}, {"type": "Feature", "geometry": null, "properties": {"nome": "Rio Fortuna", "tipo": "stream", "classe": "ribeirao"}}, {"type": "Feature", "geometry": null, "properties": {"nome": "Rio Fortuna", "tipo": "stream", "classe": "ribeirao"}}, {"type": "Feature", "geometry": null, "properties": {"nome": "Rio Fortuna", "tipo": "stream", "classe": "ribeirao"}}, {"type": "Feature", "geometry": null, "properties": {"nome": "Rio Fortuna", "tipo": "stream", "classe": "ribeirao"}}, {"type": "Feature", "geometry": null, "properties": {"nome": "Rio Fortuna", "tipo": "stream", "classe": "ribeirao"}}, {"type": "Feature", "geometry": null, "properties": {"nome": "Rio Fortuna", "tipo": "stream", "classe": "ribeirao"}}, {"type": "Feature", "geometry": null, "properties": {"nome": "Rio Fortuna", "tipo": "stream", "classe": "ribeirao"}}, {"type": "Feature", "geometry": null, "properties": {"nome": "Rio Fortuna", "tipo": "river", "classe": "rio"}}, {"type": "Feature", "geometry": null, "properties": {"nome": "Ribeirão do Cinema", "tipo": "stream", "classe": "ribeirao"}}, {"type": "Feature", "geometry": null, "properties": {"nome": "Ribeirão Perau", "tipo": "stream", "classe": "ribeirao"}}, {"type": "Feature", "geometry": null, "properties": {"nome": "Ribeirão Perau", "tipo": "stream", "classe": "ribeirao"}}, {"type": "Feature", "geometry": null, "properties": {"nome": "Ribeirão Perau", "tipo": "stream", "classe": "ribeirao"}}, {"type": "Feature", "geometry": null, "properties": {"nome": "Ribeirão Perau", "tipo": "stream", "classe": "ribeirao"}}, {"type": "Feature", "geometry": null, "properties": {"nome": "Ribeirão Água Fria", "tipo": "stream", "classe": "ribeirao"}}, {"type": "Feature", "geometry": null, "properties": {"nome": "Ribeirão Água Fria", "tipo": "stream", "classe": "ribeirao"}}, {"type": "Feature", "geometry": null, "properties": {"nome": "Ribeirão Água Fria", "tipo": "stream", "classe": "ribeirao"}}, {"type": "Feature", "geometry": null, "properties": {"nome": "Ribeirão Água Fria", "tipo": "stream", "classe": "ribeirao"}}, {"type": "Feature", "geometry": null, "properties": {"nome": "Ribeirão Água Fria", "tipo": "stream", "classe": "ribeirao"}}, {"type": "Feature", "geometry": null, "properties": {"nome": "Ribeirão Água Fria", "tipo": "stream", "classe": "ribeirao"}}, {"type": "Feature", "geometry": null, "properties": {"nome": "Ribeirão Inferninho", "tipo": "stream", "classe": "ribeirao"}}, {"type": "Feature", "geometry": null, "properties": {"nome": "Ribeirão Inferninho", "tipo": "stream", "classe": "ribeirao"}}, {"type": "Feature", "geometry": null, "properties": {"nome": "Ribeirão Inferninho", "tipo": "stream", "classe": "ribeirao"}}, {"type": "Feature", "geometry": null, "properties": {"nome": "Ribeirão Inferninho", "tipo": "stream", "classe": "ribeirao"}}, {"type": "Feature", "geometry": null, "properties": {"nome": "Rio Barra da Piava", "tipo": "river", "classe": "rio"}}, {"type": "Feature", "geometry": null, "properties": {"nome": "Riacho Perau", "tipo": "stream", "classe": "ribeirao"}}, {"type": "Feature", "geometry": null, "properties": {"nome": "Rio Thime", "tipo": "river", "classe": "rio"}}, {"type": "Feature", "geometry": null, "properties": {"nome": "Rio Indaial", "tipo": "river", "classe": "rio"}}, {"type": "Feature", "geometry": null, "properties": {"nome": "Ribeirão Água Fria", "tipo": "stream", "classe": "ribeirao"}}, {"type": "Feature", "geometry": null, "properties": {"nome": "Rio Mestre", "tipo": "river", "classe": "rio"}}, {"type": "Feature", "geometry": null, "properties": {"nome": "Ribeirão Inferninho", "tipo": "stream", "classe": "ribeirao"}}, {"type": "Feature", "geometry": null, "properties": {"nome": "Rio da Luz", "tipo": "stream", "classe": "ribeirao"}}, {"type": "Feature", "geometry": null, "properties": {"nome": "Rio da Luz", "tipo": "stream", "classe": "ribeirao"}}, {"type": "Feature", "geometry": null, "properties": {"nome": "Rio Ourinho", "tipo": "stream", "classe": "ribeirao"}}, {"type": "Feature", "geometry": null, "properties": {"nome": "Rio Ourinho", "tipo": "stream", "classe": "ribeirao"}}, {"type": "Feature", "geometry": null, "properties": {"nome": "Rio Ourinho", "tipo": "stream", "classe": "ribeirao"}}, {"type": "Feature", "geometry": null, "properties": {"nome": "Ribeirão dos Cachorros", "tipo": "stream", "classe": "ribeirao"}}, {"type": "Feature", "geometry": null, "properties": {"nome": "Ribeirão dos Cachorros", "tipo": "stream", "classe": "ribeirao"}}, {"type": "Feature", "geometry": null, "properties": {"nome": "Ribeirão dos Cachorros", "tipo": "stream", "classe": "ribeirao"}}, {"type": "Feature", "geometry": null, "properties": {"nome": "Ribeirão dos Polacos", "tipo": "stream", "classe": "ribeirao"}}, {"type": "Feature", "geometry": null, "properties": {"nome": "Ribeirão dos Polacos", "tipo": "stream", "classe": "ribeirao"}}, {"type": "Feature", "geometry": null, "properties": {"nome": "Ribeirão dos Polacos", "tipo": "stream", "classe": "ribeirao"}}, {"type": "Feature", "geometry": null, "properties": {"nome": "Ribeirão dos Polacos", "tipo": "stream", "classe": "ribeirao"}}, {"type": "Feature", "geometry": null, "properties": {"nome": "Ribeirão do Braço", "tipo": "stream", "classe": "ribeirao"}}, {"type": "Feature", "geometry": null, "properties": {"nome": "Ribeirão das Três Barras", "tipo": "stream", "classe": "ribeirao"}}, {"type": "Feature", "geometry": null, "properties": {"nome": "Ribeirão do Ouro", "tipo": "river", "classe": "rio"}}, {"type": "Feature", "geometry": null, "properties": {"nome": "Ribeirão do Braço", "tipo": "river", "classe": "rio"}}, {"type": "Feature", "geometry": null, "properties": {"nome": "Rio Ourinho", "tipo": "river", "classe": "rio"}}, {"type": "Feature", "geometry": null, "properties": {"nome": "Ribeirão das Três Barras", "tipo": "river", "classe": "rio"}}, {"type": "Feature", "geometry": null, "properties": {"nome": "Ribeirão dos Cachorros", "tipo": "river", "classe": "rio"}}, {"type": "Feature", "geometry": null, "properties": {"nome": "Ribeirão dos Polacos", "tipo": "stream", "classe": "ribeirao"}}, {"type": "Feature", "geometry": null, "properties": {"nome": "Ribeirão Planície Alta", "tipo": "stream", "classe": "ribeirao"}}, {"type": "Feature", "geometry": null, "properties": {"nome": "Ribeirão Planície Alta", "tipo": "stream", "classe": "ribeirao"}}, {"type": "Feature", "geometry": null, "properties": {"nome": "Córrego Benjamin Constant", "tipo": "stream", "classe": "ribeirao"}}, {"type": "Feature", "geometry": null, "properties": {"nome": "Córrego Benjamin Constant", "tipo": "stream", "classe": "ribeirao"}}, {"type": "Feature", "geometry": null, "properties": {"nome": "Rio Inferninho", "tipo": "river", "classe": "rio"}}, {"type": "Feature", "geometry": null, "properties": {"nome": "Córrego Giesler", "tipo": "stream", "classe": "ribeirao"}}, {"type": "Feature", "geometry": null, "properties": {"nome": "Córrego Giesler", "tipo": "stream", "classe": "ribeirao"}}, {"type": "Feature", "geometry": null, "properties": {"nome": "Rio Inferninho", "tipo": "river", "classe": "rio"}}, {"type": "Feature", "geometry": null, "properties": {"nome": "Rio Jordão", "tipo": "stream", "classe": "ribeirao"}}, {"type": "Feature", "geometry": null, "properties": {"nome": "Rio Jordão", "tipo": "stream", "classe": "ribeirao"}}, {"type": "Feature", "geometry": null, "properties": {"nome": "Ribeirão das Areias", "tipo": "stream", "classe": "ribeirao"}}, {"type": "Feature", "geometry": null, "properties": {"nome": "Ribeirão das Areias", "tipo": "stream", "classe": "ribeirao"}}, {"type": "Feature", "geometry": null, "properties": {"nome": "Rio Pequeno", "tipo": "stream", "classe": "ribeirao"}}, {"type": "Feature", "geometry": null, "properties": {"nome": "Rio Pequeno", "tipo": "stream", "classe": "ribeirao"}}, {"type": "Feature", "geometry": null, "properties": {"nome": "Rio do Meio", "tipo": "river", "classe": "rio"}}, {"type": "Feature", "geometry": null, "properties": {"nome": "Rio Jordão", "tipo": "stream", "classe": "ribeirao"}}, {"type": "Feature", "geometry": null, "properties": {"nome": "Ribeirão Albertina", "tipo": "stream", "classe": "ribeirao"}}, {"type": "Feature", "geometry": null, "properties": {"nome": "Ribeirão Albertina", "tipo": "stream", "classe": "ribeirao"}}, {"type": "Feature", "geometry": null, "properties": {"nome": "Ribeirão Albertina", "tipo": "stream", "classe": "ribeirao"}}, {"type": "Feature", "geometry": null, "properties": {"nome": "Ribeirão Aurora", "tipo": "stream", "classe": "ribeirao"}}, {"type": "Feature", "geometry": null, "properties": {"nome": "Ribeirão Aurora", "tipo": "stream", "classe": "ribeirao"}}, {"type": "Feature", "geometry": null, "properties": {"nome": "Ribeirão Aurora", "tipo": "stream", "classe": "ribeirao"}}, {"type": "Feature", "geometry": null, "properties": {"nome": "Arroio Macaco", "tipo": "stream", "classe": "ribeirao"}}, {"type": "Feature", "geometry": null, "properties": {"nome": "Arroio Macaco", "tipo": "stream", "classe": "ribeirao"}}, {"type": "Feature", "geometry": null, "properties": {"nome": "Arroio do Maio", "tipo": "stream", "classe": "ribeirao"}}, {"type": "Feature", "geometry": null, "properties": {"nome": "Arroio do Maio", "tipo": "stream", "classe": "ribeirao"}}, {"type": "Feature", "geometry": null, "properties": {"nome": "Arroio do Maio", "tipo": "stream", "classe": "ribeirao"}}, {"type": "Feature", "geometry": null, "properties": {"nome": "Arroio do Maio", "tipo": "stream", "classe": "ribeirao"}}, {"type": "Feature", "geometry": null, "properties": {"nome": "Arroio Bugro", "tipo": "stream", "classe": "ribeirao"}}, {"type": "Feature", "geometry": null, "properties": {"nome": "Arroio Bugro", "tipo": "stream", "classe": "ribeirao"}}, {"type": "Feature", "geometry": null, "properties": {"nome": "Ribeirão Aurora", "tipo": "stream", "classe": "ribeirao"}}, {"type": "Feature", "geometry": null, "properties": {"nome": "Ribeirão Mayer", "tipo": "stream", "classe": "ribeirao"}}, {"type": "Feature", "geometry": null, "properties": {"nome": "Ribeirão Mayer", "tipo": "stream", "classe": "ribeirao"}}, {"type": "Feature", "geometry": null, "properties": {"nome": "Ribeirão Mayer", "tipo": "stream", "classe": "ribeirao"}}, {"type": "Feature", "geometry": null, "properties": {"nome": "Ribeirão Mayer", "tipo": "stream", "classe": "ribeirao"}}, {"type": "Feature", "geometry": null, "properties": {"nome": "Ribeirão Mayer", "tipo": "stream", "classe": "ribeirao"}}, {"type": "Feature", "geometry": null, "properties": {"nome": "Ribeirão Mayer", "tipo": "stream", "classe": "ribeirao"}}, {"type": "Feature", "geometry": null, "properties": {"nome": "Arroio Braço Aurora", "tipo": "stream", "classe": "ribeirao"}}, {"type": "Feature", "geometry": null, "properties": {"nome": "Arroio Braço Aurora", "tipo": "stream", "classe": "ribeirao"}}, {"type": "Feature", "geometry": null, "properties": {"nome": "Arroio do Maio", "tipo": "stream", "classe": "ribeirao"}}, {"type": "Feature", "geometry": null, "properties": {"nome": "Arroio Macaco", "tipo": "stream", "classe": "ribeirao"}}, {"type": "Feature", "geometry": null, "properties": {"nome": "Arroio Braço Aurora", "tipo": "stream", "classe": "ribeirao"}}, {"type": "Feature", "geometry": null, "properties": {"nome": "Arroio Bugro", "tipo": "stream", "classe": "ribeirao"}}, {"type": "Feature", "geometry": null, "properties": {"nome": "Ribeirão Mayer", "tipo": "stream", "classe": "ribeirao"}}, {"type": "Feature", "geometry": null, "properties": {"nome": "Rio do Tigre", "tipo": "stream", "classe": "ribeirao"}}, {"type": "Feature", "geometry": null, "properties": {"nome": "Rio do Tigre", "tipo": "stream", "classe": "ribeirao"}}, {"type": "Feature", "geometry": null, "properties": {"nome": "Rio do Tigre", "tipo": "stream", "classe": "ribeirao"}}, {"type": "Feature", "geometry": null, "properties": {"nome": "Rio do Tigre", "tipo": "stream", "classe": "ribeirao"}}, {"type": "Feature", "geometry": null, "properties": {"nome": "Rio do Tigre", "tipo": "stream", "classe": "ribeirao"}}, {"type": "Feature", "geometry": null, "properties": {"nome": "Rio do Tigre", "tipo": "stream", "classe": "ribeirao"}}, {"type": "Feature", "geometry": null, "properties": {"nome": "Rio do Tigre", "tipo": "stream", "classe": "ribeirao"}}, {"type": "Feature", "geometry": null, "properties": {"nome": "Rio do Tigre", "tipo": "stream", "classe": "ribeirao"}}, {"type": "Feature", "geometry": null, "properties": {"nome": "Rio do Tigre", "tipo": "stream", "classe": "ribeirao"}}, {"type": "Feature", "geometry": null, "properties": {"nome": "Rio do Raso", "tipo": "stream", "classe": "ribeirao"}}, {"type": "Feature", "geometry": null, "properties": {"nome": "Rio do Raso", "tipo": "stream", "classe": "ribeirao"}}, {"type": "Feature", "geometry": null, "properties": {"nome": "Rio do Raso", "tipo": "stream", "classe": "ribeirao"}}, {"type": "Feature", "geometry": null, "properties": {"nome": "Rio do Raso", "tipo": "stream", "classe": "ribeirao"}}, {"type": "Feature", "geometry": null, "properties": {"nome": "Rio do Raso", "tipo": "stream", "classe": "ribeirao"}}, {"type": "Feature", "geometry": null, "properties": {"nome": "Rio do Raso", "tipo": "stream", "classe": "ribeirao"}}, {"type": "Feature", "geometry": null, "properties": {"nome": "Rio do Raso", "tipo": "stream", "classe": "ribeirao"}}, {"type": "Feature", "geometry": null, "properties": {"nome": "Rio do Raso", "tipo": "stream", "classe": "ribeirao"}}, {"type": "Feature", "geometry": null, "properties": {"nome": "Rio do Raso", "tipo": "stream", "classe": "ribeirao"}}, {"type": "Feature", "geometry": null, "properties": {"nome": "Rio do Raso", "tipo": "stream", "classe": "ribeirao"}}, {"type": "Feature", "geometry": null, "properties": {"nome": "Rio do Raso", "tipo": "stream", "classe": "ribeirao"}}, {"type": "Feature", "geometry": null, "properties": {"nome": "Rio do Raso", "tipo": "stream", "classe": "ribeirao"}}, {"type": "Feature", "geometry": null, "properties": {"nome": "Arroio Santa Teresa", "tipo": "stream", "classe": "ribeirao"}}, {"type": "Feature", "geometry": null, "properties": {"nome": "Arroio Santa Teresa", "tipo": "stream", "classe": "ribeirao"}}, {"type": "Feature", "geometry": null, "properties": {"nome": "Arroio Santa Teresa", "tipo": "stream", "classe": "ribeirao"}}, {"type": "Feature", "geometry": null, "properties": {"nome": "Arroio Santa Teresa", "tipo": "stream", "classe": "ribeirao"}}, {"type": "Feature", "geometry": null, "properties": {"nome": "Arroio Raso Feio", "tipo": "stream", "classe": "ribeirao"}}, {"type": "Feature", "geometry": null, "properties": {"nome": "Arroio Raso Feio", "tipo": "stream", "classe": "ribeirao"}}, {"type": "Feature", "geometry": null, "properties": {"nome": "Arroio Raso Feio", "tipo": "stream", "classe": "ribeirao"}}, {"type": "Feature", "geometry": null, "properties": {"nome": "Arroio Raso Feio", "tipo": "stream", "classe": "ribeirao"}}, {"type": "Feature", "geometry": null, "properties": {"nome": "Ribeirão das Cobras", "tipo": "stream", "classe": "ribeirao"}}, {"type": "Feature", "geometry": null, "properties": {"nome": "Ribeirão das Cobras", "tipo": "stream", "classe": "ribeirao"}}, {"type": "Feature", "geometry": null, "properties": {"nome": "Ribeirão das Cobras", "tipo": "stream", "classe": "ribeirao"}}, {"type": "Feature", "geometry": null, "properties": {"nome": "Ribeirão Pacas", "tipo": "stream", "classe": "ribeirao"}}, {"type": "Feature", "geometry": null, "properties": {"nome": "Ribeirão Pacas", "tipo": "stream", "classe": "ribeirao"}}, {"type": "Feature", "geometry": null, "properties": {"nome": "Ribeirão Pacas", "tipo": "stream", "classe": "ribeirao"}}, {"type": "Feature", "geometry": null, "properties": {"nome": "Ribeirão Pacas", "tipo": "stream", "classe": "ribeirao"}}, {"type": "Feature", "geometry": null, "properties": {"nome": "Ribeirão Pacas", "tipo": "stream", "classe": "ribeirao"}}, {"type": "Feature", "geometry": null, "properties": {"nome": "Ribeirão Pacas", "tipo": "stream", "classe": "ribeirao"}}, {"type": "Feature", "geometry": null, "properties": {"nome": "Ribeirão Pacas", "tipo": "stream", "classe": "ribeirao"}}, {"type": "Feature", "geometry": null, "properties": {"nome": "Ribeirão Pacas", "tipo": "stream", "classe": "ribeirao"}}, {"type": "Feature", "geometry": null, "properties": {"nome": "Ribeirão Pacas", "tipo": "stream", "classe": "ribeirao"}}, {"type": "Feature", "geometry": null, "properties": {"nome": "Rio do Raso", "tipo": "stream", "classe": "ribeirao"}}, {"type": "Feature", "geometry": null, "properties": {"nome": "Ribeirão das Cobras", "tipo": "river", "classe": "rio"}}, {"type": "Feature", "geometry": null, "properties": {"nome": "Arroio Raso Feio", "tipo": "stream", "classe": "ribeirao"}}, {"type": "Feature", "geometry": null, "properties": {"nome": "Arroio Santa Teresa", "tipo": "stream", "classe": "ribeirao"}}, {"type": "Feature", "geometry": null, "properties": {"nome": "Ribeirão", "tipo": "stream", "classe": "ribeirao"}}, {"type": "Feature", "geometry": null, "properties": {"nome": "Ribeirão", "tipo": "stream", "classe": "ribeirao"}}, {"type": "Feature", "geometry": null, "properties": {"nome": "Ribeirão", "tipo": "stream", "classe": "ribeirao"}}, {"type": "Feature", "geometry": null, "properties": {"nome": "Ribeirão Cardoso", "tipo": "stream", "classe": "ribeirao"}}, {"type": "Feature", "geometry": null, "properties": {"nome": "Ribeirão Braço do Baú", "tipo": "stream", "classe": "ribeirao"}}, {"type": "Feature", "geometry": null, "properties": {"nome": "Ribeirão Braço do Baú", "tipo": "stream", "classe": "ribeirao"}}, {"type": "Feature", "geometry": null, "properties": {"nome": "Ribeirão Braço do Baú", "tipo": "stream", "classe": "ribeirao"}}, {"type": "Feature", "geometry": null, "properties": {"nome": "Ribeirão Braço do Baú", "tipo": "stream", "classe": "ribeirao"}}, {"type": "Feature", "geometry": null, "properties": {"nome": "Ribeirão Herdt", "tipo": "river", "classe": "rio"}}, {"type": "Feature", "geometry": null, "properties": {"nome": "Ribeirão Herdt", "tipo": "river", "classe": "rio"}}, {"type": "Feature", "geometry": null, "properties": {"nome": "Rio Maruim", "tipo": "river", "classe": "rio"}}, {"type": "Feature", "geometry": null, "properties": {"nome": "Rio Piçarras", "tipo": "river", "classe": "rio"}}, {"type": "Feature", "geometry": null, "properties": {"nome": "Rio Piçarras", "tipo": "river", "classe": "rio"}}, {"type": "Feature", "geometry": null, "properties": {"nome": "Rio de Antônio Colatino", "tipo": "stream", "classe": "ribeirao"}}, {"type": "Feature", "geometry": null, "properties": {"nome": "Córrego Cacilda", "tipo": "stream", "classe": "ribeirao"}}, {"type": "Feature", "geometry": null, "properties": {"nome": "Córrego Cacilda", "tipo": "stream", "classe": "ribeirao"}}, {"type": "Feature", "geometry": null, "properties": {"nome": "Ribeirão Alice", "tipo": "stream", "classe": "ribeirao"}}, {"type": "Feature", "geometry": null, "properties": {"nome": "Ribeirão Alice", "tipo": "stream", "classe": "ribeirao"}}, {"type": "Feature", "geometry": null, "properties": {"nome": "Rio Itapocu", "tipo": "river", "classe": "rio"}}, {"type": "Feature", "geometry": null, "properties": {"nome": "Rio Itapocu", "tipo": "river", "classe": "rio"}}, {"type": "Feature", "geometry": null, "properties": {"nome": "Ribeirão Grande da Luz", "tipo": "river", "classe": "rio"}}, {"type": "Feature", "geometry": null, "properties": {"nome": "Ribeirão Grande da Luz", "tipo": "river", "classe": "rio"}}, {"type": "Feature", "geometry": null, "properties": {"nome": "Ribeirão Grande da Luz", "tipo": "river", "classe": "rio"}}, {"type": "Feature", "geometry": null, "properties": {"nome": "Ribeirão Grande da Luz", "tipo": "river", "classe": "rio"}}, {"type": "Feature", "geometry": null, "properties": {"nome": "Rio Itapocu", "tipo": "river", "classe": "rio"}}, {"type": "Feature", "geometry": null, "properties": {"nome": "Rio Itapocu", "tipo": "river", "classe": "rio"}}, {"type": "Feature", "geometry": null, "properties": {"nome": "Rio Itajaí-Mirim", "tipo": "river", "classe": "rio"}}, {"type": "Feature", "geometry": null, "properties": {"nome": "Rio Itajaí-Mirim", "tipo": "river", "classe": "rio"}}, {"type": "Feature", "geometry": null, "properties": {"nome": "Rio Itajaí-Mirim", "tipo": "river", "classe": "rio"}}, {"type": "Feature", "geometry": null, "properties": {"nome": "Rio Itajaí-Mirim", "tipo": "river", "classe": "rio"}}, {"type": "Feature", "geometry": null, "properties": {"nome": "Rio Itajaí-Mirim", "tipo": "river", "classe": "rio"}}, {"type": "Feature", "geometry": null, "properties": {"nome": "Rio Itajaí-Mirim", "tipo": "river", "classe": "rio"}}, {"type": "Feature", "geometry": null, "properties": {"nome": "Rio Itajaí-Mirim", "tipo": "river", "classe": "rio"}}, {"type": "Feature", "geometry": null, "properties": {"nome": "Rio das Águas Claras", "tipo": "river", "classe": "rio"}}, {"type": "Feature", "geometry": null, "properties": {"nome": "Rio das Águas Claras", "tipo": "river", "classe": "rio"}}, {"type": "Feature", "geometry": null, "properties": {"nome": "Rio das Águas Claras", "tipo": "river", "classe": "rio"}}, {"type": "Feature", "geometry": null, "properties": {"nome": "Rio das Águas Claras", "tipo": "river", "classe": "rio"}}, {"type": "Feature", "geometry": null, "properties": {"nome": "Rio Itajaí-Mirim", "tipo": "river", "classe": "rio"}}, {"type": "Feature", "geometry": null, "properties": {"nome": "Rio das Águas Claras", "tipo": "stream", "classe": "ribeirao"}}, {"type": "Feature", "geometry": null, "properties": {"nome": "Rio das Águas Claras", "tipo": "river", "classe": "rio"}}, {"type": "Feature", "geometry": null, "properties": {"nome": "Ribeirão da Ponta Russa", "tipo": "stream", "classe": "ribeirao"}}, {"type": "Feature", "geometry": null, "properties": {"nome": "Rio Limeira", "tipo": "river", "classe": "rio"}}, {"type": "Feature", "geometry": null, "properties": {"nome": "Rio Itajaí-Mirim", "tipo": "river", "classe": "rio"}}, {"type": "Feature", "geometry": null, "properties": {"nome": "Ribeirão Itoupavazinha", "tipo": "stream", "classe": "ribeirao"}}, {"type": "Feature", "geometry": null, "properties": {"nome": "Ribeirão Itoupavazinha", "tipo": "stream", "classe": "ribeirao"}}, {"type": "Feature", "geometry": null, "properties": {"nome": "Rio Canoas", "tipo": "river", "classe": "rio"}}, {"type": "Feature", "geometry": null, "properties": {"nome": "Ribeirão Preto", "tipo": "stream", "classe": "ribeirao"}}, {"type": "Feature", "geometry": null, "properties": {"nome": "Ribeirão Preto", "tipo": "stream", "classe": "ribeirao"}}, {"type": "Feature", "geometry": null, "properties": {"nome": "Rio Perequezinho", "tipo": "stream", "classe": "ribeirao"}}, {"type": "Feature", "geometry": null, "properties": {"nome": "Rio Perequezinho", "tipo": "stream", "classe": "ribeirao"}}, {"type": "Feature", "geometry": null, "properties": {"nome": "Rio da Vina", "tipo": "stream", "classe": "ribeirao"}}, {"type": "Feature", "geometry": null, "properties": {"nome": "Rio da Vina", "tipo": "stream", "classe": "ribeirao"}}, {"type": "Feature", "geometry": null, "properties": {"nome": "Rio Rebelo", "tipo": "stream", "classe": "ribeirao"}}, {"type": "Feature", "geometry": null, "properties": {"nome": "Rio Rebelo", "tipo": "stream", "classe": "ribeirao"}}, {"type": "Feature", "geometry": null, "properties": {"nome": "Rio da Vovó", "tipo": "river", "classe": "rio"}}, {"type": "Feature", "geometry": null, "properties": {"nome": "Rio da Vovó", "tipo": "stream", "classe": "ribeirao"}}, {"type": "Feature", "geometry": null, "properties": {"nome": "Rio da Vovó", "tipo": "river", "classe": "rio"}}, {"type": "Feature", "geometry": null, "properties": {"nome": "Rio Perequê", "tipo": "river", "classe": "rio"}}, {"type": "Feature", "geometry": null, "properties": {"nome": "Rio Perequê", "tipo": "river", "classe": "rio"}}, {"type": "Feature", "geometry": null, "properties": {"nome": "Rio Perequezinho", "tipo": "river", "classe": "rio"}}, {"type": "Feature", "geometry": null, "properties": {"nome": "Rio Santa Luzia", "tipo": "river", "classe": "rio"}}, {"type": "Feature", "geometry": null, "properties": {"nome": "Rio Santa Luzia", "tipo": "river", "classe": "rio"}}, {"type": "Feature", "geometry": null, "properties": {"nome": "Rio Testo Rega", "tipo": "stream", "classe": "ribeirao"}}, {"type": "Feature", "geometry": null, "properties": {"nome": "Rio Testo Rega", "tipo": "stream", "classe": "ribeirao"}}, {"type": "Feature", "geometry": null, "properties": {"nome": "Rio Testo Rega", "tipo": "stream", "classe": "ribeirao"}}, {"type": "Feature", "geometry": null, "properties": {"nome": "Rio Testo Rega", "tipo": "stream", "classe": "ribeirao"}}, {"type": "Feature", "geometry": null, "properties": {"nome": "Córrego Grande", "tipo": "river", "classe": "rio"}}, {"type": "Feature", "geometry": null, "properties": {"nome": "Ribeirão Cardoso", "tipo": "stream", "classe": "ribeirao"}}, {"type": "Feature", "geometry": null, "properties": {"nome": "Ribeirão Cardoso", "tipo": "stream", "classe": "ribeirao"}}, {"type": "Feature", "geometry": null, "properties": {"nome": "Riacho Canudos", "tipo": "river", "classe": "rio"}}, {"type": "Feature", "geometry": null, "properties": {"nome": "Riacho Canudos", "tipo": "river", "classe": "rio"}}, {"type": "Feature", "geometry": null, "properties": {"nome": "Ribeirão Cardoso", "tipo": "river", "classe": "rio"}}, {"type": "Feature", "geometry": null, "properties": {"nome": "Ribeirão Cardoso", "tipo": "river", "classe": "rio"}}, {"type": "Feature", "geometry": null, "properties": {"nome": "Ribeirão Pomerode Fundos", "tipo": "stream", "classe": "ribeirao"}}, {"type": "Feature", "geometry": null, "properties": {"nome": "Ribeirão Pomerode Fundos", "tipo": "stream", "classe": "ribeirao"}}, {"type": "Feature", "geometry": null, "properties": {"nome": "Ribeirão Taquaras", "tipo": "stream", "classe": "ribeirao"}}, {"type": "Feature", "geometry": null, "properties": {"nome": "Ribeirão Taquaras", "tipo": "stream", "classe": "ribeirao"}}, {"type": "Feature", "geometry": null, "properties": {"nome": "Córrego Ilha da Figueira", "tipo": "stream", "classe": "ribeirao"}}, {"type": "Feature", "geometry": null, "properties": {"nome": "Córrego Ilha da Figueira", "tipo": "stream", "classe": "ribeirao"}}, {"type": "Feature", "geometry": null, "properties": {"nome": "Ribeirão Água Branca", "tipo": "stream", "classe": "ribeirao"}}, {"type": "Feature", "geometry": null, "properties": {"nome": "Ribeirão Água Branca", "tipo": "stream", "classe": "ribeirao"}}, {"type": "Feature", "geometry": null, "properties": {"nome": "Ribeirão Água Branca", "tipo": "stream", "classe": "ribeirao"}}, {"type": "Feature", "geometry": null, "properties": {"nome": "Ribeirão Água Branca", "tipo": "stream", "classe": "ribeirao"}}, {"type": "Feature", "geometry": null, "properties": {"nome": "Ribeirão Forquilha", "tipo": "stream", "classe": "ribeirao"}}, {"type": "Feature", "geometry": null, "properties": {"nome": "Ribeirão Forquilha", "tipo": "stream", "classe": "ribeirao"}}, {"type": "Feature", "geometry": null, "properties": {"nome": "Rio Perequezinho", "tipo": "river", "classe": "rio"}}, {"type": "Feature", "geometry": null, "properties": {"nome": "Ribeirão Concórdia", "tipo": "stream", "classe": "ribeirao"}}, {"type": "Feature", "geometry": null, "properties": {"nome": "Ribeirão Concórdia", "tipo": "stream", "classe": "ribeirao"}}, {"type": "Feature", "geometry": null, "properties": {"nome": "Ribeirão Concórdia", "tipo": "stream", "classe": "ribeirao"}}, {"type": "Feature", "geometry": null, "properties": {"nome": "Ribeirão Concórdia", "tipo": "stream", "classe": "ribeirao"}}, {"type": "Feature", "geometry": null, "properties": {"nome": "Ribeirão Concórdia", "tipo": "stream", "classe": "ribeirao"}}, {"type": "Feature", "geometry": null, "properties": {"nome": "Ribeirão Concórdia", "tipo": "stream", "classe": "ribeirao"}}, {"type": "Feature", "geometry": null, "properties": {"nome": "Ribeirão Concórdia", "tipo": "stream", "classe": "ribeirao"}}, {"type": "Feature", "geometry": null, "properties": {"nome": "Ribeirão Concórdia", "tipo": "stream", "classe": "ribeirao"}}, {"type": "Feature", "geometry": null, "properties": {"nome": "Ribeirão Concórdia", "tipo": "stream", "classe": "ribeirao"}}, {"type": "Feature", "geometry": null, "properties": {"nome": "Ribeirão Concórdia", "tipo": "stream", "classe": "ribeirao"}}, {"type": "Feature", "geometry": null, "properties": {"nome": "Ribeirão Concórdia", "tipo": "stream", "classe": "ribeirao"}}, {"type": "Feature", "geometry": null, "properties": {"nome": "Rio Braço do Meio", "tipo": "stream", "classe": "ribeirao"}}, {"type": "Feature", "geometry": null, "properties": {"nome": "Rio Braço do Meio", "tipo": "stream", "classe": "ribeirao"}}, {"type": "Feature", "geometry": null, "properties": {"nome": "Rio Braço do Meio", "tipo": "stream", "classe": "ribeirao"}}, {"type": "Feature", "geometry": null, "properties": {"nome": "Rio Braço do Meio", "tipo": "stream", "classe": "ribeirao"}}, {"type": "Feature", "geometry": null, "properties": {"nome": "Rio Braço do Meio", "tipo": "stream", "classe": "ribeirao"}}, {"type": "Feature", "geometry": null, "properties": {"nome": "Rio Braço do Meio", "tipo": "stream", "classe": "ribeirao"}}, {"type": "Feature", "geometry": null, "properties": {"nome": "Rio Braço do Meio", "tipo": "stream", "classe": "ribeirao"}}, {"type": "Feature", "geometry": null, "properties": {"nome": "Rio Braço do Meio", "tipo": "stream", "classe": "ribeirao"}}, {"type": "Feature", "geometry": null, "properties": {"nome": "Rio Braço do Meio", "tipo": "stream", "classe": "ribeirao"}}, {"type": "Feature", "geometry": null, "properties": {"nome": "Rio Braço do Meio", "tipo": "stream", "classe": "ribeirao"}}, {"type": "Feature", "geometry": null, "properties": {"nome": "Ribeirão Dona Paula", "tipo": "river", "classe": "rio"}}, {"type": "Feature", "geometry": null, "properties": {"nome": "Ribeirão Dona Paula", "tipo": "river", "classe": "rio"}}, {"type": "Feature", "geometry": null, "properties": {"nome": "Arroio Pinheiros", "tipo": "stream", "classe": "ribeirao"}}, {"type": "Feature", "geometry": null, "properties": {"nome": "Arroio Pinheiros", "tipo": "stream", "classe": "ribeirao"}}, {"type": "Feature", "geometry": null, "properties": {"nome": "Rio Cutia", "tipo": "stream", "classe": "ribeirao"}}, {"type": "Feature", "geometry": null, "properties": {"nome": "Rio Cutia", "tipo": "stream", "classe": "ribeirao"}}, {"type": "Feature", "geometry": null, "properties": {"nome": "Rio Cutia", "tipo": "stream", "classe": "ribeirao"}}, {"type": "Feature", "geometry": null, "properties": {"nome": "Rio Cutia", "tipo": "stream", "classe": "ribeirao"}}, {"type": "Feature", "geometry": null, "properties": {"nome": "Rio Cutia", "tipo": "stream", "classe": "ribeirao"}}, {"type": "Feature", "geometry": null, "properties": {"nome": "Rio Cutia", "tipo": "stream", "classe": "ribeirao"}}, {"type": "Feature", "geometry": null, "properties": {"nome": "Rio Cutia", "tipo": "stream", "classe": "ribeirao"}}, {"type": "Feature", "geometry": null, "properties": {"nome": "Rio Cutia", "tipo": "stream", "classe": "ribeirao"}}, {"type": "Feature", "geometry": null, "properties": {"nome": "Arroio Pomerana", "tipo": "stream", "classe": "ribeirao"}}, {"type": "Feature", "geometry": null, "properties": {"nome": "Arroio Pomerana", "tipo": "stream", "classe": "ribeirao"}}, {"type": "Feature", "geometry": null, "properties": {"nome": "Arroio Pomerana", "tipo": "stream", "classe": "ribeirao"}}, {"type": "Feature", "geometry": null, "properties": {"nome": "Arroio Pomerana", "tipo": "stream", "classe": "ribeirao"}}, {"type": "Feature", "geometry": null, "properties": {"nome": "Arroio Pomerana", "tipo": "stream", "classe": "ribeirao"}}, {"type": "Feature", "geometry": null, "properties": {"nome": "Arroio Pomerana", "tipo": "stream", "classe": "ribeirao"}}, {"type": "Feature", "geometry": null, "properties": {"nome": "Arroio Pomerana", "tipo": "stream", "classe": "ribeirao"}}, {"type": "Feature", "geometry": null, "properties": {"nome": "Arroio Pomerana", "tipo": "stream", "classe": "ribeirao"}}, {"type": "Feature", "geometry": null, "properties": {"nome": "Arroio Pomerana", "tipo": "stream", "classe": "ribeirao"}}, {"type": "Feature", "geometry": null, "properties": {"nome": "Arroio Pomerana", "tipo": "stream", "classe": "ribeirao"}}, {"type": "Feature", "geometry": null, "properties": {"nome": "Arroio Pomerana", "tipo": "stream", "classe": "ribeirao"}}, {"type": "Feature", "geometry": null, "properties": {"nome": "Arroio Pomerana", "tipo": "stream", "classe": "ribeirao"}}, {"type": "Feature", "geometry": null, "properties": {"nome": "Arroio Pomerana", "tipo": "stream", "classe": "ribeirao"}}, {"type": "Feature", "geometry": null, "properties": {"nome": "Arroio Pomerana", "tipo": "stream", "classe": "ribeirao"}}, {"type": "Feature", "geometry": null, "properties": {"nome": "Arroio Dona Lúcia", "tipo": "stream", "classe": "ribeirao"}}, {"type": "Feature", "geometry": null, "properties": {"nome": "Arroio Dona Lúcia", "tipo": "stream", "classe": "ribeirao"}}, {"type": "Feature", "geometry": null, "properties": {"nome": "Arroio Dona Lúcia", "tipo": "stream", "classe": "ribeirao"}}, {"type": "Feature", "geometry": null, "properties": {"nome": "Arroio Dona Lúcia", "tipo": "stream", "classe": "ribeirao"}}, {"type": "Feature", "geometry": null, "properties": {"nome": "Arroio Dona Lúcia", "tipo": "stream", "classe": "ribeirao"}}, {"type": "Feature", "geometry": null, "properties": {"nome": "Ribeirão Concórdia", "tipo": "stream", "classe": "ribeirao"}}, {"type": "Feature", "geometry": null, "properties": {"nome": "Ribeirão Concórdia", "tipo": "stream", "classe": "ribeirao"}}, {"type": "Feature", "geometry": null, "properties": {"nome": "Ribeirão Concórdia", "tipo": "stream", "classe": "ribeirao"}}, {"type": "Feature", "geometry": null, "properties": {"nome": "Ribeirão Concórdia", "tipo": "stream", "classe": "ribeirao"}}, {"type": "Feature", "geometry": null, "properties": {"nome": "Ribeirão Concórdia", "tipo": "stream", "classe": "ribeirao"}}, {"type": "Feature", "geometry": null, "properties": {"nome": "Ribeirão Concórdia", "tipo": "stream", "classe": "ribeirao"}}, {"type": "Feature", "geometry": null, "properties": {"nome": "Ribeirão Concórdia", "tipo": "stream", "classe": "ribeirao"}}, {"type": "Feature", "geometry": null, "properties": {"nome": "Ribeirão Concórdia", "tipo": "stream", "classe": "ribeirao"}}, {"type": "Feature", "geometry": null, "properties": {"nome": "Ribeirão Concórdia", "tipo": "stream", "classe": "ribeirao"}}, {"type": "Feature", "geometry": null, "properties": {"nome": "Arroio Braço do Concórdia", "tipo": "stream", "classe": "ribeirao"}}, {"type": "Feature", "geometry": null, "properties": {"nome": "Arroio Braço do Concórdia", "tipo": "stream", "classe": "ribeirao"}}, {"type": "Feature", "geometry": null, "properties": {"nome": "Arroio Braço do Concórdia", "tipo": "stream", "classe": "ribeirao"}}, {"type": "Feature", "geometry": null, "properties": {"nome": "Arroio Braço do Concórdia", "tipo": "stream", "classe": "ribeirao"}}, {"type": "Feature", "geometry": null, "properties": {"nome": "Arroio Braço do Concórdia", "tipo": "stream", "classe": "ribeirao"}}, {"type": "Feature", "geometry": null, "properties": {"nome": "Arroio Braço do Concórdia", "tipo": "stream", "classe": "ribeirao"}}, {"type": "Feature", "geometry": null, "properties": {"nome": "Arroio Braço do Concórdia", "tipo": "stream", "classe": "ribeirao"}}, {"type": "Feature", "geometry": null, "properties": {"nome": "Arroio Braço do Concórdia", "tipo": "stream", "classe": "ribeirao"}}, {"type": "Feature", "geometry": null, "properties": {"nome": "Arroio Braço do Concórdia", "tipo": "stream", "classe": "ribeirao"}}, {"type": "Feature", "geometry": null, "properties": {"nome": "Arroio Braço do Concórdia", "tipo": "stream", "classe": "ribeirao"}}, {"type": "Feature", "geometry": null, "properties": {"nome": "Arroio Braço do Concórdia", "tipo": "stream", "classe": "ribeirao"}}, {"type": "Feature", "geometry": null, "properties": {"nome": "Arroio Braço do Concórdia", "tipo": "stream", "classe": "ribeirao"}}, {"type": "Feature", "geometry": null, "properties": {"nome": "Arroio Braço do Concórdia", "tipo": "stream", "classe": "ribeirao"}}, {"type": "Feature", "geometry": null, "properties": {"nome": "Arroio Braço do Concórdia", "tipo": "stream", "classe": "ribeirao"}}, {"type": "Feature", "geometry": null, "properties": {"nome": "Ribeirão Concórdia", "tipo": "stream", "classe": "ribeirao"}}, {"type": "Feature", "geometry": null, "properties": {"nome": "Ribeirão Concórdia", "tipo": "stream", "classe": "ribeirao"}}, {"type": "Feature", "geometry": null, "properties": {"nome": "Arroio Lontrinhas", "tipo": "stream", "classe": "ribeirao"}}, {"type": "Feature", "geometry": null, "properties": {"nome": "Arroio Lontrinhas", "tipo": "stream", "classe": "ribeirao"}}, {"type": "Feature", "geometry": null, "properties": {"nome": "Arroio Lontrinhas", "tipo": "stream", "classe": "ribeirao"}}, {"type": "Feature", "geometry": null, "properties": {"nome": "Arroio Lontrinhas", "tipo": "stream", "classe": "ribeirao"}}, {"type": "Feature", "geometry": null, "properties": {"nome": "Arroio Lontrinhas", "tipo": "stream", "classe": "ribeirao"}}, {"type": "Feature", "geometry": null, "properties": {"nome": "Arroio Lontrinhas", "tipo": "stream", "classe": "ribeirao"}}, {"type": "Feature", "geometry": null, "properties": {"nome": "Arroio Lontrinhas", "tipo": "stream", "classe": "ribeirao"}}, {"type": "Feature", "geometry": null, "properties": {"nome": "Arroio Lontrinhas", "tipo": "stream", "classe": "ribeirao"}}, {"type": "Feature", "geometry": null, "properties": {"nome": "Arroio Lontrinhas", "tipo": "stream", "classe": "ribeirao"}}, {"type": "Feature", "geometry": null, "properties": {"nome": "Arroio Lontrinhas", "tipo": "stream", "classe": "ribeirao"}}, {"type": "Feature", "geometry": null, "properties": {"nome": "Arroio Lontrinhas", "tipo": "stream", "classe": "ribeirao"}}, {"type": "Feature", "geometry": null, "properties": {"nome": "Arroio Lontrinhas", "tipo": "stream", "classe": "ribeirao"}}, {"type": "Feature", "geometry": null, "properties": {"nome": "Ribeirão Dona Paula", "tipo": "stream", "classe": "ribeirao"}}, {"type": "Feature", "geometry": null, "properties": {"nome": "Ribeirão Dona Paula", "tipo": "river", "classe": "rio"}}, {"type": "Feature", "geometry": null, "properties": {"nome": "Ribeirão Dona Paula", "tipo": "river", "classe": "rio"}}, {"type": "Feature", "geometry": null, "properties": {"nome": "Ribeirão Dona Paula", "tipo": "stream", "classe": "ribeirao"}}, {"type": "Feature", "geometry": null, "properties": {"nome": "Arroio Dona Lúcia", "tipo": "stream", "classe": "ribeirao"}}, {"type": "Feature", "geometry": null, "properties": {"nome": "Arroio Pinheiros", "tipo": "stream", "classe": "ribeirao"}}, {"type": "Feature", "geometry": null, "properties": {"nome": "Ribeirão Concórdia", "tipo": "stream", "classe": "ribeirao"}}, {"type": "Feature", "geometry": null, "properties": {"nome": "Arroio Braço do Concórdia", "tipo": "stream", "classe": "ribeirao"}}, {"type": "Feature", "geometry": null, "properties": {"nome": "Arroio Pomerana", "tipo": "stream", "classe": "ribeirao"}}, {"type": "Feature", "geometry": null, "properties": {"nome": "Arroio Lontrinhas", "tipo": "stream", "classe": "ribeirao"}}, {"type": "Feature", "geometry": null, "properties": {"nome": "Rio Braço do Meio", "tipo": "stream", "classe": "ribeirao"}}, {"type": "Feature", "geometry": null, "properties": {"nome": "Rio Cutia", "tipo": "stream", "classe": "ribeirao"}}, {"type": "Feature", "geometry": null, "properties": {"nome": "Rio dos Bugres", "tipo": "river", "classe": "rio"}}, {"type": "Feature", "geometry": null, "properties": {"nome": "Ribeirão Revólver", "tipo": "stream", "classe": "ribeirao"}}, {"type": "Feature", "geometry": null, "properties": {"nome": "Ribeirão Revólver", "tipo": "stream", "classe": "ribeirao"}}, {"type": "Feature", "geometry": null, "properties": {"nome": "Ribeirão Revólver", "tipo": "stream", "classe": "ribeirao"}}, {"type": "Feature", "geometry": null, "properties": {"nome": "Ribeirão Revólver", "tipo": "stream", "classe": "ribeirao"}}, {"type": "Feature", "geometry": null, "properties": {"nome": "Ribeirão Revólver", "tipo": "stream", "classe": "ribeirao"}}, {"type": "Feature", "geometry": null, "properties": {"nome": "Ribeirão Revólver", "tipo": "stream", "classe": "ribeirao"}}, {"type": "Feature", "geometry": null, "properties": {"nome": "Ribeirão Revólver", "tipo": "stream", "classe": "ribeirao"}}, {"type": "Feature", "geometry": null, "properties": {"nome": "Rio da Palha", "tipo": "river", "classe": "rio"}}, {"type": "Feature", "geometry": null, "properties": {"nome": "Rio da Palha", "tipo": "river", "classe": "rio"}}, {"type": "Feature", "geometry": null, "properties": {"nome": "Ribeirão Vasel", "tipo": "stream", "classe": "ribeirao"}}, {"type": "Feature", "geometry": null, "properties": {"nome": "Ribeirão Vasel", "tipo": "stream", "classe": "ribeirao"}}, {"type": "Feature", "geometry": null, "properties": {"nome": "Córrego Aurora", "tipo": "stream", "classe": "ribeirao"}}, {"type": "Feature", "geometry": null, "properties": {"nome": "Córrego Aurora", "tipo": "stream", "classe": "ribeirao"}}, {"type": "Feature", "geometry": null, "properties": {"nome": "Rio do Camarão", "tipo": "stream", "classe": "ribeirao"}}, {"type": "Feature", "geometry": null, "properties": {"nome": "Rio do Camarão", "tipo": "stream", "classe": "ribeirao"}}, {"type": "Feature", "geometry": null, "properties": {"nome": "Córrego do Manduca", "tipo": "stream", "classe": "ribeirao"}}, {"type": "Feature", "geometry": null, "properties": {"nome": "Rio de São Miguel", "tipo": "stream", "classe": "ribeirao"}}, {"type": "Feature", "geometry": null, "properties": {"nome": "Riacho da Igreja", "tipo": "stream", "classe": "ribeirao"}}, {"type": "Feature", "geometry": null, "properties": {"nome": "Riacho da Igreja", "tipo": "stream", "classe": "ribeirao"}}, {"type": "Feature", "geometry": null, "properties": {"nome": "Rio Alto Ribeirão", "tipo": "stream", "classe": "ribeirao"}}, {"type": "Feature", "geometry": null, "properties": {"nome": "Canal da Barra da Lagoa", "tipo": "river", "classe": "rio"}}, {"type": "Feature", "geometry": null, "properties": {"nome": "Canal da Barra da Lagoa", "tipo": "river", "classe": "rio"}}, {"type": "Feature", "geometry": null, "properties": {"nome": "Rio do Veríssimo", "tipo": "river", "classe": "rio"}}, {"type": "Feature", "geometry": null, "properties": {"nome": "Córrego do Sertão da Fazenda", "tipo": "stream", "classe": "ribeirao"}}, {"type": "Feature", "geometry": null, "properties": {"nome": "Rio Alto Ribeirão", "tipo": "stream", "classe": "ribeirao"}}, {"type": "Feature", "geometry": null, "properties": {"nome": "Riberão da Fazenda", "tipo": "stream", "classe": "ribeirao"}}, {"type": "Feature", "geometry": null, "properties": {"nome": "Rio Papaquara", "tipo": "river", "classe": "rio"}}, {"type": "Feature", "geometry": null, "properties": {"nome": "Ribeirão São Domingos", "tipo": "stream", "classe": "ribeirao"}}, {"type": "Feature", "geometry": null, "properties": {"nome": "Ribeirão São Domingos", "tipo": "stream", "classe": "ribeirao"}}, {"type": "Feature", "geometry": null, "properties": {"nome": "Ribeirão São Domingos", "tipo": "stream", "classe": "ribeirao"}}, {"type": "Feature", "geometry": null, "properties": {"nome": "Ribeirão São Domingos", "tipo": "stream", "classe": "ribeirao"}}, {"type": "Feature", "geometry": null, "properties": {"nome": "Ribeirão São Domingos", "tipo": "stream", "classe": "ribeirao"}}, {"type": "Feature", "geometry": null, "properties": {"nome": "Ribeirão São Domingos", "tipo": "stream", "classe": "ribeirao"}}, {"type": "Feature", "geometry": null, "properties": {"nome": "Ribeirão São Domingos", "tipo": "stream", "classe": "ribeirao"}}, {"type": "Feature", "geometry": null, "properties": {"nome": "Canal do Guaporuma", "tipo": "stream", "classe": "ribeirao"}}, {"type": "Feature", "geometry": null, "properties": {"nome": "Canal do Guaporuma", "tipo": "stream", "classe": "ribeirao"}}, {"type": "Feature", "geometry": null, "properties": {"nome": "Canal do Guaporuma", "tipo": "stream", "classe": "ribeirao"}}, {"type": "Feature", "geometry": null, "properties": {"nome": "Córrego Santiago", "tipo": "stream", "classe": "ribeirao"}}, {"type": "Feature", "geometry": null, "properties": {"nome": "Córrego Santiago", "tipo": "stream", "classe": "ribeirao"}}, {"type": "Feature", "geometry": null, "properties": {"nome": "Córrego Santiago", "tipo": "stream", "classe": "ribeirao"}}, {"type": "Feature", "geometry": null, "properties": {"nome": "Ribeirão Herdt", "tipo": "river", "classe": "rio"}}, {"type": "Feature", "geometry": null, "properties": {"nome": "Ribeirão Herdt", "tipo": "river", "classe": "rio"}}, {"type": "Feature", "geometry": null, "properties": {"nome": "Rio do Testo", "tipo": "river", "classe": "rio"}}, {"type": "Feature", "geometry": null, "properties": {"nome": "Rio do Testo", "tipo": "river", "classe": "rio"}}, {"type": "Feature", "geometry": null, "properties": {"nome": "Ribeirão Wundervald", "tipo": "stream", "classe": "ribeirao"}}, {"type": "Feature", "geometry": null, "properties": {"nome": "Ribeirão Wundervald", "tipo": "stream", "classe": "ribeirao"}}, {"type": "Feature", "geometry": null, "properties": {"nome": "Rio Testo Rega", "tipo": "river", "classe": "rio"}}, {"type": "Feature", "geometry": null, "properties": {"nome": "Rio do Testo", "tipo": "river", "classe": "rio"}}, {"type": "Feature", "geometry": null, "properties": {"nome": "Rio do Testo", "tipo": "river", "classe": "rio"}}, {"type": "Feature", "geometry": null, "properties": {"nome": "Rio do Testo", "tipo": "river", "classe": "rio"}}, {"type": "Feature", "geometry": null, "properties": {"nome": "Ribeirão do Salto", "tipo": "river", "classe": "rio"}}, {"type": "Feature", "geometry": null, "properties": {"nome": "Ribeirão do Salto", "tipo": "river", "classe": "rio"}}, {"type": "Feature", "geometry": null, "properties": {"nome": "Rio Cachoeira Grande", "tipo": "stream", "classe": "ribeirao"}}, {"type": "Feature", "geometry": null, "properties": {"nome": "Rio Tavares", "tipo": "river", "classe": "rio"}}, {"type": "Feature", "geometry": null, "properties": {"nome": "Rio Tavares", "tipo": "river", "classe": "rio"}}, {"type": "Feature", "geometry": null, "properties": {"nome": "Rio Ratones", "tipo": "river", "classe": "rio"}}, {"type": "Feature", "geometry": null, "properties": {"nome": "Rio Ratones", "tipo": "river", "classe": "rio"}}, {"type": "Feature", "geometry": null, "properties": {"nome": "Rio da Palha", "tipo": "river", "classe": "rio"}}, {"type": "Feature", "geometry": null, "properties": {"nome": "Rio Papaquara", "tipo": "river", "classe": "rio"}}, {"type": "Feature", "geometry": null, "properties": {"nome": "Rio Itacorubi", "tipo": "river", "classe": "rio"}}, {"type": "Feature", "geometry": null, "properties": {"nome": "Riberão da Fazenda", "tipo": "stream", "classe": "ribeirao"}}, {"type": "Feature", "geometry": null, "properties": {"nome": "Rio Tavares", "tipo": "river", "classe": "rio"}}, {"type": "Feature", "geometry": null, "properties": {"nome": "Rio Alto Ribeirão", "tipo": "stream", "classe": "ribeirao"}}, {"type": "Feature", "geometry": null, "properties": {"nome": "Rio Itajaí-Açu", "tipo": "river", "classe": "rio"}}, {"type": "Feature", "geometry": null, "properties": {"nome": "Rio Itajaí-Mirim", "tipo": "river", "classe": "rio"}}, {"type": "Feature", "geometry": null, "properties": {"nome": "Rio Conceição", "tipo": "river", "classe": "rio"}}, {"type": "Feature", "geometry": null, "properties": {"nome": "Rio Conceição", "tipo": "river", "classe": "rio"}}, {"type": "Feature", "geometry": null, "properties": {"nome": "Rio Itajaí-Açu", "tipo": "river", "classe": "rio"}}, {"type": "Feature", "geometry": null, "properties": {"nome": "Rio Itajaí-Mirim", "tipo": "river", "classe": "rio"}}, {"type": "Feature", "geometry": null, "properties": {"nome": "Rio Itajaí-Açu", "tipo": "river", "classe": "rio"}}, {"type": "Feature", "geometry": null, "properties": {"nome": "Rio Itajaí-Açu", "tipo": "river", "classe": "rio"}}, {"type": "Feature", "geometry": null, "properties": {"nome": "Rio da Vovó", "tipo": "river", "classe": "rio"}}, {"type": "Feature", "geometry": null, "properties": {"nome": "Rio da Vovó", "tipo": "river", "classe": "rio"}}, {"type": "Feature", "geometry": null, "properties": {"nome": "Rio Passa Vinte", "tipo": "river", "classe": "rio"}}, {"type": "Feature", "geometry": null, "properties": {"nome": "Rio Passa Vinte", "tipo": "river", "classe": "rio"}}, {"type": "Feature", "geometry": null, "properties": {"nome": "Rio da Fraternidade", "tipo": "river", "classe": "rio"}}, {"type": "Feature", "geometry": null, "properties": {"nome": "Rio da Fraternidade", "tipo": "river", "classe": "rio"}}, {"type": "Feature", "geometry": null, "properties": {"nome": "Rio Teles", "tipo": "stream", "classe": "ribeirao"}}, {"type": "Feature", "geometry": null, "properties": {"nome": "Rio Teles", "tipo": "stream", "classe": "ribeirao"}}, {"type": "Feature", "geometry": null, "properties": {"nome": "Rio Oliveira", "tipo": "stream", "classe": "ribeirao"}}, {"type": "Feature", "geometry": null, "properties": {"nome": "Rio Oliveira", "tipo": "stream", "classe": "ribeirao"}}, {"type": "Feature", "geometry": null, "properties": {"nome": "Rio Oliveira", "tipo": "stream", "classe": "ribeirao"}}, {"type": "Feature", "geometry": null, "properties": {"nome": "Rio Oliveira", "tipo": "stream", "classe": "ribeirao"}}, {"type": "Feature", "geometry": null, "properties": {"nome": "Rio do Cobre", "tipo": "stream", "classe": "ribeirao"}}, {"type": "Feature", "geometry": null, "properties": {"nome": "Rio do Cobre", "tipo": "stream", "classe": "ribeirao"}}, {"type": "Feature", "geometry": null, "properties": {"nome": "Rio do Cobre", "tipo": "stream", "classe": "ribeirao"}}]}