{"type":"FeatureCollection", "features": [
{"type":"Feature","geometry":{"type":"Polygon","coordinates":[[[-48.91913,-27.10056],[-48.91912,-27.10015],[-48.9194,-27.10014],[-48.91976,-27.10013],[-48.91936,-27.10016],[-48.91936,-27.1003],[-48.91935,-27.10053],[-48.91913,-27.10056]]]},"properties":{"setor":"SR-001 - Setor de Risco 01","risco":"Setor 2011"}},
{"type":"Feature","geometry":{"type":"Polygon","coordinates":[[[-48.88956,-27.08883],[-48.88919,-27.08863],[-48.88896,-27.08851],[-48.88959,-27.08707],[-48.88994,-27.08651],[-48.8906,-27.08601],[-48.89155,-27.08502],[-48.89189,-27.08416],[-48.89156,-27.08403],[-48.89104,-27.08411],[-48.89076,-27.08423],[-48.8908,-27.08469],[-48.89047,-27.08513],[-48.89009,-27.08551],[-48.88963,-27.08581],[-48.88921,-27.08619],[-48.88885,-27.08628],[-48.88863,-27.08616],[-48.88874,-27.08592],[-48.88915,-27.08555],[-48.88932,-27.08511],[-48.88933,-27.08442],[-48.88984,-27.08432],[-48.89012,-27.08395],[-48.89066,-27.0838],[-48.89133,-27.08372],[-48.89192,-27.08378],[-48.89209,-27.08378],[-48.89239,-27.08377],[-48.89232,-27.08454],[-48.89193,-27.08537],[-48.89125,-27.08599],[-48.89112,-27.08613],[-48.89088,-27.08639],[-48.89052,-27.08686],[-48.89039,-27.08708],[-48.89039,-27.08709],[-48.89028,-27.08727],[-48.89014,-27.08754],[-48.88995,-27.08847],[-48.8897,-27.08885],[-48.88956,-27.08883]]]},"properties":{"setor":"SR-002 - Setor de Risco 02","risco":"Setor 2011"}},
{"type":"Feature","geometry":{"type":"Polygon","coordinates":[[[-48.88917,-27.08358],[-48.88877,-27.08304],[-48.88875,-27.08279],[-48.88903,-27.08234],[-48.88941,-27.08223],[-48.88969,-27.08241],[-48.88986,-27.08275],[-48.88981,-27.08292],[-48.88969,-27.08324],[-48.88966,-27.08331],[-48.88958,-27.08343],[-48.88958,-27.08344],[-48.88945,-27.08359],[-48.88917,-27.08358]]]},"properties":{"setor":"SR-003 - Setor de Risco 03","risco":"Setor 2011"}},
{"type":"Feature","geometry":{"type":"Polygon","coordinates":[[[-48.88809,-27.08084],[-48.88843,-27.08086],[-48.88843,-27.08092],[-48.88843,-27.08107],[-48.88844,-27.0812],[-48.88845,-27.0812],[-48.88858,-27.0812],[-48.88886,-27.0812],[-48.88943,-27.08125],[-48.88944,-27.08127],[-48.88945,-27.08142],[-48.88942,-27.08163],[-48.88936,-27.08187],[-48.88894,-27.08201],[-48.8882,-27.08198],[-48.88785,-27.08191],[-48.88772,-27.08174],[-48.88765,-27.08161],[-48.88764,-27.0816],[-48.88758,-27.08149],[-48.88764,-27.08113],[-48.88765,-27.08113],[-48.88781,-27.08115],[-48.88803,-27.08116],[-48.88808,-27.08091],[-48.88809,-27.08084]]]},"properties":{"setor":"SR-004 - Setor de Risco 04","risco":"Setor 2011"}},
{"type":"Feature","geometry":{"type":"Polygon","coordinates":[[[-48.89048,-27.08175],[-48.89052,-27.08169],[-48.89059,-27.08163],[-48.89079,-27.0817],[-48.89084,-27.0817],[-48.8908,-27.08174],[-48.8906,-27.08177],[-48.8905,-27.08175],[-48.89048,-27.08175]]]},"properties":{"setor":"SR-005 - Setor de Risco 05","risco":"Setor 2011"}},
{"type":"Feature","geometry":{"type":"Polygon","coordinates":[[[-48.88669,-27.07947],[-48.88623,-27.08001],[-48.88587,-27.08059],[-48.88568,-27.08104],[-48.88552,-27.08107],[-48.88492,-27.08066],[-48.88418,-27.08005],[-48.8836,-27.07935],[-48.8835,-27.07894],[-48.88362,-27.07813],[-48.88384,-27.07802],[-48.88457,-27.07796],[-48.88502,-27.07744],[-48.88546,-27.07736],[-48.88581,-27.07737],[-48.88581,-27.07739],[-48.88579,-27.07757],[-48.88578,-27.07787],[-48.88578,-27.07788],[-48.88577,-27.0779],[-48.88574,-27.07802],[-48.8855,-27.07805],[-48.88548,-27.07805],[-48.88543,-27.07805],[-48.88515,-27.07822],[-48.8849,-27.07853],[-48.88486,-27.07861],[-48.88484,-27.07868],[-48.88476,-27.07892],[-48.8847,-27.07908],[-48.88521,-27.0795],[-48.88559,-27.07959],[-48.88582,-27.07925],[-48.886,-27.07865],[-48.88605,-27.07866],[-48.8862,-27.07869],[-48.88647,-27.07871],[-48.88658,-27.07879],[-48.88671,-27.07894],[-48.88669,-27.07947]]]},"properties":{"setor":"SR-006 - Setor de Risco 06","risco":"Setor 2011"}},
{"type":"Feature","geometry":{"type":"Polygon","coordinates":[[[-48.89104,-27.08029],[-48.89104,-27.08031],[-48.89064,-27.08031],[-48.89064,-27.08029],[-48.89069,-27.0802],[-48.89104,-27.08029]]]},"properties":{"setor":"SR-007 - Setor de Risco 07","risco":"Setor 2011"}},
{"type":"Feature","geometry":{"type":"Polygon","coordinates":[[[-48.89209,-27.17209],[-48.89235,-27.17208],[-48.89333,-27.1722],[-48.8938,-27.17241],[-48.89395,-27.17266],[-48.89381,-27.17287],[-48.8932,-27.17334],[-48.89286,-27.17347],[-48.8928,-27.17348],[-48.89245,-27.17354],[-48.8924,-27.17354],[-48.8923,-27.17354],[-48.89224,-27.17341],[-48.89221,-27.17334],[-48.89219,-27.17322],[-48.89228,-27.17302],[-48.89224,-27.17289],[-48.89214,-27.17277],[-48.89212,-27.17275],[-48.89216,-27.17263],[-48.89209,-27.17209]]]},"properties":{"setor":"SR-008 - Setor de Risco 08","risco":"Setor 2011"}},
{"type":"Feature","geometry":{"type":"Polygon","coordinates":[[[-48.89045,-27.17109],[-48.89041,-27.17163],[-48.89019,-27.17205],[-48.89028,-27.17217],[-48.89026,-27.17216],[-48.89018,-27.1721],[-48.88991,-27.17148],[-48.89018,-27.17119],[-48.89034,-27.17113],[-48.89045,-27.17109]]]},"properties":{"setor":"SR-009 - Setor de Risco 09","risco":"Setor 2011"}},
{"type":"Feature","geometry":{"type":"MultiPolygon","coordinates":[[[[-48.88872,-27.16872],[-48.8884,-27.16878],[-48.88826,-27.16906],[-48.88802,-27.1691],[-48.88776,-27.16931],[-48.88782,-27.16957],[-48.88793,-27.16964],[-48.88768,-27.16952],[-48.88767,-27.16927],[-48.88792,-27.16917],[-48.8882,-27.16882],[-48.88841,-27.16872],[-48.88872,-27.16872]]],[[[-48.88815,-27.16983],[-48.8883,-27.17005],[-48.88817,-27.16998],[-48.88815,-27.16983]]]]},"properties":{"setor":"SR-010 - Setor de Risco 10","risco":"Setor 2011"}},
{"type":"Feature","geometry":{"type":"Polygon","coordinates":[[[-48.89186,-27.16364],[-48.89224,-27.16352],[-48.89299,-27.16395],[-48.89302,-27.16436],[-48.89287,-27.16459],[-48.89303,-27.165],[-48.89291,-27.16533],[-48.89323,-27.16547],[-48.89335,-27.16588],[-48.89363,-27.1662],[-48.89354,-27.16647],[-48.89362,-27.16666],[-48.89413,-27.16697],[-48.89437,-27.16721],[-48.89441,-27.1675],[-48.89428,-27.16764],[-48.89363,-27.16784],[-48.8936,-27.16804],[-48.89332,-27.16828],[-48.89313,-27.16831],[-48.89232,-27.1673],[-48.89198,-27.16737],[-48.89181,-27.16674],[-48.89177,-27.16583],[-48.8915,-27.16591],[-48.89132,-27.16615],[-48.89147,-27.16637],[-48.89153,-27.16672],[-48.89124,-27.16716],[-48.89105,-27.16725],[-48.89104,-27.16725],[-48.89089,-27.16725],[-48.8906,-27.16719],[-48.88979,-27.16722],[-48.88973,-27.16696],[-48.8898,-27.16649],[-48.88991,-27.16636],[-48.88978,-27.1661],[-48.88928,-27.16591],[-48.88917,-27.16578],[-48.88925,-27.16549],[-48.88977,-27.16562],[-48.89028,-27.16558],[-48.89059,-27.16546],[-48.89078,-27.16511],[-48.89137,-27.16497],[-48.89146,-27.16478],[-48.89133,-27.1646],[-48.8915,-27.16412],[-48.89186,-27.16364]]]},"properties":{"setor":"SR-011 - Setor de Risco 11","risco":"Setor 2011"}},
{"type":"Feature","geometry":{"type":"Polygon","coordinates":[[[-48.89695,-27.15913],[-48.89635,-27.15953],[-48.89611,-27.15912],[-48.89633,-27.15873],[-48.89728,-27.15842],[-48.89764,-27.15856],[-48.89779,-27.15895],[-48.8978,-27.15931],[-48.89695,-27.15913]]]},"properties":{"setor":"SR-012 - Setor de Risco 12","risco":"Setor 2011"}},
{"type":"Feature","geometry":{"type":"Polygon","coordinates":[[[-48.89304,-27.1422],[-48.89298,-27.14224],[-48.89289,-27.14228],[-48.89264,-27.14241],[-48.89237,-27.14266],[-48.89206,-27.14266],[-48.89138,-27.14244],[-48.8914,-27.14205],[-48.89125,-27.14167],[-48.89172,-27.14116],[-48.89238,-27.14116],[-48.89252,-27.14122],[-48.89262,-27.14127],[-48.89338,-27.14209],[-48.89334,-27.1421],[-48.89304,-27.1422]]]},"properties":{"setor":"SR-013 - Setor de Risco 13","risco":"Setor 2011"}},
{"type":"Feature","geometry":{"type":"Polygon","coordinates":[[[-48.88426,-27.12874],[-48.8847,-27.12895],[-48.88512,-27.12934],[-48.8857,-27.13043],[-48.88642,-27.13098],[-48.8868,-27.131],[-48.88697,-27.13131],[-48.88682,-27.13189],[-48.88663,-27.1322],[-48.88623,-27.1323],[-48.88597,-27.13194],[-48.88554,-27.13165],[-48.8855,-27.13164],[-48.88514,-27.13161],[-48.88489,-27.13156],[-48.88471,-27.13152],[-48.88417,-27.13061],[-48.88412,-27.12998],[-48.88405,-27.1297],[-48.88402,-27.12957],[-48.88401,-27.12951],[-48.88408,-27.12882],[-48.88426,-27.12874]]]},"properties":{"setor":"SR-014 - Setor de Risco 14","risco":"Setor 2011"}},
{"type":"Feature","geometry":{"type":"Polygon","coordinates":[[[-48.89025,-27.13893],[-48.88891,-27.13889],[-48.88813,-27.13886],[-48.88814,-27.13886],[-48.88872,-27.13877],[-48.88952,-27.13857],[-48.89001,-27.13861],[-48.89026,-27.13878],[-48.89025,-27.13893]]]},"properties":{"setor":"SR-015 - Setor de Risco 15","risco":"Setor 2011"}},
{"type":"Feature","geometry":{"type":"MultiPolygon","coordinates":[[[[-48.8847,-27.13449],[-48.88443,-27.13466],[-48.88426,-27.13472],[-48.88407,-27.13475],[-48.88467,-27.13445],[-48.8847,-27.13449]]],[[[-48.88439,-27.13402],[-48.88435,-27.13405],[-48.88433,-27.13429],[-48.88419,-27.13447],[-48.88369,-27.13455],[-48.88381,-27.13471],[-48.88366,-27.13461],[-48.88348,-27.13435],[-48.88341,-27.13382],[-48.88349,-27.13359],[-48.88398,-27.13351],[-48.8844,-27.13379],[-48.88444,-27.13381],[-48.88434,-27.13398],[-48.88438,-27.13401],[-48.88439,-27.13402]]]]},"properties":{"setor":"SR-016 - Setor de Risco 16","risco":"Setor 2011"}},
{"type":"Feature","geometry":{"type":"Polygon","coordinates":[[[-48.8769,-27.12451],[-48.877,-27.12465],[-48.87777,-27.12494],[-48.87793,-27.12524],[-48.87791,-27.12546],[-48.87767,-27.12594],[-48.87767,-27.12595],[-48.87747,-27.12602],[-48.87722,-27.12611],[-48.8767,-27.12617],[-48.87603,-27.12611],[-48.87569,-27.12612],[-48.87538,-27.12612],[-48.87533,-27.12612],[-48.87369,-27.12604],[-48.87329,-27.12566],[-48.87334,-27.12554],[-48.87353,-27.12507],[-48.87386,-27.12449],[-48.87414,-27.12437],[-48.87461,-27.12379],[-48.87499,-27.12297],[-48.87493,-27.12246],[-48.8753,-27.12185],[-48.87518,-27.12094],[-48.87406,-27.12001],[-48.87376,-27.11973],[-48.87445,-27.11859],[-48.87483,-27.11824],[-48.87556,-27.11791],[-48.87639,-27.11785],[-48.87685,-27.11822],[-48.87693,-27.11889],[-48.8767,-27.11937],[-48.87663,-27.12026],[-48.87672,-27.12182],[-48.87647,-27.12252],[-48.8764,-27.12342],[-48.87666,-27.12408],[-48.8769,-27.12451]]]},"properties":{"setor":"SR-017 - Setor de Risco 17","risco":"Setor 2011"}},
{"type":"Feature","geometry":{"type":"Polygon","coordinates":[[[-48.89882,-27.14025],[-48.89835,-27.14024],[-48.89798,-27.13993],[-48.89786,-27.13949],[-48.89792,-27.13914],[-48.89851,-27.13902],[-48.89855,-27.13914],[-48.8986,-27.13928],[-48.89867,-27.13957],[-48.89875,-27.13987],[-48.89876,-27.13989],[-48.89885,-27.14019],[-48.89882,-27.14025]]]},"properties":{"setor":"SR-018 - Setor de Risco 18","risco":"Setor 2011"}},
{"type":"Feature","geometry":{"type":"Polygon","coordinates":[[[-48.90216,-27.13811],[-48.90128,-27.13811],[-48.9008,-27.13817],[-48.90048,-27.1381],[-48.89979,-27.13812],[-48.89951,-27.13802],[-48.89948,-27.13748],[-48.90059,-27.13747],[-48.90105,-27.13737],[-48.90231,-27.13769],[-48.90236,-27.1379],[-48.90216,-27.13811]]]},"properties":{"setor":"SR-019 - Setor de Risco 19","risco":"Setor 2011"}},
{"type":"Feature","geometry":{"type":"Polygon","coordinates":[[[-48.90325,-27.13759],[-48.90386,-27.13766],[-48.90421,-27.13779],[-48.90471,-27.1382],[-48.9051,-27.13843],[-48.90518,-27.13869],[-48.90518,-27.13872],[-48.90521,-27.13898],[-48.9052,-27.13911],[-48.90532,-27.13922],[-48.90578,-27.1392],[-48.90593,-27.13928],[-48.90603,-27.13963],[-48.90599,-27.14003],[-48.9058,-27.14008],[-48.90577,-27.14009],[-48.90562,-27.14013],[-48.90521,-27.14032],[-48.90516,-27.14047],[-48.90522,-27.14049],[-48.90532,-27.14051],[-48.90574,-27.14022],[-48.90577,-27.14022],[-48.90602,-27.1402],[-48.90626,-27.14022],[-48.90628,-27.14039],[-48.90631,-27.14064],[-48.90635,-27.14091],[-48.90592,-27.14091],[-48.9054,-27.14108],[-48.90539,-27.1413],[-48.90539,-27.14133],[-48.9051,-27.14139],[-48.90511,-27.14156],[-48.90457,-27.14181],[-48.90383,-27.14162],[-48.90366,-27.14172],[-48.90341,-27.14166],[-48.90319,-27.14144],[-48.90332,-27.14081],[-48.90331,-27.14017],[-48.90319,-27.13984],[-48.90288,-27.13948],[-48.90317,-27.13921],[-48.9033,-27.13883],[-48.90306,-27.13825],[-48.90301,-27.13774],[-48.90325,-27.13759]]]},"properties":{"setor":"SR-020 - Setor de Risco 20","risco":"Setor 2011"}},
{"type":"Feature","geometry":{"type":"Polygon","coordinates":[[[-48.9133,-27.15355],[-48.91317,-27.15446],[-48.91289,-27.15483],[-48.91248,-27.1549],[-48.91212,-27.15469],[-48.91197,-27.15422],[-48.91204,-27.15358],[-48.91202,-27.15235],[-48.91205,-27.15149],[-48.91206,-27.15147],[-48.91218,-27.15132],[-48.91219,-27.15131],[-48.91249,-27.15124],[-48.91249,-27.15132],[-48.9125,-27.15151],[-48.91274,-27.15162],[-48.91281,-27.15223],[-48.91323,-27.15265],[-48.9133,-27.15355]]]},"properties":{"setor":"SR-021 - Setor de Risco 21","risco":"Setor 2011"}},
{"type":"Feature","geometry":{"type":"Polygon","coordinates":[[[-48.91321,-27.14212],[-48.91324,-27.14141],[-48.91347,-27.14118],[-48.91401,-27.14136],[-48.91432,-27.14114],[-48.91477,-27.14098],[-48.91494,-27.14092],[-48.91496,-27.14091],[-48.91497,-27.14092],[-48.91498,-27.14122],[-48.91618,-27.14127],[-48.91683,-27.14143],[-48.91736,-27.14138],[-48.91741,-27.14161],[-48.91742,-27.1416],[-48.91752,-27.14149],[-48.91783,-27.14141],[-48.91799,-27.14124],[-48.9181,-27.1409],[-48.91878,-27.14158],[-48.91875,-27.1416],[-48.91849,-27.14186],[-48.91837,-27.14208],[-48.91821,-27.14212],[-48.91812,-27.14215],[-48.91785,-27.14243],[-48.91749,-27.14252],[-48.91741,-27.14253],[-48.91721,-27.14256],[-48.91692,-27.1427],[-48.91671,-27.14282],[-48.91663,-27.14286],[-48.91598,-27.14315],[-48.91541,-27.14312],[-48.91436,-27.14292],[-48.91402,-27.1427],[-48.91371,-27.14233],[-48.91334,-27.14234],[-48.91321,-27.14212]]]},"properties":{"setor":"SR-022 - Setor de Risco 22","risco":"Setor 2011"}},
{"type":"Feature","geometry":{"type":"MultiPolygon","coordinates":[[[[-48.91215,-27.13769],[-48.91216,-27.13775],[-48.91216,-27.13776],[-48.91156,-27.13782],[-48.91155,-27.13776],[-48.91215,-27.13769]]],[[[-48.91166,-27.13815],[-48.91215,-27.1381],[-48.91214,-27.13813],[-48.91202,-27.13831],[-48.91169,-27.13826],[-48.91168,-27.13818],[-48.91166,-27.13815]]]]},"properties":{"setor":"SR-023 - Setor de Risco 23","risco":"Setor 2011"}},
{"type":"Feature","geometry":{"type":"MultiPolygon","coordinates":[[[[-48.90244,-27.13597],[-48.90229,-27.13563],[-48.90238,-27.13486],[-48.9025,-27.13484],[-48.90265,-27.13492],[-48.90279,-27.13515],[-48.90357,-27.13575],[-48.90312,-27.13592],[-48.90244,-27.13597]]],[[[-48.90153,-27.13444],[-48.90136,-27.13449],[-48.90141,-27.13439],[-48.90153,-27.13444]]]]},"properties":{"setor":"SR-024 - Setor de Risco 24","risco":"Setor 2011"}},
{"type":"Feature","geometry":{"type":"Polygon","coordinates":[[[-48.91467,-27.13661],[-48.9146,-27.1366],[-48.91465,-27.13693],[-48.91444,-27.13695],[-48.9136,-27.13687],[-48.91311,-27.13716],[-48.91291,-27.13746],[-48.91287,-27.13752],[-48.91269,-27.13768],[-48.91269,-27.13769],[-48.91269,-27.13763],[-48.91269,-27.13749],[-48.91271,-27.13725],[-48.91271,-27.13718],[-48.91303,-27.13669],[-48.91414,-27.13634],[-48.91466,-27.13638],[-48.91464,-27.13654],[-48.91467,-27.13661]]]},"properties":{"setor":"SR-025 - Setor de Risco 25","risco":"Setor 2011"}},
{"type":"Feature","geometry":{"type":"Polygon","coordinates":[[[-48.92081,-27.13352],[-48.92075,-27.13396],[-48.92069,-27.13407],[-48.92067,-27.13412],[-48.92049,-27.13446],[-48.91995,-27.13484],[-48.91945,-27.13498],[-48.91939,-27.135],[-48.91932,-27.13502],[-48.91866,-27.13508],[-48.91804,-27.13508],[-48.91769,-27.13515],[-48.91754,-27.13498],[-48.91774,-27.13476],[-48.91804,-27.13447],[-48.91805,-27.13445],[-48.91817,-27.13407],[-48.91812,-27.13388],[-48.91805,-27.13386],[-48.91782,-27.13378],[-48.91752,-27.13372],[-48.9172,-27.13355],[-48.91733,-27.1333],[-48.91733,-27.13329],[-48.91731,-27.13318],[-48.91726,-27.13308],[-48.91722,-27.133],[-48.91717,-27.13287],[-48.91724,-27.13285],[-48.91736,-27.1328],[-48.91756,-27.13272],[-48.91755,-27.13244],[-48.91795,-27.13228],[-48.91788,-27.13192],[-48.91768,-27.13179],[-48.91734,-27.13178],[-48.91724,-27.13178],[-48.91692,-27.13178],[-48.91671,-27.13166],[-48.91658,-27.13138],[-48.91701,-27.13124],[-48.9178,-27.13112],[-48.91857,-27.13065],[-48.91864,-27.13062],[-48.91904,-27.1304],[-48.91935,-27.13022],[-48.91946,-27.13028],[-48.9195,-27.13031],[-48.91956,-27.13049],[-48.91951,-27.13094],[-48.91955,-27.13126],[-48.9196,-27.1321],[-48.91984,-27.13224],[-48.91986,-27.13225],[-48.92013,-27.13214],[-48.92059,-27.13176],[-48.92072,-27.13182],[-48.92026,-27.13271],[-48.92026,-27.133],[-48.92035,-27.13322],[-48.92037,-27.13326],[-48.92055,-27.13324],[-48.9206,-27.13323],[-48.92083,-27.13314],[-48.92081,-27.13352]]]},"properties":{"setor":"SR-026 - Setor de Risco 26","risco":"Setor 2011"}},
{"type":"Feature","geometry":{"type":"Polygon","coordinates":[[[-48.91295,-27.12933],[-48.91323,-27.12896],[-48.91356,-27.12867],[-48.91375,-27.12862],[-48.91425,-27.12869],[-48.91444,-27.1284],[-48.915,-27.12808],[-48.91552,-27.1275],[-48.91587,-27.12688],[-48.91573,-27.12677],[-48.91565,-27.12671],[-48.91561,-27.1267],[-48.91549,-27.12666],[-48.91505,-27.12665],[-48.91442,-27.12682],[-48.91442,-27.12671],[-48.91468,-27.12656],[-48.91503,-27.12636],[-48.91525,-27.12623],[-48.91564,-27.12608],[-48.91607,-27.12603],[-48.91684,-27.12625],[-48.91695,-27.12644],[-48.91685,-27.1267],[-48.91663,-27.12692],[-48.91637,-27.12734],[-48.91601,-27.12782],[-48.9156,-27.12843],[-48.91555,-27.1285],[-48.91584,-27.12866],[-48.91688,-27.12866],[-48.91756,-27.1287],[-48.9178,-27.12879],[-48.91784,-27.1289],[-48.91788,-27.12902],[-48.91777,-27.1291],[-48.91766,-27.1292],[-48.91738,-27.12922],[-48.91658,-27.12915],[-48.91588,-27.12924],[-48.9158,-27.12925],[-48.91551,-27.12931],[-48.91518,-27.1296],[-48.91505,-27.12975],[-48.91492,-27.12989],[-48.91485,-27.12993],[-48.91462,-27.13007],[-48.91427,-27.13016],[-48.91359,-27.13016],[-48.91309,-27.13],[-48.91281,-27.1297],[-48.91295,-27.12933]]]},"properties":{"setor":"SR-027 - Setor de Risco 27","risco":"Setor 2011"}},
{"type":"Feature","geometry":{"type":"Polygon","coordinates":[[[-48.90303,-27.1275],[-48.90321,-27.12732],[-48.90376,-27.12602],[-48.90386,-27.12525],[-48.904,-27.12495],[-48.90425,-27.12407],[-48.90525,-27.12322],[-48.90528,-27.12334],[-48.90537,-27.12354],[-48.90557,-27.12396],[-48.90558,-27.12396],[-48.90573,-27.12396],[-48.90596,-27.1239],[-48.90633,-27.12413],[-48.90654,-27.1244],[-48.90658,-27.12474],[-48.90655,-27.12497],[-48.90654,-27.12497],[-48.90654,-27.12522],[-48.90659,-27.12562],[-48.90528,-27.1257],[-48.90495,-27.12582],[-48.90457,-27.12702],[-48.90455,-27.12807],[-48.90451,-27.12874],[-48.90448,-27.12888],[-48.90445,-27.12898],[-48.90416,-27.1289],[-48.90413,-27.12889],[-48.90384,-27.1288],[-48.90382,-27.12879],[-48.90334,-27.12859],[-48.90331,-27.12855],[-48.90311,-27.12828],[-48.90307,-27.12822],[-48.90296,-27.1277],[-48.90303,-27.1275]]]},"properties":{"setor":"SR-028 - Setor de Risco 28","risco":"Setor 2011"}},
{"type":"Feature","geometry":{"type":"Polygon","coordinates":[[[-48.91709,-27.1135],[-48.91737,-27.11372],[-48.91747,-27.11426],[-48.91793,-27.11474],[-48.91696,-27.115],[-48.91631,-27.11528],[-48.91558,-27.11531],[-48.91457,-27.11557],[-48.91405,-27.11545],[-48.91397,-27.11516],[-48.91427,-27.11489],[-48.91452,-27.1145],[-48.91456,-27.11422],[-48.91477,-27.11383],[-48.91525,-27.11379],[-48.9158,-27.1134],[-48.91601,-27.11335],[-48.91691,-27.1134],[-48.91709,-27.1135]]]},"properties":{"setor":"SR-029 - Setor de Risco 29","risco":"Setor 2011"}},
{"type":"Feature","geometry":{"type":"Polygon","coordinates":[[[-48.90131,-27.08823],[-48.9012,-27.08806],[-48.90116,-27.088],[-48.90108,-27.08771],[-48.90107,-27.08648],[-48.90107,-27.08647],[-48.901,-27.08629],[-48.90099,-27.08594],[-48.90113,-27.08559],[-48.90117,-27.08507],[-48.90108,-27.08486],[-48.90117,-27.08481],[-48.90126,-27.08475],[-48.9014,-27.08457],[-48.90123,-27.08424],[-48.90114,-27.08407],[-48.90155,-27.08394],[-48.90181,-27.08454],[-48.90196,-27.08464],[-48.90272,-27.08473],[-48.90279,-27.0849],[-48.90283,-27.08499],[-48.90268,-27.08544],[-48.90268,-27.08552],[-48.90262,-27.08614],[-48.90262,-27.08682],[-48.90242,-27.0874],[-48.90219,-27.08786],[-48.90194,-27.08818],[-48.90153,-27.08831],[-48.90131,-27.08823]]]},"properties":{"setor":"SR-030 - Setor de Risco 30","risco":"Setor 2011"}},
{"type":"Feature","geometry":{"type":"Polygon","coordinates":[[[-48.87275,-27.09163],[-48.87254,-27.09142],[-48.87248,-27.09089],[-48.87256,-27.09034],[-48.87251,-27.08993],[-48.87214,-27.08983],[-48.87209,-27.08981],[-48.87178,-27.09004],[-48.87169,-27.09011],[-48.87109,-27.09065],[-48.87092,-27.09108],[-48.87066,-27.09122],[-48.87056,-27.09081],[-48.87079,-27.08982],[-48.87076,-27.08978],[-48.87059,-27.08945],[-48.87055,-27.08947],[-48.87013,-27.08963],[-48.86968,-27.09098],[-48.86969,-27.09165],[-48.86957,-27.09214],[-48.86928,-27.09263],[-48.86855,-27.09252],[-48.86804,-27.0922],[-48.86757,-27.0916],[-48.86731,-27.091],[-48.8672,-27.09027],[-48.86706,-27.08906],[-48.86724,-27.08713],[-48.86764,-27.08613],[-48.86783,-27.08525],[-48.86772,-27.08406],[-48.86782,-27.08373],[-48.86828,-27.08366],[-48.86956,-27.08432],[-48.87022,-27.08484],[-48.871,-27.08497],[-48.87162,-27.0854],[-48.8723,-27.0853],[-48.87292,-27.08559],[-48.87302,-27.08603],[-48.87284,-27.08626],[-48.87282,-27.08629],[-48.87268,-27.08647],[-48.87403,-27.08706],[-48.8744,-27.08756],[-48.87431,-27.08789],[-48.87415,-27.08805],[-48.8735,-27.08838],[-48.87311,-27.08839],[-48.87332,-27.08865],[-48.87457,-27.08943],[-48.87488,-27.09],[-48.87506,-27.09058],[-48.87496,-27.09107],[-48.87456,-27.09144],[-48.87355,-27.09185],[-48.87312,-27.09185],[-48.87275,-27.09163]]]},"properties":{"setor":"SR-031 - Setor de Risco 31","risco":"Setor 2011"}},
{"type":"Feature","geometry":{"type":"Polygon","coordinates":[[[-48.87764,-27.06948],[-48.87712,-27.06979],[-48.877,-27.07001],[-48.87673,-27.07022],[-48.87625,-27.07051],[-48.87624,-27.07051],[-48.87598,-27.07052],[-48.8758,-27.07051],[-48.87554,-27.07046],[-48.87552,-27.07045],[-48.87497,-27.07017],[-48.87537,-27.06944],[-48.8756,-27.0693],[-48.87606,-27.06924],[-48.87618,-27.06923],[-48.87631,-27.06917],[-48.8764,-27.06913],[-48.87649,-27.06896],[-48.8764,-27.06877],[-48.87641,-27.06875],[-48.87648,-27.06866],[-48.87662,-27.06861],[-48.87689,-27.06846],[-48.87691,-27.06844],[-48.8772,-27.06836],[-48.87758,-27.06838],[-48.87787,-27.06853],[-48.878,-27.06874],[-48.87798,-27.06902],[-48.87764,-27.06948]]]},"properties":{"setor":"SR-032 - Setor de Risco 32","risco":"Setor 2011"}},
{"type":"Feature","geometry":{"type":"Polygon","coordinates":[[[-48.93704,-27.09699],[-48.93611,-27.09672],[-48.93622,-27.09643],[-48.93625,-27.09634],[-48.93631,-27.09616],[-48.93662,-27.09608],[-48.93726,-27.09621],[-48.93769,-27.09651],[-48.9376,-27.09672],[-48.93728,-27.09687],[-48.93727,-27.09688],[-48.93717,-27.09698],[-48.93704,-27.09699]]]},"properties":{"setor":"SR-033 - Setor de Risco 33","risco":"Setor 2011"}},
{"type":"Feature","geometry":{"type":"Polygon","coordinates":[[[-48.9067,-27.0729],[-48.90631,-27.07311],[-48.90556,-27.0734],[-48.90543,-27.07352],[-48.90542,-27.07352],[-48.9052,-27.07366],[-48.90514,-27.07369],[-48.90509,-27.07372],[-48.90456,-27.07374],[-48.90406,-27.07379],[-48.90401,-27.07379],[-48.904,-27.07374],[-48.90399,-27.07355],[-48.90424,-27.0731],[-48.90456,-27.07297],[-48.90446,-27.0725],[-48.90451,-27.07237],[-48.90463,-27.07208],[-48.90529,-27.07155],[-48.90572,-27.07162],[-48.90619,-27.07179],[-48.90651,-27.07202],[-48.90705,-27.07254],[-48.9071,-27.07259],[-48.9067,-27.0729]]]},"properties":{"setor":"SR-034 - Setor de Risco 34","risco":"Setor 2011"}},
{"type":"Feature","geometry":{"type":"MultiPolygon","coordinates":[[[[-48.91009,-27.05925],[-48.90992,-27.05924],[-48.90989,-27.05876],[-48.90918,-27.05872],[-48.90918,-27.05833],[-48.90935,-27.05844],[-48.90972,-27.05858],[-48.91014,-27.05899],[-48.91009,-27.05925]]],[[[-48.90803,-27.05779],[-48.908,-27.05799],[-48.90798,-27.05778],[-48.90803,-27.05779]]],[[[-48.90785,-27.0589],[-48.90781,-27.05914],[-48.90781,-27.05909],[-48.90785,-27.05892],[-48.90785,-27.0589]]]]},"properties":{"setor":"SR-035 - Setor de Risco 35","risco":"Setor 2011"}},
{"type":"Feature","geometry":{"type":"MultiPolygon","coordinates":[[[[-48.90762,-27.05706],[-48.90771,-27.05733],[-48.90756,-27.05747],[-48.90742,-27.0576],[-48.90723,-27.05747],[-48.90756,-27.0572],[-48.90727,-27.05698],[-48.9065,-27.05761],[-48.90685,-27.05722],[-48.90712,-27.05697],[-48.90731,-27.05691],[-48.90762,-27.05706]]],[[[-48.90665,-27.058],[-48.90666,-27.058],[-48.90676,-27.05809],[-48.90665,-27.058]]]]},"properties":{"setor":"SR-036 - Setor de Risco 36","risco":"Setor 2011"}},
{"type":"Feature","geometry":{"type":"Polygon","coordinates":[[[-48.89628,-27.04804],[-48.89631,-27.04808],[-48.89673,-27.04841],[-48.89703,-27.0485],[-48.89702,-27.0485],[-48.89654,-27.04835],[-48.89631,-27.04817],[-48.89628,-27.04804]]]},"properties":{"setor":"SR-037 - Setor de Risco 37","risco":"Setor 2011"}},
{"type":"Feature","geometry":{"type":"Polygon","coordinates":[[[-48.9019,-27.17127],[-48.90184,-27.17133],[-48.90175,-27.17159],[-48.9018,-27.17218],[-48.90178,-27.17218],[-48.90122,-27.17208],[-48.90082,-27.17173],[-48.90095,-27.17149],[-48.90173,-27.17123],[-48.9019,-27.17127]]]},"properties":{"setor":"SR-038 - Setor de Risco 38","risco":"Setor 2011"}},
{"type":"Feature","geometry":{"type":"MultiPolygon","coordinates":[[[[-48.91359,-27.06096],[-48.91353,-27.06133],[-48.91348,-27.06123],[-48.91336,-27.06111],[-48.91349,-27.06099],[-48.91359,-27.06096]]],[[[-48.91477,-27.0613],[-48.91477,-27.06116],[-48.9148,-27.06105],[-48.91479,-27.06126],[-48.91477,-27.0613]]]]},"properties":{"setor":"SR-039 - Setor de Risco 39","risco":"Setor 2011"}},
{"type":"Feature","geometry":{"type":"MultiPolygon","coordinates":[[[[-48.9268,-27.07246],[-48.92678,-27.07258],[-48.92702,-27.07267],[-48.92699,-27.07326],[-48.92694,-27.07325],[-48.92664,-27.0731],[-48.92658,-27.07271],[-48.92667,-27.07255],[-48.9268,-27.07246]]],[[[-48.92704,-27.07084],[-48.92687,-27.07099],[-48.9267,-27.07112],[-48.9267,-27.07111],[-48.92677,-27.07093],[-48.92691,-27.07075],[-48.92704,-27.07084]]]]},"properties":{"setor":"SR-040 - Setor de Risco 40","risco":"Setor 2011"}},
{"type":"Feature","geometry":{"type":"Polygon","coordinates":[[[-48.93774,-27.0739],[-48.93759,-27.07364],[-48.93704,-27.0733],[-48.93693,-27.07281],[-48.93704,-27.07252],[-48.93858,-27.07304],[-48.93864,-27.0733],[-48.93857,-27.07364],[-48.93774,-27.0739]]]},"properties":{"setor":"SR-041 - Setor de Risco 41","risco":"Setor 2011"}},
{"type":"Feature","geometry":{"type":"Polygon","coordinates":[[[-48.93403,-27.07037],[-48.93449,-27.07034],[-48.93511,-27.07016],[-48.93525,-27.07003],[-48.93564,-27.07015],[-48.93574,-27.07016],[-48.93554,-27.07042],[-48.93508,-27.0707],[-48.93458,-27.07077],[-48.93407,-27.07064],[-48.93389,-27.07113],[-48.93384,-27.07108],[-48.93377,-27.07088],[-48.93372,-27.07035],[-48.93403,-27.07037]]]},"properties":{"setor":"SR-042 - Setor de Risco 42","risco":"Setor 2011"}},
{"type":"Feature","geometry":{"type":"Polygon","coordinates":[[[-48.92932,-27.08867],[-48.92945,-27.08881],[-48.92944,-27.08929],[-48.92918,-27.08971],[-48.92881,-27.09006],[-48.92859,-27.09015],[-48.92829,-27.09014],[-48.92824,-27.09014],[-48.92803,-27.09008],[-48.92787,-27.09019],[-48.92774,-27.09027],[-48.92748,-27.09028],[-48.92727,-27.0902],[-48.92724,-27.09019],[-48.92702,-27.09008],[-48.92678,-27.09006],[-48.92653,-27.08998],[-48.92644,-27.08994],[-48.92615,-27.08976],[-48.92612,-27.08974],[-48.92604,-27.08969],[-48.92599,-27.08965],[-48.92557,-27.08927],[-48.92528,-27.08867],[-48.92507,-27.08855],[-48.92444,-27.08857],[-48.92407,-27.08864],[-48.92398,-27.08866],[-48.92362,-27.08852],[-48.92347,-27.08846],[-48.92336,-27.08841],[-48.92319,-27.08816],[-48.92316,-27.08811],[-48.92303,-27.08795],[-48.92286,-27.08794],[-48.92269,-27.08793],[-48.92246,-27.08793],[-48.92177,-27.08768],[-48.92174,-27.08709],[-48.92165,-27.08688],[-48.92161,-27.08677],[-48.92145,-27.08659],[-48.92144,-27.08658],[-48.92133,-27.08641],[-48.92127,-27.08631],[-48.92085,-27.08555],[-48.92121,-27.08444],[-48.92149,-27.08453],[-48.92157,-27.0851],[-48.92194,-27.08523],[-48.9221,-27.08554],[-48.92197,-27.086],[-48.92194,-27.08605],[-48.92183,-27.08624],[-48.92223,-27.08645],[-48.92246,-27.08638],[-48.92255,-27.08635],[-48.92298,-27.08633],[-48.92321,-27.08655],[-48.92339,-27.08692],[-48.92346,-27.08707],[-48.92381,-27.08722],[-48.92465,-27.08725],[-48.92486,-27.08726],[-48.92559,-27.08751],[-48.92629,-27.08831],[-48.92788,-27.08893],[-48.92835,-27.08871],[-48.92843,-27.0887],[-48.92884,-27.08864],[-48.92915,-27.0886],[-48.92932,-27.08867]]]},"properties":{"setor":"SR-043 - Setor de Risco 43","risco":"Setor 2011"}},
{"type":"Feature","geometry":{"type":"MultiPolygon","coordinates":[[[[-48.93348,-27.12768],[-48.93347,-27.12793],[-48.93334,-27.12799],[-48.93316,-27.12805],[-48.93315,-27.12764],[-48.93146,-27.12761],[-48.93148,-27.12754],[-48.93316,-27.12754],[-48.93348,-27.12768]]],[[[-48.93229,-27.12869],[-48.93229,-27.12845],[-48.93282,-27.12853],[-48.93248,-27.1287],[-48.93229,-27.12869]]],[[[-48.93283,-27.12853],[-48.93288,-27.12827],[-48.93296,-27.12825],[-48.93295,-27.12846],[-48.93283,-27.12853]]]]},"properties":{"setor":"SR-044 - Setor de Risco 44","risco":"Setor 2011"}},
{"type":"Feature","geometry":{"type":"Polygon","coordinates":[[[-48.93926,-27.13136],[-48.93926,-27.13175],[-48.93923,-27.13175],[-48.93909,-27.13176],[-48.9388,-27.13177],[-48.9388,-27.1318],[-48.93882,-27.13194],[-48.93844,-27.13203],[-48.93836,-27.13183],[-48.93823,-27.13148],[-48.93824,-27.13124],[-48.93844,-27.13123],[-48.93868,-27.13126],[-48.93891,-27.13128],[-48.93926,-27.13136]]]},"properties":{"setor":"SR-045 - Setor de Risco 45","risco":"Setor 2011"}},
{"type":"Feature","geometry":{"type":"Polygon","coordinates":[[[-48.91312,-27.11835],[-48.91329,-27.11867],[-48.91333,-27.1191],[-48.91318,-27.11944],[-48.91308,-27.1195],[-48.91294,-27.11957],[-48.91282,-27.11961],[-48.91276,-27.11962],[-48.91263,-27.11966],[-48.91251,-27.11966],[-48.91233,-27.11965],[-48.91232,-27.11965],[-48.91215,-27.11961],[-48.9121,-27.11959],[-48.91182,-27.11948],[-48.91146,-27.1195],[-48.91126,-27.11951],[-48.91108,-27.11951],[-48.91106,-27.11951],[-48.91053,-27.11963],[-48.91033,-27.11961],[-48.91026,-27.11954],[-48.91023,-27.11947],[-48.91016,-27.1193],[-48.91026,-27.11917],[-48.9104,-27.11916],[-48.91062,-27.11915],[-48.91093,-27.11892],[-48.91129,-27.11836],[-48.91132,-27.11831],[-48.91159,-27.11817],[-48.9119,-27.11823],[-48.91205,-27.11823],[-48.91214,-27.11823],[-48.91239,-27.11814],[-48.91249,-27.11813],[-48.9127,-27.11811],[-48.91312,-27.11835]]]},"properties":{"setor":"SR-046 - Setor de Risco 46","risco":"Setor 2011"}},
{"type":"Feature","geometry":{"type":"Polygon","coordinates":[[[-48.93727,-27.09688],[-48.93738,-27.09697],[-48.938,-27.09718],[-48.93791,-27.09749],[-48.93758,-27.09734],[-48.9376,-27.09723],[-48.93594,-27.09676],[-48.93607,-27.09638],[-48.93622,-27.09643],[-48.93611,-27.09672],[-48.93704,-27.09699],[-48.93717,-27.09698],[-48.93727,-27.09688]]]},"properties":{"setor":"SC_BRUSQUE_SR_01_CPRM","risco":"Deslizamento","bairro":"Guarani","ruas":"Gerson Venturelli","n_residencias":"10","n_pessoas":"40"}},
{"type":"Feature","geometry":{"type":"MultiPolygon","coordinates":[[[[-48.93836,-27.13183],[-48.9383,-27.13184],[-48.93822,-27.13155],[-48.93819,-27.13115],[-48.93868,-27.13123],[-48.93868,-27.13126],[-48.93844,-27.13123],[-48.93824,-27.13124],[-48.93823,-27.13148],[-48.93836,-27.13183]]],[[[-48.93923,-27.13175],[-48.93923,-27.13176],[-48.9388,-27.1318],[-48.9388,-27.13177],[-48.93909,-27.13176],[-48.93923,-27.13175]]]]},"properties":{"setor":"SC_BRUSQUE_SR_02_CPRM","risco":"Deslizamento","bairro":"Souza Cruz","ruas":"SC 031; SC 032; SC 033","n_residencias":"13","n_pessoas":"52"}},
{"type":"Feature","geometry":{"type":"MultiPolygon","coordinates":[[[[-48.92035,-27.13322],[-48.9206,-27.13318],[-48.9206,-27.13323],[-48.92055,-27.13324],[-48.92037,-27.13326],[-48.92035,-27.13322]]],[[[-48.91955,-27.13126],[-48.91984,-27.13224],[-48.9196,-27.1321],[-48.91955,-27.13126]]],[[[-48.91724,-27.13285],[-48.91722,-27.13263],[-48.91724,-27.13178],[-48.91734,-27.13178],[-48.91768,-27.13179],[-48.91788,-27.13192],[-48.91795,-27.13228],[-48.91755,-27.13244],[-48.91756,-27.13272],[-48.91736,-27.1328],[-48.91724,-27.13285]]],[[[-48.91733,-27.13329],[-48.91727,-27.13329],[-48.91726,-27.13308],[-48.91731,-27.13318],[-48.91733,-27.13329]]],[[[-48.91804,-27.13447],[-48.91782,-27.13438],[-48.91805,-27.13386],[-48.91812,-27.13388],[-48.91817,-27.13407],[-48.91805,-27.13445],[-48.91804,-27.13447]]],[[[-48.91945,-27.13498],[-48.91944,-27.13501],[-48.91939,-27.135],[-48.91945,-27.13498]]],[[[-48.92069,-27.13407],[-48.92069,-27.13411],[-48.92067,-27.13412],[-48.92069,-27.13407]]]]},"properties":{"setor":"SC_BRUSQUE_SR_04_CPRM","risco":"Deslizamento","subsidiario":"Enxurrada (Fluxos)","bairro":"Azambuja","ruas":"João Vanolli, AZ 034; AZ 035; AZ 036; AZ 037; Benta Clementina Pereira","n_residencias":"103","n_pessoas":"412"}},
{"type":"Feature","geometry":{"type":"Polygon","coordinates":[[[-48.91465,-27.13693],[-48.9146,-27.1366],[-48.91467,-27.13661],[-48.91497,-27.13664],[-48.91503,-27.13647],[-48.9148,-27.13586],[-48.91467,-27.13533],[-48.9147,-27.13459],[-48.91504,-27.13478],[-48.91508,-27.13532],[-48.9152,-27.13583],[-48.91558,-27.137],[-48.91468,-27.13712],[-48.91465,-27.13693]]]},"properties":{"setor":"SC_BRUSQUE_SR_05_CPRM","risco":"Deslizamento","bairro":"Azambuja","ruas":"Luiz Klabunde;","n_residencias":"14","n_pessoas":"56"}},
{"type":"Feature","geometry":{"type":"Polygon","coordinates":[[[-48.91215,-27.1381],[-48.91166,-27.13815],[-48.91111,-27.13821],[-48.91113,-27.13787],[-48.91156,-27.13782],[-48.91216,-27.13776],[-48.91224,-27.13775],[-48.91222,-27.13809],[-48.91215,-27.1381]]]},"properties":{"setor":"SC_BRUSQUE_SR_06_CPRM","risco":"Deslizamento","subsidiario":"Erosão","bairro":"Azambuja","ruas":"José Beuting","n_residencias":"9","n_pessoas":"36"}},
{"type":"Feature","geometry":{"type":"MultiPolygon","coordinates":[[[[-48.91505,-27.12975],[-48.91502,-27.12989],[-48.91485,-27.12993],[-48.91492,-27.12989],[-48.91505,-27.12975]]],[[[-48.91777,-27.1291],[-48.9177,-27.12934],[-48.91607,-27.12928],[-48.9158,-27.12925],[-48.91588,-27.12924],[-48.91658,-27.12915],[-48.91738,-27.12922],[-48.91766,-27.1292],[-48.91777,-27.1291]]],[[[-48.9156,-27.12843],[-48.91658,-27.12845],[-48.91799,-27.12841],[-48.91784,-27.1289],[-48.9178,-27.12879],[-48.91756,-27.1287],[-48.91688,-27.12866],[-48.91584,-27.12866],[-48.91555,-27.1285],[-48.9156,-27.12843]]],[[[-48.91573,-27.12677],[-48.91559,-27.12675],[-48.91561,-27.1267],[-48.91565,-27.12671],[-48.91573,-27.12677]]]]},"properties":{"setor":"SC_BRUSQUE_SR_08_CPRM","risco":"Deslizamento","bairro":"Azambuja","ruas":"LUiz Machado; AZ 004","n_residencias":"92","n_pessoas":"368"}},
{"type":"Feature","geometry":{"type":"Polygon","coordinates":[[[-48.91468,-27.12656],[-48.91424,-27.12673],[-48.91377,-27.12687],[-48.91349,-27.12681],[-48.91315,-27.12634],[-48.91251,-27.1267],[-48.91211,-27.12706],[-48.9115,-27.12722],[-48.91161,-27.12738],[-48.91115,-27.12752],[-48.91122,-27.12768],[-48.91095,-27.12784],[-48.9108,-27.12745],[-48.91199,-27.12686],[-48.91244,-27.1266],[-48.9123,-27.12644],[-48.91256,-27.12626],[-48.91497,-27.12525],[-48.91556,-27.12514],[-48.91584,-27.12591],[-48.91512,-27.1263],[-48.91503,-27.12636],[-48.91468,-27.12656]]]},"properties":{"setor":"SC_BRUSQUE_SR_09_CPRM","risco":"Deslizamento","bairro":"Azambuja","ruas":"Florêncio Day; AZ 006; AZ 007","n_residencias":"91","n_pessoas":"364"}},
{"type":"Feature","geometry":{"type":"MultiPolygon","coordinates":[[[[-48.91497,-27.14092],[-48.91734,-27.14104],[-48.91746,-27.14123],[-48.91742,-27.1416],[-48.91741,-27.14161],[-48.91736,-27.14138],[-48.91683,-27.14143],[-48.91618,-27.14127],[-48.91498,-27.14122],[-48.91497,-27.14092]]],[[[-48.91477,-27.14098],[-48.91477,-27.14091],[-48.91494,-27.14092],[-48.91477,-27.14098]]]]},"properties":{"setor":"SC_BRUSQUE_SR_10_CPRM","risco":"Deslizamento","bairro":"Azambuja","ruas":"Eduarda Ribeiro Antunes; Carola Dias; Ilsa Jeske Dias de Oliveira; Emma Jeske; João Grisa","n_residencias":"42","n_pessoas":"168"}},
{"type":"Feature","geometry":{"type":"Polygon","coordinates":[[[-48.91741,-27.14253],[-48.91741,-27.14261],[-48.9171,-27.14265],[-48.91671,-27.14282],[-48.91692,-27.1427],[-48.91721,-27.14256],[-48.91741,-27.14253]]]},"properties":{"setor":"SC_BRUSQUE_SR_11_CPRM","risco":"Deslizamento","bairro":"Azambuja","ruas":"José Adriano; AZ 030","n_residencias":"22","n_pessoas":"88"}},
{"type":"Feature","geometry":{"type":"Polygon","coordinates":[[[-48.91875,-27.1416],[-48.91878,-27.14163],[-48.91888,-27.1417],[-48.91838,-27.14226],[-48.91821,-27.14212],[-48.91837,-27.14208],[-48.91849,-27.14186],[-48.91875,-27.1416]]]},"properties":{"setor":"SC_BRUSQUE_SR_12_CPRM","risco":"Enxurrada (Alagamento)","bairro":"Azambuja","ruas":"Padre Antônio Eising","n_residencias":"5","n_pessoas":"20"}},
{"type":"Feature","geometry":{"type":"MultiPolygon","coordinates":[[[[-48.91249,-27.15132],[-48.9125,-27.15131],[-48.9125,-27.15151],[-48.91249,-27.15132]]],[[[-48.91206,-27.15147],[-48.91205,-27.15132],[-48.91218,-27.15132],[-48.91206,-27.15147]]]]},"properties":{"setor":"SC_BRUSQUE_SR_14_CPRM","risco":"Deslizamento","bairro":"Águas Claras","ruas":"AC 033","n_residencias":"24","n_pessoas":"96"}},
{"type":"Feature","geometry":{"type":"Polygon","coordinates":[[[-48.91215,-27.15043],[-48.9118,-27.15018],[-48.91184,-27.15],[-48.91211,-27.15008],[-48.91258,-27.15039],[-48.91249,-27.15063],[-48.91215,-27.15043]]]},"properties":{"setor":"SC_BRUSQUE_SR_15_CPRM","risco":"Deslizamento","bairro":"Águas Claras","ruas":"AC 033","n_residencias":"5","n_pessoas":"20"}},
{"type":"Feature","geometry":{"type":"Polygon","coordinates":[[[-48.96458,-27.16953],[-48.96509,-27.16952],[-48.96517,-27.17006],[-48.96445,-27.17044],[-48.96439,-27.17107],[-48.96377,-27.17144],[-48.96331,-27.1706],[-48.96283,-27.16981],[-48.96421,-27.1698],[-48.96458,-27.16953]]]},"properties":{"setor":"SC_BRUSQUE_SR_16_CPRM","risco":"Enxurrada (Alagamento)","bairro":"Cedro Alto","ruas":"CA 005; Elly Hort","n_residencias":"50","n_pessoas":"200"}},
{"type":"Feature","geometry":{"type":"Polygon","coordinates":[[[-48.9058,-27.14008],[-48.90581,-27.14017],[-48.90577,-27.14022],[-48.90574,-27.14022],[-48.90532,-27.14051],[-48.90522,-27.14049],[-48.90516,-27.14047],[-48.90521,-27.14032],[-48.90562,-27.14013],[-48.90577,-27.14009],[-48.9058,-27.14008]]]},"properties":{"setor":"SC_BRUSQUE_SR_17_CPRM","risco":"Deslizamento","bairro":"Águas Claras","ruas":"Augusto Bento De Mello","n_residencias":"4","n_pessoas":"16"}},
{"type":"Feature","geometry":{"type":"MultiPolygon","coordinates":[[[[-48.90631,-27.14064],[-48.90638,-27.14064],[-48.90638,-27.14116],[-48.90558,-27.1411],[-48.90551,-27.14131],[-48.90539,-27.1413],[-48.9054,-27.14108],[-48.90592,-27.14091],[-48.90635,-27.14091],[-48.90631,-27.14064]]],[[[-48.90577,-27.14022],[-48.90581,-27.14017],[-48.9058,-27.14008],[-48.90599,-27.14003],[-48.90603,-27.13963],[-48.90593,-27.13928],[-48.90578,-27.1392],[-48.90532,-27.13922],[-48.9052,-27.13911],[-48.90521,-27.13898],[-48.90518,-27.13872],[-48.90522,-27.13829],[-48.90559,-27.13829],[-48.90566,-27.13776],[-48.90598,-27.13777],[-48.9059,-27.13876],[-48.9063,-27.1389],[-48.90641,-27.13942],[-48.90635,-27.14038],[-48.90628,-27.14039],[-48.90626,-27.14022],[-48.90602,-27.1402],[-48.90577,-27.14022]]]]},"properties":{"setor":"SC_BRUSQUE_SR_18_CPRM","risco":"Deslizamento","bairro":"Águas Claras","ruas":"Augusto Bento de Mello; AC 020","n_residencias":"44","n_pessoas":"176"}},
{"type":"Feature","geometry":{"type":"Polygon","coordinates":[[[-48.89855,-27.13914],[-48.89858,-27.13914],[-48.89881,-27.13988],[-48.89876,-27.13989],[-48.89875,-27.13987],[-48.89867,-27.13957],[-48.8986,-27.13928],[-48.89855,-27.13914]]]},"properties":{"setor":"SC_BRUSQUE_SR_20_CPRM","risco":"Deslizamento","bairro":"Águas Claras","ruas":"Florianópolis","n_residencias":"8","n_pessoas":"32"}},
{"type":"Feature","geometry":{"type":"MultiPolygon","coordinates":[[[[-48.91205,-27.11823],[-48.91203,-27.11815],[-48.91246,-27.11802],[-48.91249,-27.11813],[-48.91239,-27.11814],[-48.91214,-27.11823],[-48.91205,-27.11823]]],[[[-48.9104,-27.11916],[-48.91047,-27.11903],[-48.91091,-27.11816],[-48.91124,-27.11833],[-48.91129,-27.11836],[-48.91093,-27.11892],[-48.91062,-27.11915],[-48.9104,-27.11916]]],[[[-48.91108,-27.11951],[-48.91102,-27.1197],[-48.91011,-27.1197],[-48.91023,-27.11947],[-48.91026,-27.11954],[-48.91033,-27.11961],[-48.91053,-27.11963],[-48.91106,-27.11951],[-48.91108,-27.11951]]],[[[-48.91233,-27.11965],[-48.91217,-27.11966],[-48.91215,-27.11961],[-48.91232,-27.11965],[-48.91233,-27.11965]]],[[[-48.91294,-27.11957],[-48.91295,-27.1196],[-48.91282,-27.11961],[-48.91294,-27.11957]]]]},"properties":{"setor":"SC_BRUSQUE_SR_21_CPRM","risco":"Deslizamento","subsidiario":"Erosão","bairro":"Primeiro de Maio","ruas":"Ministro Lindolfo Kollor","n_residencias":"36","n_pessoas":"144"}},
{"type":"Feature","geometry":{"type":"Polygon","coordinates":[[[-48.90331,-27.12855],[-48.90315,-27.12854],[-48.90311,-27.12828],[-48.90331,-27.12855]]]},"properties":{"setor":"SC_BRUSQUE_SR_22_CPRM","risco":"Deslizamento","bairro":"Primeiro de Maio","ruas":"Felipe Heckert","n_residencias":"4","n_pessoas":"16"}},
{"type":"Feature","geometry":{"type":"MultiPolygon","coordinates":[[[[-48.90413,-27.12889],[-48.9038,-27.12889],[-48.90382,-27.12879],[-48.90384,-27.1288],[-48.90413,-27.12889]]],[[[-48.90655,-27.12497],[-48.90662,-27.12494],[-48.90696,-27.12598],[-48.90645,-27.12613],[-48.90627,-27.12568],[-48.90598,-27.12596],[-48.90614,-27.12617],[-48.90499,-27.12606],[-48.90459,-27.12747],[-48.90468,-27.12785],[-48.90462,-27.12888],[-48.90448,-27.12888],[-48.90451,-27.12874],[-48.90455,-27.12807],[-48.90457,-27.12702],[-48.90495,-27.12582],[-48.90528,-27.1257],[-48.90659,-27.12562],[-48.90654,-27.12522],[-48.90654,-27.12497],[-48.90655,-27.12497]]],[[[-48.90528,-27.12334],[-48.90552,-27.12319],[-48.90584,-27.12384],[-48.90558,-27.12396],[-48.90557,-27.12396],[-48.90537,-27.12354],[-48.90528,-27.12334]]]]},"properties":{"setor":"SC_BRUSQUE_SR_23_CPRM","risco":"Deslizamento","bairro":"Primeiro de Maio","ruas":"Felipe Heckert","n_residencias":"137","n_pessoas":"548"}},
{"type":"Feature","geometry":{"type":"Polygon","coordinates":[[[-48.90238,-27.13486],[-48.90229,-27.13563],[-48.90244,-27.13597],[-48.90245,-27.13598],[-48.90138,-27.13613],[-48.90008,-27.13516],[-48.90031,-27.13483],[-48.90136,-27.13449],[-48.90153,-27.13444],[-48.9016,-27.13441],[-48.90176,-27.13428],[-48.90248,-27.13454],[-48.90238,-27.13479],[-48.90238,-27.13486]]]},"properties":{"setor":"SC_BRUSQUE_SR_24_CPRM","risco":"Deslizamento","bairro":"Primeiro de Maio","ruas":"Anna Wiedecker; Eduardo Wiedecker; José Ramiro Dias","n_residencias":"42","n_pessoas":"168"}},
{"type":"Feature","geometry":{"type":"Polygon","coordinates":[[[-48.90924,-27.16714],[-48.90925,-27.16732],[-48.90704,-27.16729],[-48.90707,-27.16706],[-48.908,-27.16706],[-48.90811,-27.16671],[-48.90943,-27.16675],[-48.90949,-27.16713],[-48.90924,-27.16714]]]},"properties":{"setor":"SC_BRUSQUE_SR_25_CPRM","risco":"Enxurrada (Alagamento)","bairro":"Zantão","ruas":"Valter Barteld; Luiz Reis","n_residencias":"13","n_pessoas":"52"}},
{"type":"Feature","geometry":{"type":"MultiPolygon","coordinates":[[[[-48.89334,-27.1421],[-48.89374,-27.14233],[-48.89323,-27.14252],[-48.89314,-27.14244],[-48.89306,-27.14235],[-48.89298,-27.14224],[-48.89304,-27.1422],[-48.89334,-27.1421]]],[[[-48.89252,-27.14122],[-48.89259,-27.14123],[-48.89262,-27.14127],[-48.89252,-27.14122]]]]},"properties":{"setor":"SC_BRUSQUE_SR_26_CPRM","risco":"Deslizamento","bairro":"Ponta Russa","ruas":"Ponta Russa, José Luiz Minella","n_residencias":"12","n_pessoas":"48"}},
{"type":"Feature","geometry":{"type":"Polygon","coordinates":[[[-48.88813,-27.13886],[-48.88891,-27.13889],[-48.89025,-27.13893],[-48.89105,-27.13895],[-48.89103,-27.13926],[-48.89062,-27.13927],[-48.89062,-27.14006],[-48.88764,-27.13992],[-48.88778,-27.13885],[-48.88813,-27.13886]]]},"properties":{"setor":"SC_BRUSQUE_SR_27_CPRM","risco":"Deslizamento","bairro":"Ponta Russa","ruas":"Luiz Boni; Maria Salete Masieiro Pedroso","n_residencias":"72","n_pessoas":"288"}},
{"type":"Feature","geometry":{"type":"MultiPolygon","coordinates":[[[[-48.88405,-27.1297],[-48.884,-27.12958],[-48.88402,-27.12957],[-48.88405,-27.1297]]],[[[-48.8855,-27.13164],[-48.88499,-27.1318],[-48.88489,-27.13156],[-48.88514,-27.13161],[-48.8855,-27.13164]]]]},"properties":{"setor":"SC_BRUSQUE_SR_28_CPRM","risco":"Deslizamento","bairro":"Poço Fundo","ruas":"João Silvano","n_residencias":"46","n_pessoas":"184"}},
{"type":"Feature","geometry":{"type":"Polygon","coordinates":[[[-48.88467,-27.13445],[-48.88407,-27.13475],[-48.8839,-27.13484],[-48.88381,-27.13471],[-48.88369,-27.13455],[-48.88419,-27.13447],[-48.88433,-27.13429],[-48.88435,-27.13405],[-48.88439,-27.13402],[-48.88461,-27.13388],[-48.88448,-27.13374],[-48.88475,-27.13347],[-48.88517,-27.13413],[-48.8855,-27.13409],[-48.88586,-27.13474],[-48.88606,-27.1353],[-48.88559,-27.13558],[-48.88547,-27.13557],[-48.8851,-27.13507],[-48.88477,-27.1344],[-48.88467,-27.13445]]]},"properties":{"setor":"SC_BRUSQUE_SR_29_CPRM","risco":"Deslizamento","bairro":"Poço Fundo","ruas":"PF 004; PF 003; PF 007","n_residencias":"45","n_pessoas":"180"}},
{"type":"Feature","geometry":{"type":"MultiPolygon","coordinates":[[[[-48.87538,-27.12612],[-48.87524,-27.1262],[-48.87527,-27.12713],[-48.87487,-27.12776],[-48.87456,-27.12753],[-48.87478,-27.12706],[-48.87487,-27.12647],[-48.87443,-27.12625],[-48.8733,-27.12601],[-48.87307,-27.12584],[-48.87312,-27.12551],[-48.87334,-27.12554],[-48.87329,-27.12566],[-48.87369,-27.12604],[-48.87533,-27.12612],[-48.87538,-27.12612]]],[[[-48.87767,-27.12595],[-48.87769,-27.12602],[-48.87747,-27.12602],[-48.87767,-27.12595]]]]},"properties":{"setor":"SC_BRUSQUE_SR_30_CPRM","risco":"Deslizamento","bairro":"Poço Fundo","ruas":"Julio de Modesti; Brasil","n_residencias":"83","n_pessoas":"332"}},
{"type":"Feature","geometry":{"type":"MultiPolygon","coordinates":[[[[-48.90279,-27.0849],[-48.90309,-27.08491],[-48.90268,-27.08552],[-48.90268,-27.08544],[-48.90283,-27.08499],[-48.90279,-27.0849]]],[[[-48.90117,-27.08481],[-48.90111,-27.08427],[-48.90123,-27.08424],[-48.9014,-27.08457],[-48.90126,-27.08475],[-48.90117,-27.08481]]],[[[-48.9012,-27.08806],[-48.90116,-27.08806],[-48.90096,-27.08805],[-48.901,-27.08715],[-48.90107,-27.08647],[-48.90107,-27.08648],[-48.90108,-27.08771],[-48.90116,-27.088],[-48.9012,-27.08806]]]]},"properties":{"setor":"SC_BRUSQUE_SR_31_CPRM","risco":"Deslizamento","bairro":"Santa Rita","ruas":"Camboriú; Porto Belo","n_residencias":"65","n_pessoas":"280"}},
{"type":"Feature","geometry":{"type":"Polygon","coordinates":[[[-48.89209,-27.08378],[-48.89212,-27.08366],[-48.89214,-27.08351],[-48.89244,-27.0835],[-48.89241,-27.08435],[-48.8922,-27.08496],[-48.89182,-27.08556],[-48.89118,-27.08619],[-48.89112,-27.08613],[-48.89125,-27.08599],[-48.89193,-27.08537],[-48.89232,-27.08454],[-48.89239,-27.08377],[-48.89209,-27.08378]]]},"properties":{"setor":"SC_BRUSQUE_SR_32_CPRM","risco":"Deslizamento","bairro":"Nova Brasília","ruas":"Joaquim Zucco","n_residencias":"24","n_pessoas":"112"}},
{"type":"Feature","geometry":{"type":"Polygon","coordinates":[[[-48.89112,-27.08613],[-48.89118,-27.08618],[-48.89042,-27.0871],[-48.89039,-27.08708],[-48.89052,-27.08686],[-48.89088,-27.08639],[-48.89112,-27.08613]]]},"properties":{"setor":"SR_BRUSQUE_SR_33_CPRM","risco":"Deslizamento","bairro":"Nova Brasília","ruas":"Joaquim Zucco","n_residencias":"08","n_pessoas":"32"}},
{"type":"Feature","geometry":{"type":"Polygon","coordinates":[[[-48.89039,-27.08709],[-48.89042,-27.0871],[-48.89015,-27.08766],[-48.88995,-27.08858],[-48.8893,-27.0894],[-48.8889,-27.08973],[-48.88849,-27.08995],[-48.88691,-27.09013],[-48.88685,-27.08974],[-48.88765,-27.08962],[-48.88807,-27.08949],[-48.88881,-27.08904],[-48.88906,-27.08876],[-48.88919,-27.08863],[-48.88956,-27.08883],[-48.8897,-27.08885],[-48.88995,-27.08847],[-48.89014,-27.08754],[-48.89028,-27.08727],[-48.89039,-27.08709]]]},"properties":{"setor":"SC_BRUSQUE_SR_34_CPRM","risco":"Deslizamento","bairro":"Nova Brasília","ruas":"Joaquim Zucco","n_residencias":"17","n_pessoas":"68"}},
{"type":"Feature","geometry":{"type":"Polygon","coordinates":[[[-48.88969,-27.08324],[-48.88967,-27.08344],[-48.88958,-27.08343],[-48.88966,-27.08331],[-48.88969,-27.08324]]]},"properties":{"setor":"SC_BRUSQUE_SR_35_CPRM","risco":"Deslizamento","bairro":"Nova Brasília","ruas":"Osvaldo Niebuhr","n_residencias":"1","n_pessoas":"4"}},
{"type":"Feature","geometry":{"type":"Polygon","coordinates":[[[-48.89084,-27.0817],[-48.89079,-27.0817],[-48.89059,-27.08163],[-48.89052,-27.08169],[-48.89048,-27.08175],[-48.89042,-27.08183],[-48.89026,-27.08167],[-48.89048,-27.0813],[-48.89073,-27.08103],[-48.8915,-27.08103],[-48.89145,-27.08172],[-48.891,-27.08171],[-48.89084,-27.0817]]]},"properties":{"setor":"SC_BRUSQUE_SR_36_CPRM","risco":"Deslizamento","bairro":"Nova Brasília","ruas":"José Cunha; NB 009; NB 011","n_residencias":"25","n_pessoas":"100"}},
{"type":"Feature","geometry":{"type":"MultiPolygon","coordinates":[[[[-48.88765,-27.08113],[-48.88766,-27.0807],[-48.88806,-27.08071],[-48.88807,-27.08091],[-48.88808,-27.08091],[-48.88803,-27.08116],[-48.88781,-27.08115],[-48.88765,-27.08113]]],[[[-48.88765,-27.08161],[-48.88764,-27.08161],[-48.88764,-27.0816],[-48.88765,-27.08161]]],[[[-48.88944,-27.08127],[-48.88949,-27.08127],[-48.88949,-27.08164],[-48.88942,-27.08163],[-48.88945,-27.08142],[-48.88944,-27.08127]]],[[[-48.88843,-27.08092],[-48.88845,-27.08092],[-48.88845,-27.0812],[-48.88844,-27.0812],[-48.88843,-27.08107],[-48.88843,-27.08092]]]]},"properties":{"setor":"SC_BRUSQUE_SR_37_CPRM","risco":"Deslizamento","bairro":"Nova Brasília","ruas":"NB 011; NB 010","n_residencias":"21","n_pessoas":"84"}},
{"type":"Feature","geometry":{"type":"Polygon","coordinates":[[[-48.89064,-27.08031],[-48.89104,-27.08031],[-48.89127,-27.08031],[-48.89125,-27.08066],[-48.89047,-27.08065],[-48.89048,-27.08031],[-48.89064,-27.08031]]]},"properties":{"setor":"SC_BRUSQUE_SR_38_CPRM","risco":"Deslizamento","bairro":"Nova Brasília","ruas":"Alfons Fehnle","n_residencias":"10","n_pessoas":"40"}},
{"type":"Feature","geometry":{"type":"MultiPolygon","coordinates":[[[[-48.88605,-27.07866],[-48.88607,-27.07862],[-48.88626,-27.07846],[-48.88659,-27.07877],[-48.88658,-27.07879],[-48.88647,-27.07871],[-48.8862,-27.07869],[-48.88605,-27.07866]]],[[[-48.88548,-27.07805],[-48.88548,-27.07811],[-48.88521,-27.07825],[-48.88507,-27.07855],[-48.88486,-27.07861],[-48.8849,-27.07853],[-48.88515,-27.07822],[-48.88543,-27.07805],[-48.88548,-27.07805]]],[[[-48.88581,-27.07739],[-48.88613,-27.07738],[-48.88616,-27.07768],[-48.88579,-27.07768],[-48.88578,-27.07788],[-48.88578,-27.07787],[-48.88579,-27.07757],[-48.88581,-27.07739]]]]},"properties":{"setor":"SC_BRUSQUE_SR_39_CPRM","risco":"Deslizamento","bairro":"Nova Brasília","ruas":"Francisco Severino; José Winter; João Heil; Antônio Erbs; José Pereira","n_residencias":"71","n_pessoas":"284"}},
{"type":"Feature","geometry":{"type":"Polygon","coordinates":[[[-48.9018,-27.17218],[-48.90175,-27.17159],[-48.90184,-27.17133],[-48.9019,-27.17127],[-48.90197,-27.1712],[-48.90194,-27.17081],[-48.90244,-27.17078],[-48.9025,-27.17014],[-48.9033,-27.1701],[-48.9032,-27.17077],[-48.90327,-27.17144],[-48.90282,-27.17173],[-48.90281,-27.17189],[-48.90236,-27.17211],[-48.9018,-27.17221],[-48.9018,-27.17218]]]},"properties":{"setor":"SC_BRUSQUE_SR_40_CPRM","risco":"Deslizamento","subsidiario":"Rolamento de Blocos","bairro":"Zantão","ruas":"ZT 013","n_residencias":"38","n_pessoas":"152"}},
{"type":"Feature","geometry":{"type":"MultiPolygon","coordinates":[[[[-48.89224,-27.17341],[-48.8921,-27.17334],[-48.89214,-27.17277],[-48.89224,-27.17289],[-48.89228,-27.17302],[-48.89219,-27.17322],[-48.89221,-27.17334],[-48.89224,-27.17341]]],[[[-48.8928,-27.17348],[-48.89291,-27.17387],[-48.89251,-27.17396],[-48.8924,-27.17354],[-48.89245,-27.17354],[-48.8928,-27.17348]]]]},"properties":{"setor":"SC_BRUSQUE_SR_41_CPRM","risco":"Deslizamento","bairro":"Santa Luzia","ruas":"Augusto Lepeck, SL 030","n_residencias":"06","n_pessoas":"24"}},
{"type":"Feature","geometry":{"type":"Polygon","coordinates":[[[-48.89028,-27.17217],[-48.89019,-27.17205],[-48.89041,-27.17163],[-48.89045,-27.17109],[-48.89047,-27.1707],[-48.89018,-27.16988],[-48.89021,-27.16988],[-48.89063,-27.16979],[-48.89088,-27.16974],[-48.89167,-27.16969],[-48.89179,-27.17114],[-48.89165,-27.17176],[-48.89174,-27.17368],[-48.89058,-27.17376],[-48.89055,-27.17249],[-48.89028,-27.17217]]]},"properties":{"setor":"SC_BRUSQUE_SR_42_CPRM","risco":"Deslizamento","bairro":"Santa Luzia","ruas":"Ermínio Pavesi; SL 030","n_residencias":"50","n_pessoas":"200"}},
{"type":"Feature","geometry":{"type":"Polygon","coordinates":[[[-48.88983,-27.16995],[-48.88983,-27.1701],[-48.88979,-27.17029],[-48.88929,-27.17048],[-48.88882,-27.17032],[-48.88857,-27.17035],[-48.88831,-27.17007],[-48.8883,-27.17005],[-48.88815,-27.16983],[-48.88814,-27.16982],[-48.888,-27.16969],[-48.88793,-27.16964],[-48.88782,-27.16957],[-48.88776,-27.16931],[-48.88802,-27.1691],[-48.88826,-27.16906],[-48.8884,-27.16878],[-48.88872,-27.16872],[-48.88909,-27.16865],[-48.88892,-27.16816],[-48.88956,-27.16802],[-48.8901,-27.16845],[-48.89063,-27.1686],[-48.89032,-27.16916],[-48.89041,-27.16943],[-48.89078,-27.16976],[-48.89063,-27.16979],[-48.89021,-27.16988],[-48.89002,-27.1699],[-48.88983,-27.16995]]]},"properties":{"setor":"SC_BRUSQUE_SR_43_CPRM","risco":"Deslizamento","bairro":"Santa Luzia","ruas":"Mario Mazzoli, Ceára","n_residencias":"75","n_pessoas":"300"}},
{"type":"Feature","geometry":{"type":"Polygon","coordinates":[[[-48.84367,-27.11341],[-48.84251,-27.11321],[-48.84211,-27.11325],[-48.84165,-27.11361],[-48.84136,-27.11312],[-48.84211,-27.11278],[-48.84302,-27.11301],[-48.84372,-27.11311],[-48.84367,-27.11341]]]},"properties":{"setor":"SC_BRUSQUE_SR_44_CPRM","risco":"Enxurrada (Alagamento)","bairro":"Limeira","ruas":"Alberto Muller","n_residencias":"08","n_pessoas":"20"}},
{"type":"Feature","geometry":{"type":"Polygon","coordinates":[[[-48.89124,-27.16716],[-48.89125,-27.16723],[-48.89126,-27.16732],[-48.89107,-27.16736],[-48.89104,-27.16725],[-48.89105,-27.16725],[-48.89124,-27.16716]]]},"properties":{"setor":"SC_BRUSQUE_SR_45_CPRM","risco":"Deslizamento","bairro":"Santa Luzia","ruas":"Ermínio Pavesi","n_residencias":"06","n_pessoas":"24"}},
{"type":"Feature","geometry":{"type":"Polygon","coordinates":[[[-48.84803,-27.1089],[-48.8494,-27.10894],[-48.84939,-27.10928],[-48.84914,-27.10936],[-48.84907,-27.11039],[-48.84735,-27.11034],[-48.84765,-27.10889],[-48.84803,-27.1089]]]},"properties":{"setor":"SC_BRUSQUE_SR_46_CPRM","risco":"Enxurrada (Alagamento)","bairro":"Limeira","ruas":"Fernando Dalago; Alberto Muller","n_residencias":"18","n_pessoas":"92"}},
{"type":"Feature","geometry":{"type":"Polygon","coordinates":[[[-48.89395,-27.15949],[-48.8934,-27.15971],[-48.89327,-27.15946],[-48.89322,-27.15902],[-48.89389,-27.15899],[-48.89414,-27.15927],[-48.89419,-27.1595],[-48.89395,-27.15949]]]},"properties":{"setor":"SC_BRUSQUE_SR_47_CPRM","risco":"Deslizamento","bairro":"Santa Luzia","ruas":"Algusto Klapoth","n_residencias":"12","n_pessoas":"48"}},
{"type":"Feature","geometry":{"type":"MultiPolygon","coordinates":[[[[-48.87641,-27.06875],[-48.87638,-27.06871],[-48.87629,-27.06863],[-48.87602,-27.06849],[-48.87571,-27.06855],[-48.8755,-27.06803],[-48.87597,-27.06803],[-48.87654,-27.06815],[-48.87689,-27.06846],[-48.87662,-27.06861],[-48.87648,-27.06866],[-48.87641,-27.06875]]],[[[-48.87606,-27.06924],[-48.87613,-27.06917],[-48.87621,-27.06917],[-48.8763,-27.06917],[-48.87631,-27.06917],[-48.87618,-27.06923],[-48.87606,-27.06924]]],[[[-48.87624,-27.07051],[-48.87623,-27.07063],[-48.87628,-27.07093],[-48.87548,-27.07099],[-48.8755,-27.07051],[-48.87554,-27.07046],[-48.8758,-27.07051],[-48.87598,-27.07052],[-48.87624,-27.07051]]]]},"properties":{"setor":"SC_BRUSQUE_SR_48_CPRM","risco":"Deslizamento","bairro":"Limeira","ruas":"24 de Julho; 08 de Novembro","n_residencias":"40","n_pessoas":"160"}},
{"type":"Feature","geometry":{"type":"MultiPolygon","coordinates":[[[[-48.87284,-27.08626],[-48.87285,-27.08629],[-48.87282,-27.08629],[-48.87284,-27.08626]]],[[[-48.87076,-27.08978],[-48.87055,-27.08947],[-48.87059,-27.08945],[-48.87076,-27.08978]]],[[[-48.87214,-27.08983],[-48.87178,-27.09004],[-48.87209,-27.08981],[-48.87214,-27.08983]]]]},"properties":{"setor":"SC_BRUSQUE_SR_49_CPRM","risco":"Deslizamento","bairro":"Limeira","ruas":"Vicente Paulo Kunitz; Rotary Club; Prefeito Carlos Moritz; Vereador Carlos Boos; Orgino Domingos Francisco Filho; Salvador Benvenutti","n_residencias":"214","n_pessoas":"848"}},
{"type":"Feature","geometry":{"type":"Polygon","coordinates":[[[-48.91935,-27.10053],[-48.91936,-27.1003],[-48.91936,-27.10016],[-48.91976,-27.10013],[-48.91977,-27.10004],[-48.92024,-27.10005],[-48.9203,-27.1004],[-48.91934,-27.10055],[-48.91935,-27.10053]]]},"properties":{"setor":"SC_BRUSQUE_SR_50_CPRM","risco":"Deslizamento","bairro":"Centro","ruas":"Hercílio Luz, Maestro Alto Krieger","n_residencias":"3","n_pessoas":"12"}},
{"type":"Feature","geometry":{"type":"Polygon","coordinates":[[[-48.89703,-27.0485],[-48.89673,-27.04841],[-48.89631,-27.04808],[-48.89628,-27.04804],[-48.89591,-27.04763],[-48.89677,-27.04685],[-48.89758,-27.04779],[-48.89854,-27.04878],[-48.89843,-27.04919],[-48.898,-27.04872],[-48.89722,-27.04856],[-48.89703,-27.0485]]]},"properties":{"setor":"SC_BRUSQUE_SR_51_CPRM","risco":"Deslizamento","bairro":"Bateas","ruas":"BA 030; Bertoldo Todt","n_residencias":"45","n_pessoas":"180"}},
{"type":"Feature","geometry":{"type":"Polygon","coordinates":[[[-48.9065,-27.05761],[-48.90727,-27.05698],[-48.90756,-27.0572],[-48.90723,-27.05747],[-48.90742,-27.0576],[-48.90748,-27.05764],[-48.90683,-27.05815],[-48.90676,-27.05809],[-48.90666,-27.058],[-48.90665,-27.058],[-48.90653,-27.0581],[-48.90628,-27.05831],[-48.90596,-27.05857],[-48.90577,-27.05821],[-48.9065,-27.05761]]]},"properties":{"setor":"SC_BRUSQUE_SR_52_CPRM","risco":"Deslizamento","bairro":"Bateas","ruas":"Inominada (Morro do Beto Duarte)","n_residencias":"22","n_pessoas":"88"}},
{"type":"Feature","geometry":{"type":"Polygon","coordinates":[[[-48.90781,-27.05914],[-48.90785,-27.0589],[-48.908,-27.05799],[-48.90803,-27.05779],[-48.90918,-27.05789],[-48.90918,-27.05833],[-48.90918,-27.05872],[-48.90989,-27.05876],[-48.90992,-27.05924],[-48.90993,-27.05935],[-48.90778,-27.05935],[-48.90781,-27.05914]]]},"properties":{"setor":"SC_BRUSQUE_SR_53_CPRM","risco":"Deslizamento","bairro":"Bateas","ruas":"Ana Duarte; BA 013;  BA 014; BA 015; BA 016","n_residencias":"45","n_pessoas":"180"}},
{"type":"Feature","geometry":{"type":"Polygon","coordinates":[[[-48.9148,-27.06105],[-48.91477,-27.06116],[-48.91477,-27.0613],[-48.91477,-27.06132],[-48.91476,-27.06152],[-48.91475,-27.06161],[-48.91432,-27.06185],[-48.91403,-27.06217],[-48.91352,-27.06143],[-48.91353,-27.06133],[-48.91359,-27.06096],[-48.91371,-27.06025],[-48.91395,-27.06035],[-48.91422,-27.05926],[-48.91524,-27.05933],[-48.91521,-27.05944],[-48.91491,-27.06043],[-48.91483,-27.06097],[-48.9148,-27.06105]]]},"properties":{"setor":"SC_BRUSQUE_SR_54_CPRM","risco":"Deslizamento","bairro":"Bateas","ruas":"Pedro Fantoni","n_residencias":"20","n_pessoas":"80"}},
{"type":"Feature","geometry":{"type":"MultiPolygon","coordinates":[[[[-48.90705,-27.07254],[-48.90733,-27.07262],[-48.90639,-27.07315],[-48.90564,-27.07342],[-48.90543,-27.07352],[-48.90556,-27.0734],[-48.90631,-27.07311],[-48.9067,-27.0729],[-48.9071,-27.07259],[-48.90705,-27.07254]]],[[[-48.904,-27.07374],[-48.90399,-27.07373],[-48.90345,-27.07359],[-48.90359,-27.07345],[-48.90405,-27.0723],[-48.90451,-27.07237],[-48.90446,-27.0725],[-48.90456,-27.07297],[-48.90424,-27.0731],[-48.90399,-27.07355],[-48.904,-27.07374]]],[[[-48.90514,-27.07369],[-48.90514,-27.07379],[-48.90414,-27.07385],[-48.90406,-27.07379],[-48.90456,-27.07374],[-48.90509,-27.07372],[-48.90514,-27.07369]]]]},"properties":{"setor":"SC_BRUSQUE_SR_55_CPRM","risco":"Deslizamento","bairro":"Steffen","ruas":"Rodolfo Steffen; Olga B. Day; SF 034","n_residencias":"78","n_pessoas":"312"}},
{"type":"Feature","geometry":{"type":"MultiPolygon","coordinates":[[[[-48.92843,-27.0887],[-48.92868,-27.08858],[-48.92884,-27.08864],[-48.92843,-27.0887]]],[[[-48.92339,-27.08692],[-48.92388,-27.08716],[-48.92441,-27.08712],[-48.9246,-27.0872],[-48.92465,-27.08725],[-48.92381,-27.08722],[-48.92346,-27.08707],[-48.92339,-27.08692]]],[[[-48.92194,-27.08605],[-48.92246,-27.08638],[-48.92223,-27.08645],[-48.92183,-27.08624],[-48.92194,-27.08605]]],[[[-48.92144,-27.08658],[-48.92135,-27.08646],[-48.92133,-27.08641],[-48.92144,-27.08658]]],[[[-48.92165,-27.08688],[-48.92145,-27.08659],[-48.92161,-27.08677],[-48.92165,-27.08688]]],[[[-48.92319,-27.08816],[-48.92286,-27.08794],[-48.92303,-27.08795],[-48.92316,-27.08811],[-48.92319,-27.08816]]],[[[-48.92362,-27.08852],[-48.92349,-27.08848],[-48.92347,-27.08846],[-48.92362,-27.08852]]],[[[-48.92599,-27.08965],[-48.9254,-27.08921],[-48.92482,-27.08886],[-48.92407,-27.08864],[-48.92444,-27.08857],[-48.92507,-27.08855],[-48.92528,-27.08867],[-48.92557,-27.08927],[-48.92599,-27.08965]]],[[[-48.92615,-27.08976],[-48.92613,-27.08975],[-48.92612,-27.08974],[-48.92615,-27.08976]]],[[[-48.92724,-27.09019],[-48.92685,-27.09016],[-48.92653,-27.08998],[-48.92678,-27.09006],[-48.92702,-27.09008],[-48.92724,-27.09019]]],[[[-48.92829,-27.09014],[-48.92827,-27.09015],[-48.92787,-27.09019],[-48.92803,-27.09008],[-48.92824,-27.09014],[-48.92829,-27.09014]]]]},"properties":{"setor":"SC_BRUSQUE_SR_56_CPRM","risco":"Deslizamento","bairro":"São Pedro","ruas":"João Caetano; SP 037; Oscar Habitzreuter; SP 040","n_residencias":"133","n_pessoas":"532"}},
{"type":"Feature","geometry":{"type":"Polygon","coordinates":[[[-48.92699,-27.07326],[-48.92702,-27.07267],[-48.92678,-27.07258],[-48.9268,-27.07246],[-48.92683,-27.0723],[-48.92637,-27.07213],[-48.92651,-27.07126],[-48.9267,-27.07112],[-48.92687,-27.07099],[-48.92704,-27.07084],[-48.92708,-27.07081],[-48.92755,-27.07112],[-48.92752,-27.07305],[-48.9278,-27.07306],[-48.92786,-27.07353],[-48.92739,-27.07356],[-48.92739,-27.0734],[-48.92698,-27.07342],[-48.92699,-27.07326]]]},"properties":{"setor":"SC_BRUSQUE_SR_57_CPRM","risco":"Deslizamento","bairro":"São Pedro","ruas":"Catharina Horner, SP 017; SP 018; SP 019","n_residencias":"39","n_pessoas":"156"}},
{"type":"Feature","geometry":{"type":"Polygon","coordinates":[[[-48.93574,-27.07016],[-48.93585,-27.07002],[-48.93622,-27.07018],[-48.93571,-27.07078],[-48.93508,-27.07112],[-48.93481,-27.07117],[-48.93493,-27.07167],[-48.93474,-27.07211],[-48.93367,-27.07174],[-48.93389,-27.07113],[-48.93407,-27.07064],[-48.93458,-27.07077],[-48.93508,-27.0707],[-48.93554,-27.07042],[-48.93574,-27.07016]]]},"properties":{"setor":"SC_BRUSQUE_SR_59_CPRM","risco":"Deslizamento","bairro":"São Pedro","ruas":"Andreas Butsch; SP 025; SP 026","n_residencias":"18","n_pessoas":"72"}},
{"type":"Feature","geometry":{"type":"Polygon","coordinates":[[[-48.93791,-27.069],[-48.9378,-27.06828],[-48.93738,-27.06828],[-48.93733,-27.06778],[-48.93694,-27.06783],[-48.9368,-27.06701],[-48.93732,-27.06697],[-48.93753,-27.06721],[-48.9383,-27.06735],[-48.93887,-27.06731],[-48.93901,-27.06828],[-48.93886,-27.06841],[-48.93819,-27.06807],[-48.93815,-27.06934],[-48.93779,-27.06922],[-48.93791,-27.069]]]},"properties":{"setor":"SC_BRUSQUE_SR_60_CPRM","risco":"Deslizamento","bairro":"São Pedro","ruas":"Theodoro Albrescht; SP 029","n_residencias":"25","n_pessoas":"100"}},
{"type":"Feature","geometry":{"type":"Polygon","coordinates":[[[-48.94647,-27.0728],[-48.94692,-27.07268],[-48.94716,-27.07346],[-48.94729,-27.07453],[-48.94704,-27.07454],[-48.94676,-27.07347],[-48.94647,-27.0728]]]},"properties":{"setor":"SC_BRUSQUE_SR_61_CPRM","risco":"Deslizamento","bairro":"São Pedro","ruas":"Floriano Fischer","n_residencias":"10","n_pessoas":"40"}},
{"type":"Feature","geometry":{"type":"Polygon","coordinates":[[[-48.93254,-27.07374],[-48.93261,-27.07409],[-48.93258,-27.07476],[-48.93269,-27.0758],[-48.93258,-27.07585],[-48.93304,-27.07636],[-48.93299,-27.07775],[-48.93315,-27.07792],[-48.93282,-27.07835],[-48.93272,-27.07829],[-48.93262,-27.07822],[-48.93251,-27.07815],[-48.93261,-27.07687],[-48.93249,-27.07649],[-48.93221,-27.07618],[-48.93214,-27.07574],[-48.93213,-27.07502],[-48.93221,-27.07459],[-48.93223,-27.07405],[-48.93212,-27.07381],[-48.93254,-27.07374]]]},"properties":{"setor":"SC_BRUSQUE_SR_62_CPRM","risco":"Deslizamento","bairro":"São Pedro","ruas":"Gustavo Imhof; São Leopoldo","n_residencias":"26","n_pessoas":"104"}},
{"type":"Feature","geometry":{"type":"Polygon","coordinates":[[[-48.93229,-27.09551],[-48.93377,-27.09549],[-48.93439,-27.09522],[-48.93582,-27.0948],[-48.93662,-27.09424],[-48.93696,-27.09391],[-48.93735,-27.09269],[-48.93815,-27.0928],[-48.93763,-27.09415],[-48.9367,-27.09514],[-48.93632,-27.09574],[-48.93545,-27.09585],[-48.93545,-27.09564],[-48.93431,-27.09585],[-48.93396,-27.09617],[-48.93313,-27.0961],[-48.93231,-27.09587],[-48.93229,-27.09551]]]},"properties":{"setor":"SC_BRUSQUE_SR_63_CPRM","risco":"Deslizamento","bairro":"Guarani","ruas":"Nicolau Lauritzen","n_residencias":"35","n_pessoas":"140"}},
{"type":"Feature","geometry":{"type":"Polygon","coordinates":[[[-48.94215,-27.0989],[-48.94217,-27.09841],[-48.94303,-27.0986],[-48.94406,-27.09911],[-48.94488,-27.0994],[-48.94481,-27.09969],[-48.94426,-27.0996],[-48.94399,-27.09943],[-48.94314,-27.09904],[-48.94257,-27.09887],[-48.94215,-27.0989]]]},"properties":{"setor":"SC_BRUSQUE_SR_64_CPRM","risco":"Deslizamento","bairro":"Guarani","ruas":"Frederico Petruski","n_residencias":"11","n_pessoas":"44"}},
{"type":"Feature","geometry":{"type":"Polygon","coordinates":[[[-48.93454,-27.12213],[-48.9346,-27.12243],[-48.93503,-27.1231],[-48.93503,-27.12335],[-48.93389,-27.12338],[-48.93307,-27.12361],[-48.93309,-27.12418],[-48.9328,-27.12453],[-48.93222,-27.12458],[-48.93219,-27.12468],[-48.93181,-27.12473],[-48.93069,-27.12465],[-48.93081,-27.12416],[-48.93257,-27.12409],[-48.93264,-27.12404],[-48.93262,-27.12348],[-48.93294,-27.12337],[-48.93305,-27.12345],[-48.93338,-27.12321],[-48.93359,-27.12331],[-48.9339,-27.12315],[-48.9338,-27.12293],[-48.93388,-27.12209],[-48.93454,-27.12213]]]},"properties":{"setor":"SC_BRUSQUE_SR_65_CPRM","risco":"Deslizamento","bairro":"Souza Cruz","ruas":"Felicita Becker da Silva; joão Carlos Graff","n_residencias":"45","n_pessoas":"180"}},
{"type":"Feature","geometry":{"type":"Polygon","coordinates":[[[-48.94458,-27.16958],[-48.94476,-27.16974],[-48.94439,-27.16988],[-48.94305,-27.16993],[-48.94244,-27.16955],[-48.94234,-27.16932],[-48.94184,-27.16935],[-48.94174,-27.16912],[-48.94124,-27.16907],[-48.94122,-27.16882],[-48.9417,-27.1688],[-48.94223,-27.16887],[-48.94254,-27.16918],[-48.94281,-27.16963],[-48.94458,-27.16958]]]},"properties":{"setor":"SC_BRUSQUE_SR_67_CPRM","risco":"Deslizamento","bairro":"Tomaz Coelho","ruas":"Nicolau Kohler","n_residencias":"14","n_pessoas":"56"}},
{"type":"Feature","geometry":{"type":"Polygon","coordinates":[[[-48.96227,-27.14971],[-48.96245,-27.14961],[-48.96373,-27.14931],[-48.96454,-27.14928],[-48.96488,-27.14941],[-48.96489,-27.14965],[-48.96403,-27.14976],[-48.96292,-27.14995],[-48.96259,-27.15022],[-48.96225,-27.15019],[-48.9621,-27.15004],[-48.96227,-27.14971]]]},"properties":{"setor":"SC_BRUSQUE_SR_66_CPRM","risco":"Deslizamento","bairro":"Dom Joaquim","ruas":"DJ 019","n_residencias":"17","n_pessoas":"68"}},
{"type":"Feature","geometry":{"type":"Polygon","coordinates":[[[-48.92871,-27.1773],[-48.92832,-27.17739],[-48.92804,-27.17724],[-48.92802,-27.17692],[-48.92863,-27.17684],[-48.92886,-27.17703],[-48.92871,-27.1773]]]},"properties":{"setor":"SC_BRUSQUE_SR_68_CPRM","risco":"Deslizamento","subsidiario":"Rolamento de Blocos","bairro":"Tomaz Coelho","ruas":"José Dubiela","n_residencias":"06","n_pessoas":"24"}},
{"type":"Feature","geometry":{"type":"Polygon","coordinates":[[[-48.93448,-27.16019],[-48.93455,-27.16032],[-48.9336,-27.16031],[-48.93351,-27.15998],[-48.93363,-27.15983],[-48.93435,-27.15982],[-48.93431,-27.16012],[-48.93448,-27.16019]]]},"properties":{"setor":"SC_BRUSQUE_SR_69_CPRM","risco":"Deslizamento","bairro":"Cedrinho","ruas":"CD 022","n_residencias":"19","n_pessoas":"76"}},
{"type":"Feature","geometry":{"type":"Polygon","coordinates":[[[-48.92945,-27.15681],[-48.92984,-27.15657],[-48.9295,-27.15708],[-48.92917,-27.15715],[-48.92917,-27.15678],[-48.92945,-27.15681]]]},"properties":{"setor":"SC_BRUSQUE_SR_70_CPRM","risco":"Deslizamento","bairro":"Cedrinho","ruas":"CD 018","n_residencias":"11","n_pessoas":"44"}},
{"type":"Feature","geometry":{"type":"Polygon","coordinates":[[[-48.93535,-27.15506],[-48.93476,-27.15592],[-48.93458,-27.15594],[-48.93437,-27.15566],[-48.93444,-27.15557],[-48.93387,-27.155],[-48.93385,-27.15478],[-48.9342,-27.15472],[-48.9348,-27.15521],[-48.93506,-27.15489],[-48.93535,-27.15506]]]},"properties":{"setor":"SC_BRUSQUE_SR_71_CPRM","risco":"Deslizamento","bairro":"Cedrinho","ruas":"Travessa Dom Joaquim; CD 023","n_residencias":"18","n_pessoas":"72"}},
{"type":"Feature","geometry":{"type":"MultiPolygon","coordinates":[[[[-48.91269,-27.13763],[-48.91268,-27.13758],[-48.91269,-27.13752],[-48.91269,-27.13749],[-48.91269,-27.13763]]],[[[-48.91291,-27.13746],[-48.91294,-27.13758],[-48.91289,-27.1378],[-48.91314,-27.13801],[-48.91366,-27.13809],[-48.91393,-27.13797],[-48.91459,-27.13828],[-48.91455,-27.13842],[-48.91425,-27.13843],[-48.91379,-27.13822],[-48.91303,-27.13806],[-48.91272,-27.13783],[-48.9127,-27.13778],[-48.91269,-27.13768],[-48.91287,-27.13752],[-48.91291,-27.13746]]]]},"properties":{"setor":"SC_BRUSQUE_SR_72_CPRM","risco":"Deslizamento","subsidiario":"Rastejo","bairro":"Azambuja","ruas":"Padre Antônio Eising","n_residencias":"10","n_pessoas":"40"}},
{"type":"Feature","geometry":{"type":"Polygon","coordinates":[[[-48.91221,-27.13664],[-48.91191,-27.13658],[-48.91187,-27.13672],[-48.91153,-27.13682],[-48.91081,-27.13651],[-48.91078,-27.13617],[-48.91162,-27.13573],[-48.91239,-27.13597],[-48.91259,-27.13611],[-48.91221,-27.13664]]]},"properties":{"setor":"SC_BRUSQUE_SR_73_CPRM","risco":"Deslizamento","bairro":"Azambuja","ruas":"Domingos Poli; AZ 024; AZ 025; AZ 070","n_residencias":"21","n_pessoas":"84"}},
{"type":"Feature","geometry":{"type":"Polygon","coordinates":[[[-48.89796,-27.14623],[-48.89786,-27.14662],[-48.89766,-27.14684],[-48.89709,-27.14683],[-48.8971,-27.14632],[-48.8967,-27.14583],[-48.89613,-27.1457],[-48.89539,-27.14566],[-48.89518,-27.14557],[-48.89547,-27.1454],[-48.89622,-27.14536],[-48.89689,-27.1456],[-48.89713,-27.14548],[-48.89709,-27.1451],[-48.8969,-27.14502],[-48.89556,-27.1451],[-48.89491,-27.145],[-48.8948,-27.14492],[-48.89483,-27.14456],[-48.89498,-27.14444],[-48.89535,-27.14447],[-48.89735,-27.14454],[-48.89744,-27.14467],[-48.89743,-27.14546],[-48.89795,-27.14605],[-48.89796,-27.14623]]]},"properties":{"setor":"SC_BRUSQUE_SR_74_CPRM","risco":"Deslizamento","bairro":"Águas Claras","ruas":"Germano Klann; Manoel Lombardi; AC 006; AC 005","n_residencias":"90","n_pessoas":"360"}},
{"type":"Feature","geometry":{"type":"Polygon","coordinates":[[[-48.89455,-27.14413],[-48.89448,-27.14435],[-48.89394,-27.14437],[-48.89398,-27.14415],[-48.89455,-27.14413]]]},"properties":{"setor":"SC_BRUSQUE_SR_75_CPRM","risco":"Deslizamento","bairro":"Águas Claras","ruas":"Valdir Gerarti","n_residencias":"1","n_pessoas":"4"}},
{"type":"Feature","geometry":{"type":"Polygon","coordinates":[[[-48.8994,-27.13987],[-48.89943,-27.13965],[-48.89975,-27.13973],[-48.9,-27.13961],[-48.90019,-27.13935],[-48.90034,-27.13934],[-48.90025,-27.13969],[-48.90053,-27.13974],[-48.9008,-27.13941],[-48.90098,-27.13943],[-48.90105,-27.13972],[-48.90127,-27.13977],[-48.90144,-27.13939],[-48.90157,-27.13934],[-48.90181,-27.13978],[-48.90107,-27.13993],[-48.8994,-27.14007],[-48.8994,-27.13987]]]},"properties":{"setor":"SC_BRUSQUE_SR_76_CPRM","risco":"Deslizamento","bairro":"Águas Claras","ruas":"Hilário Pinotti","n_residencias":"25","n_pessoas":"100"}},
{"type":"Feature","geometry":{"type":"Polygon","coordinates":[[[-48.88486,-27.13294],[-48.88422,-27.13337],[-48.88397,-27.13305],[-48.88393,-27.13233],[-48.88377,-27.13195],[-48.88408,-27.13192],[-48.88426,-27.13173],[-48.88479,-27.13203],[-48.88498,-27.13247],[-48.88486,-27.13294]]]},"properties":{"setor":"SC_BRUSQUE_SR_77_CPRM","risco":"Deslizamento","bairro":"Poço Fundo","ruas":"PF 008","n_residencias":"34","n_pessoas":"136"}},
{"type":"Feature","geometry":{"type":"Polygon","coordinates":[[[-48.83564,-27.11927],[-48.83553,-27.11942],[-48.83523,-27.11935],[-48.83528,-27.11904],[-48.83509,-27.11896],[-48.83456,-27.11829],[-48.83443,-27.11792],[-48.83465,-27.11786],[-48.83527,-27.11829],[-48.83621,-27.11871],[-48.83564,-27.11927]]]},"properties":{"setor":"SC_BRUSQUE_SR_78_CPRM","risco":"Deslizamento","bairro":"Limeira","ruas":"LI 026","n_residencias":"15","n_pessoas":"60"}},
{"type":"Feature","geometry":{"type":"Polygon","coordinates":[[[-48.8734,-27.0704],[-48.87319,-27.07051],[-48.87209,-27.0707],[-48.872,-27.07032],[-48.87304,-27.0701],[-48.87313,-27.06991],[-48.8734,-27.0704]]]},"properties":{"setor":"SC_BRUSQUE_SR_79_CPRM","risco":"Deslizamento","bairro":"Limeira","ruas":"Juazeiro; Ângelo Mafezzolli","n_residencias":"16","n_pessoas":"64"}},
{"type":"Feature","geometry":{"type":"Polygon","coordinates":[[[-48.86547,-27.07073],[-48.86539,-27.07091],[-48.86566,-27.07149],[-48.86598,-27.0717],[-48.86596,-27.07205],[-48.86541,-27.07206],[-48.86506,-27.07199],[-48.86492,-27.07181],[-48.86482,-27.0714],[-48.86456,-27.07132],[-48.86465,-27.07099],[-48.86501,-27.07069],[-48.8655,-27.07049],[-48.86547,-27.07073]]]},"properties":{"setor":"SC_BRUSQUE_SR_80_CPRM","risco":"Deslizamento","bairro":"Limeira","ruas":"Elvira da Silva","n_residencias":"23","n_pessoas":"92"}},
{"type":"Feature","geometry":{"type":"Polygon","coordinates":[[[-48.85909,-27.079],[-48.85906,-27.07868],[-48.85982,-27.07868],[-48.86028,-27.07841],[-48.86089,-27.07758],[-48.8612,-27.07772],[-48.86059,-27.07849],[-48.86024,-27.07872],[-48.85991,-27.07912],[-48.85969,-27.07897],[-48.85961,-27.07916],[-48.85913,-27.07922],[-48.85909,-27.079]]]},"properties":{"setor":"SC_BRUSQUE_SR_81_CPRM","risco":"Deslizamento","bairro":"Limeira","ruas":"LI 011","n_residencias":"10","n_pessoas":"40"}},
{"type":"Feature","geometry":{"type":"Polygon","coordinates":[[[-48.85962,-27.07676],[-48.85956,-27.07692],[-48.85901,-27.07695],[-48.85786,-27.0771],[-48.8572,-27.07701],[-48.85848,-27.07668],[-48.85935,-27.07658],[-48.85962,-27.07676]]]},"properties":{"setor":"SC_BRUSQUE_SR_82_CPRM","risco":"Deslizamento","bairro":"Limeira","ruas":"Luiz Zen","n_residencias":"68","n_pessoas":"272"}},
{"type":"Feature","geometry":{"type":"Polygon","coordinates":[[[-48.91956,-27.10734],[-48.9199,-27.10753],[-48.91969,-27.10866],[-48.91952,-27.10911],[-48.91893,-27.10972],[-48.91881,-27.11008],[-48.91885,-27.11084],[-48.91858,-27.11085],[-48.91857,-27.11063],[-48.91831,-27.11061],[-48.91833,-27.11037],[-48.91855,-27.11038],[-48.91862,-27.10964],[-48.91879,-27.10936],[-48.91896,-27.10934],[-48.91929,-27.10899],[-48.91943,-27.10855],[-48.91903,-27.10846],[-48.91915,-27.10801],[-48.91932,-27.10776],[-48.91913,-27.10768],[-48.91913,-27.10747],[-48.91931,-27.1072],[-48.91956,-27.10734]]]},"properties":{"setor":"SC_BRUSQUE_SR_83_CPRM","risco":"Deslizamento","bairro":"Azambuja","ruas":"Azambuja","n_residencias":"23","n_pessoas":"92"}},
{"type":"Feature","geometry":{"type":"Polygon","coordinates":[[[-48.91899,-27.11135],[-48.91859,-27.11137],[-48.91844,-27.11105],[-48.91807,-27.11105],[-48.91807,-27.11085],[-48.91885,-27.11085],[-48.91899,-27.11135]]]},"properties":{"setor":"SC_BRUSQUE_SR_84_CPRM","risco":"Deslizamento","subsidiario":"Rastejo","bairro":"Azambuja","ruas":"Azambuja","n_residencias":"04","n_pessoas":"16"}},
{"type":"Feature","geometry":{"type":"Polygon","coordinates":[[[-48.91903,-27.11144],[-48.91911,-27.11172],[-48.91904,-27.11215],[-48.9184,-27.11329],[-48.91861,-27.11416],[-48.91803,-27.11425],[-48.91804,-27.11404],[-48.91825,-27.114],[-48.91818,-27.11314],[-48.91795,-27.11304],[-48.91802,-27.11283],[-48.91828,-27.11288],[-48.91879,-27.1121],[-48.91857,-27.1119],[-48.91859,-27.11146],[-48.91903,-27.11144]]]},"properties":{"setor":"SC_BRUSQUE_SR_85_CPRM","risco":"Deslizamento","subsidiario":"Rastejo","bairro":"Azambuja","ruas":"Azambuja","n_residencias":"22","n_pessoas":"88"}},
{"type":"Feature","geometry":{"type":"Polygon","coordinates":[[[-48.91868,-27.11292],[-48.91919,-27.1121],[-48.91923,-27.11172],[-48.91895,-27.11092],[-48.91917,-27.11086],[-48.91916,-27.11056],[-48.91951,-27.11071],[-48.91943,-27.1114],[-48.91947,-27.1119],[-48.91976,-27.11194],[-48.91956,-27.11205],[-48.91947,-27.11229],[-48.91915,-27.11264],[-48.9193,-27.11271],[-48.91904,-27.11299],[-48.91888,-27.11359],[-48.91857,-27.11334],[-48.91868,-27.11292]]]},"properties":{"setor":"SC_BRUSQUE_SR_86_CPRM","risco":"Deslizamento","bairro":"Azambuja","ruas":"Azambuja","n_residencias":"19","n_pessoas":"76"}},
{"type":"Feature","geometry":{"type":"Polygon","coordinates":[[[-48.92021,-27.11951],[-48.9204,-27.11983],[-48.92094,-27.12145],[-48.92067,-27.12187],[-48.92048,-27.12178],[-48.92068,-27.12142],[-48.92017,-27.11992],[-48.91984,-27.11941],[-48.92009,-27.11928],[-48.92021,-27.11951]]]},"properties":{"setor":"SC_BRUSQUE_SR_87_CPRM","risco":"Deslizamento","bairro":"Azambuja","ruas":"Azambuja; Nova Trento","n_residencias":"12","n_pessoas":"48"}},
{"type":"Feature","geometry":{"type":"Polygon","coordinates":[[[-48.92129,-27.11908],[-48.92153,-27.11903],[-48.92156,-27.11884],[-48.92199,-27.11876],[-48.92176,-27.11897],[-48.92205,-27.11969],[-48.92168,-27.11982],[-48.9214,-27.11974],[-48.92129,-27.11908]]]},"properties":{"setor":"SC_BRUSQUE_SR_88_CPRM","risco":"Deslizamento","bairro":"Azambuja","ruas":"AZ 044","n_residencias":"07","n_pessoas":"28"}},
{"type":"Feature","geometry":{"type":"Polygon","coordinates":[[[-48.92357,-27.11873],[-48.92359,-27.11899],[-48.9226,-27.11903],[-48.92263,-27.11827],[-48.92361,-27.11859],[-48.92357,-27.11873]]]},"properties":{"setor":"SC_BRUSQUE_SR_89_CPRM","risco":"Deslizamento","bairro":"Azambuja","ruas":"Ricardo Knihs; AZ 042","n_residencias":"10","n_pessoas":"40"}},
{"type":"Feature","geometry":{"type":"Polygon","coordinates":[[[-48.92218,-27.11571],[-48.92217,-27.11506],[-48.92233,-27.11453],[-48.92268,-27.11409],[-48.92288,-27.11421],[-48.9225,-27.11464],[-48.92242,-27.11483],[-48.92239,-27.11581],[-48.92253,-27.11582],[-48.92254,-27.11652],[-48.92192,-27.11644],[-48.92192,-27.11571],[-48.92218,-27.11571]]]},"properties":{"setor":"SC_BRUSQUE_SR_90_CPRM","risco":"Deslizamento","bairro":"Souza Cruz","ruas":"Bulcão Viana; Zeno Barth","n_residencias":"16","n_pessoas":"64"}},
{"type":"Feature","geometry":{"type":"Polygon","coordinates":[[[-48.92138,-27.11535],[-48.92153,-27.11534],[-48.92159,-27.11622],[-48.92145,-27.11623],[-48.92138,-27.11535]]]},"properties":{"setor":"SC_BRUSQUE_SR_91_CPRM","risco":"Deslizamento","bairro":"Azambuja","ruas":"Mauro Cadore; Bulcão Viana","n_residencias":"05","n_pessoas":"20"}},
{"type":"Feature","geometry":{"type":"Polygon","coordinates":[[[-48.92204,-27.11511],[-48.9218,-27.11503],[-48.92209,-27.11432],[-48.92247,-27.11379],[-48.92229,-27.11309],[-48.92257,-27.11308],[-48.92263,-27.11231],[-48.92249,-27.11219],[-48.92233,-27.11163],[-48.92215,-27.11163],[-48.92211,-27.11135],[-48.92255,-27.11131],[-48.92287,-27.11229],[-48.92283,-27.1137],[-48.92231,-27.11448],[-48.92204,-27.11511]]]},"properties":{"setor":"SC_BRUSQUE_SR_92_CPRM","risco":"Deslizamento","bairro":"Azambuja","ruas":"Bulcão Viana; Paulo Ceruti Junior","n_residencias":"23","n_pessoas":"92"}},
{"type":"Feature","geometry":{"type":"Polygon","coordinates":[[[-48.92164,-27.1146],[-48.9215,-27.11479],[-48.92165,-27.11496],[-48.92131,-27.11503],[-48.9213,-27.11453],[-48.92108,-27.11445],[-48.92116,-27.11429],[-48.92164,-27.1146]]]},"properties":{"setor":"SC_BRUSQUE_SR_93_CPRM","risco":"Deslizamento","subsidiario":"Rastejo","bairro":"Azambuja","ruas":"Paulo Ceruti Junior; AZ 048; AZ 049","n_residencias":"06","n_pessoas":"24"}},
{"type":"Feature","geometry":{"type":"Polygon","coordinates":[[[-48.92174,-27.11441],[-48.92117,-27.11424],[-48.9212,-27.11413],[-48.9218,-27.11423],[-48.92174,-27.11441]]]},"properties":{"setor":"SC_BRUSQUE_SR_94_CPRM","risco":"Deslizamento","bairro":"Azambuja","ruas":"Paulo Ceruti Junior","n_residencias":"04","n_pessoas":"16"}},
{"type":"Feature","geometry":{"type":"Polygon","coordinates":[[[-48.90378,-27.09572],[-48.9041,-27.09651],[-48.90448,-27.09729],[-48.90434,-27.09735],[-48.90357,-27.09674],[-48.90329,-27.09639],[-48.90292,-27.09561],[-48.90359,-27.09537],[-48.90378,-27.09572]]]},"properties":{"setor":"SC_BRUSQUE_SR_95_CPRM","risco":"Deslizamento","subsidiario":"Erosão","bairro":"Centro II","ruas":"Antônio Heil","n_residencias":"05","n_pessoas":"20"}},
{"type":"Feature","geometry":{"type":"Polygon","coordinates":[[[-48.90347,-27.09106],[-48.90348,-27.09095],[-48.90312,-27.09085],[-48.90314,-27.09067],[-48.90374,-27.09092],[-48.90347,-27.09106]]]},"properties":{"setor":"SC_BRUSQUE_SR_96_CPRM","risco":"Deslizamento","bairro":"Santa Rita","ruas":"Henrique Rosin","n_residencias":"06","n_pessoas":"24"}},
{"type":"Feature","geometry":{"type":"Polygon","coordinates":[[[-48.90713,-27.08962],[-48.907,-27.08972],[-48.90637,-27.08923],[-48.90629,-27.0894],[-48.90596,-27.08915],[-48.90582,-27.08933],[-48.90547,-27.08895],[-48.90499,-27.0887],[-48.90523,-27.08855],[-48.90492,-27.08857],[-48.90478,-27.08843],[-48.90524,-27.08816],[-48.90569,-27.08868],[-48.90648,-27.08904],[-48.90694,-27.08937],[-48.90713,-27.08962]]]},"properties":{"setor":"SC_BRUSQUE_SR_97_CPRM","risco":"Deslizamento","bairro":"Santa Rita","ruas":"Sete de Setembro","n_residencias":"23","n_pessoas":"92"}},
{"type":"Feature","geometry":{"type":"Polygon","coordinates":[[[-48.90299,-27.08983],[-48.90312,-27.08969],[-48.9034,-27.08984],[-48.90304,-27.09023],[-48.90272,-27.09013],[-48.90299,-27.08983]]]},"properties":{"setor":"SC_BRUSQUE_SR_98_CPRM","risco":"Deslizamento","bairro":"Santa Rita","ruas":"Marcílio Dias","n_residencias":"08","n_pessoas":"32"}},
{"type":"Feature","geometry":{"type":"Polygon","coordinates":[[[-48.90113,-27.08973],[-48.90145,-27.08928],[-48.90172,-27.08951],[-48.90205,-27.08963],[-48.90264,-27.08968],[-48.90302,-27.08931],[-48.90373,-27.0885],[-48.90417,-27.08818],[-48.90434,-27.08833],[-48.90391,-27.08867],[-48.90324,-27.08947],[-48.90258,-27.09014],[-48.90179,-27.08985],[-48.9016,-27.08995],[-48.90154,-27.08978],[-48.90113,-27.08973]]]},"properties":{"setor":"SC_BRUSQUE_SR_99_CPRM","risco":"Deslizamento","subsidiario":"Rastejo, Enxurrada (Fluxo)","bairro":"Santa Rita","ruas":"Marcílio Dias","n_residencias":"34","n_pessoas":"136"}},
{"type":"Feature","geometry":{"type":"Polygon","coordinates":[[[-48.90502,-27.08615],[-48.90482,-27.08624],[-48.90458,-27.08603],[-48.90486,-27.08592],[-48.90502,-27.08615]]]},"properties":{"setor":"SC_BRUSQUE_SR_100_CPRM","risco":"Deslizamento","bairro":"Santa Rita","ruas":"Sete de Setembro","n_residencias":"06","n_pessoas":"24"}},
{"type":"Feature","geometry":{"type":"Polygon","coordinates":[[[-48.90423,-27.08509],[-48.90364,-27.08527],[-48.903,-27.08521],[-48.90307,-27.08495],[-48.9035,-27.085],[-48.90364,-27.08491],[-48.90344,-27.08477],[-48.90369,-27.08459],[-48.90423,-27.08509]]]},"properties":{"setor":"SC_BRUSQUE_SR_101_CPRM","risco":"Deslizamento","bairro":"Santa Rita","ruas":"Sete de Setembro; Quintino Bocaiúva","n_residencias":"08","n_pessoas":"32"}},
{"type":"Feature","geometry":{"type":"Polygon","coordinates":[[[-48.89866,-27.08911],[-48.89892,-27.08903],[-48.89912,-27.08966],[-48.89881,-27.0897],[-48.89866,-27.08911]]]},"properties":{"setor":"SC_BRUSQUE_SR_102_CPRM","risco":"Deslizamento","bairro":"Nova Brasília","ruas":"Antônio Heil; Manoel Vargas","n_residencias":"03","n_pessoas":"12"}},
{"type":"Feature","geometry":{"type":"Polygon","coordinates":[[[-48.89511,-27.0817],[-48.89498,-27.08181],[-48.89421,-27.0814],[-48.89404,-27.08114],[-48.89432,-27.0811],[-48.89511,-27.0817]]]},"properties":{"setor":"SC_BRUSQUE_SR_103_CPRM","risco":"Deslizamento","bairro":"Nova Brasília","ruas":"Antônio Heil","n_residencias":"09","n_pessoas":"36"}},
{"type":"Feature","geometry":{"type":"Polygon","coordinates":[[[-48.89278,-27.08136],[-48.89323,-27.08139],[-48.89307,-27.08175],[-48.89274,-27.08173],[-48.89278,-27.08136]]]},"properties":{"setor":"SC_BRUSQUE_SR_104_CPRM","risco":"Deslizamento","bairro":"Nova Brasília","ruas":"Sebastião Venâncio Foster","n_residencias":"06","n_pessoas":"24"}},
{"type":"Feature","geometry":{"type":"Polygon","coordinates":[[[-48.85501,-27.08714],[-48.85533,-27.08724],[-48.85488,-27.08791],[-48.85459,-27.08791],[-48.85501,-27.08714]]]},"properties":{"setor":"SC_BRUSQUE_SR_105_CPRM","risco":"Deslizamento","bairro":"Limeira","ruas":"Alberto Muller","n_residencias":"04","n_pessoas":"16"}},
{"type":"Feature","geometry":{"type":"Polygon","coordinates":[[[-48.86686,-27.07987],[-48.86722,-27.07986],[-48.86718,-27.08036],[-48.86681,-27.08038],[-48.8668,-27.08063],[-48.86622,-27.08065],[-48.8662,-27.08047],[-48.86657,-27.08046],[-48.86657,-27.08033],[-48.86687,-27.08032],[-48.86686,-27.07987]]]},"properties":{"setor":"SC_BRUSQUE_SR_106_CPRM","risco":"Deslizamento","bairro":"Limeira","ruas":"Eugênio Brandt","n_residencias":"04","n_pessoas":"16"}},
{"type":"Feature","geometry":{"type":"Polygon","coordinates":[[[-48.86557,-27.08023],[-48.86569,-27.08023],[-48.86569,-27.08087],[-48.86555,-27.0809],[-48.86557,-27.08023]]]},"properties":{"setor":"SC_BRUSQUE_SR_107_CPRM","risco":"Deslizamento","bairro":"Limeira","ruas":"Victório Octaviano Floriane","n_residencias":"02","n_pessoas":"8"}},
{"type":"Feature","geometry":{"type":"Polygon","coordinates":[[[-48.92496,-27.11208],[-48.92496,-27.11182],[-48.9252,-27.1119],[-48.92597,-27.1119],[-48.92595,-27.11211],[-48.92496,-27.11208]]]},"properties":{"setor":"SC_BRUSQUE_SR_108_CPRM","risco":"Deslizamento","bairro":"Souza Cruz","ruas":"Daniel Barni; SC 012","n_residencias":"07","n_pessoas":"28"}},
{"type":"Feature","geometry":{"type":"Polygon","coordinates":[[[-48.92732,-27.11207],[-48.92677,-27.11208],[-48.92677,-27.11184],[-48.92791,-27.11184],[-48.92785,-27.11209],[-48.92732,-27.11207]]]},"properties":{"setor":"SC_BRUSQUE_SR_109_CPRM","risco":"Deslizamento","bairro":"Souza Cruz","ruas":"SC 012","n_residencias":"09","n_pessoas":"36"}},
{"type":"Feature","geometry":{"type":"Polygon","coordinates":[[[-48.92778,-27.11279],[-48.92777,-27.11253],[-48.92831,-27.11256],[-48.92828,-27.11279],[-48.92778,-27.11279]]]},"properties":{"setor":"SC_BRUSQUE_SR_110_CPRM","risco":"Deslizamento","bairro":"Souza Cruz","ruas":"SC 048","n_residencias":"02","n_pessoas":"8"}},
{"type":"Feature","geometry":{"type":"Polygon","coordinates":[[[-48.91864,-27.13062],[-48.91861,-27.13059],[-48.91913,-27.13008],[-48.91944,-27.12998],[-48.92031,-27.12903],[-48.92079,-27.12872],[-48.92125,-27.12829],[-48.92145,-27.12778],[-48.92176,-27.12784],[-48.9216,-27.12827],[-48.92135,-27.12844],[-48.9213,-27.1287],[-48.92036,-27.12945],[-48.91958,-27.13018],[-48.91946,-27.13028],[-48.91935,-27.13022],[-48.91904,-27.1304],[-48.91864,-27.13062]]]},"properties":{"setor":"SC_BRUSQUE_SR_111_CPRM","risco":"Deslizamento","subsidiario":"Rastejo","bairro":"Azambuja","ruas":"Padre Antônio Eising","n_residencias":"11","n_pessoas":"44"}},
{"type":"Feature","geometry":{"type":"Polygon","coordinates":[[[-48.91541,-27.13101],[-48.91555,-27.13069],[-48.91575,-27.13082],[-48.91609,-27.13062],[-48.91628,-27.13086],[-48.91655,-27.13082],[-48.91681,-27.13061],[-48.91693,-27.13079],[-48.91658,-27.13113],[-48.91628,-27.13109],[-48.91631,-27.13127],[-48.91565,-27.13122],[-48.91541,-27.13101]]]},"properties":{"setor":"SC_BRUSQUE_SR_112_CPRM","risco":"Deslizamento","bairro":"Azambuja","ruas":"AZ 032","n_residencias":"09","n_pessoas":"36"}},
{"type":"Feature","geometry":{"type":"Polygon","coordinates":[[[-48.91339,-27.13394],[-48.91334,-27.13372],[-48.91378,-27.13357],[-48.91395,-27.13337],[-48.91394,-27.13377],[-48.91357,-27.1338],[-48.91339,-27.13394]]]},"properties":{"setor":"SC_BRUSQUE_SR_113_CPRM","risco":"Deslizamento","subsidiario":"Rastejo","bairro":"Azambuja","ruas":"AZ 017; AZ 018","n_residencias":"03","n_pessoas":"12"}},
{"type":"Feature","geometry":{"type":"Polygon","coordinates":[[[-48.91444,-27.13239],[-48.91464,-27.1324],[-48.9146,-27.13259],[-48.91441,-27.13259],[-48.91435,-27.13294],[-48.91416,-27.13292],[-48.91419,-27.13264],[-48.91398,-27.13249],[-48.91443,-27.13252],[-48.91444,-27.13239]]]},"properties":{"setor":"SC_BRUSQUE_SR_114_CPRM","risco":"Deslizamento","bairro":"Azambuja","ruas":"Luiz Vanolli; AZ 018","n_residencias":"06","n_pessoas":"24"}},
{"type":"Feature","geometry":{"type":"Polygon","coordinates":[[[-48.91392,-27.1324],[-48.91389,-27.13215],[-48.91483,-27.13203],[-48.91485,-27.13231],[-48.91392,-27.1324]]]},"properties":{"setor":"SC_BRUSQUE_SR_115_CPRM","risco":"Deslizamento","bairro":"Azambuja","ruas":"Luiz Vanolli","n_residencias":"05","n_pessoas":"20"}},
{"type":"Feature","geometry":{"type":"Polygon","coordinates":[[[-48.9142,-27.13456],[-48.91409,-27.1343],[-48.91447,-27.13399],[-48.91458,-27.13374],[-48.91467,-27.13388],[-48.9151,-27.1337],[-48.915,-27.13398],[-48.91446,-27.13444],[-48.9142,-27.13456]]]},"properties":{"setor":"SC_BRUSQUE_SR_116_CPRM","risco":"Deslizamento","bairro":"Azambuja","ruas":"Padre Antônio Eising","n_residencias":"03","n_pessoas":"12"}},
{"type":"Feature","geometry":{"type":"Polygon","coordinates":[[[-48.90434,-27.16158],[-48.90404,-27.16141],[-48.90438,-27.16091],[-48.90454,-27.16101],[-48.90434,-27.16131],[-48.90449,-27.16141],[-48.90434,-27.16158]]]},"properties":{"setor":"SC_BRUSQUE_SR_117_CPRM","risco":"Deslizamento","bairro":"Zantão","ruas":"ZT 004","n_residencias":"04","n_pessoas":"16"}},
{"type":"Feature","geometry":{"type":"Polygon","coordinates":[[[-48.90418,-27.16082],[-48.90404,-27.16101],[-48.90351,-27.16071],[-48.90363,-27.1605],[-48.90418,-27.16082]]]},"properties":{"setor":"SC_BRUSQUE_SR_118_CPRM","risco":"Deslizamento","bairro":"Zantão","ruas":"ZT 004; ZT 003","n_residencias":"05","n_pessoas":"20"}},
{"type":"Feature","geometry":{"type":"Polygon","coordinates":[[[-48.90371,-27.1597],[-48.90412,-27.15965],[-48.90419,-27.16],[-48.90407,-27.16002],[-48.90413,-27.16039],[-48.90399,-27.16042],[-48.90378,-27.16003],[-48.90371,-27.1597]]]},"properties":{"setor":"SC_BRUSQUE_SR_119_CPRM","risco":"Deslizamento","bairro":"Zantão","ruas":"ZT 002; ZT 003","n_residencias":"04","n_pessoas":"16"}},
{"type":"Feature","geometry":{"type":"Polygon","coordinates":[[[-48.90241,-27.14826],[-48.90098,-27.14826],[-48.90095,-27.14766],[-48.9019,-27.14769],[-48.9019,-27.14799],[-48.90244,-27.14802],[-48.90241,-27.14826]]]},"properties":{"setor":"SC_BRUSQUE_SR_120_CPRM","risco":"Deslizamento","bairro":"Águas Claras","ruas":"Imigrantes; AC 10","n_residencias":"16","n_pessoas":"64"}},
{"type":"Feature","geometry":{"type":"Polygon","coordinates":[[[-48.89503,-27.13158],[-48.89478,-27.13113],[-48.89453,-27.13109],[-48.89461,-27.13082],[-48.89476,-27.13083],[-48.8948,-27.13047],[-48.89509,-27.13042],[-48.89515,-27.13132],[-48.89576,-27.13129],[-48.89544,-27.13183],[-48.89503,-27.13158]]]},"properties":{"setor":"SC_BRUSQUE_SR_121_CPRM","risco":"Deslizamento","subsidiario":"Erosão","bairro":"1º de Maio","ruas":"PM 031","n_residencias":"07","n_pessoas":"28"}},
{"type":"Feature","geometry":{"type":"Polygon","coordinates":[[[-48.89514,-27.1317],[-48.89507,-27.13183],[-48.8955,-27.13199],[-48.89544,-27.13213],[-48.89485,-27.13202],[-48.89483,-27.13216],[-48.89447,-27.13213],[-48.89448,-27.13199],[-48.89422,-27.13186],[-48.8945,-27.13143],[-48.89423,-27.13118],[-48.89441,-27.13104],[-48.89514,-27.1317]]]},"properties":{"setor":"SC_BRUSQUE_SR_122_CPRM","risco":"Deslizamento","bairro":"1º de Maio","ruas":"PM 013; PM 031","n_residencias":"12","n_pessoas":"48"}},
{"type":"Feature","geometry":{"type":"Polygon","coordinates":[[[-48.89612,-27.13265],[-48.89611,-27.13249],[-48.89657,-27.13153],[-48.89705,-27.13121],[-48.89706,-27.13161],[-48.89691,-27.13208],[-48.89679,-27.13209],[-48.89657,-27.13268],[-48.89635,-27.13267],[-48.89623,-27.1329],[-48.89612,-27.13265]]]},"properties":{"setor":"SC_BRUSQUE_SR_123_CPRM","risco":"Deslizamento","subsidiario":"Rastejo","bairro":"1º de Maio","ruas":"João XXIII; Amaro Cardozo","n_residencias":"21","n_pessoas":"84"}},
{"type":"Feature","geometry":{"type":"Polygon","coordinates":[[[-48.89356,-27.13436],[-48.8934,-27.13433],[-48.89337,-27.13395],[-48.89326,-27.13393],[-48.89325,-27.13354],[-48.89362,-27.13353],[-48.89356,-27.13436]]]},"properties":{"setor":"SC_BRUSQUE_SR_124_CPRM","risco":"Deslizamento","bairro":"1º de Maio","ruas":"Egon Jeske; PM 014","n_residencias":"07","n_pessoas":"28"}},
{"type":"Feature","geometry":{"type":"Polygon","coordinates":[[[-48.89442,-27.13223],[-48.89442,-27.13232],[-48.89484,-27.13234],[-48.89475,-27.13288],[-48.89384,-27.13289],[-48.89388,-27.13266],[-48.89411,-27.13266],[-48.89414,-27.13221],[-48.89442,-27.13223]]]},"properties":{"setor":"SC_BRUSQUE_SR_125_CPRM","risco":"Deslizamento","bairro":"1º de Maio","ruas":"Érico Jescke","n_residencias":"15","n_pessoas":"60"}},
{"type":"Feature","geometry":{"type":"Polygon","coordinates":[[[-48.9325,-27.16182],[-48.93255,-27.16158],[-48.93209,-27.16151],[-48.93206,-27.16107],[-48.93232,-27.1606],[-48.93324,-27.16048],[-48.93323,-27.15986],[-48.93338,-27.15984],[-48.93349,-27.16023],[-48.93344,-27.16074],[-48.93363,-27.16086],[-48.9334,-27.16128],[-48.93321,-27.16137],[-48.93306,-27.16294],[-48.93269,-27.16288],[-48.9325,-27.16182]]]},"properties":{"setor":"SC_BRUSQUE_SR_126_CPRM","risco":"Deslizamento","bairro":"Cedrinho","ruas":"Pedro Cardeal; Paulo Cardeal","n_residencias":"34","n_pessoas":"136"}},
{"type":"Feature","geometry":{"type":"Polygon","coordinates":[[[-48.93112,-27.16062],[-48.93129,-27.16062],[-48.93128,-27.16001],[-48.93118,-27.1597],[-48.93138,-27.15968],[-48.93153,-27.15987],[-48.93155,-27.16107],[-48.93113,-27.16104],[-48.93112,-27.16062]]]},"properties":{"setor":"SC_BRUSQUE_SR_127_CPRM","risco":"Deslizamento","subsidiario":"Erosão","bairro":"Cedrinho","ruas":"Paulina Cardeal","n_residencias":"10","n_pessoas":"40"}},
{"type":"Feature","geometry":{"type":"Polygon","coordinates":[[[-48.93879,-27.16657],[-48.93901,-27.16684],[-48.93845,-27.16729],[-48.93827,-27.16728],[-48.93825,-27.16655],[-48.93879,-27.16657]]]},"properties":{"setor":"SC_BRUSQUE_SR_128_CPRM","risco":"Deslizamento","bairro":"Tomaz Coelho","ruas":"TC 013","n_residencias":"03","n_pessoas":"12"}},
{"type":"Feature","geometry":{"type":"Polygon","coordinates":[[[-48.93884,-27.16628],[-48.93818,-27.16633],[-48.93798,-27.16583],[-48.93847,-27.16554],[-48.93843,-27.165],[-48.9383,-27.16454],[-48.93853,-27.16449],[-48.93869,-27.16496],[-48.9387,-27.16556],[-48.93882,-27.1658],[-48.93884,-27.16628]]]},"properties":{"setor":"SC_BRUSQUE_SR_129_CPRM","risco":"Deslizamento","bairro":"Tomaz Coelho","ruas":"Alberto klabunde","n_residencias":"11","n_pessoas":"44"}},
{"type":"Feature","geometry":{"type":"Polygon","coordinates":[[[-48.93871,-27.16431],[-48.93916,-27.16426],[-48.93944,-27.16578],[-48.93945,-27.166],[-48.93903,-27.16594],[-48.93901,-27.16552],[-48.93888,-27.16513],[-48.93871,-27.16431]]]},"properties":{"setor":"SC_BRUSQUE_SR_130_CPRM","risco":"Deslizamento","bairro":"Tomaz Coelho","ruas":"Alberto Klabunde","n_residencias":"04","n_pessoas":"16"}},
{"type":"Feature","geometry":{"type":"Polygon","coordinates":[[[-48.94637,-27.167],[-48.94649,-27.16737],[-48.94452,-27.16735],[-48.94451,-27.16717],[-48.94421,-27.16717],[-48.94419,-27.16698],[-48.94528,-27.16697],[-48.94637,-27.167]]]},"properties":{"setor":"SC_BRUSQUE_SR_131_CPRM","risco":"Deslizamento","bairro":"Tomaz Coelho","ruas":"Dionísio Vidal Hoffmann; TC 002","n_residencias":"32","n_pessoas":"128"}},
{"type":"Feature","geometry":{"type":"Polygon","coordinates":[[[-48.94713,-27.16821],[-48.94693,-27.16872],[-48.94653,-27.17011],[-48.94622,-27.17059],[-48.94595,-27.17079],[-48.94563,-27.17041],[-48.94492,-27.17033],[-48.94494,-27.17015],[-48.94532,-27.17015],[-48.94545,-27.17001],[-48.94577,-27.17005],[-48.94592,-27.16985],[-48.94626,-27.16986],[-48.94651,-27.1693],[-48.94663,-27.16811],[-48.94698,-27.16774],[-48.94721,-27.16766],[-48.94713,-27.16821]]]},"properties":{"setor":"SC_BRUSQUE_SR_132_CPRM","risco":"Deslizamento","bairro":"Tomaz Coelho","ruas":"Ângelo Luçolli; Nicolau Koller","n_residencias":"22","n_pessoas":"88"}},
{"type":"Feature","geometry":{"type":"Polygon","coordinates":[[[-48.94497,-27.17042],[-48.94487,-27.17054],[-48.94464,-27.17042],[-48.94478,-27.17029],[-48.94497,-27.17042]]]},"properties":{"setor":"SC_BRUSQUE_SR_133_CPRM","risco":"Deslizamento","bairro":"Tomaz Coelho","ruas":"Nicolau Koller","n_residencias":"02","n_pessoas":"8"}},
{"type":"Feature","geometry":{"type":"Polygon","coordinates":[[[-48.86565,-27.05723],[-48.86571,-27.0576],[-48.86539,-27.05758],[-48.86536,-27.05721],[-48.86565,-27.05723]]]},"properties":{"setor":"SC_BRUSQUE_SR_134_CPRM","risco":"Deslizamento","bairro":"Planalto","ruas":"Lino Vacelai","n_residencias":"01","n_pessoas":"4"}},
{"type":"Feature","geometry":{"type":"Polygon","coordinates":[[[-48.86528,-27.05732],[-48.86528,-27.0576],[-48.86464,-27.05762],[-48.86463,-27.05737],[-48.86528,-27.05732]]]},"properties":{"setor":"SC_BRUSQUE_SR_135_CPRM","risco":"Deslizamento","bairro":"Planalto","ruas":"Lino Vacelai; Agnaldo Valentim","n_residencias":"5","n_pessoas":"20"}},
{"type":"Feature","geometry":{"type":"Polygon","coordinates":[[[-48.8897,-27.04316],[-48.88971,-27.04362],[-48.88938,-27.04349],[-48.88879,-27.04362],[-48.8885,-27.04353],[-48.8897,-27.04316]]]},"properties":{"setor":"SC_BRUSQUE_SR_136_CPRM","risco":"Deslizamento","bairro":"Bateas","ruas":"MAx Ristow","n_residencias":"8","n_pessoas":"32"}},
{"type":"Feature","geometry":{"type":"Polygon","coordinates":[[[-48.8813,-27.03884],[-48.88168,-27.03911],[-48.88075,-27.03994],[-48.88023,-27.04018],[-48.87942,-27.04063],[-48.87921,-27.04034],[-48.88052,-27.03967],[-48.8809,-27.0394],[-48.8813,-27.03884]]]},"properties":{"setor":"SC_BRUSQUE_SR_137_CPRM","risco":"Deslizamento","bairro":"Bateas","ruas":"Abraão de Souza E Silva","n_residencias":"13","n_pessoas":"52"}},
{"type":"Feature","geometry":{"type":"Polygon","coordinates":[[[-48.8873,-27.02919],[-48.88745,-27.02909],[-48.88756,-27.02926],[-48.88795,-27.02931],[-48.88838,-27.02925],[-48.88841,-27.02943],[-48.8879,-27.02948],[-48.88744,-27.02937],[-48.8873,-27.02919]]]},"properties":{"setor":"SC_BRUSQUE_SR_138_CPRM","risco":"Deslizamento","bairro":"Volta Grande","ruas":"Dimicio Tristão Bitencourt","n_residencias":"4","n_pessoas":"16"}},
{"type":"Feature","geometry":{"type":"Polygon","coordinates":[[[-48.88719,-27.02783],[-48.88717,-27.02829],[-48.88694,-27.02828],[-48.88698,-27.02782],[-48.88719,-27.02783]]]},"properties":{"setor":"SC_BRUSQUE_SR_139_CPRM","risco":"Deslizamento","subsidiario":"Erosão","bairro":"Volta Grande","ruas":"Dimicio Tristão Bitencourt","n_residencias":"2","n_pessoas":"8"}},
{"type":"Feature","geometry":{"type":"Polygon","coordinates":[[[-48.88604,-27.03604],[-48.88527,-27.03601],[-48.88471,-27.03557],[-48.88475,-27.03535],[-48.88543,-27.03539],[-48.88564,-27.03557],[-48.88565,-27.03578],[-48.88641,-27.03575],[-48.8865,-27.03602],[-48.88604,-27.03604]]]},"properties":{"setor":"SC_BRUSQUE_SR_140_CPRM","risco":"Deslizamento","bairro":"Volta Grande","ruas":"Francisco Frederico da Silva; BA 042; BA 043","n_residencias":"16","n_pessoas":"64"}},
{"type":"Feature","geometry":{"type":"Polygon","coordinates":[[[-48.9089,-27.05639],[-48.90916,-27.05677],[-48.90863,-27.05666],[-48.90863,-27.05635],[-48.9089,-27.05639]]]},"properties":{"setor":"SC_BRUSQUE_SR_141_CPRM","risco":"Deslizamento","bairro":"Bateas","ruas":"Ilson Radtiz; Bela Vista","n_residencias":"3","n_pessoas":"12"}},
{"type":"Feature","geometry":{"type":"Polygon","coordinates":[[[-48.90991,-27.05685],[-48.90999,-27.05729],[-48.90961,-27.0573],[-48.90961,-27.05709],[-48.90932,-27.05711],[-48.90937,-27.05685],[-48.90991,-27.05685]]]},"properties":{"setor":"SC_BRUSQUE_SR_142_CPRM","risco":"Deslizamento","bairro":"Bateas","ruas":"Ilson Radtiz; BA 069","n_residencias":"6","n_pessoas":"24"}},
{"type":"Feature","geometry":{"type":"Polygon","coordinates":[[[-48.91103,-27.05663],[-48.91083,-27.05669],[-48.91057,-27.05699],[-48.90994,-27.0565],[-48.91016,-27.05628],[-48.91054,-27.05657],[-48.91072,-27.05639],[-48.91103,-27.05663]]]},"properties":{"setor":"SC_BRUSQUE_SR_143_CPRM","risco":"Deslizamento","bairro":"Bateas","ruas":"Ilson Radtiz; BA 068","n_residencias":"8","n_pessoas":"32"}},
{"type":"Feature","geometry":{"type":"Polygon","coordinates":[[[-48.96136,-27.17402],[-48.96135,-27.17438],[-48.96111,-27.17437],[-48.96111,-27.17402],[-48.96136,-27.17402]]]},"properties":{"setor":"SC_BRUSQUE_SR_144_CPRM","risco":"Deslizamento","bairro":"Cedro Alto","ruas":"Ivan Carlos Koller","n_residencias":"4","n_pessoas":"16"}},
{"type":"Feature","geometry":{"type":"Polygon","coordinates":[[[-48.95717,-27.14267],[-48.95687,-27.14288],[-48.95623,-27.14248],[-48.95611,-27.14233],[-48.95575,-27.14227],[-48.9555,-27.14175],[-48.95512,-27.14136],[-48.95539,-27.14109],[-48.95587,-27.14148],[-48.95717,-27.14267]]]},"properties":{"setor":"SC_BRUSQUE_SR_145_CPRM","risco":"Deslizamento","bairro":"Dom Joaquim","ruas":"Do Cedro","n_residencias":"10","n_pessoas":"44"}},
{"type":"Feature","geometry":{"type":"Polygon","coordinates":[[[-48.95347,-27.14123],[-48.95368,-27.14129],[-48.95357,-27.14164],[-48.95364,-27.14179],[-48.95334,-27.1418],[-48.95347,-27.14123]]]},"properties":{"setor":"SC_BRUSQUE_SR_146_CPRM","risco":"Deslizamento","bairro":"Dom Joaquim","ruas":"Germano Hort","n_residencias":"03","n_pessoas":"12"}},
{"type":"Feature","geometry":{"type":"Polygon","coordinates":[[[-48.95342,-27.14138],[-48.95326,-27.14179],[-48.95332,-27.14221],[-48.95295,-27.14219],[-48.95274,-27.14193],[-48.95287,-27.14114],[-48.95342,-27.14138]]]},"properties":{"setor":"SC_BRUSQUE_SR_147_CPRM","risco":"Deslizamento","subsidiario":"Enxurrada (Fluxo) (Alagamento)","bairro":"Dom Joaquim","ruas":"Germano Hort","n_residencias":"13","n_pessoas":"52"}},
{"type":"Feature","geometry":{"type":"Polygon","coordinates":[[[-48.94617,-27.10528],[-48.94659,-27.10528],[-48.94659,-27.10573],[-48.94703,-27.10575],[-48.94707,-27.10704],[-48.94622,-27.10717],[-48.94623,-27.10652],[-48.94617,-27.10528]]]},"properties":{"setor":"SC_BRUSQUE_SR_148_CPRM","risco":"Deslizamento","bairro":"Guarani","ruas":"João Voss Junior","n_residencias":"20","n_pessoas":"80"}},
{"type":"Feature","geometry":{"type":"Polygon","coordinates":[[[-48.94339,-27.1072],[-48.94317,-27.10695],[-48.94318,-27.10669],[-48.94351,-27.10622],[-48.94383,-27.10597],[-48.94424,-27.10524],[-48.94447,-27.10536],[-48.94429,-27.10557],[-48.94404,-27.1063],[-48.94367,-27.1069],[-48.94339,-27.1072]]]},"properties":{"setor":"SC_BRUSQUE_SR_149_CPRM","risco":"Deslizamento","bairro":"Rio Branco","ruas":"Ernesto Bianchine","n_residencias":"06","n_pessoas":"24"}},
{"type":"Feature","geometry":{"type":"Polygon","coordinates":[[[-48.94437,-27.1056],[-48.94469,-27.10595],[-48.9445,-27.10627],[-48.94462,-27.10644],[-48.94437,-27.10684],[-48.94424,-27.10676],[-48.94381,-27.10736],[-48.94395,-27.10789],[-48.94443,-27.10793],[-48.94491,-27.1086],[-48.94412,-27.1089],[-48.94358,-27.10763],[-48.94355,-27.10729],[-48.94416,-27.10623],[-48.94437,-27.1056]]]},"properties":{"setor":"SC_BRUSQUE_SR_150_CPRM","risco":"Deslizamento","bairro":"Rio Branco","ruas":"Ernesto Bianchine","n_residencias":"17","n_pessoas":"68"}},
{"type":"Feature","geometry":{"type":"Polygon","coordinates":[[[-48.90986,-27.06205],[-48.90964,-27.06234],[-48.90881,-27.06183],[-48.90897,-27.06134],[-48.90873,-27.06112],[-48.90832,-27.06099],[-48.9084,-27.06089],[-48.9091,-27.06091],[-48.90965,-27.06121],[-48.90968,-27.06138],[-48.90927,-27.0615],[-48.90986,-27.06205]]]},"properties":{"setor":"SC_BRUSQUE_SR_151_CPRM","risco":"Deslizamento","bairro":"Bateas","ruas":"José Reis e Silva; Júlio Gonçalves","n_residencias":"20","n_pessoas":"80"}},
{"type":"Feature","geometry":{"type":"Polygon","coordinates":[[[-48.91732,-27.06949],[-48.91711,-27.06853],[-48.91736,-27.06853],[-48.91771,-27.06869],[-48.91824,-27.06863],[-48.9185,-27.06886],[-48.91874,-27.06885],[-48.91858,-27.06901],[-48.91869,-27.06959],[-48.9177,-27.06985],[-48.91741,-27.06984],[-48.91732,-27.06949]]]},"properties":{"setor":"SC_BRUSQUE_SR_152_CPRM","risco":"Deslizamento","bairro":"Steffen","ruas":"Germano  Fischer; Barriga Verde; SF 037","n_residencias":"26","n_pessoas":"104"}},
{"type":"Feature","geometry":{"type":"Polygon","coordinates":[[[-48.917,-27.06845],[-48.91704,-27.06871],[-48.91629,-27.06873],[-48.9159,-27.06866],[-48.91452,-27.06868],[-48.91354,-27.0686],[-48.91356,-27.06839],[-48.91592,-27.06842],[-48.917,-27.06845]]]},"properties":{"setor":"SC_BRUSQUE_SR_153_CPRM","risco":"Deslizamento","bairro":"Steffen","ruas":"João Batista Bononomi; Germano Fischer","n_residencias":"23","n_pessoas":"92"}},
{"type":"Feature","geometry":{"type":"Polygon","coordinates":[[[-48.91289,-27.0683],[-48.91297,-27.06796],[-48.91354,-27.06814],[-48.91397,-27.06813],[-48.91396,-27.06832],[-48.91289,-27.0683]]]},"properties":{"setor":"SC_BRUSQUE_SR_154_CPRM","risco":"Deslizamento","bairro":"Steffen","ruas":"João Batista Bononomi","n_residencias":"11","n_pessoas":"44"}},
{"type":"Feature","geometry":{"type":"Polygon","coordinates":[[[-48.91502,-27.06772],[-48.91468,-27.06836],[-48.91414,-27.06831],[-48.9145,-27.06727],[-48.91502,-27.06772]]]},"properties":{"setor":"SC_BRUSQUE_SR_155_CPRM","risco":"Deslizamento","bairro":"Steffen","ruas":"João Batista Bononomi; Germano Fischer","n_residencias":"18","n_pessoas":"72"}},
{"type":"Feature","geometry":{"type":"Polygon","coordinates":[[[-48.90819,-27.07134],[-48.90807,-27.07092],[-48.90846,-27.07087],[-48.90973,-27.07086],[-48.90965,-27.07149],[-48.90952,-27.07169],[-48.90913,-27.07147],[-48.90856,-27.07146],[-48.90862,-27.07126],[-48.90819,-27.07134]]]},"properties":{"setor":"SC_BRUSQUE_SR_156_CPRM","risco":"Deslizamento","bairro":"Steffen","ruas":"Pedro Ernesto Visconti","n_residencias":"14","n_pessoas":"56"}},
{"type":"Feature","geometry":{"type":"Polygon","coordinates":[[[-48.90962,-27.07167],[-48.90967,-27.07195],[-48.90907,-27.07204],[-48.90904,-27.07187],[-48.90962,-27.07167]]]},"properties":{"setor":"SC_BRUSQUE_SR_157_CPRM","risco":"Erosão Fluvial","subsidiario":"Deslizamento","bairro":"Steffen","ruas":"Guilherme Steffen","n_residencias":"6","n_pessoas":"24"}},
{"type":"Feature","geometry":{"type":"Polygon","coordinates":[[[-48.90727,-27.07246],[-48.9072,-27.07227],[-48.90756,-27.07215],[-48.90784,-27.07193],[-48.90797,-27.07206],[-48.90779,-27.07228],[-48.90727,-27.07246]]]},"properties":{"setor":"SC_BRUSQUE_SR_158_CPRM","risco":"Deslizamento","bairro":"Steffen","ruas":"Waldemar Fischer","n_residencias":"5","n_pessoas":"20"}},
{"type":"Feature","geometry":{"type":"Polygon","coordinates":[[[-48.91238,-27.077],[-48.91231,-27.07656],[-48.91221,-27.07656],[-48.91223,-27.07618],[-48.913,-27.07621],[-48.91299,-27.07587],[-48.91342,-27.0759],[-48.91345,-27.07619],[-48.91445,-27.07623],[-48.91446,-27.0767],[-48.91556,-27.07669],[-48.91556,-27.07693],[-48.91339,-27.07695],[-48.91338,-27.07723],[-48.91268,-27.07722],[-48.91267,-27.077],[-48.91238,-27.077]]]},"properties":{"setor":"SC_BRUSQUE_SR_159_CPRM","risco":"Deslizamento","bairro":"Steffen","ruas":"Arthur Érico Hening; Zenaide Santos de Souza; Germano Morsch","n_residencias":"31","n_pessoas":"124"}},
{"type":"Feature","geometry":{"type":"Polygon","coordinates":[[[-48.9202,-27.07801],[-48.92022,-27.07784],[-48.92078,-27.07768],[-48.92116,-27.0771],[-48.92143,-27.07682],[-48.92168,-27.07673],[-48.92186,-27.07718],[-48.92196,-27.07719],[-48.92182,-27.0778],[-48.92127,-27.07779],[-48.9212,-27.0781],[-48.92141,-27.07842],[-48.92123,-27.07844],[-48.92048,-27.07806],[-48.9202,-27.07801]]]},"properties":{"setor":"SC_BRUSQUE_SR_160_CPRM","risco":"Deslizamento","bairro":"São Pedro","ruas":"SP 002; SP 003; SP 004","n_residencias":"30","n_pessoas":"120"}},
{"type":"Feature","geometry":{"type":"Polygon","coordinates":[[[-48.92314,-27.07924],[-48.92386,-27.07934],[-48.92452,-27.07923],[-48.92472,-27.07937],[-48.92468,-27.07954],[-48.92346,-27.07959],[-48.92267,-27.07945],[-48.92238,-27.07928],[-48.92247,-27.07913],[-48.92314,-27.07924]]]},"properties":{"setor":"SC_BRUSQUE_SR_161_CPRM","risco":"Deslizamento","bairro":"São Pedro","ruas":"Medeiros","n_residencias":"06","n_pessoas":"24"}},
{"type":"Feature","geometry":{"type":"Polygon","coordinates":[[[-48.92018,-27.07809],[-48.92068,-27.07818],[-48.92112,-27.07843],[-48.92207,-27.07917],[-48.92261,-27.07948],[-48.9235,-27.07965],[-48.92465,-27.07956],[-48.92466,-27.08002],[-48.92408,-27.08019],[-48.92343,-27.08016],[-48.92342,-27.07996],[-48.92237,-27.07993],[-48.92231,-27.08018],[-48.922,-27.08013],[-48.92154,-27.07991],[-48.92147,-27.07964],[-48.92066,-27.07907],[-48.92085,-27.07871],[-48.92053,-27.07844],[-48.91963,-27.07846],[-48.9197,-27.07813],[-48.92018,-27.07809]]]},"properties":{"setor":"SC_BRUSQUE_SR_162_CPRM","risco":"Deslizamento","bairro":"São Pedro","ruas":"Medeiros; SP 005","n_residencias":"39","n_pessoas":"156"}},
{"type":"Feature","geometry":{"type":"Polygon","coordinates":[[[-48.92791,-27.08143],[-48.92794,-27.08173],[-48.92782,-27.08204],[-48.92721,-27.08237],[-48.92622,-27.08224],[-48.92574,-27.0823],[-48.92472,-27.08274],[-48.92448,-27.08293],[-48.92309,-27.08315],[-48.92286,-27.0824],[-48.92403,-27.08218],[-48.92512,-27.08177],[-48.92575,-27.08163],[-48.92678,-27.08166],[-48.92726,-27.08157],[-48.92754,-27.08129],[-48.92743,-27.08079],[-48.92696,-27.08022],[-48.92612,-27.07992],[-48.92572,-27.07985],[-48.92565,-27.07961],[-48.92645,-27.07968],[-48.92678,-27.07978],[-48.9272,-27.08001],[-48.92767,-27.08052],[-48.92791,-27.08143]]]},"properties":{"setor":"SC_BRUSQUE_SR_163_CPRM","risco":"Deslizamento","bairro":"São Pedro","ruas":"São Leopoldo; Medeiros","n_residencias":"19","n_pessoas":"76"}},
{"type":"Feature","geometry":{"type":"Polygon","coordinates":[[[-48.92103,-27.08329],[-48.92101,-27.08309],[-48.9212,-27.08283],[-48.92143,-27.08279],[-48.92147,-27.08238],[-48.9217,-27.08215],[-48.92198,-27.08214],[-48.92197,-27.08276],[-48.92147,-27.08289],[-48.92125,-27.08324],[-48.92103,-27.08329]]]},"properties":{"setor":"SC_BRUSQUE_SR_164_CPRM","risco":"Deslizamento","bairro":"São Pedro","ruas":"Construtora Arnaldo Imhof; Constante Zen","n_residencias":"05","n_pessoas":"20"}},
{"type":"Feature","geometry":{"type":"Polygon","coordinates":[[[-48.9208,-27.08386],[-48.92047,-27.08388],[-48.92053,-27.08325],[-48.9208,-27.08328],[-48.9208,-27.08386]]]},"properties":{"setor":"SC_BRUSQUE_SR_165_CPRM","risco":"Deslizamento","bairro":"São Pedro","ruas":"Hélio Imhof","n_residencias":"3","n_pessoas":"12"}},
{"type":"Feature","geometry":{"type":"Polygon","coordinates":[[[-48.93292,-27.07832],[-48.93313,-27.07835],[-48.93292,-27.07886],[-48.93276,-27.07968],[-48.93276,-27.07992],[-48.93228,-27.07991],[-48.93254,-27.07929],[-48.93266,-27.07878],[-48.93292,-27.07832]]]},"properties":{"setor":"SC_BRUSQUE_SR_166_CPRM","risco":"Deslizamento","bairro":"São Pedro","ruas":"São Leopoldo","n_residencias":"12","n_pessoas":"48"}},
{"type":"Feature","geometry":{"type":"Polygon","coordinates":[[[-48.93272,-27.07829],[-48.93282,-27.07837],[-48.93236,-27.07927],[-48.93149,-27.0794],[-48.93139,-27.07923],[-48.93192,-27.07907],[-48.93212,-27.07873],[-48.93204,-27.07865],[-48.93228,-27.07829],[-48.93248,-27.0783],[-48.93262,-27.07822],[-48.93272,-27.07829]]]},"properties":{"setor":"SC_BRUSQUE_SR_167_CPRM","risco":"Deslizamento","bairro":"São Pedro","ruas":"São Leopoldo","n_residencias":"16","n_pessoas":"64"}},
{"type":"Feature","geometry":{"type":"Polygon","coordinates":[[[-48.92897,-27.07199],[-48.92929,-27.072],[-48.9294,-27.07234],[-48.93003,-27.07241],[-48.93001,-27.07269],[-48.93034,-27.07281],[-48.93034,-27.0737],[-48.93,-27.07369],[-48.92998,-27.07333],[-48.9297,-27.0733],[-48.9296,-27.07309],[-48.92908,-27.07304],[-48.92874,-27.0731],[-48.92878,-27.07203],[-48.92897,-27.07199]]]},"properties":{"setor":"SC_BRUSQUE_SR_168_CPRM","risco":"Deslizamento","bairro":"São Pedro","ruas":"João Antônio Galassine; Luiz Bodenmuller; Altair Bodenmuller","n_residencias":"20","n_pessoas":"80"}},
{"type":"Feature","geometry":{"type":"Polygon","coordinates":[[[-48.93039,-27.07385],[-48.93035,-27.07403],[-48.93015,-27.07404],[-48.92945,-27.07382],[-48.92916,-27.07381],[-48.92915,-27.07406],[-48.92895,-27.07405],[-48.92875,-27.07384],[-48.92877,-27.07362],[-48.92909,-27.07306],[-48.92956,-27.07312],[-48.92958,-27.07333],[-48.93001,-27.07381],[-48.93039,-27.07385]]]},"properties":{"setor":"SC_BRUSQUE_SR_169_CPRM","risco":"Deslizamento","subsidiario":"Rastejo","bairro":"São Pedro","ruas":"João Antônio Galassine; SP 020","n_residencias":"6","n_pessoas":"24"}},
{"type":"Feature","geometry":{"type":"Polygon","coordinates":[[[-48.93324,-27.08123],[-48.93384,-27.08129],[-48.93411,-27.0809],[-48.93442,-27.08089],[-48.93441,-27.08115],[-48.93533,-27.08113],[-48.93535,-27.08132],[-48.93445,-27.08139],[-48.93444,-27.08156],[-48.93325,-27.0816],[-48.93324,-27.08123]]]},"properties":{"setor":"SC_BRUSQUE_SR_170_CPRM","risco":"Deslizamento","bairro":"São Pedro","ruas":"Axel Krieger; SP 050","n_residencias":"9","n_pessoas":"36"}},
{"type":"Feature","geometry":{"type":"Polygon","coordinates":[[[-48.934,-27.08073],[-48.93398,-27.08023],[-48.93491,-27.08025],[-48.93489,-27.08057],[-48.93446,-27.08055],[-48.93445,-27.08073],[-48.934,-27.08073]]]},"properties":{"setor":"SC_BRUSQUE_SR_171_CPRM","risco":"Deslizamento","subsidiario":"Rastejo","bairro":"São Pedro","ruas":"Axel Krieger","n_residencias":"03","n_pessoas":"12"}},
{"type":"Feature","geometry":{"type":"Polygon","coordinates":[[[-48.92614,-27.07028],[-48.92628,-27.07008],[-48.92627,-27.06974],[-48.9265,-27.06973],[-48.9265,-27.06937],[-48.92675,-27.06937],[-48.92672,-27.07035],[-48.92692,-27.07036],[-48.92691,-27.07056],[-48.92654,-27.07038],[-48.92614,-27.07028]]]},"properties":{"setor":"SC_BRUSQUE_SR_172_CPRM","risco":"Enxurrada (Alagamento)","bairro":"São Pedro","ruas":"Enguelberto Boos; São Pedro","n_residencias":"13","n_pessoas":"52"}},
{"type":"Feature","geometry":{"type":"Polygon","coordinates":[[[-48.92048,-27.07449],[-48.92064,-27.07449],[-48.92074,-27.07479],[-48.92127,-27.07512],[-48.92102,-27.07547],[-48.92073,-27.07539],[-48.9206,-27.0752],[-48.92028,-27.07508],[-48.92048,-27.07449]]]},"properties":{"setor":"SC_BRUSQUE_SR_173_CPRM","risco":"Enxurrada (Alagamento)","bairro":"São Pedro","ruas":"Adelaide Fischer; SP 007; SP 008","n_residencias":"10","n_pessoas":"40"}},
{"type":"Feature","geometry":{"type":"Polygon","coordinates":[[[-48.9151,-27.07725],[-48.91511,-27.07698],[-48.91583,-27.07696],[-48.9159,-27.07724],[-48.9151,-27.07725]]]},"properties":{"setor":"SC_BRUSQUE_SR_174_CPRM","risco":"Enxurrada (Alagamento)","bairro":"Steffen","ruas":"Zenaide Santos de Souza","n_residencias":"11","n_pessoas":"44"}},
{"type":"Feature","geometry":{"type":"Polygon","coordinates":[[[-48.91586,-27.08111],[-48.91528,-27.08131],[-48.9151,-27.0812],[-48.91532,-27.0808],[-48.91532,-27.08077],[-48.91533,-27.08076],[-48.91532,-27.0805],[-48.9153,-27.08015],[-48.91605,-27.07984],[-48.91628,-27.07974],[-48.91631,-27.07979],[-48.9164,-27.08],[-48.91638,-27.08001],[-48.9163,-27.08007],[-48.9163,-27.08018],[-48.91629,-27.08046],[-48.91607,-27.08055],[-48.91595,-27.08061],[-48.91585,-27.08074],[-48.91583,-27.08075],[-48.91585,-27.08078],[-48.91586,-27.08111]]]},"properties":{"setor":"SC_BRUSQUE_SR_175_CPRM","risco":"Enxurrada (Alagamento)","bairro":"São Luiz","ruas":"Carlos Henrique Bruns; Pedro Gracher; Prefeito Rodolfo Gerlack","n_residencias":"5","n_pessoas":"20"}},
{"type":"Feature","geometry":{"type":"Polygon","coordinates":[[[-48.91099,-27.07915],[-48.91098,-27.07897],[-48.91107,-27.07901],[-48.91099,-27.07915]]]},"properties":{"setor":"SC_BRUSQUE_SR_176_CPRM","risco":"Enxurrada (Alagamento)","subsidiario":"Erosão Fluvial","bairro":"São Luiz","ruas":"Otto Heckert","n_residencias":"2","n_pessoas":"8"}},
{"type":"Feature","geometry":{"type":"Polygon","coordinates":[[[-48.8736,-27.05649],[-48.87355,-27.05751],[-48.87268,-27.0575],[-48.87266,-27.05705],[-48.87196,-27.05674],[-48.8718,-27.05674],[-48.87181,-27.05651],[-48.8736,-27.05649]]]},"properties":{"setor":"SC_BRUSQUE_SR_177_CPRM","risco":"Enxurrada (Alagamento)","bairro":"Planalto","ruas":"Ângelo Vasselai","n_residencias":"4","n_pessoas":"16"}},
{"type":"Feature","geometry":{"type":"Polygon","coordinates":[[[-48.88614,-27.07509],[-48.88482,-27.07503],[-48.88488,-27.07468],[-48.8851,-27.0746],[-48.88532,-27.074],[-48.88587,-27.07405],[-48.88585,-27.07424],[-48.8862,-27.07431],[-48.88639,-27.07455],[-48.88614,-27.07509]]]},"properties":{"setor":"SC_BRUSQUE_SR_178_CPRM","risco":"Enxurrada (Alagamento)","bairro":"Nova Brasília","ruas":"João Heil; Oswaldo Heil","n_residencias":"37","n_pessoas":"148"}},
{"type":"Feature","geometry":{"type":"Polygon","coordinates":[[[-48.88577,-27.0779],[-48.8858,-27.07789],[-48.88611,-27.07791],[-48.8861,-27.07815],[-48.88587,-27.07815],[-48.88583,-27.07835],[-48.88548,-27.0783],[-48.8855,-27.07805],[-48.88574,-27.07802],[-48.88577,-27.0779]]]},"properties":{"setor":"SC_BRUSQUE_SR_179_CPRM","risco":"Enxurrada (Alagamento)","bairro":"Nova Brasília","ruas":"Antônio Erbs","n_residencias":"9","n_pessoas":"36"}},
{"type":"Feature","geometry":{"type":"Polygon","coordinates":[[[-48.89773,-27.13041],[-48.8976,-27.12964],[-48.89807,-27.12967],[-48.89802,-27.13021],[-48.89773,-27.13041]]]},"properties":{"setor":"SC_BRUSQUE_SR_180_CPRM","risco":"Enxurrada (Alagamento)","bairro":"1º de Maio","ruas":"Frederico Ristow; Bernardo Groh; PM 012","n_residencias":"9","n_pessoas":"36"}},
{"type":"Feature","geometry":{"type":"Polygon","coordinates":[[[-48.90903,-27.11863],[-48.90957,-27.11774],[-48.90956,-27.11727],[-48.90942,-27.11585],[-48.9097,-27.11495],[-48.90982,-27.11442],[-48.91022,-27.1136],[-48.91078,-27.11271],[-48.91093,-27.11238],[-48.91119,-27.11252],[-48.9112,-27.11302],[-48.91094,-27.11325],[-48.91081,-27.11364],[-48.91057,-27.11402],[-48.91043,-27.11406],[-48.91013,-27.11469],[-48.90992,-27.11463],[-48.90953,-27.11602],[-48.90962,-27.117],[-48.90979,-27.11715],[-48.90981,-27.11756],[-48.90993,-27.11784],[-48.90991,-27.11852],[-48.90974,-27.11865],[-48.90948,-27.1186],[-48.90925,-27.11872],[-48.90908,-27.11903],[-48.90887,-27.11892],[-48.90903,-27.11863]]]},"properties":{"setor":"SC_BRUSQUE_SR_181_CPRM","risco":"Enxurrada (Alagamento)","bairro":"1º de Maio","ruas":"1º de Maio; PM 008; Carlos Wanka; Paulo Moritz","n_residencias":"30","n_pessoas":"120"}},
{"type":"Feature","geometry":{"type":"Polygon","coordinates":[[[-48.91176,-27.11128],[-48.91154,-27.11114],[-48.91175,-27.111],[-48.91191,-27.11112],[-48.91176,-27.11128]]]},"properties":{"setor":"SC_BRUSQUE_SR_182_CPRM","risco":"Enxurrada (Alagamento)","bairro":"1º de Maio","ruas":"1º de Maio","n_residencias":"3","n_pessoas":"12"}},
{"type":"Feature","geometry":{"type":"Polygon","coordinates":[[[-48.91457,-27.10837],[-48.91434,-27.10824],[-48.91448,-27.10808],[-48.91454,-27.10766],[-48.91436,-27.1075],[-48.91445,-27.10726],[-48.91423,-27.10718],[-48.91429,-27.10699],[-48.91404,-27.10634],[-48.91407,-27.10522],[-48.91435,-27.1053],[-48.91432,-27.10589],[-48.9142,-27.10641],[-48.91445,-27.10717],[-48.9149,-27.10744],[-48.91471,-27.10817],[-48.91457,-27.10837]]]},"properties":{"setor":"SC_BRUSQUE_SR_183_CPRM","risco":"Enxurrada (Alagamento)","bairro":"1º de Maio","ruas":"1º de Maio; Franciso Walendowsky; Mathias Molier; Ângelo Gamba","n_residencias":"17","n_pessoas":"68"}},
{"type":"Feature","geometry":{"type":"Polygon","coordinates":[[[-48.92403,-27.1464],[-48.92434,-27.14628],[-48.92448,-27.14648],[-48.9246,-27.14708],[-48.92436,-27.14711],[-48.92403,-27.1464]]]},"properties":{"setor":"SC_BRUSQUE_SR_184_CPRM","risco":"Enxurrada (Alagamento)","bairro":"Cedrinho","ruas":"Alberto Klabunde","n_residencias":"11","n_pessoas":"44"}},
{"type":"Feature","geometry":{"type":"Polygon","coordinates":[[[-48.92539,-27.1482],[-48.92519,-27.14785],[-48.92555,-27.14761],[-48.926,-27.14784],[-48.92539,-27.1482]]]},"properties":{"setor":"SC_BRUSQUE_SR_185_CPRM","risco":"Enxurrada (Alagamento)","bairro":"Cedrinho","ruas":"Alberto Klabunde; CD 001","n_residencias":"7","n_pessoas":"28"}},
{"type":"Feature","geometry":{"type":"Polygon","coordinates":[[[-48.91357,-27.14789],[-48.91364,-27.1476],[-48.9141,-27.14784],[-48.91405,-27.14813],[-48.91357,-27.14789]]]},"properties":{"setor":"SC_BRUSQUE_SR_186_CPRM","risco":"Enxurrada (Alagamento)","subsidiario":"Erosão Fluvial","bairro":"Paquetá","ruas":"Santa Cruz; PA 001","n_residencias":"6","n_pessoas":"24"}},
{"type":"Feature","geometry":{"type":"Polygon","coordinates":[[[-48.9132,-27.14742],[-48.91349,-27.14755],[-48.91348,-27.14782],[-48.91298,-27.14754],[-48.91256,-27.14685],[-48.91197,-27.14678],[-48.9114,-27.14629],[-48.91147,-27.14616],[-48.91187,-27.14645],[-48.913,-27.14684],[-48.9132,-27.14742]]]},"properties":{"setor":"SC_BRUSQUE_SR_187_CPRM","risco":"Enxurrada (Alagamento)","subsidiario":"Erosão Fluvial","bairro":"Paquetá","ruas":"Santa Cruz Patrício Dezidério","n_residencias":"21","n_pessoas":"84"}},
{"type":"Feature","geometry":{"type":"Polygon","coordinates":[[[-48.91088,-27.14703],[-48.91078,-27.14693],[-48.911,-27.14676],[-48.9111,-27.14686],[-48.91088,-27.14703]]]},"properties":{"setor":"SC_BRUSQUE_SR_188_CPRM","risco":"Enxurrada (Alagamento)","bairro":"Águas Claras","ruas":"AC 031","n_residencias":"1","n_pessoas":"4"}},
{"type":"Feature","geometry":{"type":"Polygon","coordinates":[[[-48.89085,-27.13005],[-48.89036,-27.12993],[-48.89033,-27.12964],[-48.89065,-27.12963],[-48.89097,-27.12991],[-48.89085,-27.13005]]]},"properties":{"setor":"SC_BRUSQUE_SR_189_CPRM","risco":"Enxurrada (Alagamento)","bairro":"Poço Fundo","ruas":"Poço Fundo; PF 019","n_residencias":"5","n_pessoas":"20"}},
{"type":"Feature","geometry":{"type":"Polygon","coordinates":[[[-48.8844,-27.13379],[-48.88449,-27.13378],[-48.88457,-27.13388],[-48.88438,-27.13401],[-48.88434,-27.13398],[-48.88444,-27.13381],[-48.8844,-27.13379]]]},"properties":{"setor":"SC_BRUSQUE_SR_190_CPRM","risco":"Enxurrada (Alagamento)","bairro":"Poço Fundo","ruas":"Poço Fundo","n_residencias":"7","n_pessoas":"28"}},
{"type":"Feature","geometry":{"type":"Polygon","coordinates":[[[-48.85381,-27.11112],[-48.8538,-27.11068],[-48.85406,-27.11095],[-48.85383,-27.11135],[-48.85399,-27.11157],[-48.85468,-27.11185],[-48.85461,-27.11201],[-48.85406,-27.11178],[-48.85387,-27.11162],[-48.85371,-27.11128],[-48.85381,-27.11112]]]},"properties":{"setor":"SC_BRUSQUE_SR_191_CPRM","risco":"Enxurrada (Alagamento)","subsidiario":"Erosão Fluvial","bairro":"Limeira","ruas":"LI 031","n_residencias":"5","n_pessoas":"20"}},
{"type":"Feature","geometry":{"type":"Polygon","coordinates":[[[-48.85274,-27.11011],[-48.85261,-27.11076],[-48.85221,-27.11158],[-48.85159,-27.11147],[-48.85158,-27.11091],[-48.85167,-27.10994],[-48.85274,-27.11011]]]},"properties":{"setor":"SC_BRUSQUE_SR_192_CPRM","risco":"Enxurrada (Alagamento)","subsidiario":"Erosão Fluvial","bairro":"Limeira","ruas":"Lina Bodenmuller Bertoline","n_residencias":"4","n_pessoas":"16"}},
{"type":"Feature","geometry":{"type":"Polygon","coordinates":[[[-48.87421,-27.07001],[-48.87431,-27.07039],[-48.87446,-27.07057],[-48.87444,-27.07097],[-48.87411,-27.07044],[-48.87378,-27.07047],[-48.87365,-27.06991],[-48.87419,-27.06984],[-48.87421,-27.07001]]]},"properties":{"setor":"SC_BRUSQUE_SR_193_CPRM","risco":"Enxurrada (Alagamento)","subsidiario":"Erosão Fluvial","bairro":"Limeira","ruas":"Ângelo Tomasi","n_residencias":"13","n_pessoas":"52"}},
{"type":"Feature","geometry":{"type":"Polygon","coordinates":[[[-48.95606,-27.14949],[-48.95423,-27.14944],[-48.95365,-27.1494],[-48.9536,-27.14924],[-48.95325,-27.14919],[-48.95324,-27.14903],[-48.95359,-27.14903],[-48.95386,-27.14923],[-48.95423,-27.14934],[-48.9551,-27.1494],[-48.95645,-27.14933],[-48.95646,-27.14949],[-48.95606,-27.14949]]]},"properties":{"setor":"SC_BRUSQUE_SR_194_CPRM","risco":"Enxurrada (Alagamento)","subsidiario":"Erosão Fluvial","bairro":"Dom Joaquim","ruas":"Travessa Dom Joaquim","n_residencias":"04","n_pessoas":"16"}},
{"type":"Feature","geometry":{"type":"Polygon","coordinates":[[[-48.86292,-27.08117],[-48.86293,-27.08154],[-48.86202,-27.08156],[-48.86202,-27.08096],[-48.86175,-27.08101],[-48.86178,-27.08155],[-48.86067,-27.08154],[-48.86081,-27.08122],[-48.86108,-27.0812],[-48.86128,-27.08074],[-48.86189,-27.08064],[-48.86185,-27.08017],[-48.86192,-27.07982],[-48.86309,-27.07981],[-48.86307,-27.08063],[-48.86295,-27.08074],[-48.86292,-27.08117]]]},"properties":{"setor":"SC_BRUSQUE_SR_195_CPRM","risco":"Enxurrada (Alagamento)","bairro":"Limeira","ruas":"Luiz Bertoldi, Victório Otaviano Floriane; Eugênio Brandt","n_residencias":"76","n_pessoas":"304"}},
{"type":"Feature","geometry":{"type":"Polygon","coordinates":[[[-48.86572,-27.08128],[-48.86571,-27.08152],[-48.86523,-27.08152],[-48.8651,-27.08097],[-48.86495,-27.08097],[-48.86495,-27.08042],[-48.86521,-27.08042],[-48.8652,-27.08063],[-48.86537,-27.08072],[-48.86538,-27.08119],[-48.86572,-27.08128]]]},"properties":{"setor":"SC_BRUSQUE_SR_196_CPRM","risco":"Enxurrada (Alagamento)","bairro":"Limeira","ruas":"Luiz Bertoldi, Victório Otaviano Floriane;","n_residencias":"13","n_pessoas":"52"}},
{"type":"Feature","geometry":{"type":"Polygon","coordinates":[[[-48.90617,-27.0546],[-48.90624,-27.05432],[-48.90655,-27.05417],[-48.90656,-27.05398],[-48.9071,-27.054],[-48.90709,-27.05386],[-48.90774,-27.05381],[-48.90775,-27.05404],[-48.90736,-27.0541],[-48.90736,-27.05422],[-48.90666,-27.05418],[-48.90632,-27.05455],[-48.90617,-27.0546]]]},"properties":{"setor":"SC_BRUSQUE_SR_197_CPRM","risco":"Enxurrada (Alagamento)","bairro":"Bateas","ruas":"Pedro Fantoni","n_residencias":"13","n_pessoas":"52"}},
{"type":"Feature","geometry":{"type":"Polygon","coordinates":[[[-48.9112,-27.05612],[-48.91092,-27.05614],[-48.91112,-27.05602],[-48.9112,-27.05612]]]},"properties":{"setor":"SC_BRUSQUE_SR_198_CPRM","risco":"Enxurrada (Alagamento)","bairro":"Bateas","ruas":"Pedro Fantoni; Ilson Radtz","n_residencias":"1","n_pessoas":"4"}},
{"type":"Feature","geometry":{"type":"Polygon","coordinates":[[[-48.91585,-27.08078],[-48.91583,-27.08075],[-48.91585,-27.08074],[-48.91595,-27.08061],[-48.91607,-27.08055],[-48.91629,-27.08046],[-48.9163,-27.08018],[-48.9163,-27.08007],[-48.91638,-27.08001],[-48.9164,-27.08],[-48.91631,-27.07979],[-48.91628,-27.07974],[-48.91605,-27.07984],[-48.9153,-27.08015],[-48.91532,-27.0805],[-48.91533,-27.08076],[-48.91532,-27.08077],[-48.91511,-27.08117],[-48.91441,-27.08085],[-48.91409,-27.07992],[-48.9132,-27.07971],[-48.91279,-27.07972],[-48.91199,-27.08007],[-48.91126,-27.08063],[-48.9102,-27.08106],[-48.90904,-27.08107],[-48.90894,-27.08271],[-48.90906,-27.0846],[-48.90975,-27.08565],[-48.91091,-27.08761],[-48.91073,-27.08861],[-48.90996,-27.08956],[-48.90912,-27.09002],[-48.90856,-27.09044],[-48.90803,-27.09067],[-48.9067,-27.09101],[-48.90644,-27.09143],[-48.9063,-27.09211],[-48.90656,-27.09285],[-48.90676,-27.094],[-48.90761,-27.09555],[-48.90809,-27.09588],[-48.90887,-27.09617],[-48.90897,-27.09597],[-48.90918,-27.09593],[-48.90929,-27.09542],[-48.91002,-27.09533],[-48.91047,-27.09549],[-48.91108,-27.09582],[-48.91154,-27.09585],[-48.91164,-27.09605],[-48.91143,-27.09624],[-48.91147,-27.09654],[-48.91166,-27.09655],[-48.91163,-27.097],[-48.91137,-27.09717],[-48.91071,-27.09725],[-48.91066,-27.09759],[-48.91042,-27.09779],[-48.91122,-27.09829],[-48.91227,-27.09923],[-48.9134,-27.10002],[-48.91408,-27.10037],[-48.91509,-27.10038],[-48.91688,-27.10035],[-48.91809,-27.10094],[-48.91918,-27.10152],[-48.92049,-27.10211],[-48.92069,-27.1014],[-48.92145,-27.10121],[-48.92152,-27.10168],[-48.92141,-27.10222],[-48.92174,-27.1026],[-48.92192,-27.10232],[-48.92231,-27.10216],[-48.92273,-27.10252],[-48.92313,-27.10258],[-48.92316,-27.10212],[-48.92391,-27.10205],[-48.92421,-27.10239],[-48.92426,-27.10137],[-48.92484,-27.10111],[-48.92513,-27.10134],[-48.92558,-27.10093],[-48.92745,-27.09856],[-48.9282,-27.0979],[-48.92896,-27.09747],[-48.92987,-27.09669],[-48.93017,-27.09657],[-48.93057,-27.09695],[-48.93055,-27.09667],[-48.93086,-27.09671],[-48.93097,-27.09701],[-48.93183,-27.09698],[-48.93205,-27.09626],[-48.93334,-27.09662],[-48.93462,-27.0971],[-48.93496,-27.09717],[-48.93512,-27.09685],[-48.93529,-27.09687],[-48.93527,-27.09709],[-48.93581,-27.09765],[-48.93614,-27.09784],[-48.93628,-27.0977],[-48.93647,-27.09793],[-48.93666,-27.09795],[-48.93664,-27.09813],[-48.93717,-27.09836],[-48.93729,-27.0982],[-48.9377,-27.09844],[-48.93764,-27.09873],[-48.93799,-27.09903],[-48.93879,-27.09901],[-48.93902,-27.0988],[-48.93906,-27.09857],[-48.93999,-27.09893],[-48.94039,-27.09898],[-48.94127,-27.10054],[-48.9417,-27.10091],[-48.94188,-27.10055],[-48.94317,-27.1007],[-48.94314,-27.10047],[-48.94362,-27.10045],[-48.94369,-27.10084],[-48.9434,-27.10095],[-48.94317,-27.10084],[-48.94202,-27.10079],[-48.94178,-27.10115],[-48.94105,-27.10107],[-48.94093,-27.10167],[-48.9406,-27.10168],[-48.94056,-27.10054],[-48.94022,-27.10031],[-48.93946,-27.09966],[-48.93925,-27.09956],[-48.93902,-27.09993],[-48.93878,-27.09998],[-48.93875,-27.09968],[-48.93836,-27.09971],[-48.93833,-27.0995],[-48.93727,-27.09938],[-48.93675,-27.09927],[-48.93677,-27.099],[-48.93651,-27.09857],[-48.93558,-27.09784],[-48.93508,-27.09767],[-48.93467,-27.09771],[-48.93468,-27.09853],[-48.93425,-27.09857],[-48.93364,-27.09854],[-48.93345,-27.09817],[-48.93307,-27.09816],[-48.9329,-27.09829],[-48.93178,-27.09818],[-48.93253,-27.09896],[-48.93349,-27.0997],[-48.93394,-27.09997],[-48.93442,-27.10005],[-48.9352,-27.10052],[-48.93544,-27.10124],[-48.9355,-27.10243],[-48.93544,-27.10284],[-48.9355,-27.10358],[-48.93599,-27.10438],[-48.93787,-27.10504],[-48.93873,-27.10517],[-48.93899,-27.10648],[-48.94016,-27.10717],[-48.94254,-27.10849],[-48.94393,-27.11048],[-48.94455,-27.11194],[-48.94547,-27.11305],[-48.94606,-27.11346],[-48.94605,-27.11449],[-48.9453,-27.11544],[-48.94465,-27.11549],[-48.94394,-27.11482],[-48.94349,-27.11481],[-48.94307,-27.11554],[-48.94341,-27.11619],[-48.94218,-27.11649],[-48.94191,-27.11609],[-48.94138,-27.11618],[-48.94032,-27.11582],[-48.93947,-27.11524],[-48.93873,-27.11436],[-48.93826,-27.11397],[-48.93687,-27.11494],[-48.93707,-27.11653],[-48.93678,-27.11849],[-48.93646,-27.11952],[-48.9366,-27.12061],[-48.9378,-27.12279],[-48.93855,-27.12367],[-48.93969,-27.12366],[-48.93975,-27.12413],[-48.93903,-27.12418],[-48.93852,-27.1247],[-48.93812,-27.1255],[-48.93795,-27.12626],[-48.93881,-27.12685],[-48.9401,-27.12668],[-48.94014,-27.12722],[-48.94129,-27.12811],[-48.94124,-27.12736],[-48.94161,-27.12743],[-48.94167,-27.12771],[-48.9421,-27.1277],[-48.94211,-27.12866],[-48.94277,-27.12865],[-48.94351,-27.12871],[-48.94374,-27.12781],[-48.94402,-27.12788],[-48.94429,-27.12761],[-48.94445,-27.1277],[-48.94418,-27.12811],[-48.94384,-27.12897],[-48.94466,-27.1296],[-48.94534,-27.12984],[-48.94612,-27.12997],[-48.94669,-27.13035],[-48.94679,-27.1308],[-48.94681,-27.13142],[-48.94705,-27.13197],[-48.94813,-27.13322],[-48.94847,-27.13389],[-48.94868,-27.1345],[-48.94974,-27.13611],[-48.95049,-27.13668],[-48.95084,-27.13669],[-48.95102,-27.13585],[-48.95155,-27.13588],[-48.95158,-27.13645],[-48.95148,-27.13751],[-48.95155,-27.1381],[-48.95353,-27.13868],[-48.95413,-27.13954],[-48.95554,-27.14087],[-48.95624,-27.1401],[-48.95647,-27.14018],[-48.9565,-27.14043],[-48.95681,-27.14091],[-48.95914,-27.14089],[-48.95932,-27.14093],[-48.95931,-27.14117],[-48.95875,-27.14121],[-48.95846,-27.14138],[-48.95886,-27.14215],[-48.96032,-27.14229],[-48.9604,-27.14259],[-48.96079,-27.14259],[-48.96078,-27.14288],[-48.96056,-27.143],[-48.96052,-27.14324],[-48.96035,-27.14326],[-48.96045,-27.14366],[-48.96042,-27.14399],[-48.96029,-27.144],[-48.96025,-27.14448],[-48.9601,-27.14476],[-48.95981,-27.14477],[-48.96084,-27.1469],[-48.96105,-27.14703],[-48.96104,-27.14728],[-48.96141,-27.14729],[-48.96149,-27.14757],[-48.96176,-27.14936],[-48.96156,-27.14935],[-48.96118,-27.14782],[-48.9606,-27.14776],[-48.96056,-27.14707],[-48.96019,-27.14651],[-48.95959,-27.14662],[-48.9585,-27.14398],[-48.95741,-27.1428],[-48.9552,-27.14076],[-48.95405,-27.13975],[-48.95333,-27.13935],[-48.95096,-27.13845],[-48.94988,-27.13807],[-48.94916,-27.13762],[-48.94856,-27.1366],[-48.94854,-27.13591],[-48.94844,-27.13534],[-48.94802,-27.1347],[-48.94783,-27.13403],[-48.94752,-27.13358],[-48.94715,-27.1332],[-48.94656,-27.13247],[-48.94594,-27.13143],[-48.94521,-27.13072],[-48.94391,-27.12994],[-48.94347,-27.12958],[-48.94306,-27.12937],[-48.94266,-27.12928],[-48.94264,-27.12937],[-48.94222,-27.12948],[-48.94154,-27.12977],[-48.94109,-27.12977],[-48.94006,-27.12899],[-48.93952,-27.12869],[-48.93764,-27.12714],[-48.93658,-27.12661],[-48.93589,-27.12636],[-48.93555,-27.12686],[-48.93529,-27.12761],[-48.93486,-27.12803],[-48.93485,-27.12871],[-48.93455,-27.12868],[-48.93442,-27.12855],[-48.93456,-27.12829],[-48.93422,-27.12774],[-48.93438,-27.12704],[-48.93464,-27.12638],[-48.93461,-27.12568],[-48.93475,-27.12555],[-48.93547,-27.12521],[-48.93617,-27.1242],[-48.9362,-27.12367],[-48.93602,-27.12255],[-48.93577,-27.12164],[-48.93534,-27.12167],[-48.93503,-27.12136],[-48.93565,-27.12127],[-48.93523,-27.11979],[-48.93315,-27.12019],[-48.9331,-27.11989],[-48.93344,-27.11983],[-48.93308,-27.11885],[-48.93298,-27.11813],[-48.93346,-27.11781],[-48.93413,-27.11752],[-48.93472,-27.1174],[-48.93496,-27.11712],[-48.93563,-27.11605],[-48.93589,-27.11557],[-48.93582,-27.11498],[-48.93618,-27.11499],[-48.93617,-27.1146],[-48.93641,-27.11461],[-48.93665,-27.11428],[-48.93745,-27.11336],[-48.93843,-27.11323],[-48.93885,-27.11329],[-48.93985,-27.11322],[-48.9408,-27.11276],[-48.94092,-27.11222],[-48.94093,-27.1115],[-48.94111,-27.11046],[-48.94107,-27.10997],[-48.94109,-27.10934],[-48.94106,-27.10874],[-48.94088,-27.1084],[-48.93881,-27.10729],[-48.93772,-27.10674],[-48.93746,-27.10655],[-48.93636,-27.1056],[-48.93541,-27.10456],[-48.93472,-27.10353],[-48.93447,-27.10301],[-48.9334,-27.10299],[-48.93333,-27.1024],[-48.93266,-27.10245],[-48.93255,-27.10174],[-48.93201,-27.1017],[-48.93197,-27.10137],[-48.93144,-27.10135],[-48.93138,-27.10101],[-48.93257,-27.10093],[-48.93279,-27.10087],[-48.93275,-27.10056],[-48.93257,-27.10053],[-48.93255,-27.10031],[-48.93146,-27.10007],[-48.93064,-27.09994],[-48.93001,-27.09975],[-48.92832,-27.09984],[-48.92735,-27.09997],[-48.92674,-27.10056],[-48.92605,-27.10151],[-48.92569,-27.1021],[-48.92503,-27.10261],[-48.92427,-27.10302],[-48.92301,-27.10327],[-48.92202,-27.10327],[-48.9219,-27.10375],[-48.92149,-27.10371],[-48.92149,-27.10316],[-48.9207,-27.10301],[-48.92046,-27.10313],[-48.91973,-27.10378],[-48.91923,-27.10361],[-48.91988,-27.10283],[-48.91952,-27.10273],[-48.91927,-27.10313],[-48.91905,-27.103],[-48.91926,-27.10264],[-48.91901,-27.1024],[-48.91888,-27.10265],[-48.91865,-27.10247],[-48.91878,-27.10216],[-48.91792,-27.10146],[-48.91757,-27.10122],[-48.91688,-27.10087],[-48.91591,-27.10071],[-48.91464,-27.10093],[-48.91394,-27.10087],[-48.91294,-27.10033],[-48.91187,-27.09946],[-48.91114,-27.09897],[-48.91034,-27.09831],[-48.90972,-27.09784],[-48.90888,-27.09729],[-48.90831,-27.09685],[-48.90722,-27.09561],[-48.90617,-27.09387],[-48.90589,-27.09313],[-48.90322,-27.09313],[-48.90315,-27.09224],[-48.90424,-27.09216],[-48.90542,-27.09222],[-48.9057,-27.09216],[-48.90568,-27.09166],[-48.90583,-27.09075],[-48.90617,-27.09049],[-48.90698,-27.09018],[-48.90766,-27.09002],[-48.90859,-27.08973],[-48.90964,-27.089],[-48.91007,-27.08835],[-48.91013,-27.08775],[-48.90978,-27.08682],[-48.90952,-27.08647],[-48.90912,-27.0858],[-48.90839,-27.08435],[-48.90821,-27.08373],[-48.90801,-27.0836],[-48.90769,-27.08365],[-48.90763,-27.08328],[-48.90742,-27.08297],[-48.90748,-27.0826],[-48.90594,-27.08259],[-48.9047,-27.08256],[-48.9044,-27.08251],[-48.90434,-27.08102],[-48.90398,-27.08114],[-48.90306,-27.08125],[-48.90287,-27.08083],[-48.90283,-27.08043],[-48.90391,-27.08043],[-48.90438,-27.08029],[-48.90434,-27.07982],[-48.9042,-27.0796],[-48.90364,-27.07953],[-48.90299,-27.07931],[-48.90185,-27.07899],[-48.89871,-27.078],[-48.89798,-27.07768],[-48.89735,-27.07757],[-48.89702,-27.07781],[-48.89653,-27.07805],[-48.89602,-27.07797],[-48.89602,-27.07717],[-48.89594,-27.07662],[-48.89568,-27.07567],[-48.89525,-27.0751],[-48.89502,-27.07584],[-48.89465,-27.07576],[-48.89469,-27.07559],[-48.89447,-27.07555],[-48.89437,-27.07572],[-48.89411,-27.0757],[-48.89393,-27.07603],[-48.89316,-27.07602],[-48.89317,-27.07585],[-48.89353,-27.07586],[-48.89357,-27.07559],[-48.89376,-27.0756],[-48.89418,-27.07455],[-48.89435,-27.07425],[-48.89258,-27.07281],[-48.89187,-27.07239],[-48.89165,-27.07272],[-48.89149,-27.0727],[-48.89147,-27.07243],[-48.89101,-27.0725],[-48.8909,-27.07297],[-48.89069,-27.07292],[-48.89068,-27.07264],[-48.89005,-27.07274],[-48.88986,-27.07295],[-48.88975,-27.07349],[-48.88971,-27.07438],[-48.88925,-27.07437],[-48.88905,-27.07445],[-48.88869,-27.07411],[-48.88897,-27.07395],[-48.88905,-27.07348],[-48.88939,-27.07349],[-48.88938,-27.07321],[-48.88899,-27.07321],[-48.88896,-27.0731],[-48.88927,-27.07306],[-48.88924,-27.07284],[-48.88828,-27.07282],[-48.88786,-27.07372],[-48.8872,-27.07375],[-48.88705,-27.07358],[-48.88722,-27.07343],[-48.88797,-27.07227],[-48.88798,-27.07172],[-48.8873,-27.0726],[-48.88681,-27.07287],[-48.88638,-27.07251],[-48.88609,-27.07239],[-48.88586,-27.07256],[-48.88476,-27.07159],[-48.884,-27.07089],[-48.88375,-27.07047],[-48.88343,-27.06968],[-48.88299,-27.06959],[-48.88301,-27.06929],[-48.88275,-27.06847],[-48.88261,-27.06774],[-48.88289,-27.06759],[-48.88277,-27.06732],[-48.88303,-27.06718],[-48.88323,-27.06682],[-48.88284,-27.06667],[-48.88297,-27.06604],[-48.88363,-27.06601],[-48.88363,-27.06671],[-48.88392,-27.06713],[-48.88417,-27.06733],[-48.88584,-27.06676],[-48.88604,-27.06643],[-48.88567,-27.06464],[-48.88549,-27.06421],[-48.88452,-27.06422],[-48.88454,-27.06386],[-48.88498,-27.06386],[-48.88402,-27.0627],[-48.88012,-27.06298],[-48.87985,-27.06291],[-48.87962,-27.06214],[-48.88035,-27.06217],[-48.88152,-27.06213],[-48.88318,-27.06215],[-48.88357,-27.06213],[-48.88353,-27.06141],[-48.88328,-27.06103],[-48.88276,-27.06107],[-48.88184,-27.06075],[-48.88118,-27.05989],[-48.88039,-27.05995],[-48.88039,-27.05931],[-48.88108,-27.05923],[-48.8802,-27.05717],[-48.8801,-27.05709],[-48.87916,-27.05674],[-48.87877,-27.05665],[-48.87738,-27.05674],[-48.87723,-27.05713],[-48.87683,-27.05714],[-48.87676,-27.05681],[-48.87691,-27.05668],[-48.87718,-27.05676],[-48.87744,-27.05663],[-48.87739,-27.05641],[-48.87772,-27.05639],[-48.87773,-27.05619],[-48.8781,-27.05616],[-48.87813,-27.05585],[-48.87996,-27.05581],[-48.88134,-27.05521],[-48.88056,-27.05332],[-48.88055,-27.05235],[-48.88073,-27.05142],[-48.88156,-27.04997],[-48.88224,-27.04916],[-48.8827,-27.04845],[-48.88277,-27.04815],[-48.88286,-27.04717],[-48.88273,-27.04637],[-48.88232,-27.04572],[-48.8818,-27.04553],[-48.87968,-27.04526],[-48.87838,-27.04484],[-48.87766,-27.04455],[-48.87736,-27.04453],[-48.87751,-27.04685],[-48.87689,-27.0468],[-48.87636,-27.04716],[-48.87629,-27.04474],[-48.87567,-27.04584],[-48.87496,-27.04659],[-48.87423,-27.04668],[-48.87397,-27.04637],[-48.87389,-27.04584],[-48.87447,-27.04486],[-48.87357,-27.0443],[-48.87303,-27.04385],[-48.87259,-27.04334],[-48.87192,-27.04227],[-48.87015,-27.04015],[-48.86928,-27.03913],[-48.86897,-27.03969],[-48.86893,-27.04054],[-48.86895,-27.04142],[-48.86873,-27.04183],[-48.86819,-27.04171],[-48.86802,-27.04105],[-48.86815,-27.04025],[-48.86854,-27.03974],[-48.86859,-27.03858],[-48.86834,-27.03794],[-48.86805,-27.03759],[-48.86728,-27.0371],[-48.86684,-27.03668],[-48.86654,-27.03601],[-48.86617,-27.03542],[-48.86565,-27.03501],[-48.86516,-27.03651],[-48.86514,-27.0367],[-48.86537,-27.03676],[-48.86514,-27.03721],[-48.86465,-27.03711],[-48.86451,-27.0369],[-48.86456,-27.03643],[-48.86487,-27.03561],[-48.8652,-27.03502],[-48.86579,-27.03427],[-48.8669,-27.03511],[-48.86964,-27.03835],[-48.87025,-27.03898],[-48.87044,-27.03907],[-48.87128,-27.03915],[-48.87157,-27.03912],[-48.87245,-27.03828],[-48.87326,-27.03694],[-48.87405,-27.03712],[-48.87515,-27.03806],[-48.87497,-27.03885],[-48.87541,-27.03997],[-48.87515,-27.04112],[-48.87448,-27.04151],[-48.87416,-27.04196],[-48.8738,-27.04268],[-48.8738,-27.04322],[-48.87402,-27.0435],[-48.87473,-27.04384],[-48.8749,-27.04367],[-48.87512,-27.04373],[-48.87548,-27.04414],[-48.87613,-27.04401],[-48.87685,-27.0438],[-48.87763,-27.04378],[-48.87835,-27.04396],[-48.87916,-27.04442],[-48.87998,-27.04456],[-48.88143,-27.04461],[-48.882,-27.04467],[-48.88218,-27.04486],[-48.88322,-27.04559],[-48.88364,-27.0461],[-48.8839,-27.04761],[-48.88413,-27.04809],[-48.88408,-27.04855],[-48.88367,-27.04925],[-48.88285,-27.05023],[-48.88162,-27.05237],[-48.88175,-27.05378],[-48.88219,-27.05435],[-48.88244,-27.05482],[-48.88308,-27.05578],[-48.88385,-27.05587],[-48.88391,-27.05551],[-48.8844,-27.0555],[-48.88458,-27.05574],[-48.88364,-27.05675],[-48.88372,-27.0575],[-48.88398,-27.05816],[-48.88403,-27.05874],[-48.88392,-27.05908],[-48.88403,-27.0598],[-48.88431,-27.06034],[-48.8872,-27.06418],[-48.88836,-27.06583],[-48.88859,-27.06806],[-48.8897,-27.07001],[-48.89334,-27.07248],[-48.89599,-27.07164],[-48.8963,-27.07206],[-48.89549,-27.07248],[-48.89544,-27.07365],[-48.896,-27.07482],[-48.89745,-27.07482],[-48.89745,-27.07508],[-48.8978,-27.07517],[-48.8983,-27.07519],[-48.89832,-27.07563],[-48.89751,-27.07573],[-48.89793,-27.07608],[-48.89845,-27.07629],[-48.89872,-27.076],[-48.89915,-27.07594],[-48.89917,-27.07609],[-48.89878,-27.07619],[-48.89858,-27.07647],[-48.89939,-27.07712],[-48.90007,-27.07771],[-48.901,-27.07823],[-48.90179,-27.07852],[-48.90252,-27.07871],[-48.90323,-27.07876],[-48.90366,-27.07867],[-48.90466,-27.07835],[-48.9046,-27.07799],[-48.90533,-27.07837],[-48.90579,-27.07835],[-48.90588,-27.07879],[-48.90602,-27.07864],[-48.90654,-27.07861],[-48.90653,-27.07881],[-48.90702,-27.07953],[-48.90857,-27.08061],[-48.90908,-27.08035],[-48.90959,-27.08034],[-48.91019,-27.0805],[-48.91055,-27.08014],[-48.91104,-27.07931],[-48.91118,-27.07899],[-48.91107,-27.07884],[-48.91138,-27.07858],[-48.91146,-27.07877],[-48.91217,-27.07899],[-48.9123,-27.0788],[-48.91246,-27.07891],[-48.91325,-27.07898],[-48.9136,-27.07877],[-48.91431,-27.07866],[-48.91435,-27.07887],[-48.91597,-27.0797],[-48.9159,-27.07854],[-48.91594,-27.07833],[-48.91642,-27.07834],[-48.91653,-27.07777],[-48.91687,-27.07775],[-48.91684,-27.0782],[-48.9165,-27.07816],[-48.91645,-27.07861],[-48.91658,-27.07919],[-48.91714,-27.08046],[-48.9168,-27.08062],[-48.91666,-27.08035],[-48.91642,-27.08043],[-48.91656,-27.08083],[-48.91624,-27.08094],[-48.91593,-27.0809],[-48.91585,-27.08078]]]},"properties":{"setor":"SC_BRUSQUE_SR_199_CPRM","risco":"Inundação Gradual (Enchente)"}},
{"type":"Feature","geometry":{"type":"Polygon","coordinates":[[[-48.93146,-27.12761],[-48.93315,-27.12764],[-48.93316,-27.12805],[-48.93317,-27.12819],[-48.93296,-27.12825],[-48.93288,-27.12827],[-48.93283,-27.12853],[-48.93282,-27.12853],[-48.93229,-27.12845],[-48.93229,-27.12869],[-48.93228,-27.12885],[-48.93284,-27.1289],[-48.93277,-27.12961],[-48.93192,-27.12958],[-48.93195,-27.12903],[-48.93114,-27.12898],[-48.93115,-27.12861],[-48.931,-27.12861],[-48.931,-27.1276],[-48.93146,-27.12761]]]},"properties":{"setor":"SC_BRUSQUE_SR_03_CPRM","risco":"Deslizamento","bairro":"Souza Cruz","ruas":"Manoel Machado; SC 024; SCHULEMBURG","n_residencias":"24","n_pessoas":"96"}}
]}