{"type":"FeatureCollection", "features": [
{"type":"Feature","geometry":{"type":"Point","coordinates":[-48.95992,-27.15305]},"properties":{"cota":15.55,"ano":2011,"bairro":"Dom Joaquim","rua":"Luiz Moreli"}},
{"type":"Feature","geometry":{"type":"Point","coordinates":[-48.96023,-27.1526]},"properties":{"cota":13.89,"ano":2011,"bairro":"Dom Joaquim","rua":"DJ20"}},
{"type":"Feature","geometry":{"type":"Point","coordinates":[-48.96098,-27.15198]},"properties":{"cota":13.32,"ano":2011,"bairro":"Dom Joaquim","rua":"Luiz Moreli"}},
{"type":"Feature","geometry":{"type":"Point","coordinates":[-48.9591,-27.15186]},"properties":{"cota":12.98,"ano":2011,"bairro":"Dom Joaquim","rua":"Anna Bruns"}},
{"type":"Feature","geometry":{"type":"Point","coordinates":[-48.96059,-27.15189]},"properties":{"cota":13.25,"ano":2011,"bairro":"Dom Joaquim","rua":"Anna Bruns"}},
{"type":"Feature","geometry":{"type":"Point","coordinates":[-48.96118,-27.15117]},"properties":{"cota":13.04,"ano":2011,"bairro":"Dom Joaquim","rua":"Luiz Morelli"}},
{"type":"Feature","geometry":{"type":"Point","coordinates":[-48.95801,-27.15053]},"properties":{"cota":15.4,"ano":2011,"bairro":"Dom Joaquim","rua":"David Hort"}},
{"type":"Feature","geometry":{"type":"Point","coordinates":[-48.96182,-27.15046]},"properties":{"cota":12.97,"ano":2011,"bairro":"Dom Joaquim","rua":"Luiz Morelli"}},
{"type":"Feature","geometry":{"type":"Point","coordinates":[-48.9613,-27.15027]},"properties":{"cota":10.45,"ano":2011,"bairro":"Dom Joaquim","rua":"SD491"}},
{"type":"Feature","geometry":{"type":"Point","coordinates":[-48.96066,-27.15026]},"properties":{"cota":12.13,"ano":2011,"bairro":"Dom Joaquim","rua":"Augusto Merizio"}},
{"type":"Feature","geometry":{"type":"Point","coordinates":[-48.95841,-27.15014]},"properties":{"cota":14.5,"ano":2011,"bairro":"Dom Joaquim","rua":"David Hort"}},
{"type":"Feature","geometry":{"type":"Point","coordinates":[-48.96218,-27.14983]},"properties":{"cota":13.76,"ano":2011,"bairro":"Dom Joaquim","rua":"Luiz Morelli"}},
{"type":"Feature","geometry":{"type":"Point","coordinates":[-48.95845,-27.14951]},"properties":{"cota":13.74,"ano":2011,"bairro":"Dom Joaquim","rua":"Santo Gianesini"}},
{"type":"Feature","geometry":{"type":"Point","coordinates":[-48.95814,-27.1495]},"properties":{"cota":13.71,"ano":2011,"bairro":"Dom Joaquim","rua":"Dom Joaquim"}},
{"type":"Feature","geometry":{"type":"Point","coordinates":[-48.9594,-27.14952]},"properties":{"cota":12.11,"ano":2011,"bairro":"Dom Joaquim","rua":"Dom Joaquim"}},
{"type":"Feature","geometry":{"type":"Point","coordinates":[-48.96153,-27.14937]},"properties":{"cota":11.01,"ano":2011,"bairro":"Dom Joaquim","rua":"Theodoro Werner"}},
{"type":"Feature","geometry":{"type":"Point","coordinates":[-48.96057,-27.14936]},"properties":{"cota":12.13,"ano":2011,"bairro":"Dom Joaquim","rua":"Theodoro Werner"}},
{"type":"Feature","geometry":{"type":"Point","coordinates":[-48.96114,-27.14892]},"properties":{"cota":11.33,"ano":2011,"bairro":"Dom Joaquim","rua":"inominada"}},
{"type":"Feature","geometry":{"type":"Point","coordinates":[-48.96038,-27.1489]},"properties":{"cota":11.74,"ano":2011,"bairro":"Dom Joaquim","rua":"Augusto Merizio"}},
{"type":"Feature","geometry":{"type":"Point","coordinates":[-48.95889,-27.14861]},"properties":{"cota":11.97,"ano":2011,"bairro":"Dom Joaquim","rua":"Joao Gianesini"}},
{"type":"Feature","geometry":{"type":"Point","coordinates":[-48.96204,-27.14839]},"properties":{"cota":13.51,"ano":2011,"bairro":"Dom Joaquim","rua":"Luiz Morelli"}},
{"type":"Feature","geometry":{"type":"Point","coordinates":[-48.95921,-27.1478]},"properties":{"cota":12.52,"ano":2011,"bairro":"Dom Joaquim","rua":"Luiz Maestri"}},
{"type":"Feature","geometry":{"type":"Point","coordinates":[-48.9582,-27.14779]},"properties":{"cota":14.94,"ano":2011,"bairro":"Dom Joaquim","rua":"Luiz Maestri"}},
{"type":"Feature","geometry":{"type":"Point","coordinates":[-48.96005,-27.14773]},"properties":{"cota":11.33,"ano":2011,"bairro":"Dom Joaquim","rua":"Ludovico Merico"}},
{"type":"Feature","geometry":{"type":"Point","coordinates":[-48.97075,-27.14752]},"properties":{"cota":13.92,"ano":2011,"bairro":"Dom Joaquim","rua":"DJ036"}},
{"type":"Feature","geometry":{"type":"Point","coordinates":[-48.96144,-27.14736]},"properties":{"cota":12.05,"ano":2011,"bairro":"Dom Joaquim","rua":"Virgilio Merizio"}},
{"type":"Feature","geometry":{"type":"Point","coordinates":[-48.96186,-27.1473]},"properties":{"cota":13.29,"ano":2011,"bairro":"Dom Joaquim","rua":"Vicente Merizio"}},
{"type":"Feature","geometry":{"type":"Point","coordinates":[-48.95971,-27.14709]},"properties":{"cota":11.12,"ano":2011,"bairro":"Dom Joaquim","rua":"Ludovico Merico"}},
{"type":"Feature","geometry":{"type":"Point","coordinates":[-48.96946,-27.14669]},"properties":{"cota":12.05,"ano":2011,"bairro":"Dom Joaquim","rua":"DJ 035"}},
{"type":"Feature","geometry":{"type":"Point","coordinates":[-48.97074,-27.14662]},"properties":{"cota":12.4,"ano":2011,"bairro":"Dom Joaquim","rua":"DJ036"}},
{"type":"Feature","geometry":{"type":"Point","coordinates":[-48.96158,-27.14646]},"properties":{"cota":11.66,"ano":2011,"bairro":"Dom Joaquim","rua":"SD"}},
{"type":"Feature","geometry":{"type":"Point","coordinates":[-48.96126,-27.14648]},"properties":{"cota":11.13,"ano":2011,"bairro":"Dom Joaquim","rua":"SD355"}},
{"type":"Feature","geometry":{"type":"Point","coordinates":[-48.95796,-27.14643]},"properties":{"cota":11.36,"ano":2011,"bairro":"Dom Joaquim","rua":"Sergio Luiz Costa"}},
{"type":"Feature","geometry":{"type":"Point","coordinates":[-48.9723,-27.14637]},"properties":{"cota":14.85,"ano":2011,"bairro":"Dom Joaquim","rua":"Cedro"}},
{"type":"Feature","geometry":{"type":"Point","coordinates":[-48.97315,-27.1462]},"properties":{"cota":14.22,"ano":2011,"bairro":"Dom Joaquim","rua":"DJ 042"}},
{"type":"Feature","geometry":{"type":"Point","coordinates":[-48.97165,-27.14618]},"properties":{"cota":15.01,"ano":2011,"bairro":"Dom Joaquim","rua":"DJ037"}},
{"type":"Feature","geometry":{"type":"Point","coordinates":[-48.97114,-27.14608]},"properties":{"cota":15.17,"ano":2011,"bairro":"Dom Joaquim","rua":"Jose Maurer"}},
{"type":"Feature","geometry":{"type":"Point","coordinates":[-48.97078,-27.1459]},"properties":{"cota":14.85,"ano":2011,"bairro":"Dom Joaquim","rua":"DJ036"}},
{"type":"Feature","geometry":{"type":"Point","coordinates":[-48.96175,-27.1459]},"properties":{"cota":11.69,"ano":2011,"bairro":"Dom Joaquim","rua":"DJ 018"}},
{"type":"Feature","geometry":{"type":"Point","coordinates":[-48.96124,-27.14594]},"properties":{"cota":10.91,"ano":2011,"bairro":"Dom Joaquim","rua":"DJ 018"}},
{"type":"Feature","geometry":{"type":"Point","coordinates":[-48.9605,-27.1459]},"properties":{"cota":9.94,"ano":2011,"bairro":"Dom Joaquim","rua":"DJ 018"}},
{"type":"Feature","geometry":{"type":"Point","coordinates":[-48.95918,-27.14591]},"properties":{"cota":10.32,"ano":2011,"bairro":"Dom Joaquim","rua":"Sergio Luiz Costa"}},
{"type":"Feature","geometry":{"type":"Point","coordinates":[-48.9705,-27.14581]},"properties":{"cota":14.31,"ano":2011,"bairro":"Dom Joaquim","rua":"Cedro"}},
{"type":"Feature","geometry":{"type":"Point","coordinates":[-48.9677,-27.14563]},"properties":{"cota":12.6,"ano":2011,"bairro":"Dom Joaquim","rua":"DJ 034"}},
{"type":"Feature","geometry":{"type":"Point","coordinates":[-48.9617,-27.14558]},"properties":{"cota":12.03,"ano":2011,"bairro":"Dom Joaquim","rua":"Pedro Maestri"}},
{"type":"Feature","geometry":{"type":"Point","coordinates":[-48.96221,-27.14559]},"properties":{"cota":15.25,"ano":2011,"bairro":"Dom Joaquim","rua":"Pedro Maestri"}},
{"type":"Feature","geometry":{"type":"Point","coordinates":[-48.96952,-27.14552]},"properties":{"cota":11.75,"ano":2011,"bairro":"Dom Joaquim","rua":"DJ 035"}},
{"type":"Feature","geometry":{"type":"Point","coordinates":[-48.96115,-27.14558]},"properties":{"cota":10.62,"ano":2011,"bairro":"Dom Joaquim","rua":"Armando Pedro Maestri"}},
{"type":"Feature","geometry":{"type":"Point","coordinates":[-48.96036,-27.14556]},"properties":{"cota":10.13,"ano":2011,"bairro":"Dom Joaquim","rua":"Armando Pedro Maestri"}},
{"type":"Feature","geometry":{"type":"Point","coordinates":[-48.96845,-27.14553]},"properties":{"cota":11.88,"ano":2011,"bairro":"Dom Joaquim","rua":"DJ 034"}},
{"type":"Feature","geometry":{"type":"Point","coordinates":[-48.96899,-27.14536]},"properties":{"cota":11.87,"ano":2011,"bairro":"Dom Joaquim","rua":"DJ 034"}},
{"type":"Feature","geometry":{"type":"Point","coordinates":[-48.96656,-27.1452]},"properties":{"cota":14.54,"ano":2011,"bairro":"Dom Joaquim","rua":"DJ 034"}},
{"type":"Feature","geometry":{"type":"Point","coordinates":[-48.96804,-27.14495]},"properties":{"cota":11.93,"ano":2011,"bairro":"Dom Joaquim","rua":"Cedro"}},
{"type":"Feature","geometry":{"type":"Point","coordinates":[-48.95896,-27.14491]},"properties":{"cota":9.9,"ano":2011,"bairro":"Dom Joaquim","rua":"Ludovico Merico"}},
{"type":"Feature","geometry":{"type":"Point","coordinates":[-48.96697,-27.14485]},"properties":{"cota":12.78,"ano":2011,"bairro":"Dom Joaquim","rua":"Cedro"}},
{"type":"Feature","geometry":{"type":"Point","coordinates":[-48.96251,-27.14478]},"properties":{"cota":12.56,"ano":2011,"bairro":"Dom Joaquim","rua":"DJ 031"}},
{"type":"Feature","geometry":{"type":"Point","coordinates":[-48.96121,-27.14476]},"properties":{"cota":10.42,"ano":2011,"bairro":"Dom Joaquim","rua":"Luiz Morelli"}},
{"type":"Feature","geometry":{"type":"Point","coordinates":[-48.96562,-27.1447]},"properties":{"cota":15.73,"ano":2011,"bairro":"Dom Joaquim","rua":"DJ 031"}},
{"type":"Feature","geometry":{"type":"Point","coordinates":[-48.96606,-27.14456]},"properties":{"cota":15.65,"ano":2011,"bairro":"Dom Joaquim","rua":"Beira Rio"}},
{"type":"Feature","geometry":{"type":"Point","coordinates":[-48.95867,-27.14424]},"properties":{"cota":9.41,"ano":2011,"bairro":"Dom Joaquim","rua":"Ludovico Merico"}},
{"type":"Feature","geometry":{"type":"Point","coordinates":[-48.9586,-27.14392]},"properties":{"cota":9.78,"ano":2011,"bairro":"Dom Joaquim","rua":"Ludovico Merico"}},
{"type":"Feature","geometry":{"type":"Point","coordinates":[-48.96604,-27.14411]},"properties":{"cota":13.42,"ano":2011,"bairro":"Dom Joaquim","rua":"Beira Rio"}},
{"type":"Feature","geometry":{"type":"Point","coordinates":[-48.96115,-27.14404]},"properties":{"cota":10.5,"ano":2011,"bairro":"Dom Joaquim","rua":"Cedro"}},
{"type":"Feature","geometry":{"type":"Point","coordinates":[-48.96002,-27.14403]},"properties":{"cota":10.08,"ano":2011,"bairro":"Dom Joaquim","rua":"Cedro"}},
{"type":"Feature","geometry":{"type":"Point","coordinates":[-48.95907,-27.14401]},"properties":{"cota":9.98,"ano":2011,"bairro":"Dom Joaquim","rua":"Cedro"}},
{"type":"Feature","geometry":{"type":"Point","coordinates":[-48.96224,-27.14403]},"properties":{"cota":14.57,"ano":2011,"bairro":"Dom Joaquim","rua":"Cedro"}},
{"type":"Feature","geometry":{"type":"Point","coordinates":[-48.96172,-27.14398]},"properties":{"cota":12.04,"ano":2011,"bairro":"Dom Joaquim","rua":"Augusta Hort"}},
{"type":"Feature","geometry":{"type":"Point","coordinates":[-48.95806,-27.14337]},"properties":{"cota":10.14,"ano":2011,"bairro":"Dom Joaquim","rua":"Cedro"}},
{"type":"Feature","geometry":{"type":"Point","coordinates":[-48.96611,-27.1433]},"properties":{"cota":11.36,"ano":2011,"bairro":"Dom Joaquim","rua":"Beira Rio"}},
{"type":"Feature","geometry":{"type":"Point","coordinates":[-48.96159,-27.14315]},"properties":{"cota":9.63,"ano":2011,"bairro":"Dom Joaquim","rua":"Padre Vicente Knhis"}},
{"type":"Feature","geometry":{"type":"Point","coordinates":[-48.95735,-27.14272]},"properties":{"cota":10.75,"ano":2011,"bairro":"Dom Joaquim","rua":"Valentin Wolf"}},
{"type":"Feature","geometry":{"type":"Point","coordinates":[-48.95834,-27.14265]},"properties":{"cota":9.47,"ano":2011,"bairro":"Dom Joaquim","rua":"Valentin Wolf"}},
{"type":"Feature","geometry":{"type":"Point","coordinates":[-48.96031,-27.14259]},"properties":{"cota":9.36,"ano":2011,"bairro":"Dom Joaquim","rua":"Carlos Hort"}},
{"type":"Feature","geometry":{"type":"Point","coordinates":[-48.92178,-27.14256]},"properties":{"cota":22.33,"ano":2011,"bairro":"Aguas Claras","rua":"Lagoa Dourada"}},
{"type":"Feature","geometry":{"type":"Point","coordinates":[-48.96149,-27.14251]},"properties":{"cota":11,"ano":2011,"bairro":"Dom Joaquim","rua":"Carlos Hort"}},
{"type":"Feature","geometry":{"type":"Point","coordinates":[-48.96148,-27.14233]},"properties":{"cota":14.57,"ano":2011,"bairro":"Dom Joaquim","rua":"Augusta Hort"}},
{"type":"Feature","geometry":{"type":"Point","coordinates":[-48.95651,-27.14208]},"properties":{"cota":11.87,"ano":2011,"bairro":"Dom Joaquim","rua":"Cedro"}},
{"type":"Feature","geometry":{"type":"Point","coordinates":[-48.96141,-27.14206]},"properties":{"cota":17.39,"ano":2011,"bairro":"Dom Joaquim","rua":"Ana Knopp"}},
{"type":"Feature","geometry":{"type":"Point","coordinates":[-48.9603,-27.14204]},"properties":{"cota":10.57,"ano":2011,"bairro":"Dom Joaquim","rua":"Ana Knopp"}},
{"type":"Feature","geometry":{"type":"Point","coordinates":[-48.92202,-27.14193]},"properties":{"cota":21.44,"ano":2011,"bairro":"Aguas Claras","rua":"Lagoa Dourada"}},
{"type":"Feature","geometry":{"type":"Point","coordinates":[-48.966,-27.14168]},"properties":{"cota":10.17,"ano":2011,"bairro":"Dom Joaquim","rua":"Beira Rio"}},
{"type":"Feature","geometry":{"type":"Point","coordinates":[-48.9601,-27.14141]},"properties":{"cota":10.51,"ano":2011,"bairro":"Dom Joaquim","rua":"Ebernardt Hort"}},
{"type":"Feature","geometry":{"type":"Point","coordinates":[-48.92201,-27.14121]},"properties":{"cota":18.77,"ano":2011,"bairro":"Aguas Claras","rua":"Lagoa Dourada"}},
{"type":"Feature","geometry":{"type":"Point","coordinates":[-48.92312,-27.14103]},"properties":{"cota":14.77,"ano":2011,"bairro":"Aguas Claras","rua":"Lagoa Dourada"}},
{"type":"Feature","geometry":{"type":"Point","coordinates":[-48.95552,-27.14106]},"properties":{"cota":15.59,"ano":2011,"bairro":"Dom Joaquim","rua":"Cedro"}},
{"type":"Feature","geometry":{"type":"Point","coordinates":[-48.92267,-27.14095]},"properties":{"cota":15.72,"ano":2011,"bairro":"Aguas Claras","rua":"Lagoa Dourada"}},
{"type":"Feature","geometry":{"type":"Point","coordinates":[-48.96013,-27.14096]},"properties":{"cota":10.39,"ano":2011,"bairro":"Dom Joaquim","rua":"Joao Peters"}},
{"type":"Feature","geometry":{"type":"Point","coordinates":[-48.9594,-27.14095]},"properties":{"cota":9.31,"ano":2011,"bairro":"Dom Joaquim","rua":"Carlos Knopp"}},
{"type":"Feature","geometry":{"type":"Point","coordinates":[-48.92287,-27.14095]},"properties":{"cota":14.08,"ano":2011,"bairro":"Aguas Claras","rua":"Lagoa Dourada"}},
{"type":"Feature","geometry":{"type":"Point","coordinates":[-48.92216,-27.14102]},"properties":{"cota":17.04,"ano":2011,"bairro":"Aguas Claras","rua":"Lagoa Dourada"}},
{"type":"Feature","geometry":{"type":"Point","coordinates":[-48.96578,-27.14095]},"properties":{"cota":10.7,"ano":2011,"bairro":"Dom Joaquim","rua":"DJ3"}},
{"type":"Feature","geometry":{"type":"Point","coordinates":[-48.96717,-27.14088]},"properties":{"cota":8.95,"ano":2011,"bairro":"Dom Joaquim","rua":"Beira Rio"}},
{"type":"Feature","geometry":{"type":"Point","coordinates":[-48.95536,-27.14091]},"properties":{"cota":16.09,"ano":2011,"bairro":"Dom Joaquim","rua":"Cedro"}},
{"type":"Feature","geometry":{"type":"Point","coordinates":[-48.92293,-27.14068]},"properties":{"cota":14.86,"ano":2011,"bairro":"Aguas Claras","rua":"Inacio Gullini"}},
{"type":"Feature","geometry":{"type":"Point","coordinates":[-48.95692,-27.14055]},"properties":{"cota":10.15,"ano":2011,"bairro":"Dom Joaquim","rua":"Padre Schwemberger"}},
{"type":"Feature","geometry":{"type":"Point","coordinates":[-48.95936,-27.14059]},"properties":{"cota":10.58,"ano":2011,"bairro":"Dom Joaquim","rua":"Padre Schwemberger"}},
{"type":"Feature","geometry":{"type":"Point","coordinates":[-48.96052,-27.14051]},"properties":{"cota":15.23,"ano":2011,"bairro":"Dom Joaquim","rua":"Padre Schwemberger"}},
{"type":"Feature","geometry":{"type":"Point","coordinates":[-48.96009,-27.14051]},"properties":{"cota":11.87,"ano":2011,"bairro":"Dom Joaquim","rua":"Padre Schwemberger"}},
{"type":"Feature","geometry":{"type":"Point","coordinates":[-48.9223,-27.1404]},"properties":{"cota":16.14,"ano":2011,"bairro":"Aguas Claras","rua":"inominada"}},
{"type":"Feature","geometry":{"type":"Point","coordinates":[-48.92576,-27.14036]},"properties":{"cota":16.38,"ano":2011,"bairro":"Aguas Claras","rua":"Lagoa Dourada"}},
{"type":"Feature","geometry":{"type":"Point","coordinates":[-48.92439,-27.1404]},"properties":{"cota":14.05,"ano":2011,"bairro":"Aguas Claras","rua":"Lagoa Dourada"}},
{"type":"Feature","geometry":{"type":"Point","coordinates":[-48.96054,-27.14006]},"properties":{"cota":15.55,"ano":2011,"bairro":"Dom Joaquim","rua":"Pedro Schweinberger"}},
{"type":"Feature","geometry":{"type":"Point","coordinates":[-48.96562,-27.14014]},"properties":{"cota":11.93,"ano":2011,"bairro":"Dom Joaquim","rua":"DJ3"}},
{"type":"Feature","geometry":{"type":"Point","coordinates":[-48.9266,-27.13998]},"properties":{"cota":18.6,"ano":2011,"bairro":"Aguas Claras","rua":"Lagoa Dourada"}},
{"type":"Feature","geometry":{"type":"Point","coordinates":[-48.96001,-27.14005]},"properties":{"cota":11.97,"ano":2011,"bairro":"Dom Joaquim","rua":"Joao Peters"}},
{"type":"Feature","geometry":{"type":"Point","coordinates":[-48.96761,-27.13998]},"properties":{"cota":8.76,"ano":2011,"bairro":"Dom Joaquim","rua":"Beira Rio"}},
{"type":"Feature","geometry":{"type":"Point","coordinates":[-48.95899,-27.13995]},"properties":{"cota":10.02,"ano":2011,"bairro":"Dom Joaquim","rua":"Anna Heill"}},
{"type":"Feature","geometry":{"type":"Point","coordinates":[-48.95395,-27.13961]},"properties":{"cota":16.57,"ano":2011,"bairro":"Dom Joaquim","rua":"Cedro"}},
{"type":"Feature","geometry":{"type":"Point","coordinates":[-48.92676,-27.13948]},"properties":{"cota":15.31,"ano":2011,"bairro":"Aguas Claras","rua":"Lagoa Dourada"}},
{"type":"Feature","geometry":{"type":"Point","coordinates":[-48.96557,-27.1395]},"properties":{"cota":14.97,"ano":2011,"bairro":"Dom Joaquim","rua":"DJ3"}},
{"type":"Feature","geometry":{"type":"Point","coordinates":[-48.96775,-27.13935]},"properties":{"cota":8.9,"ano":2011,"bairro":"Dom Joaquim","rua":"Beira Rio"}},
{"type":"Feature","geometry":{"type":"Point","coordinates":[-48.92716,-27.13939]},"properties":{"cota":13.41,"ano":2011,"bairro":"Aguas Claras","rua":"Lagoa Dourada"}},
{"type":"Feature","geometry":{"type":"Point","coordinates":[-48.95891,-27.13923]},"properties":{"cota":12.42,"ano":2011,"bairro":"Dom Joaquim","rua":"Anna Heill"}},
{"type":"Feature","geometry":{"type":"Point","coordinates":[-48.96558,-27.13914]},"properties":{"cota":18.56,"ano":2011,"bairro":"Dom Joaquim","rua":"DJ3"}},
{"type":"Feature","geometry":{"type":"Point","coordinates":[-48.92809,-27.13895]},"properties":{"cota":12.4,"ano":2011,"bairro":"Aguas Claras","rua":"Lagoa Dourada"}},
{"type":"Feature","geometry":{"type":"Point","coordinates":[-48.95264,-27.13904]},"properties":{"cota":10.66,"ano":2011,"bairro":"Dom Joaquim","rua":"Cedro"}},
{"type":"Feature","geometry":{"type":"Point","coordinates":[-48.95895,-27.13869]},"properties":{"cota":15.86,"ano":2011,"bairro":"Dom Joaquim","rua":"Anna Heill"}},
{"type":"Feature","geometry":{"type":"Point","coordinates":[-48.95833,-27.13868]},"properties":{"cota":9.98,"ano":2011,"bairro":"Dom Joaquim","rua":"DJ25"}},
{"type":"Feature","geometry":{"type":"Point","coordinates":[-48.92858,-27.13851]},"properties":{"cota":14.09,"ano":2011,"bairro":"Aguas Claras","rua":"Lagoa Dourada"}},
{"type":"Feature","geometry":{"type":"Point","coordinates":[-48.95134,-27.13848]},"properties":{"cota":12.24,"ano":2011,"bairro":"Dom Joaquim","rua":"Joao Banchini"}},
{"type":"Feature","geometry":{"type":"Point","coordinates":[-48.96568,-27.13842]},"properties":{"cota":20.98,"ano":2011,"bairro":"Dom Joaquim","rua":"DJ3"}},
{"type":"Feature","geometry":{"type":"Point","coordinates":[-48.95073,-27.13834]},"properties":{"cota":13.55,"ano":2011,"bairro":"Dom Joaquim","rua":"Cedro"}},
{"type":"Feature","geometry":{"type":"Point","coordinates":[-48.94984,-27.138]},"properties":{"cota":11.57,"ano":2011,"bairro":"Dom Joaquim","rua":"Cedro"}},
{"type":"Feature","geometry":{"type":"Point","coordinates":[-48.94935,-27.13776]},"properties":{"cota":10.81,"ano":2011,"bairro":"Dom Joaquim","rua":"Cedro"}},
{"type":"Feature","geometry":{"type":"Point","coordinates":[-48.95831,-27.13777]},"properties":{"cota":13.15,"ano":2011,"bairro":"Dom Joaquim","rua":"DJ25"}},
{"type":"Feature","geometry":{"type":"Point","coordinates":[-48.95895,-27.13769]},"properties":{"cota":29.53,"ano":2011,"bairro":"Dom Joaquim","rua":"Anna Heill"}},
{"type":"Feature","geometry":{"type":"Point","coordinates":[-48.94909,-27.13758]},"properties":{"cota":10.74,"ano":2011,"bairro":"Dom Joaquim","rua":"Bruno Hodecker"}},
{"type":"Feature","geometry":{"type":"Point","coordinates":[-48.95177,-27.13768]},"properties":{"cota":11.82,"ano":2011,"bairro":"Rio Branco","rua":"Joao Banchini"}},
{"type":"Feature","geometry":{"type":"Point","coordinates":[-48.96557,-27.13729]},"properties":{"cota":17.73,"ano":2011,"bairro":"Dom Joaquim","rua":"Beira Rio"}},
{"type":"Feature","geometry":{"type":"Point","coordinates":[-48.9488,-27.13736]},"properties":{"cota":12.02,"ano":2011,"bairro":"Dom Joaquim","rua":"Cedro"}},
{"type":"Feature","geometry":{"type":"Point","coordinates":[-48.92843,-27.13743]},"properties":{"cota":12.84,"ano":2011,"bairro":"Aguas Claras","rua":"Lagoa Dourada"}},
{"type":"Feature","geometry":{"type":"Point","coordinates":[-48.95492,-27.13718]},"properties":{"cota":7.13,"ano":2011,"bairro":"Dom Joaquim","rua":"Beira Rio"}},
{"type":"Feature","geometry":{"type":"Point","coordinates":[-48.92992,-27.13709]},"properties":{"cota":13.35,"ano":2011,"bairro":"Aguas Claras","rua":"Joao Alves Cabral"}},
{"type":"Feature","geometry":{"type":"Point","coordinates":[-48.92937,-27.13672]},"properties":{"cota":10.31,"ano":2011,"bairro":"Aguas Claras","rua":"Joao Alvez Cabral"}},
{"type":"Feature","geometry":{"type":"Point","coordinates":[-48.95735,-27.13677]},"properties":{"cota":8.76,"ano":2011,"bairro":"Dom Joaquim","rua":"Beija Flor Verde"}},
{"type":"Feature","geometry":{"type":"Point","coordinates":[-48.95829,-27.13669]},"properties":{"cota":16.35,"ano":2011,"bairro":"Dom Joaquim","rua":"DJ25"}},
{"type":"Feature","geometry":{"type":"Point","coordinates":[-48.94857,-27.13663]},"properties":{"cota":14.74,"ano":2011,"bairro":"Dom Joaquim","rua":"Cedro"}},
{"type":"Feature","geometry":{"type":"Point","coordinates":[-48.95892,-27.13652]},"properties":{"cota":25.06,"ano":2011,"bairro":"Dom Joaquim","rua":"Anna Heill"}},
{"type":"Feature","geometry":{"type":"Point","coordinates":[-48.96531,-27.13655]},"properties":{"cota":12.41,"ano":2011,"bairro":"Dom Joaquim","rua":"Beira Rio"}},
{"type":"Feature","geometry":{"type":"Point","coordinates":[-48.95735,-27.13595]},"properties":{"cota":10.15,"ano":2011,"bairro":"Dom Joaquim","rua":"Beija Flor Verde"}},
{"type":"Feature","geometry":{"type":"Point","coordinates":[-48.93246,-27.1358]},"properties":{"cota":12.01,"ano":2011,"bairro":"Souza Cruz","rua":"C. A. Campos de Souza"}},
{"type":"Feature","geometry":{"type":"Point","coordinates":[-48.93113,-27.13566]},"properties":{"cota":11.02,"ano":2011,"bairro":"Souza Cruz","rua":"Lagoa Dourada"}},
{"type":"Feature","geometry":{"type":"Point","coordinates":[-48.96508,-27.13562]},"properties":{"cota":12.74,"ano":2011,"bairro":"Dom Joaquim","rua":"Beira Rio"}},
{"type":"Feature","geometry":{"type":"Point","coordinates":[-48.94841,-27.13546]},"properties":{"cota":17.4,"ano":2011,"bairro":"Dom Joaquim","rua":"Cedro"}},
{"type":"Feature","geometry":{"type":"Point","coordinates":[-48.96383,-27.13524]},"properties":{"cota":13.37,"ano":2011,"bairro":"Dom Joaquim","rua":"SD"}},
{"type":"Feature","geometry":{"type":"Point","coordinates":[-48.95892,-27.13526]},"properties":{"cota":14.71,"ano":2011,"bairro":"Dom Joaquim","rua":"Anna Heill"}},
{"type":"Feature","geometry":{"type":"Point","coordinates":[-48.93229,-27.13503]},"properties":{"cota":12.36,"ano":2011,"bairro":"Souza Cruz","rua":"Lagoa Dourada"}},
{"type":"Feature","geometry":{"type":"Point","coordinates":[-48.94242,-27.13501]},"properties":{"cota":11.99,"ano":2011,"bairro":"Souza Cruz","rua":"SC 019"}},
{"type":"Feature","geometry":{"type":"Point","coordinates":[-48.93252,-27.13487]},"properties":{"cota":12.38,"ano":2011,"bairro":"Souza Cruz","rua":"Alberto Klabunde"}},
{"type":"Feature","geometry":{"type":"Point","coordinates":[-48.94807,-27.13483]},"properties":{"cota":16.42,"ano":2011,"bairro":"Dom Joaquim","rua":"Cedro"}},
{"type":"Feature","geometry":{"type":"Point","coordinates":[-48.95732,-27.1346]},"properties":{"cota":15.71,"ano":2011,"bairro":"Dom Joaquim","rua":"Beija Flor Verde"}},
{"type":"Feature","geometry":{"type":"Point","coordinates":[-48.9567,-27.13459]},"properties":{"cota":12.59,"ano":2011,"bairro":"Dom Joaquim","rua":"DJ50"}},
{"type":"Feature","geometry":{"type":"Point","coordinates":[-48.95644,-27.1345]},"properties":{"cota":11.32,"ano":2011,"bairro":"Dom Joaquim","rua":"Beira Rio"}},
{"type":"Feature","geometry":{"type":"Point","coordinates":[-48.96477,-27.13417]},"properties":{"cota":12.03,"ano":2011,"bairro":"Dom Joaquim","rua":"Beira Rio"}},
{"type":"Feature","geometry":{"type":"Point","coordinates":[-48.94212,-27.13402]},"properties":{"cota":10.25,"ano":2011,"bairro":"Souza Cruz","rua":"SC 019"}},
{"type":"Feature","geometry":{"type":"Point","coordinates":[-48.95956,-27.134]},"properties":{"cota":15.76,"ano":2011,"bairro":"Dom Joaquim","rua":"Augusto Pires"}},
{"type":"Feature","geometry":{"type":"Point","coordinates":[-48.96383,-27.13397]},"properties":{"cota":11.18,"ano":2011,"bairro":"Dom Joaquim","rua":"SD"}},
{"type":"Feature","geometry":{"type":"Point","coordinates":[-48.93289,-27.13397]},"properties":{"cota":14.58,"ano":2011,"bairro":"Souza Cruz","rua":"Alberto Klabunde"}},
{"type":"Feature","geometry":{"type":"Point","coordinates":[-48.9623,-27.13395]},"properties":{"cota":13.52,"ano":2011,"bairro":"Dom Joaquim","rua":"Teresa Peters Schwamberger"}},
{"type":"Feature","geometry":{"type":"Point","coordinates":[-48.95892,-27.1339]},"properties":{"cota":11,"ano":2011,"bairro":"Dom Joaquim","rua":"Anna Heill"}},
{"type":"Feature","geometry":{"type":"Point","coordinates":[-48.94151,-27.13356]},"properties":{"cota":15.64,"ano":2011,"bairro":"Souza Cruz","rua":"Luiz Pedrini"}},
{"type":"Feature","geometry":{"type":"Point","coordinates":[-48.9599,-27.13346]},"properties":{"cota":15.56,"ano":2011,"bairro":"Dom Joaquim","rua":"Joao Peters"}},
{"type":"Feature","geometry":{"type":"Point","coordinates":[-48.93319,-27.13343]},"properties":{"cota":11.73,"ano":2011,"bairro":"Souza Cruz","rua":"Lagoa Dourada"}},
{"type":"Feature","geometry":{"type":"Point","coordinates":[-48.94694,-27.13346]},"properties":{"cota":19.37,"ano":2011,"bairro":"Souza Cruz","rua":"Cedro"}},
{"type":"Feature","geometry":{"type":"Point","coordinates":[-48.96149,-27.1334]},"properties":{"cota":13.44,"ano":2011,"bairro":"Dom Joaquim","rua":"Alayde Schlindwein"}},
{"type":"Feature","geometry":{"type":"Point","coordinates":[-48.94148,-27.1331]},"properties":{"cota":11.87,"ano":2011,"bairro":"Souza Cruz","rua":"Luiz Pedrini"}},
{"type":"Feature","geometry":{"type":"Point","coordinates":[-48.95948,-27.13337]},"properties":{"cota":13.84,"ano":2011,"bairro":"Dom Joaquim","rua":"Augusto Pires"}},
{"type":"Feature","geometry":{"type":"Point","coordinates":[-48.9638,-27.13334]},"properties":{"cota":12.37,"ano":2011,"bairro":"Dom Joaquim","rua":"Beira Rio"}},
{"type":"Feature","geometry":{"type":"Point","coordinates":[-48.95151,-27.13325]},"properties":{"cota":11.64,"ano":2011,"bairro":"Rio Branco","rua":"Joao Banchini"}},
{"type":"Feature","geometry":{"type":"Point","coordinates":[-48.96227,-27.13314]},"properties":{"cota":11.62,"ano":2011,"bairro":"Dom Joaquim","rua":"Teresa Peters Schwamberger"}},
{"type":"Feature","geometry":{"type":"Point","coordinates":[-48.93323,-27.13298]},"properties":{"cota":10.83,"ano":2011,"bairro":"Souza Cruz","rua":"Lagoa Dourada"}},
{"type":"Feature","geometry":{"type":"Point","coordinates":[-48.96318,-27.13279]},"properties":{"cota":12.83,"ano":2011,"bairro":"Dom Joaquim","rua":"Beira Rio"}},
{"type":"Feature","geometry":{"type":"Point","coordinates":[-48.95948,-27.13274]},"properties":{"cota":11.95,"ano":2011,"bairro":"Dom Joaquim","rua":"Augusto Pires"}},
{"type":"Feature","geometry":{"type":"Point","coordinates":[-48.95987,-27.13274]},"properties":{"cota":14.03,"ano":2011,"bairro":"Dom Joaquim","rua":"Joao Peters"}},
{"type":"Feature","geometry":{"type":"Point","coordinates":[-48.95711,-27.13243]},"properties":{"cota":7.57,"ano":2011,"bairro":"Dom Joaquim","rua":"Beira Rio"}},
{"type":"Feature","geometry":{"type":"Point","coordinates":[-48.96228,-27.13242]},"properties":{"cota":13.16,"ano":2011,"bairro":"Dom Joaquim","rua":"Beira Rio"}},
{"type":"Feature","geometry":{"type":"Point","coordinates":[-48.93425,-27.13228]},"properties":{"cota":10.23,"ano":2011,"bairro":"Souza Cruz","rua":"Lagoa Dourada"}},
{"type":"Feature","geometry":{"type":"Point","coordinates":[-48.94395,-27.13215]},"properties":{"cota":19.82,"ano":2011,"bairro":"Souza Cruz","rua":"Cedro"}},
{"type":"Feature","geometry":{"type":"Point","coordinates":[-48.96147,-27.13195]},"properties":{"cota":11.12,"ano":2011,"bairro":"Dom Joaquim","rua":"Alayde Schlindwein"}},
{"type":"Feature","geometry":{"type":"Point","coordinates":[-48.94153,-27.13193]},"properties":{"cota":10.6,"ano":2011,"bairro":"Souza Cruz","rua":"Luiz Pedrini"}},
{"type":"Feature","geometry":{"type":"Point","coordinates":[-48.94227,-27.13185]},"properties":{"cota":12.81,"ano":2011,"bairro":"Souza Cruz","rua":"inominada"}},
{"type":"Feature","geometry":{"type":"Point","coordinates":[-48.93456,-27.13183]},"properties":{"cota":11.44,"ano":2011,"bairro":"Souza Cruz","rua":"Lagoa Dourada"}},
{"type":"Feature","geometry":{"type":"Point","coordinates":[-48.94326,-27.13178]},"properties":{"cota":16.41,"ano":2011,"bairro":"Souza Cruz","rua":"Cedro"}},
{"type":"Feature","geometry":{"type":"Point","coordinates":[-48.95864,-27.13164]},"properties":{"cota":9.96,"ano":2011,"bairro":"Dom Joaquim","rua":"Beira Rio"}},
{"type":"Feature","geometry":{"type":"Point","coordinates":[-48.95904,-27.13165]},"properties":{"cota":10.25,"ano":2011,"bairro":"Dom Joaquim","rua":"Beira Rio"}},
{"type":"Feature","geometry":{"type":"Point","coordinates":[-48.95813,-27.1317]},"properties":{"cota":9.46,"ano":2011,"bairro":"Dom Joaquim","rua":"Beira Rio"}},
{"type":"Feature","geometry":{"type":"Point","coordinates":[-48.95995,-27.13166]},"properties":{"cota":11.08,"ano":2011,"bairro":"Dom Joaquim","rua":"Joao Peters"}},
{"type":"Feature","geometry":{"type":"Point","coordinates":[-48.95106,-27.13153]},"properties":{"cota":10.51,"ano":2011,"bairro":"Rio Branco","rua":"SD12"}},
{"type":"Feature","geometry":{"type":"Point","coordinates":[-48.95944,-27.13158]},"properties":{"cota":10.45,"ano":2011,"bairro":"Dom Joaquim","rua":"Beira Rio"}},
{"type":"Feature","geometry":{"type":"Point","coordinates":[-48.9515,-27.13145]},"properties":{"cota":10.63,"ano":2011,"bairro":"Rio Branco","rua":"Ernesto Bianchini"}},
{"type":"Feature","geometry":{"type":"Point","coordinates":[-48.94276,-27.1315]},"properties":{"cota":13.1,"ano":2011,"bairro":"Souza Cruz","rua":"Cedro"}},
{"type":"Feature","geometry":{"type":"Point","coordinates":[-48.95971,-27.13155]},"properties":{"cota":10.73,"ano":2011,"bairro":"Dom Joaquim","rua":"Beira Rio"}},
{"type":"Feature","geometry":{"type":"Point","coordinates":[-48.95267,-27.13146]},"properties":{"cota":10.86,"ano":2011,"bairro":"Rio Branco","rua":"SD383"}},
{"type":"Feature","geometry":{"type":"Point","coordinates":[-48.9504,-27.13143]},"properties":{"cota":10.35,"ano":2011,"bairro":"Rio Branco","rua":"RB18"}},
{"type":"Feature","geometry":{"type":"Point","coordinates":[-48.94956,-27.13142]},"properties":{"cota":10.1,"ano":2011,"bairro":"Rio Branco","rua":"SD230"}},
{"type":"Feature","geometry":{"type":"Point","coordinates":[-48.94243,-27.1314]},"properties":{"cota":11.08,"ano":2011,"bairro":"Souza Cruz","rua":"Cedro"}},
{"type":"Feature","geometry":{"type":"Point","coordinates":[-48.95357,-27.1313]},"properties":{"cota":11.77,"ano":2011,"bairro":"Rio Branco","rua":"Ernesto Bianchini"}},
{"type":"Feature","geometry":{"type":"Point","coordinates":[-48.94153,-27.13111]},"properties":{"cota":10.81,"ano":2011,"bairro":"Souza Cruz","rua":"Luiz Pedrini"}},
{"type":"Feature","geometry":{"type":"Point","coordinates":[-48.94106,-27.13084]},"properties":{"cota":14.01,"ano":2011,"bairro":"Souza Cruz","rua":"inominada"}},
{"type":"Feature","geometry":{"type":"Point","coordinates":[-48.95433,-27.13091]},"properties":{"cota":9.54,"ano":2011,"bairro":"Rio Branco","rua":"Ernesto Bianchini"}},
{"type":"Feature","geometry":{"type":"Point","coordinates":[-48.9485,-27.13059]},"properties":{"cota":11.31,"ano":2011,"bairro":"Rio Branco","rua":"SD6"}},
{"type":"Feature","geometry":{"type":"Point","coordinates":[-48.9546,-27.1305]},"properties":{"cota":11.34,"ano":2011,"bairro":"Rio Branco","rua":"Ernesto Bianchini"}},
{"type":"Feature","geometry":{"type":"Point","coordinates":[-48.93423,-27.13047]},"properties":{"cota":11.3,"ano":2011,"bairro":"Souza Cruz","rua":"Lagoa Dourada"}},
{"type":"Feature","geometry":{"type":"Point","coordinates":[-48.94783,-27.13004]},"properties":{"cota":11.72,"ano":2011,"bairro":"Rio Branco","rua":"SD8"}},
{"type":"Feature","geometry":{"type":"Point","coordinates":[-48.93345,-27.13001]},"properties":{"cota":11.84,"ano":2011,"bairro":"Souza Cruz","rua":"Conselheiro Ricardo Kuchembecker"}},
{"type":"Feature","geometry":{"type":"Point","coordinates":[-48.9597,-27.12994]},"properties":{"cota":9.77,"ano":2011,"bairro":"Dom Joaquim","rua":"M. Nicolodi Perasa"}},
{"type":"Feature","geometry":{"type":"Point","coordinates":[-48.94067,-27.12993]},"properties":{"cota":15.73,"ano":2011,"bairro":"Souza Cruz","rua":"Cedro"}},
{"type":"Feature","geometry":{"type":"Point","coordinates":[-48.95946,-27.12985]},"properties":{"cota":9.43,"ano":2011,"bairro":"Dom Joaquim","rua":"L. A. Moreira Bergamasco"}},
{"type":"Feature","geometry":{"type":"Point","coordinates":[-48.9473,-27.12967]},"properties":{"cota":11.52,"ano":2011,"bairro":"Rio Branco","rua":"SD9"}},
{"type":"Feature","geometry":{"type":"Point","coordinates":[-48.93425,-27.12957]},"properties":{"cota":11.55,"ano":2011,"bairro":"Souza Cruz","rua":"Lagoa Dourada"}},
{"type":"Feature","geometry":{"type":"Point","coordinates":[-48.93357,-27.12968]},"properties":{"cota":14.7,"ano":2011,"bairro":"Souza Cruz","rua":"Conselheiro Ricardo Kuchembecker"}},
{"type":"Feature","geometry":{"type":"Point","coordinates":[-48.94664,-27.12939]},"properties":{"cota":10.38,"ano":2011,"bairro":"Rio Branco","rua":"Ernesto Bianchini"}},
{"type":"Feature","geometry":{"type":"Point","coordinates":[-48.93898,-27.12928]},"properties":{"cota":15.28,"ano":2011,"bairro":"Souza Cruz","rua":"Luiz Dada"}},
{"type":"Feature","geometry":{"type":"Point","coordinates":[-48.94008,-27.1292]},"properties":{"cota":12.84,"ano":2011,"bairro":"Souza Cruz","rua":"Cedro"}},
{"type":"Feature","geometry":{"type":"Point","coordinates":[-48.93348,-27.1292]},"properties":{"cota":18.23,"ano":2011,"bairro":"Souza Cruz","rua":"Conselheiro Ricardo Kuchembecker"}},
{"type":"Feature","geometry":{"type":"Point","coordinates":[-48.93419,-27.12903]},"properties":{"cota":13.9,"ano":2011,"bairro":"Souza Cruz","rua":"Lagoa Dourada"}},
{"type":"Feature","geometry":{"type":"Point","coordinates":[-48.94597,-27.12902]},"properties":{"cota":9.14,"ano":2011,"bairro":"Rio Branco","rua":"Ernesto Bianchini"}},
{"type":"Feature","geometry":{"type":"Point","coordinates":[-48.93341,-27.12893]},"properties":{"cota":21.04,"ano":2011,"bairro":"Souza Cruz","rua":"Conselheiro Ricardo Kuchembecker"}},
{"type":"Feature","geometry":{"type":"Point","coordinates":[-48.9391,-27.12892]},"properties":{"cota":11.56,"ano":2011,"bairro":"Souza Cruz","rua":"Luiz Dada"}},
{"type":"Feature","geometry":{"type":"Point","coordinates":[-48.93335,-27.12874]},"properties":{"cota":17.55,"ano":2011,"bairro":"Souza Cruz","rua":"Conselheiro Ricardo Kuchembecker"}},
{"type":"Feature","geometry":{"type":"Point","coordinates":[-48.93617,-27.1287]},"properties":{"cota":11.23,"ano":2011,"bairro":"Souza Cruz","rua":"inominada"}},
{"type":"Feature","geometry":{"type":"Point","coordinates":[-48.94732,-27.12868]},"properties":{"cota":9.38,"ano":2011,"bairro":"Rio Branco","rua":"SD9"}},
{"type":"Feature","geometry":{"type":"Point","coordinates":[-48.9343,-27.12862]},"properties":{"cota":11.6,"ano":2011,"bairro":"Souza Cruz","rua":"Lagoa Dourada"}},
{"type":"Feature","geometry":{"type":"Point","coordinates":[-48.94541,-27.12847]},"properties":{"cota":11.71,"ano":2011,"bairro":"Rio Branco","rua":"inominada"}},
{"type":"Feature","geometry":{"type":"Point","coordinates":[-48.93917,-27.12847]},"properties":{"cota":10.33,"ano":2011,"bairro":"Souza Cruz","rua":"Luiz Dada"}},
{"type":"Feature","geometry":{"type":"Point","coordinates":[-48.94487,-27.12819]},"properties":{"cota":14.27,"ano":2011,"bairro":"Rio Branco","rua":"Ernesto Bianchini"}},
{"type":"Feature","geometry":{"type":"Point","coordinates":[-48.93468,-27.12804]},"properties":{"cota":8.82,"ano":2011,"bairro":"Souza Cruz","rua":"Lagoa Dourada"}},
{"type":"Feature","geometry":{"type":"Point","coordinates":[-48.94465,-27.12793]},"properties":{"cota":11.36,"ano":2011,"bairro":"Rio Branco","rua":"Ernesto Bianchini"}},
{"type":"Feature","geometry":{"type":"Point","coordinates":[-48.93346,-27.12802]},"properties":{"cota":13.3,"ano":2011,"bairro":"Souza Cruz","rua":"Conselheiro Ricardo Kuchembecker"}},
{"type":"Feature","geometry":{"type":"Point","coordinates":[-48.94206,-27.12788]},"properties":{"cota":10.61,"ano":2011,"bairro":"Rio Branco","rua":"RB 011"}},
{"type":"Feature","geometry":{"type":"Point","coordinates":[-48.93834,-27.12782]},"properties":{"cota":10.91,"ano":2011,"bairro":"Souza Cruz","rua":"Vitorio Schimidt"}},
{"type":"Feature","geometry":{"type":"Point","coordinates":[-48.94161,-27.12778]},"properties":{"cota":11.1,"ano":2011,"bairro":"Rio Branco","rua":"RB 010"}},
{"type":"Feature","geometry":{"type":"Point","coordinates":[-48.93372,-27.12776]},"properties":{"cota":11.65,"ano":2011,"bairro":"Souza Cruz","rua":"Conselheiro Ricardo Kuchembecker"}},
{"type":"Feature","geometry":{"type":"Point","coordinates":[-48.94414,-27.1276]},"properties":{"cota":8.42,"ano":2011,"bairro":"Rio Branco","rua":"Ernesto Bianchini"}},
{"type":"Feature","geometry":{"type":"Point","coordinates":[-48.94126,-27.1276]},"properties":{"cota":10.18,"ano":2011,"bairro":"Rio Branco","rua":"RB 009"}},
{"type":"Feature","geometry":{"type":"Point","coordinates":[-48.94353,-27.12754]},"properties":{"cota":10.16,"ano":2011,"bairro":"Rio Branco","rua":"Ernesto Bianchini"}},
{"type":"Feature","geometry":{"type":"Point","coordinates":[-48.93376,-27.1274]},"properties":{"cota":13.81,"ano":2011,"bairro":"Souza Cruz","rua":"Conselheiro Ricardo Kuchembecker"}},
{"type":"Feature","geometry":{"type":"Point","coordinates":[-48.94294,-27.12735]},"properties":{"cota":12.61,"ano":2011,"bairro":"Rio Branco","rua":"Paulo Voos"}},
{"type":"Feature","geometry":{"type":"Point","coordinates":[-48.94258,-27.12726]},"properties":{"cota":12.48,"ano":2011,"bairro":"Rio Branco","rua":"inominada"}},
{"type":"Feature","geometry":{"type":"Point","coordinates":[-48.94208,-27.12725]},"properties":{"cota":13.05,"ano":2011,"bairro":"Rio Branco","rua":"Pedro Voos"}},
{"type":"Feature","geometry":{"type":"Point","coordinates":[-48.94162,-27.12715]},"properties":{"cota":12.49,"ano":2011,"bairro":"Rio Branco","rua":"RB 010"}},
{"type":"Feature","geometry":{"type":"Point","coordinates":[-48.94129,-27.12697]},"properties":{"cota":12.25,"ano":2011,"bairro":"Rio Branco","rua":"RB 009"}},
{"type":"Feature","geometry":{"type":"Point","coordinates":[-48.93739,-27.12691]},"properties":{"cota":13.07,"ano":2011,"bairro":"Souza Cruz","rua":"Cedro"}},
{"type":"Feature","geometry":{"type":"Point","coordinates":[-48.93377,-27.12695]},"properties":{"cota":16.79,"ano":2011,"bairro":"Souza Cruz","rua":"Conselheiro Ricardo Kuchembecker"}},
{"type":"Feature","geometry":{"type":"Point","coordinates":[-48.93667,-27.1269]},"properties":{"cota":15.12,"ano":2011,"bairro":"Souza Cruz","rua":"Germano Hoschprung"}},
{"type":"Feature","geometry":{"type":"Point","coordinates":[-48.94058,-27.12677]},"properties":{"cota":11.05,"ano":2011,"bairro":"Rio Branco","rua":"SD586"}},
{"type":"Feature","geometry":{"type":"Point","coordinates":[-48.93679,-27.12672]},"properties":{"cota":12.07,"ano":2011,"bairro":"Souza Cruz","rua":"Germano Hoschprung"}},
{"type":"Feature","geometry":{"type":"Point","coordinates":[-48.94121,-27.12669]},"properties":{"cota":11.92,"ano":2011,"bairro":"Rio Branco","rua":"RB9"}},
{"type":"Feature","geometry":{"type":"Point","coordinates":[-48.93727,-27.12661]},"properties":{"cota":11.11,"ano":2011,"bairro":"Souza Cruz","rua":"Cedro"}},
{"type":"Feature","geometry":{"type":"Point","coordinates":[-48.93384,-27.12659]},"properties":{"cota":13.22,"ano":2011,"bairro":"Souza Cruz","rua":"Conselheiro Ricardo Kuchembecker"}},
{"type":"Feature","geometry":{"type":"Point","coordinates":[-48.9426,-27.12644]},"properties":{"cota":12.77,"ano":2011,"bairro":"Rio Branco","rua":"inominada"}},
{"type":"Feature","geometry":{"type":"Point","coordinates":[-48.93595,-27.12632]},"properties":{"cota":10.2,"ano":2011,"bairro":"Souza Cruz","rua":"Lagoa Dourada"}},
{"type":"Feature","geometry":{"type":"Point","coordinates":[-48.934,-27.12632]},"properties":{"cota":10.15,"ano":2011,"bairro":"Souza Cruz","rua":"Conselheiro Ricardo Kuchembecker"}},
{"type":"Feature","geometry":{"type":"Point","coordinates":[-48.94216,-27.12599]},"properties":{"cota":13.86,"ano":2011,"bairro":"Rio Branco","rua":"Pedro Voos"}},
{"type":"Feature","geometry":{"type":"Point","coordinates":[-48.93998,-27.12559]},"properties":{"cota":11.02,"ano":2011,"bairro":"Rio Branco","rua":"RB 026"}},
{"type":"Feature","geometry":{"type":"Point","coordinates":[-48.93449,-27.12542]},"properties":{"cota":10.65,"ano":2011,"bairro":"Souza Cruz","rua":"Conselheiro Ricardo Kuchembecker"}},
{"type":"Feature","geometry":{"type":"Point","coordinates":[-48.94124,-27.12534]},"properties":{"cota":10.79,"ano":2011,"bairro":"Rio Branco","rua":"RB 026"}},
{"type":"Feature","geometry":{"type":"Point","coordinates":[-48.94012,-27.12487]},"properties":{"cota":12.73,"ano":2011,"bairro":"Rio Branco","rua":"RB 007"}},
{"type":"Feature","geometry":{"type":"Point","coordinates":[-48.94212,-27.12481]},"properties":{"cota":14.72,"ano":2011,"bairro":"Rio Branco","rua":"Pedro Voos"}},
{"type":"Feature","geometry":{"type":"Point","coordinates":[-48.93661,-27.12483]},"properties":{"cota":9.9,"ano":2011,"bairro":"Souza Cruz","rua":"Maximiliano Furbringer"}},
{"type":"Feature","geometry":{"type":"Point","coordinates":[-48.93588,-27.12472]},"properties":{"cota":10.06,"ano":2011,"bairro":"Souza Cruz","rua":"Conselheiro Ricardo Kuchembecker"}},
{"type":"Feature","geometry":{"type":"Point","coordinates":[-48.94123,-27.12444]},"properties":{"cota":10.14,"ano":2011,"bairro":"Rio Branco","rua":"RB 007"}},
{"type":"Feature","geometry":{"type":"Point","coordinates":[-48.93614,-27.12427]},"properties":{"cota":10.5,"ano":2011,"bairro":"Souza Cruz","rua":"Conselheiro Ricardo Kuchembecker"}},
{"type":"Feature","geometry":{"type":"Point","coordinates":[-48.94126,-27.12399]},"properties":{"cota":10.01,"ano":2011,"bairro":"Rio Branco","rua":"Ernesto Bianchini"}},
{"type":"Feature","geometry":{"type":"Point","coordinates":[-48.93633,-27.12382]},"properties":{"cota":10.86,"ano":2011,"bairro":"Souza Cruz","rua":"Joao Carlos Graf"}},
{"type":"Feature","geometry":{"type":"Point","coordinates":[-48.93539,-27.12381]},"properties":{"cota":13.7,"ano":2011,"bairro":"Souza Cruz","rua":"Joao Carlos Graf"}},
{"type":"Feature","geometry":{"type":"Point","coordinates":[-48.93613,-27.12314]},"properties":{"cota":10.9,"ano":2011,"bairro":"Souza Cruz","rua":"Maximiliano Furbringer"}},
{"type":"Feature","geometry":{"type":"Point","coordinates":[-48.93995,-27.12306]},"properties":{"cota":13.46,"ano":2011,"bairro":"Rio Branco","rua":"SD"}},
{"type":"Feature","geometry":{"type":"Point","coordinates":[-48.94129,-27.12307]},"properties":{"cota":13.73,"ano":2011,"bairro":"Rio Branco","rua":"Ernesto Bianchini"}},
{"type":"Feature","geometry":{"type":"Point","coordinates":[-48.94135,-27.1229]},"properties":{"cota":13.79,"ano":2011,"bairro":"Rio Branco","rua":"Adao Schwartz"}},
{"type":"Feature","geometry":{"type":"Point","coordinates":[-48.94185,-27.12282]},"properties":{"cota":15.23,"ano":2011,"bairro":"Rio Branco","rua":"Sigmundo Kohler"}},
{"type":"Feature","geometry":{"type":"Point","coordinates":[-48.94032,-27.12271]},"properties":{"cota":11.26,"ano":2011,"bairro":"Rio Branco","rua":"SD"}},
{"type":"Feature","geometry":{"type":"Point","coordinates":[-48.94122,-27.12263]},"properties":{"cota":14.09,"ano":2011,"bairro":"Rio Branco","rua":"Ernesto Bianchini"}},
{"type":"Feature","geometry":{"type":"Point","coordinates":[-48.93559,-27.12255]},"properties":{"cota":9.25,"ano":2011,"bairro":"Souza Cruz","rua":"Alberto Knop"}},
{"type":"Feature","geometry":{"type":"Point","coordinates":[-48.93595,-27.1221]},"properties":{"cota":10.01,"ano":2011,"bairro":"Souza Cruz","rua":"Maximiliano Furbringer"}},
{"type":"Feature","geometry":{"type":"Point","coordinates":[-48.93808,-27.12186]},"properties":{"cota":10.65,"ano":2011,"bairro":"Rio Branco","rua":"Guilherme A Hoeffellmann"}},
{"type":"Feature","geometry":{"type":"Point","coordinates":[-48.94118,-27.12182]},"properties":{"cota":15.25,"ano":2011,"bairro":"Rio Branco","rua":"SD378"}},
{"type":"Feature","geometry":{"type":"Point","coordinates":[-48.93887,-27.12179]},"properties":{"cota":12.43,"ano":2011,"bairro":"Rio Branco","rua":"RB 019"}},
{"type":"Feature","geometry":{"type":"Point","coordinates":[-48.94034,-27.12181]},"properties":{"cota":13.8,"ano":2011,"bairro":"Rio Branco","rua":"Guilherme A Hoeffellmann"}},
{"type":"Feature","geometry":{"type":"Point","coordinates":[-48.93462,-27.12109]},"properties":{"cota":10.21,"ano":2011,"bairro":"Souza Cruz","rua":"Alberto Knop"}},
{"type":"Feature","geometry":{"type":"Point","coordinates":[-48.94124,-27.12123]},"properties":{"cota":17.15,"ano":2011,"bairro":"Rio Branco","rua":"Ernesto Bianchini"}},
{"type":"Feature","geometry":{"type":"Point","coordinates":[-48.93416,-27.12063]},"properties":{"cota":9.89,"ano":2011,"bairro":"Souza Cruz","rua":"Alberto Knop"}},
{"type":"Feature","geometry":{"type":"Point","coordinates":[-48.9412,-27.12047]},"properties":{"cota":16.89,"ano":2011,"bairro":"Rio Branco","rua":"RB 006"}},
{"type":"Feature","geometry":{"type":"Point","coordinates":[-48.93559,-27.12047]},"properties":{"cota":10.1,"ano":2011,"bairro":"Souza Cruz","rua":"Maximiliano Furbringer"}},
{"type":"Feature","geometry":{"type":"Point","coordinates":[-48.94054,-27.12001]},"properties":{"cota":16.46,"ano":2011,"bairro":"Rio Branco","rua":"SD"}},
{"type":"Feature","geometry":{"type":"Point","coordinates":[-48.94079,-27.11992]},"properties":{"cota":15.53,"ano":2011,"bairro":"Rio Branco","rua":"SD"}},
{"type":"Feature","geometry":{"type":"Point","coordinates":[-48.93748,-27.11942]},"properties":{"cota":9.32,"ano":2011,"bairro":"Rio Branco","rua":"Waldemar Loschner"}},
{"type":"Feature","geometry":{"type":"Point","coordinates":[-48.93944,-27.11927]},"properties":{"cota":12.78,"ano":2011,"bairro":"Rio Branco","rua":"Waldemar Loschner"}},
{"type":"Feature","geometry":{"type":"Point","coordinates":[-48.9398,-27.11927]},"properties":{"cota":15.18,"ano":2011,"bairro":"Rio Branco","rua":"Waldemar Loschner"}},
{"type":"Feature","geometry":{"type":"Point","coordinates":[-48.94026,-27.11928]},"properties":{"cota":13.8,"ano":2011,"bairro":"Rio Branco","rua":"Waldemar Loschner"}},
{"type":"Feature","geometry":{"type":"Point","coordinates":[-48.9379,-27.11868]},"properties":{"cota":10.74,"ano":2011,"bairro":"Rio Branco","rua":"RB 004"}},
{"type":"Feature","geometry":{"type":"Point","coordinates":[-48.93952,-27.11862]},"properties":{"cota":13.04,"ano":2011,"bairro":"Rio Branco","rua":"RB 004"}},
{"type":"Feature","geometry":{"type":"Point","coordinates":[-48.94023,-27.11864]},"properties":{"cota":10.93,"ano":2011,"bairro":"Rio Branco","rua":"RB 004"}},
{"type":"Feature","geometry":{"type":"Point","coordinates":[-48.93293,-27.11809]},"properties":{"cota":10.63,"ano":2011,"bairro":"Souza Cruz","rua":"Andrino Bento Amorim"}},
{"type":"Feature","geometry":{"type":"Point","coordinates":[-48.93326,-27.11782]},"properties":{"cota":8.94,"ano":2011,"bairro":"Souza Cruz","rua":"Alberto Knop"}},
{"type":"Feature","geometry":{"type":"Point","coordinates":[-48.94026,-27.11783]},"properties":{"cota":9.32,"ano":2011,"bairro":"Rio Branco","rua":"inominada"}},
{"type":"Feature","geometry":{"type":"Point","coordinates":[-48.93715,-27.11779]},"properties":{"cota":9.7,"ano":2011,"bairro":"Rio Branco","rua":"Melchior Kohler"}},
{"type":"Feature","geometry":{"type":"Point","coordinates":[-48.9398,-27.11783]},"properties":{"cota":8.92,"ano":2011,"bairro":"Rio Branco","rua":"Melchior Kohler"}},
{"type":"Feature","geometry":{"type":"Point","coordinates":[-48.93934,-27.11782]},"properties":{"cota":8.46,"ano":2011,"bairro":"Rio Branco","rua":"Melchior Kohler"}},
{"type":"Feature","geometry":{"type":"Point","coordinates":[-48.93893,-27.11782]},"properties":{"cota":9.43,"ano":2011,"bairro":"Rio Branco","rua":"Melchior Kohler"}},
{"type":"Feature","geometry":{"type":"Point","coordinates":[-48.93489,-27.11739]},"properties":{"cota":11.8,"ano":2011,"bairro":"Souza Cruz","rua":"Alberto Knop"}},
{"type":"Feature","geometry":{"type":"Point","coordinates":[-48.93873,-27.11718]},"properties":{"cota":9.94,"ano":2011,"bairro":"Rio Branco","rua":"SD"}},
{"type":"Feature","geometry":{"type":"Point","coordinates":[-48.91972,-27.11708]},"properties":{"cota":16.38,"ano":2011,"bairro":"Azambuja","rua":"Azambuja"}},
{"type":"Feature","geometry":{"type":"Point","coordinates":[-48.93541,-27.11659]},"properties":{"cota":11.61,"ano":2011,"bairro":"Maluche","rua":"Alberto Knop"}},
{"type":"Feature","geometry":{"type":"Point","coordinates":[-48.9417,-27.11659]},"properties":{"cota":7.79,"ano":2011,"bairro":"Rio Branco","rua":"Ernesto Bianchini"}},
{"type":"Feature","geometry":{"type":"Point","coordinates":[-48.91949,-27.11627]},"properties":{"cota":14.67,"ano":2011,"bairro":"Azambuja","rua":"Azambuja"}},
{"type":"Feature","geometry":{"type":"Point","coordinates":[-48.93951,-27.1162]},"properties":{"cota":10.06,"ano":2011,"bairro":"Rio Branco","rua":"RB 003"}},
{"type":"Feature","geometry":{"type":"Point","coordinates":[-48.94282,-27.11616]},"properties":{"cota":9.42,"ano":2011,"bairro":"Rio Branco","rua":"Ernesto Bianchini"}},
{"type":"Feature","geometry":{"type":"Point","coordinates":[-48.94401,-27.11581]},"properties":{"cota":9.25,"ano":2011,"bairro":"Rio Branco","rua":"Ernesto Bianchini"}},
{"type":"Feature","geometry":{"type":"Point","coordinates":[-48.91858,-27.1158]},"properties":{"cota":16.34,"ano":2011,"bairro":"Azambuja","rua":"Ernesto Appel"}},
{"type":"Feature","geometry":{"type":"Point","coordinates":[-48.93554,-27.11578]},"properties":{"cota":11.7,"ano":2011,"bairro":"Maluche","rua":"Alberto Knop"}},
{"type":"Feature","geometry":{"type":"Point","coordinates":[-48.91918,-27.11545]},"properties":{"cota":13.32,"ano":2011,"bairro":"Azambuja","rua":"Azambuja"}},
{"type":"Feature","geometry":{"type":"Point","coordinates":[-48.9445,-27.11528]},"properties":{"cota":9.57,"ano":2011,"bairro":"Rio Branco","rua":"Varginha"}},
{"type":"Feature","geometry":{"type":"Point","coordinates":[-48.93549,-27.11524]},"properties":{"cota":11.2,"ano":2011,"bairro":"Maluche","rua":"Alberto Knop"}},
{"type":"Feature","geometry":{"type":"Point","coordinates":[-48.91662,-27.11487]},"properties":{"cota":18.08,"ano":2011,"bairro":"Azambuja","rua":"Alvin Ratistotti"}},
{"type":"Feature","geometry":{"type":"Point","coordinates":[-48.9179,-27.1148]},"properties":{"cota":14.41,"ano":2011,"bairro":"Azambuja","rua":"Alvin Ratistotti"}},
{"type":"Feature","geometry":{"type":"Point","coordinates":[-48.91882,-27.11481]},"properties":{"cota":12.69,"ano":2011,"bairro":"Azambuja","rua":"Padre Lux"}},
{"type":"Feature","geometry":{"type":"Point","coordinates":[-48.93543,-27.11479]},"properties":{"cota":10.91,"ano":2011,"bairro":"Maluche","rua":"Manoel da Silva Mafra"}},
{"type":"Feature","geometry":{"type":"Point","coordinates":[-48.93614,-27.1148]},"properties":{"cota":10.31,"ano":2011,"bairro":"Maluche","rua":"Manoel da Silva Mafra"}},
{"type":"Feature","geometry":{"type":"Point","coordinates":[-48.93539,-27.11442]},"properties":{"cota":11,"ano":2011,"bairro":"Maluche","rua":"JM 009"}},
{"type":"Feature","geometry":{"type":"Point","coordinates":[-48.93611,-27.11443]},"properties":{"cota":10.34,"ano":2011,"bairro":"Maluche","rua":"inominada"}},
{"type":"Feature","geometry":{"type":"Point","coordinates":[-48.93596,-27.11416]},"properties":{"cota":9.84,"ano":2011,"bairro":"Maluche","rua":"JM 008"}},
{"type":"Feature","geometry":{"type":"Point","coordinates":[-48.93533,-27.11415]},"properties":{"cota":11.14,"ano":2011,"bairro":"Maluche","rua":"JM 008"}},
{"type":"Feature","geometry":{"type":"Point","coordinates":[-48.93523,-27.11405]},"properties":{"cota":11.2,"ano":2011,"bairro":"Maluche","rua":"Alberto Knop"}},
{"type":"Feature","geometry":{"type":"Point","coordinates":[-48.9351,-27.11361]},"properties":{"cota":11.58,"ano":2011,"bairro":"Maluche","rua":"Alberto Knop"}},
{"type":"Feature","geometry":{"type":"Point","coordinates":[-48.93678,-27.11363]},"properties":{"cota":10.32,"ano":2011,"bairro":"Maluche","rua":"JM14"}},
{"type":"Feature","geometry":{"type":"Point","coordinates":[-48.93557,-27.11361]},"properties":{"cota":10,"ano":2011,"bairro":"Maluche","rua":"JM14"}},
{"type":"Feature","geometry":{"type":"Point","coordinates":[-48.9362,-27.11362]},"properties":{"cota":9.88,"ano":2011,"bairro":"Maluche","rua":"JM14"}},
{"type":"Feature","geometry":{"type":"Point","coordinates":[-48.93476,-27.11324]},"properties":{"cota":12.3,"ano":2011,"bairro":"Maluche","rua":"Alberto Knop"}},
{"type":"Feature","geometry":{"type":"Point","coordinates":[-48.93681,-27.11309]},"properties":{"cota":9.01,"ano":2011,"bairro":"Maluche","rua":"JM 011"}},
{"type":"Feature","geometry":{"type":"Point","coordinates":[-48.93644,-27.11291]},"properties":{"cota":10.71,"ano":2011,"bairro":"Maluche","rua":"JM 011"}},
{"type":"Feature","geometry":{"type":"Point","coordinates":[-48.93506,-27.11289]},"properties":{"cota":11.95,"ano":2011,"bairro":"Maluche","rua":"JM 011"}},
{"type":"Feature","geometry":{"type":"Point","coordinates":[-48.93585,-27.11281]},"properties":{"cota":11.58,"ano":2011,"bairro":"Maluche","rua":"JM 011"}},
{"type":"Feature","geometry":{"type":"Point","coordinates":[-48.93452,-27.11279]},"properties":{"cota":12.95,"ano":2011,"bairro":"Maluche","rua":"JM 011"}},
{"type":"Feature","geometry":{"type":"Point","coordinates":[-48.91875,-27.11273]},"properties":{"cota":11.79,"ano":2011,"bairro":"Azambuja","rua":"Azambuja"}},
{"type":"Feature","geometry":{"type":"Point","coordinates":[-48.93432,-27.11251]},"properties":{"cota":15.8,"ano":2011,"bairro":"Maluche","rua":"Alberto Knop"}},
{"type":"Feature","geometry":{"type":"Point","coordinates":[-48.93404,-27.11215]},"properties":{"cota":19.02,"ano":2011,"bairro":"Maluche","rua":"Alberto Knop"}},
{"type":"Feature","geometry":{"type":"Point","coordinates":[-48.9452,-27.11168]},"properties":{"cota":8.66,"ano":2011,"bairro":"Rio Branco","rua":"Ernesto Bianchini"}},
{"type":"Feature","geometry":{"type":"Point","coordinates":[-48.91913,-27.11166]},"properties":{"cota":11.26,"ano":2011,"bairro":"Azambuja","rua":"Azambuja"}},
{"type":"Feature","geometry":{"type":"Point","coordinates":[-48.92285,-27.11108]},"properties":{"cota":14.92,"ano":2011,"bairro":"Souza Cruz","rua":"SC01"}},
{"type":"Feature","geometry":{"type":"Point","coordinates":[-48.94471,-27.11095]},"properties":{"cota":12.42,"ano":2011,"bairro":"Rio Branco","rua":"Ernesto Bianchini"}},
{"type":"Feature","geometry":{"type":"Point","coordinates":[-48.92244,-27.11089]},"properties":{"cota":16.76,"ano":2011,"bairro":"Souza Cruz","rua":"Bulcao Viana"}},
{"type":"Feature","geometry":{"type":"Point","coordinates":[-48.91881,-27.11075]},"properties":{"cota":10.98,"ano":2011,"bairro":"Azambuja","rua":"Azambuja"}},
{"type":"Feature","geometry":{"type":"Point","coordinates":[-48.92265,-27.11054]},"properties":{"cota":14.67,"ano":2011,"bairro":"Souza Cruz","rua":"SC01"}},
{"type":"Feature","geometry":{"type":"Point","coordinates":[-48.92231,-27.11044]},"properties":{"cota":14.95,"ano":2011,"bairro":"Souza Cruz","rua":"Augusto Kohler"}},
{"type":"Feature","geometry":{"type":"Point","coordinates":[-48.92299,-27.11045]},"properties":{"cota":15.35,"ano":2011,"bairro":"Souza Cruz","rua":"Augusto Kohler"}},
{"type":"Feature","geometry":{"type":"Point","coordinates":[-48.94415,-27.10995]},"properties":{"cota":13.22,"ano":2011,"bairro":"Guarani","rua":"Ernesto Bianchini"}},
{"type":"Feature","geometry":{"type":"Point","coordinates":[-48.92192,-27.1098]},"properties":{"cota":14.01,"ano":2011,"bairro":"Souza Cruz","rua":"Bulcao Viana"}},
{"type":"Feature","geometry":{"type":"Point","coordinates":[-48.91904,-27.10958]},"properties":{"cota":10.78,"ano":2011,"bairro":"Azambuja","rua":"Azambuja"}},
{"type":"Feature","geometry":{"type":"Point","coordinates":[-48.92183,-27.10917]},"properties":{"cota":11.58,"ano":2011,"bairro":"Souza Cruz","rua":"Bulcao Viana"}},
{"type":"Feature","geometry":{"type":"Point","coordinates":[-48.91968,-27.10905]},"properties":{"cota":10.01,"ano":2011,"bairro":"Azambuja","rua":"Azambuja"}},
{"type":"Feature","geometry":{"type":"Point","coordinates":[-48.94395,-27.10868]},"properties":{"cota":11.34,"ano":2011,"bairro":"Guarani","rua":"Ernesto Bianchini"}},
{"type":"Feature","geometry":{"type":"Point","coordinates":[-48.9218,-27.10845]},"properties":{"cota":9.98,"ano":2011,"bairro":"Souza Cruz","rua":"Bulcao Viana"}},
{"type":"Feature","geometry":{"type":"Point","coordinates":[-48.91976,-27.10824]},"properties":{"cota":9.68,"ano":2011,"bairro":"Azambuja","rua":"Azambuja"}},
{"type":"Feature","geometry":{"type":"Point","coordinates":[-48.92168,-27.1079]},"properties":{"cota":9.48,"ano":2011,"bairro":"Souza Cruz","rua":"Bulcao Viana"}},
{"type":"Feature","geometry":{"type":"Point","coordinates":[-48.92623,-27.10788]},"properties":{"cota":10.96,"ano":2011,"bairro":"Maluche","rua":"Germano Furbringer"}},
{"type":"Feature","geometry":{"type":"Point","coordinates":[-48.91483,-27.10789]},"properties":{"cota":10.94,"ano":2011,"bairro":"1 de Maio","rua":"Primeiro de Maio"}},
{"type":"Feature","geometry":{"type":"Point","coordinates":[-48.92386,-27.10776]},"properties":{"cota":11.02,"ano":2011,"bairro":"Souza Cruz","rua":"Ipiranga"}},
{"type":"Feature","geometry":{"type":"Point","coordinates":[-48.92513,-27.10759]},"properties":{"cota":9.9,"ano":2011,"bairro":"Souza Cruz","rua":"Germano Furbringer"}},
{"type":"Feature","geometry":{"type":"Point","coordinates":[-48.91449,-27.10757]},"properties":{"cota":11.27,"ano":2011,"bairro":"1 de Maio","rua":"Mathias Morelli"}},
{"type":"Feature","geometry":{"type":"Point","coordinates":[-48.92002,-27.10752]},"properties":{"cota":9.84,"ano":2011,"bairro":"Azambuja","rua":"Tiradentes"}},
{"type":"Feature","geometry":{"type":"Point","coordinates":[-48.92397,-27.10736]},"properties":{"cota":9.59,"ano":2011,"bairro":"Souza Cruz","rua":"Ipiranga"}},
{"type":"Feature","geometry":{"type":"Point","coordinates":[-48.91412,-27.10729]},"properties":{"cota":12.12,"ano":2011,"bairro":"1 de Maio","rua":"Mathias Morelli"}},
{"type":"Feature","geometry":{"type":"Point","coordinates":[-48.9213,-27.10725]},"properties":{"cota":9.26,"ano":2011,"bairro":"Souza Cruz","rua":"Bulcao Viana"}},
{"type":"Feature","geometry":{"type":"Point","coordinates":[-48.91488,-27.10732]},"properties":{"cota":10.27,"ano":2011,"bairro":"1 de Maio","rua":"Francisco Walendowsky"}},
{"type":"Feature","geometry":{"type":"Point","coordinates":[-48.94337,-27.10723]},"properties":{"cota":15.06,"ano":2011,"bairro":"Guarani","rua":"Ernesto Bianchini"}},
{"type":"Feature","geometry":{"type":"Point","coordinates":[-48.91943,-27.10724]},"properties":{"cota":10.4,"ano":2011,"bairro":"Azambuja","rua":"Tiradentes"}},
{"type":"Feature","geometry":{"type":"Point","coordinates":[-48.92585,-27.10679]},"properties":{"cota":11,"ano":2011,"bairro":"Maluche","rua":"Duque de Caxias"}},
{"type":"Feature","geometry":{"type":"Point","coordinates":[-48.91879,-27.10687]},"properties":{"cota":13.65,"ano":2011,"bairro":"Azambuja","rua":"Tiradentes"}},
{"type":"Feature","geometry":{"type":"Point","coordinates":[-48.9229,-27.10686]},"properties":{"cota":9.46,"ano":2011,"bairro":"Souza Cruz","rua":"Joao Archer"}},
{"type":"Feature","geometry":{"type":"Point","coordinates":[-48.92517,-27.10672]},"properties":{"cota":9.31,"ano":2011,"bairro":"Maluche","rua":"Duque de Caxias"}},
{"type":"Feature","geometry":{"type":"Point","coordinates":[-48.91988,-27.10679]},"properties":{"cota":9.66,"ano":2011,"bairro":"Azambuja","rua":"Azambuja"}},
{"type":"Feature","geometry":{"type":"Point","coordinates":[-48.91428,-27.10671]},"properties":{"cota":9.23,"ano":2011,"bairro":"1 de Maio","rua":"Francisco Walendowsky"}},
{"type":"Feature","geometry":{"type":"Point","coordinates":[-48.91497,-27.10672]},"properties":{"cota":11.7,"ano":2011,"bairro":"1 de Maio","rua":"Primeiro de Maio"}},
{"type":"Feature","geometry":{"type":"Point","coordinates":[-48.93546,-27.10669]},"properties":{"cota":14.25,"ano":2011,"bairro":"Maluche","rua":"Francisco Sassi"}},
{"type":"Feature","geometry":{"type":"Point","coordinates":[-48.93539,-27.10637]},"properties":{"cota":10.6,"ano":2011,"bairro":"Maluche","rua":"Francisco Sassi"}},
{"type":"Feature","geometry":{"type":"Point","coordinates":[-48.92392,-27.10618]},"properties":{"cota":8.85,"ano":2011,"bairro":"Maluche","rua":"Carlos Graf"}},
{"type":"Feature","geometry":{"type":"Point","coordinates":[-48.92174,-27.10638]},"properties":{"cota":9.67,"ano":2011,"bairro":"Maluche","rua":"Dom Joaquim"}},
{"type":"Feature","geometry":{"type":"Point","coordinates":[-48.91399,-27.10627]},"properties":{"cota":10.58,"ano":2011,"bairro":"1 de Maio","rua":"Francisco Walendowsky"}},
{"type":"Feature","geometry":{"type":"Point","coordinates":[-48.9097,-27.10628]},"properties":{"cota":15.22,"ano":2011,"bairro":"Centro II","rua":"Gustavo Halffpap"}},
{"type":"Feature","geometry":{"type":"Point","coordinates":[-48.91975,-27.10625]},"properties":{"cota":9.51,"ano":2011,"bairro":"Azambuja","rua":"Azambuja"}},
{"type":"Feature","geometry":{"type":"Point","coordinates":[-48.91505,-27.10609]},"properties":{"cota":11.2,"ano":2011,"bairro":"1 de Maio","rua":"Primeiro de Maio"}},
{"type":"Feature","geometry":{"type":"Point","coordinates":[-48.92101,-27.10609]},"properties":{"cota":9.25,"ano":2011,"bairro":"Azambuja","rua":"Dom Joaquim"}},
{"type":"Feature","geometry":{"type":"Point","coordinates":[-48.91361,-27.10593]},"properties":{"cota":12.02,"ano":2011,"bairro":"1 de Maio","rua":"Luis Walendowky"}},
{"type":"Feature","geometry":{"type":"Point","coordinates":[-48.92654,-27.1059]},"properties":{"cota":11.15,"ano":2011,"bairro":"Maluche","rua":"Dr Olimpio de Souza Pitanga"}},
{"type":"Feature","geometry":{"type":"Point","coordinates":[-48.91342,-27.10589]},"properties":{"cota":14.44,"ano":2011,"bairro":"Centro II","rua":"Francisco Walendowsky"}},
{"type":"Feature","geometry":{"type":"Point","coordinates":[-48.92209,-27.10587]},"properties":{"cota":10.62,"ano":2011,"bairro":"Maluche","rua":"Joao Kunitz"}},
{"type":"Feature","geometry":{"type":"Point","coordinates":[-48.9251,-27.10588]},"properties":{"cota":9.95,"ano":2011,"bairro":"Maluche","rua":"Dr Olimpio de Souza Pitanga"}},
{"type":"Feature","geometry":{"type":"Point","coordinates":[-48.91336,-27.10571]},"properties":{"cota":16.72,"ano":2011,"bairro":"Centro II","rua":"Francisco Walendowsky"}},
{"type":"Feature","geometry":{"type":"Point","coordinates":[-48.92035,-27.10577]},"properties":{"cota":9.08,"ano":2011,"bairro":"Centro II","rua":"Dom Joaquim"}},
{"type":"Feature","geometry":{"type":"Point","coordinates":[-48.92465,-27.10569]},"properties":{"cota":10.06,"ano":2011,"bairro":"Maluche","rua":"Dr Olimpio de Souza Pitanga"}},
{"type":"Feature","geometry":{"type":"Point","coordinates":[-48.91406,-27.10554]},"properties":{"cota":8.64,"ano":2011,"bairro":"1 de Maio","rua":"Angelo Gamba"}},
{"type":"Feature","geometry":{"type":"Point","coordinates":[-48.90981,-27.10565]},"properties":{"cota":12.04,"ano":2011,"bairro":"Centro II","rua":"Gustavo Halffpap"}},
{"type":"Feature","geometry":{"type":"Point","coordinates":[-48.91763,-27.10545]},"properties":{"cota":10.33,"ano":2011,"bairro":"Azambuja","rua":"Arthur Kistenmacher"}},
{"type":"Feature","geometry":{"type":"Point","coordinates":[-48.92144,-27.10546]},"properties":{"cota":9.63,"ano":2011,"bairro":"Maluche","rua":"Joao Kunitz"}},
{"type":"Feature","geometry":{"type":"Point","coordinates":[-48.91962,-27.10544]},"properties":{"cota":9.66,"ano":2011,"bairro":"Centro II","rua":"Dom Joaquim"}},
{"type":"Feature","geometry":{"type":"Point","coordinates":[-48.9336,-27.1054]},"properties":{"cota":12.06,"ano":2011,"bairro":"Maluche","rua":"Dr Olimpio de Souza Pitanga"}},
{"type":"Feature","geometry":{"type":"Point","coordinates":[-48.93442,-27.10538]},"properties":{"cota":11.52,"ano":2011,"bairro":"Maluche","rua":"Dr Olimpio de Souza Pitanga"}},
{"type":"Feature","geometry":{"type":"Point","coordinates":[-48.93285,-27.10546]},"properties":{"cota":16.43,"ano":2011,"bairro":"Maluche","rua":"Dr Olimpio de Souza Pitanga"}},
{"type":"Feature","geometry":{"type":"Point","coordinates":[-48.92391,-27.10525]},"properties":{"cota":9.96,"ano":2011,"bairro":"Maluche","rua":"Dr Olimpio de Souza Pitanga"}},
{"type":"Feature","geometry":{"type":"Point","coordinates":[-48.92241,-27.1053]},"properties":{"cota":10.86,"ano":2011,"bairro":"Maluche","rua":"Augusto Bauer"}},
{"type":"Feature","geometry":{"type":"Point","coordinates":[-48.91537,-27.10503]},"properties":{"cota":11.53,"ano":2011,"bairro":"1 de Maio","rua":"Tiradentes"}},
{"type":"Feature","geometry":{"type":"Point","coordinates":[-48.91878,-27.10515]},"properties":{"cota":9.92,"ano":2011,"bairro":"Azambuja","rua":"Getulio Vergas"}},
{"type":"Feature","geometry":{"type":"Point","coordinates":[-48.92088,-27.10509]},"properties":{"cota":9.3,"ano":2011,"bairro":"Maluche","rua":"Dr Olimpio de Souza Pitanga"}},
{"type":"Feature","geometry":{"type":"Point","coordinates":[-48.92526,-27.1051]},"properties":{"cota":10.47,"ano":2011,"bairro":"Maluche","rua":"Oscar Maluche"}},
{"type":"Feature","geometry":{"type":"Point","coordinates":[-48.90984,-27.10511]},"properties":{"cota":10.38,"ano":2011,"bairro":"Centro II","rua":"Gustavo Halffpap"}},
{"type":"Feature","geometry":{"type":"Point","coordinates":[-48.92552,-27.10507]},"properties":{"cota":9.97,"ano":2011,"bairro":"Maluche","rua":"Oscar Maluche"}},
{"type":"Feature","geometry":{"type":"Point","coordinates":[-48.92327,-27.1049]},"properties":{"cota":10.44,"ano":2011,"bairro":"Maluche","rua":"Augusto Bauer"}},
{"type":"Feature","geometry":{"type":"Point","coordinates":[-48.9268,-27.105]},"properties":{"cota":9.62,"ano":2011,"bairro":"Maluche","rua":"Valerio Walendowsky"}},
{"type":"Feature","geometry":{"type":"Point","coordinates":[-48.90768,-27.10499]},"properties":{"cota":16.77,"ano":2011,"bairro":"Centro II","rua":"Henrich Hofman"}},
{"type":"Feature","geometry":{"type":"Point","coordinates":[-48.93406,-27.10493]},"properties":{"cota":9.45,"ano":2011,"bairro":"Maluche","rua":"Oswaldo Mafezzolli"}},
{"type":"Feature","geometry":{"type":"Point","coordinates":[-48.92172,-27.10493]},"properties":{"cota":10.11,"ano":2011,"bairro":"Maluche","rua":"Carlos Graf"}},
{"type":"Feature","geometry":{"type":"Point","coordinates":[-48.9152,-27.10494]},"properties":{"cota":10.78,"ano":2011,"bairro":"1 de Maio","rua":"Joao Hingst"}},
{"type":"Feature","geometry":{"type":"Point","coordinates":[-48.92791,-27.10493]},"properties":{"cota":13.91,"ano":2011,"bairro":"Maluche","rua":"Jorge Lacerda"}},
{"type":"Feature","geometry":{"type":"Point","coordinates":[-48.92291,-27.10488]},"properties":{"cota":10.06,"ano":2011,"bairro":"Maluche","rua":"Augusto Bauer"}},
{"type":"Feature","geometry":{"type":"Point","coordinates":[-48.93485,-27.10494]},"properties":{"cota":8.25,"ano":2011,"bairro":"Maluche","rua":"Francisco Sassi"}},
{"type":"Feature","geometry":{"type":"Point","coordinates":[-48.9181,-27.10478]},"properties":{"cota":10.04,"ano":2011,"bairro":"1 de Maio","rua":"Arthur Kistenmacher"}},
{"type":"Feature","geometry":{"type":"Point","coordinates":[-48.92445,-27.10479]},"properties":{"cota":11.23,"ano":2011,"bairro":"Maluche","rua":"Oscar Maluche"}},
{"type":"Feature","geometry":{"type":"Point","coordinates":[-48.91402,-27.10463]},"properties":{"cota":8.66,"ano":2011,"bairro":"1 de Maio","rua":"Joao Hingst"}},
{"type":"Feature","geometry":{"type":"Point","coordinates":[-48.93445,-27.10466]},"properties":{"cota":8.36,"ano":2011,"bairro":"Maluche","rua":"Oswaldo Mafezzolli"}},
{"type":"Feature","geometry":{"type":"Point","coordinates":[-48.90835,-27.10464]},"properties":{"cota":14.45,"ano":2011,"bairro":"Centro II","rua":"Henrich Hofman"}},
{"type":"Feature","geometry":{"type":"Point","coordinates":[-48.92553,-27.10459]},"properties":{"cota":10.36,"ano":2011,"bairro":"Maluche","rua":"Hugo Schlosser"}},
{"type":"Feature","geometry":{"type":"Point","coordinates":[-48.92116,-27.10467]},"properties":{"cota":9.86,"ano":2011,"bairro":"Centro II","rua":"Geronimo Coelho"}},
{"type":"Feature","geometry":{"type":"Point","coordinates":[-48.92399,-27.10443]},"properties":{"cota":11.29,"ano":2011,"bairro":"Maluche","rua":"Oscar Maluche"}},
{"type":"Feature","geometry":{"type":"Point","coordinates":[-48.90973,-27.10448]},"properties":{"cota":9.28,"ano":2011,"bairro":"Centro II","rua":"Gustavo Halffpap"}},
{"type":"Feature","geometry":{"type":"Point","coordinates":[-48.92217,-27.10445]},"properties":{"cota":9.69,"ano":2011,"bairro":"Maluche","rua":"Geronimo Coelho"}},
{"type":"Feature","geometry":{"type":"Point","coordinates":[-48.91918,-27.10444]},"properties":{"cota":8.87,"ano":2011,"bairro":"Centro II","rua":"Gustavo Richard"}},
{"type":"Feature","geometry":{"type":"Point","coordinates":[-48.92048,-27.10429]},"properties":{"cota":9.54,"ano":2011,"bairro":"Centro II","rua":"Augusto Maluche"}},
{"type":"Feature","geometry":{"type":"Point","coordinates":[-48.93489,-27.1044]},"properties":{"cota":9.88,"ano":2011,"bairro":"Maluche","rua":"Francisco Sassi"}},
{"type":"Feature","geometry":{"type":"Point","coordinates":[-48.93836,-27.10436]},"properties":{"cota":9.15,"ano":2011,"bairro":"Guarani","rua":"Orides Schwartz"}},
{"type":"Feature","geometry":{"type":"Point","coordinates":[-48.91717,-27.10432]},"properties":{"cota":11.07,"ano":2011,"bairro":"Centro II","rua":"Getulio Vergas"}},
{"type":"Feature","geometry":{"type":"Point","coordinates":[-48.92139,-27.10431]},"properties":{"cota":9.79,"ano":2011,"bairro":"Centro II","rua":"Geronimo Coelho"}},
{"type":"Feature","geometry":{"type":"Point","coordinates":[-48.91517,-27.1043]},"properties":{"cota":11.16,"ano":2011,"bairro":"1 de Maio","rua":"Primeiro de Maio"}},
{"type":"Feature","geometry":{"type":"Point","coordinates":[-48.92574,-27.10419]},"properties":{"cota":10.1,"ano":2011,"bairro":"Maluche","rua":"Leoberto Leal"}},
{"type":"Feature","geometry":{"type":"Point","coordinates":[-48.9267,-27.10419]},"properties":{"cota":9.32,"ano":2011,"bairro":"Maluche","rua":"Valerio Walendowsky"}},
{"type":"Feature","geometry":{"type":"Point","coordinates":[-48.92171,-27.1042]},"properties":{"cota":9.59,"ano":2011,"bairro":"Maluche","rua":"Geronimo Coelho"}},
{"type":"Feature","geometry":{"type":"Point","coordinates":[-48.92796,-27.10405]},"properties":{"cota":13.11,"ano":2011,"bairro":"Maluche","rua":"Leoberto Leal"}},
{"type":"Feature","geometry":{"type":"Point","coordinates":[-48.93826,-27.10409]},"properties":{"cota":11.21,"ano":2011,"bairro":"Guarani","rua":"Orides Schwartz"}},
{"type":"Feature","geometry":{"type":"Point","coordinates":[-48.93799,-27.10408]},"properties":{"cota":10.56,"ano":2011,"bairro":"Guarani","rua":"inominada"}},
{"type":"Feature","geometry":{"type":"Point","coordinates":[-48.9366,-27.10406]},"properties":{"cota":9.95,"ano":2011,"bairro":"Guarani","rua":"inominada"}},
{"type":"Feature","geometry":{"type":"Point","coordinates":[-48.92462,-27.10407]},"properties":{"cota":11.3,"ano":2011,"bairro":"Maluche","rua":"Augusto Bauer"}},
{"type":"Feature","geometry":{"type":"Point","coordinates":[-48.90921,-27.10411]},"properties":{"cota":10.76,"ano":2011,"bairro":"Centro II","rua":"Henrich Hofman"}},
{"type":"Feature","geometry":{"type":"Point","coordinates":[-48.92739,-27.10411]},"properties":{"cota":11.23,"ano":2011,"bairro":"Maluche","rua":"Leoberto Leal"}},
{"type":"Feature","geometry":{"type":"Point","coordinates":[-48.91621,-27.10394]},"properties":{"cota":10.53,"ano":2011,"bairro":"Centro II","rua":"Getulio Vergas"}},
{"type":"Feature","geometry":{"type":"Point","coordinates":[-48.93402,-27.10384]},"properties":{"cota":12.37,"ano":2011,"bairro":"Maluche","rua":"Pedro Felipe Sestrem Jr"}},
{"type":"Feature","geometry":{"type":"Point","coordinates":[-48.92519,-27.1038]},"properties":{"cota":11.34,"ano":2011,"bairro":"Maluche","rua":"Augusto Bauer"}},
{"type":"Feature","geometry":{"type":"Point","coordinates":[-48.9346,-27.10385]},"properties":{"cota":11.45,"ano":2011,"bairro":"Maluche","rua":"Pedro Felipe Sestrem Jr"}},
{"type":"Feature","geometry":{"type":"Point","coordinates":[-48.91971,-27.10381]},"properties":{"cota":9.36,"ano":2011,"bairro":"Centro II","rua":"Adolfo Schlosser"}},
{"type":"Feature","geometry":{"type":"Point","coordinates":[-48.94741,-27.10377]},"properties":{"cota":9.07,"ano":2011,"bairro":"Guarani","rua":"GU 23"}},
{"type":"Feature","geometry":{"type":"Point","coordinates":[-48.91553,-27.10364]},"properties":{"cota":10.38,"ano":2011,"bairro":"Centro II","rua":"Getulio Vergas"}},
{"type":"Feature","geometry":{"type":"Point","coordinates":[-48.9097,-27.1038]},"properties":{"cota":9.13,"ano":2011,"bairro":"Centro II","rua":"Henrich Hofmann"}},
{"type":"Feature","geometry":{"type":"Point","coordinates":[-48.9487,-27.10361]},"properties":{"cota":9.28,"ano":2011,"bairro":"Guarani","rua":"GU12"}},
{"type":"Feature","geometry":{"type":"Point","coordinates":[-48.92702,-27.10353]},"properties":{"cota":10.88,"ano":2011,"bairro":"Maluche","rua":"Augusto Bauer"}},
{"type":"Feature","geometry":{"type":"Point","coordinates":[-48.93678,-27.10361]},"properties":{"cota":10.76,"ano":2011,"bairro":"Guarani","rua":"SD3"}},
{"type":"Feature","geometry":{"type":"Point","coordinates":[-48.93815,-27.10363]},"properties":{"cota":11.27,"ano":2011,"bairro":"Guarani","rua":"SD3"}},
{"type":"Feature","geometry":{"type":"Point","coordinates":[-48.92606,-27.10359]},"properties":{"cota":10.15,"ano":2011,"bairro":"Maluche","rua":"Augusto Bauer"}},
{"type":"Feature","geometry":{"type":"Point","coordinates":[-48.91877,-27.10335]},"properties":{"cota":8.81,"ano":2011,"bairro":"Centro II","rua":"Gustavo Richard"}},
{"type":"Feature","geometry":{"type":"Point","coordinates":[-48.9279,-27.10348]},"properties":{"cota":11.28,"ano":2011,"bairro":"Maluche","rua":"Jorge Lacerda"}},
{"type":"Feature","geometry":{"type":"Point","coordinates":[-48.93342,-27.10348]},"properties":{"cota":18.32,"ano":2011,"bairro":"Maluche","rua":"Bruno Maluche"}},
{"type":"Feature","geometry":{"type":"Point","coordinates":[-48.91033,-27.1034]},"properties":{"cota":9.06,"ano":2011,"bairro":"Centro II","rua":"Henrich Hofmann"}},
{"type":"Feature","geometry":{"type":"Point","coordinates":[-48.94476,-27.10322]},"properties":{"cota":12.46,"ano":2011,"bairro":"Guarani","rua":"Gabriel Siegel"}},
{"type":"Feature","geometry":{"type":"Point","coordinates":[-48.93344,-27.10328]},"properties":{"cota":14.47,"ano":2011,"bairro":"Maluche","rua":"Bruno Maluche"}},
{"type":"Feature","geometry":{"type":"Point","coordinates":[-48.94799,-27.10315]},"properties":{"cota":9.33,"ano":2011,"bairro":"Guarani","rua":"GU 22"}},
{"type":"Feature","geometry":{"type":"Point","coordinates":[-48.93644,-27.10316]},"properties":{"cota":10.6,"ano":2011,"bairro":"Guarani","rua":"SD2"}},
{"type":"Feature","geometry":{"type":"Point","coordinates":[-48.94453,-27.1031]},"properties":{"cota":12.79,"ano":2011,"bairro":"Guarani","rua":"GU13"}},
{"type":"Feature","geometry":{"type":"Point","coordinates":[-48.93819,-27.10309]},"properties":{"cota":12.62,"ano":2011,"bairro":"Guarani","rua":"SD1"}},
{"type":"Feature","geometry":{"type":"Point","coordinates":[-48.9279,-27.10312]},"properties":{"cota":10.79,"ano":2011,"bairro":"Maluche","rua":"Jorge Lacerda"}},
{"type":"Feature","geometry":{"type":"Point","coordinates":[-48.94367,-27.10308]},"properties":{"cota":15.59,"ano":2011,"bairro":"Guarani","rua":"inominada"}},
{"type":"Feature","geometry":{"type":"Point","coordinates":[-48.94424,-27.10309]},"properties":{"cota":13.31,"ano":2011,"bairro":"Guarani","rua":"GU14"}},
{"type":"Feature","geometry":{"type":"Point","coordinates":[-48.91595,-27.10304]},"properties":{"cota":9.44,"ano":2011,"bairro":"Centro II","rua":"Lauro Muller"}},
{"type":"Feature","geometry":{"type":"Point","coordinates":[-48.94481,-27.10301]},"properties":{"cota":12.98,"ano":2011,"bairro":"Guarani","rua":"Osvaldo Hassmann"}},
{"type":"Feature","geometry":{"type":"Point","coordinates":[-48.94393,-27.10307]},"properties":{"cota":14.77,"ano":2011,"bairro":"Guarani","rua":"Ernesto Bianchini"}},
{"type":"Feature","geometry":{"type":"Point","coordinates":[-48.94553,-27.10302]},"properties":{"cota":9.35,"ano":2011,"bairro":"Guarani","rua":"Gabriel Siegel"}},
{"type":"Feature","geometry":{"type":"Point","coordinates":[-48.94299,-27.10298]},"properties":{"cota":15.17,"ano":2011,"bairro":"Guarani","rua":"Godofredo Hassman"}},
{"type":"Feature","geometry":{"type":"Point","coordinates":[-48.93259,-27.10292]},"properties":{"cota":19.09,"ano":2011,"bairro":"Maluche","rua":"Joao Paulo I"}},
{"type":"Feature","geometry":{"type":"Point","coordinates":[-48.92653,-27.10284]},"properties":{"cota":8.86,"ano":2011,"bairro":"Maluche","rua":"Hugo Schlosser"}},
{"type":"Feature","geometry":{"type":"Point","coordinates":[-48.93335,-27.10284]},"properties":{"cota":10.77,"ano":2011,"bairro":"Maluche","rua":"Bruno Maluche"}},
{"type":"Feature","geometry":{"type":"Point","coordinates":[-48.94215,-27.10277]},"properties":{"cota":12.16,"ano":2011,"bairro":"Guarani","rua":"Joao Batista Barni"}},
{"type":"Feature","geometry":{"type":"Point","coordinates":[-48.92783,-27.10275]},"properties":{"cota":9.24,"ano":2011,"bairro":"Maluche","rua":"Pref Vitor Ademar Gevaerd"}},
{"type":"Feature","geometry":{"type":"Point","coordinates":[-48.9448,-27.10274]},"properties":{"cota":11.46,"ano":2011,"bairro":"Guarani","rua":"Osvaldo Hassmann"}},
{"type":"Feature","geometry":{"type":"Point","coordinates":[-48.92858,-27.1027]},"properties":{"cota":11.14,"ano":2011,"bairro":"Maluche","rua":"Pref Vitor Ademar Gevaerd"}},
{"type":"Feature","geometry":{"type":"Point","coordinates":[-48.93827,-27.10264]},"properties":{"cota":11.16,"ano":2011,"bairro":"Guarani","rua":"Nair Reichert"}},
{"type":"Feature","geometry":{"type":"Point","coordinates":[-48.93723,-27.10263]},"properties":{"cota":10.98,"ano":2011,"bairro":"Guarani","rua":"Nair Reichert"}},
{"type":"Feature","geometry":{"type":"Point","coordinates":[-48.94218,-27.10264]},"properties":{"cota":11.73,"ano":2011,"bairro":"Guarani","rua":"Hilario Zen"}},
{"type":"Feature","geometry":{"type":"Point","coordinates":[-48.94452,-27.10255]},"properties":{"cota":10.34,"ano":2011,"bairro":"Guarani","rua":"GU13"}},
{"type":"Feature","geometry":{"type":"Point","coordinates":[-48.93261,-27.10243]},"properties":{"cota":15.52,"ano":2011,"bairro":"Maluche","rua":"Joao Paulo I"}},
{"type":"Feature","geometry":{"type":"Point","coordinates":[-48.9448,-27.10247]},"properties":{"cota":9.36,"ano":2011,"bairro":"Guarani","rua":"Osvaldo Hassmann"}},
{"type":"Feature","geometry":{"type":"Point","coordinates":[-48.933,-27.10248]},"properties":{"cota":9.94,"ano":2011,"bairro":"Maluche","rua":"SD"}},
{"type":"Feature","geometry":{"type":"Point","coordinates":[-48.9278,-27.1024]},"properties":{"cota":9.4,"ano":2011,"bairro":"Maluche","rua":"Jorge Lacerda"}},
{"type":"Feature","geometry":{"type":"Point","coordinates":[-48.94395,-27.10246]},"properties":{"cota":11.49,"ano":2011,"bairro":"Guarani","rua":"GU14"}},
{"type":"Feature","geometry":{"type":"Point","coordinates":[-48.91635,-27.10234]},"properties":{"cota":8.83,"ano":2011,"bairro":"Centro II","rua":"Lauro Muller"}},
{"type":"Feature","geometry":{"type":"Point","coordinates":[-48.94423,-27.10246]},"properties":{"cota":9.82,"ano":2011,"bairro":"Guarani","rua":"GU14"}},
{"type":"Feature","geometry":{"type":"Point","coordinates":[-48.93842,-27.10238]},"properties":{"cota":10.71,"ano":2011,"bairro":"Guarani","rua":"Prospero Cadore"}},
{"type":"Feature","geometry":{"type":"Point","coordinates":[-48.92234,-27.10241]},"properties":{"cota":8.34,"ano":2011,"bairro":"Centro I","rua":"Caminho dos Patos"}},
{"type":"Feature","geometry":{"type":"Point","coordinates":[-48.92686,-27.10212]},"properties":{"cota":9.99,"ano":2011,"bairro":"Maluche","rua":"Jaco Bauer"}},
{"type":"Feature","geometry":{"type":"Point","coordinates":[-48.91057,-27.10214]},"properties":{"cota":9.31,"ano":2011,"bairro":"Centro II","rua":"Henrich Hofmann"}},
{"type":"Feature","geometry":{"type":"Point","coordinates":[-48.93681,-27.10198]},"properties":{"cota":10.45,"ano":2011,"bairro":"Guarani","rua":"Theodoro Reichert"}},
{"type":"Feature","geometry":{"type":"Point","coordinates":[-48.93833,-27.10201]},"properties":{"cota":9.93,"ano":2011,"bairro":"Guarani","rua":"Orides Schwartz"}},
{"type":"Feature","geometry":{"type":"Point","coordinates":[-48.94954,-27.102]},"properties":{"cota":10.5,"ano":2011,"bairro":"Guarani","rua":"inominada"}},
{"type":"Feature","geometry":{"type":"Point","coordinates":[-48.93718,-27.102]},"properties":{"cota":9.99,"ano":2011,"bairro":"Guarani","rua":"Theodoro Reichert"}},
{"type":"Feature","geometry":{"type":"Point","coordinates":[-48.94186,-27.102]},"properties":{"cota":9.99,"ano":2011,"bairro":"Guarani","rua":"Margarida Fischer"}},
{"type":"Feature","geometry":{"type":"Point","coordinates":[-48.92777,-27.10205]},"properties":{"cota":10.41,"ano":2011,"bairro":"Maluche","rua":"Jorge Lacerda"}},
{"type":"Feature","geometry":{"type":"Point","coordinates":[-48.9223,-27.10196]},"properties":{"cota":9.33,"ano":2011,"bairro":"Centro I","rua":"Caminho dos Patos"}},
{"type":"Feature","geometry":{"type":"Point","coordinates":[-48.94949,-27.10191]},"properties":{"cota":10.77,"ano":2011,"bairro":"Guarani","rua":"SD544"}},
{"type":"Feature","geometry":{"type":"Point","coordinates":[-48.9118,-27.10199]},"properties":{"cota":10.17,"ano":2011,"bairro":"Centro II","rua":"Antonio Heil"}},
{"type":"Feature","geometry":{"type":"Point","coordinates":[-48.92935,-27.10188]},"properties":{"cota":10.34,"ano":2011,"bairro":"Maluche","rua":"Antonio Beutting Filho"}},
{"type":"Feature","geometry":{"type":"Point","coordinates":[-48.92992,-27.1018]},"properties":{"cota":11.32,"ano":2011,"bairro":"Maluche","rua":"Jaco Bauer"}},
{"type":"Feature","geometry":{"type":"Point","coordinates":[-48.94186,-27.10179]},"properties":{"cota":9.18,"ano":2011,"bairro":"Guarani","rua":"Henrique Ulber"}},
{"type":"Feature","geometry":{"type":"Point","coordinates":[-48.9101,-27.10178]},"properties":{"cota":8.99,"ano":2011,"bairro":"Centro II","rua":"Francisco Dodenmuller"}},
{"type":"Feature","geometry":{"type":"Point","coordinates":[-48.94242,-27.1018]},"properties":{"cota":9.53,"ano":2011,"bairro":"Guarani","rua":"Henrique Ulber"}},
{"type":"Feature","geometry":{"type":"Point","coordinates":[-48.94302,-27.10181]},"properties":{"cota":10.38,"ano":2011,"bairro":"Guarani","rua":"Godofredo Hassman"}},
{"type":"Feature","geometry":{"type":"Point","coordinates":[-48.94904,-27.10181]},"properties":{"cota":9.52,"ano":2011,"bairro":"Guarani","rua":"SD544"}},
{"type":"Feature","geometry":{"type":"Point","coordinates":[-48.91676,-27.10178]},"properties":{"cota":8.68,"ano":2011,"bairro":"Centro II","rua":"Lauro Muller"}},
{"type":"Feature","geometry":{"type":"Point","coordinates":[-48.93249,-27.10175]},"properties":{"cota":11.74,"ano":2011,"bairro":"Maluche","rua":"Joao Paulo I"}},
{"type":"Feature","geometry":{"type":"Point","coordinates":[-48.93842,-27.10165]},"properties":{"cota":9.99,"ano":2011,"bairro":"Guarani","rua":"Orides Schwartz"}},
{"type":"Feature","geometry":{"type":"Point","coordinates":[-48.92932,-27.10161]},"properties":{"cota":10.1,"ano":2011,"bairro":"Maluche","rua":"Antonio Beutting Filho"}},
{"type":"Feature","geometry":{"type":"Point","coordinates":[-48.91312,-27.10155]},"properties":{"cota":9.67,"ano":2011,"bairro":"Centro II","rua":"Germano Schaefer"}},
{"type":"Feature","geometry":{"type":"Point","coordinates":[-48.91107,-27.10138]},"properties":{"cota":9.42,"ano":2011,"bairro":"Centro II","rua":"Antonio Heil"}},
{"type":"Feature","geometry":{"type":"Point","coordinates":[-48.92772,-27.10121]},"properties":{"cota":10.22,"ano":2011,"bairro":"Maluche","rua":"Jorge Lacerda"}},
{"type":"Feature","geometry":{"type":"Point","coordinates":[-48.92229,-27.10133]},"properties":{"cota":9.82,"ano":2011,"bairro":"Centro I","rua":"Avai"}},
{"type":"Feature","geometry":{"type":"Point","coordinates":[-48.92925,-27.1011]},"properties":{"cota":10.96,"ano":2011,"bairro":"Maluche","rua":"Antonio Beutting Filho"}},
{"type":"Feature","geometry":{"type":"Point","coordinates":[-48.92359,-27.10116]},"properties":{"cota":10.47,"ano":2011,"bairro":"Centro I","rua":"Marechal Theodoro"}},
{"type":"Feature","geometry":{"type":"Point","coordinates":[-48.92734,-27.10122]},"properties":{"cota":10.2,"ano":2011,"bairro":"Maluche","rua":"Hugo Schlosser"}},
{"type":"Feature","geometry":{"type":"Point","coordinates":[-48.93082,-27.10099]},"properties":{"cota":10.6,"ano":2011,"bairro":"Maluche","rua":"Bartolomeu Pruner"}},
{"type":"Feature","geometry":{"type":"Point","coordinates":[-48.93151,-27.10101]},"properties":{"cota":9.11,"ano":2011,"bairro":"Maluche","rua":"Bartolomeu Pruner"}},
{"type":"Feature","geometry":{"type":"Point","coordinates":[-48.93943,-27.10104]},"properties":{"cota":14.9,"ano":2011,"bairro":"Guarani","rua":"Guilhermina Regina Deischmann"}},
{"type":"Feature","geometry":{"type":"Point","coordinates":[-48.93991,-27.10104]},"properties":{"cota":13.35,"ano":2011,"bairro":"Guarani","rua":"Guilhermina Regina Deischmann"}},
{"type":"Feature","geometry":{"type":"Point","coordinates":[-48.9391,-27.10103]},"properties":{"cota":11.07,"ano":2011,"bairro":"Guarani","rua":"Guilhermina Regina Deischmann"}},
{"type":"Feature","geometry":{"type":"Point","coordinates":[-48.91243,-27.10092]},"properties":{"cota":9.69,"ano":2011,"bairro":"Centro II","rua":"Matilde Hofmann"}},
{"type":"Feature","geometry":{"type":"Point","coordinates":[-48.93841,-27.10102]},"properties":{"cota":9.84,"ano":2011,"bairro":"Guarani","rua":"Guilhermina Regina Deischmann"}},
{"type":"Feature","geometry":{"type":"Point","coordinates":[-48.91711,-27.10089]},"properties":{"cota":4.75,"ano":2011,"bairro":"Centro II","rua":"Lauro Muller"}},
{"type":"Feature","geometry":{"type":"Point","coordinates":[-48.94176,-27.10098]},"properties":{"cota":9.11,"ano":2011,"bairro":"Guarani","rua":"Ernesto Bianchini"}},
{"type":"Feature","geometry":{"type":"Point","coordinates":[-48.9303,-27.10102]},"properties":{"cota":11.41,"ano":2011,"bairro":"Maluche","rua":"LGA T C R KRIEGER"}},
{"type":"Feature","geometry":{"type":"Point","coordinates":[-48.93719,-27.10091]},"properties":{"cota":9.36,"ano":2011,"bairro":"Guarani","rua":"Eduardo Paza"}},
{"type":"Feature","geometry":{"type":"Point","coordinates":[-48.91016,-27.10077]},"properties":{"cota":9.77,"ano":2011,"bairro":"Centro II","rua":"Antonio Heil"}},
{"type":"Feature","geometry":{"type":"Point","coordinates":[-48.9486,-27.10081]},"properties":{"cota":8.71,"ano":2011,"bairro":"Guarani","rua":"Maria de Vargas"}},
{"type":"Feature","geometry":{"type":"Point","coordinates":[-48.92223,-27.10069]},"properties":{"cota":9.54,"ano":2011,"bairro":"Centro I","rua":"Avai"}},
{"type":"Feature","geometry":{"type":"Point","coordinates":[-48.90982,-27.1006]},"properties":{"cota":10.43,"ano":2011,"bairro":"Centro II","rua":"Antonio Heil"}},
{"type":"Feature","geometry":{"type":"Point","coordinates":[-48.91785,-27.10063]},"properties":{"cota":10.85,"ano":2011,"bairro":"Centro I","rua":"Hercilio Luz"}},
{"type":"Feature","geometry":{"type":"Point","coordinates":[-48.91873,-27.10055]},"properties":{"cota":11.33,"ano":2011,"bairro":"Centro I","rua":"Convento"}},
{"type":"Feature","geometry":{"type":"Point","coordinates":[-48.92282,-27.10052]},"properties":{"cota":9.81,"ano":2011,"bairro":"Centro I","rua":"Ewaldo Ristow"}},
{"type":"Feature","geometry":{"type":"Point","coordinates":[-48.91952,-27.10048]},"properties":{"cota":11.46,"ano":2011,"bairro":"Centro I","rua":"Hercilio Luz"}},
{"type":"Feature","geometry":{"type":"Point","coordinates":[-48.936,-27.10053]},"properties":{"cota":9.15,"ano":2011,"bairro":"Guarani","rua":"Hilario Mattiolli"}},
{"type":"Feature","geometry":{"type":"Point","coordinates":[-48.93528,-27.10052]},"properties":{"cota":10.99,"ano":2011,"bairro":"Guarani","rua":"Alfonso Hoffman"}},
{"type":"Feature","geometry":{"type":"Point","coordinates":[-48.93987,-27.1005]},"properties":{"cota":11.67,"ano":2011,"bairro":"Guarani","rua":"Henrique Deischmann"}},
{"type":"Feature","geometry":{"type":"Point","coordinates":[-48.93915,-27.10049]},"properties":{"cota":9.14,"ano":2011,"bairro":"Guarani","rua":"Henrique Deischmann"}},
{"type":"Feature","geometry":{"type":"Point","coordinates":[-48.92355,-27.10044]},"properties":{"cota":10.52,"ano":2011,"bairro":"Centro I","rua":"Ewaldo Ristow"}},
{"type":"Feature","geometry":{"type":"Point","coordinates":[-48.93838,-27.10039]},"properties":{"cota":10.41,"ano":2011,"bairro":"Guarani","rua":"Orides Schwartz"}},
{"type":"Feature","geometry":{"type":"Point","coordinates":[-48.93137,-27.10047]},"properties":{"cota":9.99,"ano":2011,"bairro":"Maluche","rua":"inominada"}},
{"type":"Feature","geometry":{"type":"Point","coordinates":[-48.92041,-27.1004]},"properties":{"cota":11.66,"ano":2011,"bairro":"Centro I","rua":"Hercilio Luz"}},
{"type":"Feature","geometry":{"type":"Point","coordinates":[-48.94899,-27.10036]},"properties":{"cota":9.67,"ano":2011,"bairro":"Guarani","rua":"Gabriel Siegel"}},
{"type":"Feature","geometry":{"type":"Point","coordinates":[-48.92444,-27.10036]},"properties":{"cota":9.76,"ano":2011,"bairro":"Centro I","rua":"Ewaldo Ristow"}},
{"type":"Feature","geometry":{"type":"Point","coordinates":[-48.92116,-27.10032]},"properties":{"cota":9.93,"ano":2011,"bairro":"Centro I","rua":"Hercilio Luz"}},
{"type":"Feature","geometry":{"type":"Point","coordinates":[-48.91873,-27.10028]},"properties":{"cota":12.64,"ano":2011,"bairro":"Centro I","rua":"Convento"}},
{"type":"Feature","geometry":{"type":"Point","coordinates":[-48.90949,-27.10035]},"properties":{"cota":10.18,"ano":2011,"bairro":"Centro II","rua":"Manfredo Hofmann"}},
{"type":"Feature","geometry":{"type":"Point","coordinates":[-48.92171,-27.10023]},"properties":{"cota":8.96,"ano":2011,"bairro":"Centro I","rua":"Hercilio Luz"}},
{"type":"Feature","geometry":{"type":"Point","coordinates":[-48.91537,-27.10029]},"properties":{"cota":9.54,"ano":2011,"bairro":"Centro I","rua":"Rodrigo Alves"}},
{"type":"Feature","geometry":{"type":"Point","coordinates":[-48.91712,-27.10022]},"properties":{"cota":9.7,"ano":2011,"bairro":"Centro I","rua":"Arno Carlos Gracher"}},
{"type":"Feature","geometry":{"type":"Point","coordinates":[-48.93018,-27.10018]},"properties":{"cota":10.92,"ano":2011,"bairro":"Maluche","rua":"LGA T C R KRIEGER"}},
{"type":"Feature","geometry":{"type":"Point","coordinates":[-48.9222,-27.10006]},"properties":{"cota":9.41,"ano":2011,"bairro":"Centro I","rua":"Manoel Tavares"}},
{"type":"Feature","geometry":{"type":"Point","coordinates":[-48.93523,-27.09998]},"properties":{"cota":9.66,"ano":2011,"bairro":"Guarani","rua":"Ayres Lorenco Penk"}},
{"type":"Feature","geometry":{"type":"Point","coordinates":[-48.936,-27.09999]},"properties":{"cota":8.55,"ano":2011,"bairro":"Guarani","rua":"Hilario Mattiolli"}},
{"type":"Feature","geometry":{"type":"Point","coordinates":[-48.92352,-27.09999]},"properties":{"cota":10.17,"ano":2011,"bairro":"Centro I","rua":"Marechal Theodoro"}},
{"type":"Feature","geometry":{"type":"Point","coordinates":[-48.92295,-27.09998]},"properties":{"cota":9.83,"ano":2011,"bairro":"Centro I","rua":"c1_001"}},
{"type":"Feature","geometry":{"type":"Point","coordinates":[-48.90876,-27.09995]},"properties":{"cota":10.65,"ano":2011,"bairro":"Centro II","rua":"Antonio Heil"}},
{"type":"Feature","geometry":{"type":"Point","coordinates":[-48.92431,-27.09991]},"properties":{"cota":10.96,"ano":2011,"bairro":"Centro I","rua":"Hercilio Luz"}},
{"type":"Feature","geometry":{"type":"Point","coordinates":[-48.94533,-27.09986]},"properties":{"cota":11.53,"ano":2011,"bairro":"Guarani","rua":"General Osorio"}},
{"type":"Feature","geometry":{"type":"Point","coordinates":[-48.93631,-27.09982]},"properties":{"cota":10.28,"ano":2011,"bairro":"Guarani","rua":"Ayres Lorenco Penk"}},
{"type":"Feature","geometry":{"type":"Point","coordinates":[-48.92493,-27.09974]},"properties":{"cota":11.51,"ano":2011,"bairro":"Centro I","rua":"Hercilio Luz"}},
{"type":"Feature","geometry":{"type":"Point","coordinates":[-48.92545,-27.09975]},"properties":{"cota":11.36,"ano":2011,"bairro":"Centro I","rua":"Hercilio Luz"}},
{"type":"Feature","geometry":{"type":"Point","coordinates":[-48.91307,-27.09973]},"properties":{"cota":8.7,"ano":2011,"bairro":"Centro I","rua":"Arno Carlos Gracher"}},
{"type":"Feature","geometry":{"type":"Point","coordinates":[-48.92291,-27.09962]},"properties":{"cota":10.28,"ano":2011,"bairro":"Centro I","rua":"c1_001"}},
{"type":"Feature","geometry":{"type":"Point","coordinates":[-48.92347,-27.09963]},"properties":{"cota":13.58,"ano":2011,"bairro":"Centro I","rua":"inominado"}},
{"type":"Feature","geometry":{"type":"Point","coordinates":[-48.90945,-27.0996]},"properties":{"cota":9.98,"ano":2011,"bairro":"Centro II","rua":"Manfredo Hofmann"}},
{"type":"Feature","geometry":{"type":"Point","coordinates":[-48.90809,-27.09958]},"properties":{"cota":11.02,"ano":2011,"bairro":"Centro II","rua":"Jose Laercio Gonzaga"}},
{"type":"Feature","geometry":{"type":"Point","coordinates":[-48.92316,-27.09953]},"properties":{"cota":11.74,"ano":2011,"bairro":"Centro I","rua":"inominada"}},
{"type":"Feature","geometry":{"type":"Point","coordinates":[-48.94396,-27.09957]},"properties":{"cota":9.33,"ano":2011,"bairro":"Guarani","rua":"Julio Schoener"}},
{"type":"Feature","geometry":{"type":"Point","coordinates":[-48.92209,-27.09952]},"properties":{"cota":9.34,"ano":2011,"bairro":"Centro I","rua":"Manoel Tavares"}},
{"type":"Feature","geometry":{"type":"Point","coordinates":[-48.93427,-27.09952]},"properties":{"cota":10.03,"ano":2011,"bairro":"Guarani","rua":"Henrique Deischmann"}},
{"type":"Feature","geometry":{"type":"Point","coordinates":[-48.91343,-27.0993]},"properties":{"cota":8.83,"ano":2011,"bairro":"Centro I","rua":"Adriano Schaefer"}},
{"type":"Feature","geometry":{"type":"Point","coordinates":[-48.91444,-27.09925]},"properties":{"cota":8.92,"ano":2011,"bairro":"Centro I","rua":"Adriano Schaefer"}},
{"type":"Feature","geometry":{"type":"Point","coordinates":[-48.93403,-27.09924]},"properties":{"cota":9.64,"ano":2011,"bairro":"Guarani","rua":"Ayres Lorenco Penk"}},
{"type":"Feature","geometry":{"type":"Point","coordinates":[-48.91263,-27.09929]},"properties":{"cota":9.18,"ano":2011,"bairro":"Centro I","rua":"Arno Carlos Gracher"}},
{"type":"Feature","geometry":{"type":"Point","coordinates":[-48.91525,-27.09924]},"properties":{"cota":9.21,"ano":2011,"bairro":"Centro I","rua":"Adriano Schaefer"}},
{"type":"Feature","geometry":{"type":"Point","coordinates":[-48.91706,-27.09918]},"properties":{"cota":10.3,"ano":2011,"bairro":"Centro I","rua":"Adriano Schaefer"}},
{"type":"Feature","geometry":{"type":"Point","coordinates":[-48.90707,-27.0992]},"properties":{"cota":11.13,"ano":2011,"bairro":"Centro II","rua":"Antonio Heil"}},
{"type":"Feature","geometry":{"type":"Point","coordinates":[-48.94321,-27.09908]},"properties":{"cota":9.37,"ano":2011,"bairro":"Guarani","rua":"Joao Boos"}},
{"type":"Feature","geometry":{"type":"Point","coordinates":[-48.92312,-27.09917]},"properties":{"cota":13.07,"ano":2011,"bairro":"Centro I","rua":"inominada"}},
{"type":"Feature","geometry":{"type":"Point","coordinates":[-48.92674,-27.09916]},"properties":{"cota":11.36,"ano":2011,"bairro":"Centro I","rua":"Hugo Schlosser"}},
{"type":"Feature","geometry":{"type":"Point","coordinates":[-48.90996,-27.09907]},"properties":{"cota":9.91,"ano":2011,"bairro":"Centro II","rua":"Matilde Hofmann"}},
{"type":"Feature","geometry":{"type":"Point","coordinates":[-48.94283,-27.09901]},"properties":{"cota":9.49,"ano":2011,"bairro":"Guarani","rua":"Frederico Petruscky"}},
{"type":"Feature","geometry":{"type":"Point","coordinates":[-48.92289,-27.09899]},"properties":{"cota":11.33,"ano":2011,"bairro":"Centro I","rua":"c1_001"}},
{"type":"Feature","geometry":{"type":"Point","coordinates":[-48.92202,-27.09888]},"properties":{"cota":10.8,"ano":2011,"bairro":"Centro I","rua":"Manoel Tavares"}},
{"type":"Feature","geometry":{"type":"Point","coordinates":[-48.93368,-27.09888]},"properties":{"cota":9.48,"ano":2011,"bairro":"Guarani","rua":"Ayres Lorenco Penk"}},
{"type":"Feature","geometry":{"type":"Point","coordinates":[-48.94743,-27.09881]},"properties":{"cota":15.62,"ano":2011,"bairro":"Guarani","rua":"General Osorio"}},
{"type":"Feature","geometry":{"type":"Point","coordinates":[-48.90581,-27.09873]},"properties":{"cota":11.13,"ano":2011,"bairro":"Centro II","rua":"Antonio Heil"}},
{"type":"Feature","geometry":{"type":"Point","coordinates":[-48.91529,-27.09869]},"properties":{"cota":9.51,"ano":2011,"bairro":"Centro I","rua":"Rodrigo Alves"}},
{"type":"Feature","geometry":{"type":"Point","coordinates":[-48.92717,-27.09869]},"properties":{"cota":9.11,"ano":2011,"bairro":"Centro I","rua":"General Osorio"}},
{"type":"Feature","geometry":{"type":"Point","coordinates":[-48.90931,-27.09861]},"properties":{"cota":9.65,"ano":2011,"bairro":"Centro II","rua":"Matilde Hofman"}},
{"type":"Feature","geometry":{"type":"Point","coordinates":[-48.91702,-27.09854]},"properties":{"cota":10.68,"ano":2011,"bairro":"Centro I","rua":"Padre Gatone"}},
{"type":"Feature","geometry":{"type":"Point","coordinates":[-48.91742,-27.09846]},"properties":{"cota":12.12,"ano":2011,"bairro":"Centro I","rua":"Padre Gatone"}},
{"type":"Feature","geometry":{"type":"Point","coordinates":[-48.90837,-27.09841]},"properties":{"cota":10.49,"ano":2011,"bairro":"Centro II","rua":"Jose Laercio Gonzaga"}},
{"type":"Feature","geometry":{"type":"Point","coordinates":[-48.91133,-27.09837]},"properties":{"cota":9.29,"ano":2011,"bairro":"Centro I","rua":"Arno Carlos Gracher"}},
{"type":"Feature","geometry":{"type":"Point","coordinates":[-48.91508,-27.09831]},"properties":{"cota":9.35,"ano":2011,"bairro":"Centro I","rua":"Rodrigo Alves"}},
{"type":"Feature","geometry":{"type":"Point","coordinates":[-48.9164,-27.09813]},"properties":{"cota":10.07,"ano":2011,"bairro":"Centro I","rua":"C. Carlos Renaux"}},
{"type":"Feature","geometry":{"type":"Point","coordinates":[-48.91345,-27.09831]},"properties":{"cota":8.77,"ano":2011,"bairro":"Centro I","rua":"P. Germano Schaeffer"}},
{"type":"Feature","geometry":{"type":"Point","coordinates":[-48.91566,-27.09824]},"properties":{"cota":10.09,"ano":2011,"bairro":"Centro I","rua":"Rodrigo Alves"}},
{"type":"Feature","geometry":{"type":"Point","coordinates":[-48.90508,-27.09827]},"properties":{"cota":11.82,"ano":2011,"bairro":"Centro II","rua":"Antonio Heil"}},
{"type":"Feature","geometry":{"type":"Point","coordinates":[-48.92783,-27.09823]},"properties":{"cota":10.67,"ano":2011,"bairro":"Centro I","rua":"Hugo Schlosser"}},
{"type":"Feature","geometry":{"type":"Point","coordinates":[-48.91214,-27.09802]},"properties":{"cota":9.46,"ano":2011,"bairro":"Centro I","rua":"Pedro Sebastiao Mayer"}},
{"type":"Feature","geometry":{"type":"Point","coordinates":[-48.91067,-27.0979]},"properties":{"cota":7.16,"ano":2011,"bairro":"Centro I","rua":"Arno Carlos Gracher"}},
{"type":"Feature","geometry":{"type":"Point","coordinates":[-48.91699,-27.09785]},"properties":{"cota":10.58,"ano":2011,"bairro":"Centro I","rua":"Monte Castelo"}},
{"type":"Feature","geometry":{"type":"Point","coordinates":[-48.9197,-27.09786]},"properties":{"cota":18.85,"ano":2011,"bairro":"Centro I","rua":"Padre Leon Dehon"}},
{"type":"Feature","geometry":{"type":"Point","coordinates":[-48.91736,-27.09782]},"properties":{"cota":11.31,"ano":2011,"bairro":"Centro I","rua":"Comunidades"}},
{"type":"Feature","geometry":{"type":"Point","coordinates":[-48.91849,-27.09775]},"properties":{"cota":13.47,"ano":2011,"bairro":"Centro I","rua":"Comunidades"}},
{"type":"Feature","geometry":{"type":"Point","coordinates":[-48.91902,-27.09776]},"properties":{"cota":16.54,"ano":2011,"bairro":"Centro I","rua":"Comunidades"}},
{"type":"Feature","geometry":{"type":"Point","coordinates":[-48.91795,-27.09774]},"properties":{"cota":11.51,"ano":2011,"bairro":"Centro I","rua":"Ernesto Ubler"}},
{"type":"Feature","geometry":{"type":"Point","coordinates":[-48.94748,-27.09772]},"properties":{"cota":14.38,"ano":2011,"bairro":"Guarani","rua":"General Osorio"}},
{"type":"Feature","geometry":{"type":"Point","coordinates":[-48.91471,-27.09775]},"properties":{"cota":9.06,"ano":2011,"bairro":"Centro I","rua":"Rodrigo Alves"}},
{"type":"Feature","geometry":{"type":"Point","coordinates":[-48.91339,-27.09767]},"properties":{"cota":9.37,"ano":2011,"bairro":"Centro I","rua":"P. Germano Schaeffer"}},
{"type":"Feature","geometry":{"type":"Point","coordinates":[-48.91798,-27.09756]},"properties":{"cota":13.08,"ano":2011,"bairro":"Centro I","rua":"Ernesto Ubler"}},
{"type":"Feature","geometry":{"type":"Point","coordinates":[-48.91688,-27.09745]},"properties":{"cota":13.25,"ano":2011,"bairro":"Centro I","rua":"Monte Castelo"}},
{"type":"Feature","geometry":{"type":"Point","coordinates":[-48.90469,-27.09736]},"properties":{"cota":11.6,"ano":2011,"bairro":"Centro II","rua":"Antonio Heil"}},
{"type":"Feature","geometry":{"type":"Point","coordinates":[-48.94889,-27.09729]},"properties":{"cota":10.8,"ano":2011,"bairro":"Guarani","rua":"General Osorio"}},
{"type":"Feature","geometry":{"type":"Point","coordinates":[-48.92,-27.09732]},"properties":{"cota":18.83,"ano":2011,"bairro":"Centro I","rua":"Comunidades"}},
{"type":"Feature","geometry":{"type":"Point","coordinates":[-48.91575,-27.09713]},"properties":{"cota":9.58,"ano":2011,"bairro":"Centro I","rua":"C. Carlos Renaux"}},
{"type":"Feature","geometry":{"type":"Point","coordinates":[-48.91182,-27.09711]},"properties":{"cota":8.25,"ano":2011,"bairro":"Centro I","rua":"Moritz G. Hofmann"}},
{"type":"Feature","geometry":{"type":"Point","coordinates":[-48.92061,-27.09715]},"properties":{"cota":22.09,"ano":2011,"bairro":"Centro I","rua":"Comunidades"}},
{"type":"Feature","geometry":{"type":"Point","coordinates":[-48.91428,-27.09709]},"properties":{"cota":9.19,"ano":2011,"bairro":"Centro I","rua":"Rodrigo Alves"}},
{"type":"Feature","geometry":{"type":"Point","coordinates":[-48.91231,-27.09712]},"properties":{"cota":9.14,"ano":2011,"bairro":"Centro I","rua":"Moritz G. Hofmann"}},
{"type":"Feature","geometry":{"type":"Point","coordinates":[-48.92137,-27.09707]},"properties":{"cota":23.31,"ano":2011,"bairro":"Centro I","rua":"Comunidades"}},
{"type":"Feature","geometry":{"type":"Point","coordinates":[-48.91338,-27.09683]},"properties":{"cota":9.96,"ano":2011,"bairro":"Centro I","rua":"Moritz G. Hofmann"}},
{"type":"Feature","geometry":{"type":"Point","coordinates":[-48.9073,-27.09695]},"properties":{"cota":10.24,"ano":2011,"bairro":"Centro II","rua":"Gentil B Archer"}},
{"type":"Feature","geometry":{"type":"Point","coordinates":[-48.91415,-27.0969]},"properties":{"cota":9.32,"ano":2011,"bairro":"Centro I","rua":"Rodrigo Alves"}},
{"type":"Feature","geometry":{"type":"Point","coordinates":[-48.91471,-27.09686]},"properties":{"cota":9.8,"ano":2011,"bairro":"Centro I","rua":"Heinrich R. Berbe"}},
{"type":"Feature","geometry":{"type":"Point","coordinates":[-48.91147,-27.0967]},"properties":{"cota":8.69,"ano":2011,"bairro":"Centro I","rua":"Joao Luiz Gonzaga"}},
{"type":"Feature","geometry":{"type":"Point","coordinates":[-48.91545,-27.09671]},"properties":{"cota":9.87,"ano":2011,"bairro":"Centro I","rua":"C. Carlos Renaux"}},
{"type":"Feature","geometry":{"type":"Point","coordinates":[-48.93002,-27.09666]},"properties":{"cota":7.53,"ano":2011,"bairro":"Guarani","rua":"General Osorio"}},
{"type":"Feature","geometry":{"type":"Point","coordinates":[-48.9051,-27.09656]},"properties":{"cota":10.75,"ano":2011,"bairro":"Centro II","rua":"Gentil B Archer"}},
{"type":"Feature","geometry":{"type":"Point","coordinates":[-48.91392,-27.09655]},"properties":{"cota":11.57,"ano":2011,"bairro":"Centro I","rua":"Alexandre A. Gevaerd"}},
{"type":"Feature","geometry":{"type":"Point","coordinates":[-48.91452,-27.09658]},"properties":{"cota":10.77,"ano":2011,"bairro":"Centro I","rua":"Idalina Von Buettner"}},
{"type":"Feature","geometry":{"type":"Point","coordinates":[-48.91564,-27.09653]},"properties":{"cota":11.4,"ano":2011,"bairro":"Centro I","rua":"Alberto Torres"}},
{"type":"Feature","geometry":{"type":"Point","coordinates":[-48.91534,-27.09652]},"properties":{"cota":10.09,"ano":2011,"bairro":"Centro I","rua":"Heinrich R. Berbe"}},
{"type":"Feature","geometry":{"type":"Point","coordinates":[-48.91315,-27.0965]},"properties":{"cota":10.93,"ano":2011,"bairro":"Centro I","rua":"Paes Leme"}},
{"type":"Feature","geometry":{"type":"Point","coordinates":[-48.90428,-27.09654]},"properties":{"cota":12.14,"ano":2011,"bairro":"Centro II","rua":"Gentil B Archer"}},
{"type":"Feature","geometry":{"type":"Point","coordinates":[-48.91223,-27.09647]},"properties":{"cota":10.2,"ano":2011,"bairro":"Centro I","rua":"Joao Luiz Gonzaga"}},
{"type":"Feature","geometry":{"type":"Point","coordinates":[-48.90618,-27.09648]},"properties":{"cota":10.2,"ano":2011,"bairro":"Centro II","rua":"Gentil B Archer"}},
{"type":"Feature","geometry":{"type":"Point","coordinates":[-48.91433,-27.09633]},"properties":{"cota":12.37,"ano":2011,"bairro":"Centro I","rua":"Idalina Von Buettner"}},
{"type":"Feature","geometry":{"type":"Point","coordinates":[-48.91514,-27.09623]},"properties":{"cota":11.22,"ano":2011,"bairro":"Centro I","rua":"C. Carlos Renaux"}},
{"type":"Feature","geometry":{"type":"Point","coordinates":[-48.91071,-27.09624]},"properties":{"cota":9.1,"ano":2011,"bairro":"Centro I","rua":"Vicente Schaeffer"}},
{"type":"Feature","geometry":{"type":"Point","coordinates":[-48.9318,-27.09614]},"properties":{"cota":7.79,"ano":2011,"bairro":"Guarani","rua":"Nicolau Lauritzen"}},
{"type":"Feature","geometry":{"type":"Point","coordinates":[-48.91287,-27.09613]},"properties":{"cota":11.4,"ano":2011,"bairro":"Centro I","rua":"Paes Leme"}},
{"type":"Feature","geometry":{"type":"Point","coordinates":[-48.93401,-27.09608]},"properties":{"cota":14.66,"ano":2011,"bairro":"Guarani","rua":"Nicolau Lauritzen"}},
{"type":"Feature","geometry":{"type":"Point","coordinates":[-48.91497,-27.09598]},"properties":{"cota":12.22,"ano":2011,"bairro":"Centro I","rua":"C. Carlos Renaux"}},
{"type":"Feature","geometry":{"type":"Point","coordinates":[-48.93311,-27.09607]},"properties":{"cota":11.44,"ano":2011,"bairro":"Guarani","rua":"Nicolau Lauritzen"}},
{"type":"Feature","geometry":{"type":"Point","coordinates":[-48.91188,-27.09603]},"properties":{"cota":10.04,"ano":2011,"bairro":"Centro I","rua":"Vicente Schaeffer"}},
{"type":"Feature","geometry":{"type":"Point","coordinates":[-48.93234,-27.09588]},"properties":{"cota":9.23,"ano":2011,"bairro":"Guarani","rua":"Nicolau Lauritzen"}},
{"type":"Feature","geometry":{"type":"Point","coordinates":[-48.9343,-27.09591]},"properties":{"cota":18.15,"ano":2011,"bairro":"Guarani","rua":"Nicolau Lauritzen"}},
{"type":"Feature","geometry":{"type":"Point","coordinates":[-48.9319,-27.09587]},"properties":{"cota":7.59,"ano":2011,"bairro":"Guarani","rua":"Nicolau Lauritzen"}},
{"type":"Feature","geometry":{"type":"Point","coordinates":[-48.93466,-27.09582]},"properties":{"cota":20.1,"ano":2011,"bairro":"Guarani","rua":"Nicolau Lauritzen"}},
{"type":"Feature","geometry":{"type":"Point","coordinates":[-48.91087,-27.09583]},"properties":{"cota":8.23,"ano":2011,"bairro":"Centro I","rua":"Arthur Olinger"}},
{"type":"Feature","geometry":{"type":"Point","coordinates":[-48.91167,-27.09575]},"properties":{"cota":10.12,"ano":2011,"bairro":"Centro I","rua":"Arthur Olinger"}},
{"type":"Feature","geometry":{"type":"Point","coordinates":[-48.93526,-27.09574]},"properties":{"cota":17.64,"ano":2011,"bairro":"Guarani","rua":"Nicolau Lauritzen"}},
{"type":"Feature","geometry":{"type":"Point","coordinates":[-48.91472,-27.09558]},"properties":{"cota":12.95,"ano":2011,"bairro":"Centro I","rua":"Idalina Von Buettner"}},
{"type":"Feature","geometry":{"type":"Point","coordinates":[-48.93563,-27.09557]},"properties":{"cota":14.61,"ano":2011,"bairro":"Guarani","rua":"Nicolau Lauritzen"}},
{"type":"Feature","geometry":{"type":"Point","coordinates":[-48.90792,-27.09552]},"properties":{"cota":8.73,"ano":2011,"bairro":"Centro I","rua":"Arno Carlos Gracher"}},
{"type":"Feature","geometry":{"type":"Point","coordinates":[-48.93605,-27.09548]},"properties":{"cota":15.37,"ano":2011,"bairro":"Guarani","rua":"Nicolau Lauritzen"}},
{"type":"Feature","geometry":{"type":"Point","coordinates":[-48.9124,-27.0954]},"properties":{"cota":10.76,"ano":2011,"bairro":"Centro I","rua":"Paes Leme"}},
{"type":"Feature","geometry":{"type":"Point","coordinates":[-48.90373,-27.09527]},"properties":{"cota":12.88,"ano":2011,"bairro":"Centro II","rua":"Antonio Heil"}},
{"type":"Feature","geometry":{"type":"Point","coordinates":[-48.91141,-27.09523]},"properties":{"cota":10.39,"ano":2011,"bairro":"Centro I","rua":"Riachuelo"}},
{"type":"Feature","geometry":{"type":"Point","coordinates":[-48.91455,-27.09495]},"properties":{"cota":12.36,"ano":2011,"bairro":"Centro I","rua":"Barao do Rio Branco"}},
{"type":"Feature","geometry":{"type":"Point","coordinates":[-48.91203,-27.09488]},"properties":{"cota":10.07,"ano":2011,"bairro":"Centro I","rua":"Paes Leme"}},
{"type":"Feature","geometry":{"type":"Point","coordinates":[-48.91047,-27.09492]},"properties":{"cota":11.82,"ano":2011,"bairro":"Centro I","rua":"Riachuelo"}},
{"type":"Feature","geometry":{"type":"Point","coordinates":[-48.91343,-27.09479]},"properties":{"cota":11.92,"ano":2011,"bairro":"Centro I","rua":"Barao do Rio Branco"}},
{"type":"Feature","geometry":{"type":"Point","coordinates":[-48.91255,-27.09464]},"properties":{"cota":11.35,"ano":2011,"bairro":"Centro I","rua":"Barao do Rio Branco"}},
{"type":"Feature","geometry":{"type":"Point","coordinates":[-48.90721,-27.09469]},"properties":{"cota":8.4,"ano":2011,"bairro":"Centro I","rua":"Arno Carlos Gracher"}},
{"type":"Feature","geometry":{"type":"Point","coordinates":[-48.90948,-27.09464]},"properties":{"cota":10.42,"ano":2011,"bairro":"Centro I","rua":"Riachuelo"}},
{"type":"Feature","geometry":{"type":"Point","coordinates":[-48.91181,-27.09458]},"properties":{"cota":10.52,"ano":2011,"bairro":"Centro I","rua":"Barao do Rio Branco"}},
{"type":"Feature","geometry":{"type":"Point","coordinates":[-48.90869,-27.09435]},"properties":{"cota":10.52,"ano":2011,"bairro":"Centro I","rua":"Riachuelo"}},
{"type":"Feature","geometry":{"type":"Point","coordinates":[-48.91093,-27.09439]},"properties":{"cota":10.18,"ano":2011,"bairro":"Centro I","rua":"Barao do Rio Branco"}},
{"type":"Feature","geometry":{"type":"Point","coordinates":[-48.91448,-27.09426]},"properties":{"cota":10.94,"ano":2011,"bairro":"Centro I","rua":"Gustavo Krieger"}},
{"type":"Feature","geometry":{"type":"Point","coordinates":[-48.91569,-27.09413]},"properties":{"cota":10.39,"ano":2011,"bairro":"Centro I","rua":"Gustavo Krieger"}},
{"type":"Feature","geometry":{"type":"Point","coordinates":[-48.91049,-27.09411]},"properties":{"cota":10.42,"ano":2011,"bairro":"Centro I","rua":"Barao do Rio Branco"}},
{"type":"Feature","geometry":{"type":"Point","coordinates":[-48.90317,-27.09415]},"properties":{"cota":13.21,"ano":2011,"bairro":"Centro II","rua":"Antonio Heil"}},
{"type":"Feature","geometry":{"type":"Point","coordinates":[-48.91425,-27.09381]},"properties":{"cota":10.37,"ano":2011,"bairro":"Centro I","rua":"Joao Bauer"}},
{"type":"Feature","geometry":{"type":"Point","coordinates":[-48.89915,-27.09376]},"properties":{"cota":15.2,"ano":2011,"bairro":"Centro II","rua":"SD"}},
{"type":"Feature","geometry":{"type":"Point","coordinates":[-48.90117,-27.09362]},"properties":{"cota":10.61,"ano":2011,"bairro":"Centro II","rua":"CII 004"}},
{"type":"Feature","geometry":{"type":"Point","coordinates":[-48.90212,-27.09363]},"properties":{"cota":9.04,"ano":2011,"bairro":"Centro II","rua":"cII 003"}},
{"type":"Feature","geometry":{"type":"Point","coordinates":[-48.9095,-27.09354]},"properties":{"cota":10.1,"ano":2011,"bairro":"Centro I","rua":"Henrique Bosco"}},
{"type":"Feature","geometry":{"type":"Point","coordinates":[-48.90872,-27.09363]},"properties":{"cota":10.03,"ano":2011,"bairro":"Centro I","rua":"Riachuelo"}},
{"type":"Feature","geometry":{"type":"Point","coordinates":[-48.90989,-27.09352]},"properties":{"cota":9.94,"ano":2011,"bairro":"Centro I","rua":"Joao Bauer"}},
{"type":"Feature","geometry":{"type":"Point","coordinates":[-48.9157,-27.09335]},"properties":{"cota":10.85,"ano":2011,"bairro":"Centro I","rua":"Joao Bauer"}},
{"type":"Feature","geometry":{"type":"Point","coordinates":[-48.91072,-27.09348]},"properties":{"cota":9.91,"ano":2011,"bairro":"Centro I","rua":"Joao Bauer"}},
{"type":"Feature","geometry":{"type":"Point","coordinates":[-48.91775,-27.09337]},"properties":{"cota":14.21,"ano":2011,"bairro":"Centro I","rua":"Joao Bauer"}},
{"type":"Feature","geometry":{"type":"Point","coordinates":[-48.9125,-27.09341]},"properties":{"cota":10.41,"ano":2011,"bairro":"Centro I","rua":"Joao Bauer"}},
{"type":"Feature","geometry":{"type":"Point","coordinates":[-48.9115,-27.09349]},"properties":{"cota":10.37,"ano":2011,"bairro":"Centro I","rua":"Joao Bauer"}},
{"type":"Feature","geometry":{"type":"Point","coordinates":[-48.91656,-27.09336]},"properties":{"cota":12.52,"ano":2011,"bairro":"Centro I","rua":"Joao Bauer"}},
{"type":"Feature","geometry":{"type":"Point","coordinates":[-48.915,-27.09334]},"properties":{"cota":10.17,"ano":2011,"bairro":"Centro I","rua":"Joao Bauer"}},
{"type":"Feature","geometry":{"type":"Point","coordinates":[-48.89941,-27.0934]},"properties":{"cota":14.15,"ano":2011,"bairro":"Centro II","rua":"Valentim Maurice"}},
{"type":"Feature","geometry":{"type":"Point","coordinates":[-48.91338,-27.09343]},"properties":{"cota":10.6,"ano":2011,"bairro":"Centro I","rua":"Joao Bauer"}},
{"type":"Feature","geometry":{"type":"Point","coordinates":[-48.90657,-27.09342]},"properties":{"cota":8.01,"ano":2011,"bairro":"Centro I","rua":"Arno Carlos Gracher"}},
{"type":"Feature","geometry":{"type":"Point","coordinates":[-48.89886,-27.09335]},"properties":{"cota":12.16,"ano":2011,"bairro":"Centro II","rua":"Valentim Maurice"}},
{"type":"Feature","geometry":{"type":"Point","coordinates":[-48.91437,-27.09334]},"properties":{"cota":9.82,"ano":2011,"bairro":"Centro I","rua":"Joao Bauer"}},
{"type":"Feature","geometry":{"type":"Point","coordinates":[-48.89995,-27.09318]},"properties":{"cota":11.73,"ano":2011,"bairro":"Centro II","rua":"Valentim Maurice"}},
{"type":"Feature","geometry":{"type":"Point","coordinates":[-48.90121,-27.09311]},"properties":{"cota":8.79,"ano":2011,"bairro":"Centro II","rua":"CII 004"}},
{"type":"Feature","geometry":{"type":"Point","coordinates":[-48.90216,-27.09312]},"properties":{"cota":9.14,"ano":2011,"bairro":"Centro II","rua":"cII 003"}},
{"type":"Feature","geometry":{"type":"Point","coordinates":[-48.90246,-27.0931]},"properties":{"cota":9.11,"ano":2011,"bairro":"Centro II","rua":"Valentim Maurice"}},
{"type":"Feature","geometry":{"type":"Point","coordinates":[-48.90801,-27.09299]},"properties":{"cota":10.38,"ano":2011,"bairro":"Centro I","rua":"Afonso Pena"}},
{"type":"Feature","geometry":{"type":"Point","coordinates":[-48.90063,-27.09289]},"properties":{"cota":9.47,"ano":2011,"bairro":"Centro II","rua":"Valentim Maurice"}},
{"type":"Feature","geometry":{"type":"Point","coordinates":[-48.90912,-27.09292]},"properties":{"cota":9.63,"ano":2011,"bairro":"Centro I","rua":"Barao do Rio Branco"}},
{"type":"Feature","geometry":{"type":"Point","coordinates":[-48.90285,-27.09283]},"properties":{"cota":10.33,"ano":2011,"bairro":"Centro II","rua":"Marcilio Dias"}},
{"type":"Feature","geometry":{"type":"Point","coordinates":[-48.90645,-27.09288]},"properties":{"cota":8.17,"ano":2011,"bairro":"Centro I","rua":"Arno Carlos Gracher"}},
{"type":"Feature","geometry":{"type":"Point","coordinates":[-48.91497,-27.09273]},"properties":{"cota":12.6,"ano":2011,"bairro":"Centro I","rua":"Matilde Schaefer"}},
{"type":"Feature","geometry":{"type":"Point","coordinates":[-48.9146,-27.09273]},"properties":{"cota":10.6,"ano":2011,"bairro":"Centro I","rua":"Matilde Schaefer"}},
{"type":"Feature","geometry":{"type":"Point","coordinates":[-48.90643,-27.09252]},"properties":{"cota":8.33,"ano":2011,"bairro":"Centro I","rua":"Marechal Hermes"}},
{"type":"Feature","geometry":{"type":"Point","coordinates":[-48.90684,-27.09243]},"properties":{"cota":10.37,"ano":2011,"bairro":"Centro I","rua":"Marechal Hermes"}},
{"type":"Feature","geometry":{"type":"Point","coordinates":[-48.9078,-27.09245]},"properties":{"cota":10.01,"ano":2011,"bairro":"Centro I","rua":"Marechal Hermes"}},
{"type":"Feature","geometry":{"type":"Point","coordinates":[-48.90852,-27.09237]},"properties":{"cota":9.71,"ano":2011,"bairro":"Centro I","rua":"Barao do Rio Branco"}},
{"type":"Feature","geometry":{"type":"Point","coordinates":[-48.9125,-27.09234]},"properties":{"cota":10.27,"ano":2011,"bairro":"Centro I","rua":"Marcos Malossi"}},
{"type":"Feature","geometry":{"type":"Point","coordinates":[-48.91369,-27.09226]},"properties":{"cota":10.63,"ano":2011,"bairro":"Centro I","rua":"Marcos Malossi"}},
{"type":"Feature","geometry":{"type":"Point","coordinates":[-48.91468,-27.09219]},"properties":{"cota":11.74,"ano":2011,"bairro":"Centro I","rua":"Marcos Malossi"}},
{"type":"Feature","geometry":{"type":"Point","coordinates":[-48.90274,-27.09211]},"properties":{"cota":9.28,"ano":2011,"bairro":"Centro II","rua":"Manoel de Souza"}},
{"type":"Feature","geometry":{"type":"Point","coordinates":[-48.90374,-27.09212]},"properties":{"cota":8.5,"ano":2011,"bairro":"Centro II","rua":"Manoel de Souza"}},
{"type":"Feature","geometry":{"type":"Point","coordinates":[-48.90632,-27.09215]},"properties":{"cota":8.39,"ano":2011,"bairro":"Centro I","rua":"Arno Carlos Gracher"}},
{"type":"Feature","geometry":{"type":"Point","coordinates":[-48.90683,-27.09207]},"properties":{"cota":10.3,"ano":2011,"bairro":"Centro I","rua":"Arno Carlos Gracher"}},
{"type":"Feature","geometry":{"type":"Point","coordinates":[-48.90823,-27.092]},"properties":{"cota":9.73,"ano":2011,"bairro":"Centro I","rua":"Barao do Rio Branco"}},
{"type":"Feature","geometry":{"type":"Point","coordinates":[-48.91247,-27.0917]},"properties":{"cota":10.24,"ano":2011,"bairro":"Centro I","rua":"Otto Renaux"}},
{"type":"Feature","geometry":{"type":"Point","coordinates":[-48.91466,-27.09174]},"properties":{"cota":11.87,"ano":2011,"bairro":"Centro I","rua":"Felipe Schmidt"}},
{"type":"Feature","geometry":{"type":"Point","coordinates":[-48.90367,-27.09166]},"properties":{"cota":8.26,"ano":2011,"bairro":"Centro II","rua":"Manoel de Souza"}},
{"type":"Feature","geometry":{"type":"Point","coordinates":[-48.90258,-27.0914]},"properties":{"cota":8.54,"ano":2011,"bairro":"Centro II","rua":"Marcilio Dias"}},
{"type":"Feature","geometry":{"type":"Point","coordinates":[-48.90792,-27.09137]},"properties":{"cota":9.57,"ano":2011,"bairro":"Centro I","rua":"Willy Kormann"}},
{"type":"Feature","geometry":{"type":"Point","coordinates":[-48.90309,-27.09129]},"properties":{"cota":8.25,"ano":2011,"bairro":"Centro II","rua":"Joao Cervi"}},
{"type":"Feature","geometry":{"type":"Point","coordinates":[-48.90883,-27.09127]},"properties":{"cota":9.3,"ano":2011,"bairro":"Centro I","rua":"Centenario"}},
{"type":"Feature","geometry":{"type":"Point","coordinates":[-48.91028,-27.09122]},"properties":{"cota":9.84,"ano":2011,"bairro":"Centro I","rua":"Centenario"}},
{"type":"Feature","geometry":{"type":"Point","coordinates":[-48.90356,-27.09121]},"properties":{"cota":8.35,"ano":2011,"bairro":"Centro II","rua":"Manoel de Souza"}},
{"type":"Feature","geometry":{"type":"Point","coordinates":[-48.91157,-27.09115]},"properties":{"cota":10.09,"ano":2011,"bairro":"Centro I","rua":"Centenario"}},
{"type":"Feature","geometry":{"type":"Point","coordinates":[-48.91239,-27.09112]},"properties":{"cota":10.08,"ano":2011,"bairro":"Centro I","rua":"Centenario"}},
{"type":"Feature","geometry":{"type":"Point","coordinates":[-48.91324,-27.09108]},"properties":{"cota":10.51,"ano":2011,"bairro":"Centro I","rua":"Centenario"}},
{"type":"Feature","geometry":{"type":"Point","coordinates":[-48.90668,-27.09108]},"properties":{"cota":9.84,"ano":2011,"bairro":"Centro I","rua":"Arno Carlos Gracher"}},
{"type":"Feature","geometry":{"type":"Point","coordinates":[-48.9143,-27.09102]},"properties":{"cota":11.54,"ano":2011,"bairro":"Centro I","rua":"Centenario"}},
{"type":"Feature","geometry":{"type":"Point","coordinates":[-48.90425,-27.09095]},"properties":{"cota":9.9,"ano":2011,"bairro":"Centro II","rua":"Henrique Rosin"}},
{"type":"Feature","geometry":{"type":"Point","coordinates":[-48.9057,-27.09072]},"properties":{"cota":5.82,"ano":2011,"bairro":"Centro II","rua":"Beira Rio"}},
{"type":"Feature","geometry":{"type":"Point","coordinates":[-48.90534,-27.0906]},"properties":{"cota":10.46,"ano":2011,"bairro":"Centro II","rua":"Bepe Rosa"}},
{"type":"Feature","geometry":{"type":"Point","coordinates":[-48.90869,-27.09065]},"properties":{"cota":9.28,"ano":2011,"bairro":"Centro I","rua":"Malossi"}},
{"type":"Feature","geometry":{"type":"Point","coordinates":[-48.90802,-27.09064]},"properties":{"cota":10.48,"ano":2011,"bairro":"Centro I","rua":"Carlos Gracher"}},
{"type":"Feature","geometry":{"type":"Point","coordinates":[-48.90945,-27.09058]},"properties":{"cota":9.1,"ano":2011,"bairro":"SÒo Luiz","rua":"Carlos Gracher"}},
{"type":"Feature","geometry":{"type":"Point","coordinates":[-48.91044,-27.0905]},"properties":{"cota":9.74,"ano":2011,"bairro":"SÒo Luiz","rua":"Carlos Gracher"}},
{"type":"Feature","geometry":{"type":"Point","coordinates":[-48.91232,-27.09053]},"properties":{"cota":9.89,"ano":2011,"bairro":"Centro I","rua":"Carlos Gracher"}},
{"type":"Feature","geometry":{"type":"Point","coordinates":[-48.91149,-27.09052]},"properties":{"cota":10.51,"ano":2011,"bairro":"SÒo Luiz","rua":"Carlos Gracher"}},
{"type":"Feature","geometry":{"type":"Point","coordinates":[-48.91317,-27.09045]},"properties":{"cota":10.02,"ano":2011,"bairro":"SÒo Luiz","rua":"Carlos Gracher"}},
{"type":"Feature","geometry":{"type":"Point","coordinates":[-48.91407,-27.09043]},"properties":{"cota":10.14,"ano":2011,"bairro":"SÒo Luiz","rua":"Carlos Gracher"}},
{"type":"Feature","geometry":{"type":"Point","coordinates":[-48.90669,-27.09017]},"properties":{"cota":11.14,"ano":2011,"bairro":"Santa Rita","rua":"Henrique Rosina"}},
{"type":"Feature","geometry":{"type":"Point","coordinates":[-48.90723,-27.08982]},"properties":{"cota":10.69,"ano":2011,"bairro":"Santa Rita","rua":"Sete de Setembro"}},
{"type":"Feature","geometry":{"type":"Point","coordinates":[-48.90841,-27.08975]},"properties":{"cota":9.7,"ano":2011,"bairro":"Santa Rita","rua":"Alemanha"}},
{"type":"Feature","geometry":{"type":"Point","coordinates":[-48.90923,-27.0894]},"properties":{"cota":5.51,"ano":2011,"bairro":"Santa Rita","rua":"Beira Rio"}},
{"type":"Feature","geometry":{"type":"Point","coordinates":[-48.90899,-27.08931]},"properties":{"cota":9.34,"ano":2011,"bairro":"Santa Rita","rua":"Italia"}},
{"type":"Feature","geometry":{"type":"Point","coordinates":[-48.91126,-27.08907]},"properties":{"cota":8.41,"ano":2011,"bairro":"SÒo Luiz","rua":"Oto Krieger"}},
{"type":"Feature","geometry":{"type":"Point","coordinates":[-48.91178,-27.08908]},"properties":{"cota":8.92,"ano":2011,"bairro":"SÒo Luiz","rua":"Oto Krieger"}},
{"type":"Feature","geometry":{"type":"Point","coordinates":[-48.90786,-27.08902]},"properties":{"cota":9.14,"ano":2011,"bairro":"Santa Rita","rua":"Alemanha"}},
{"type":"Feature","geometry":{"type":"Point","coordinates":[-48.90592,-27.08881]},"properties":{"cota":9.06,"ano":2011,"bairro":"Santa Rita","rua":"Sete de Setembro"}},
{"type":"Feature","geometry":{"type":"Point","coordinates":[-48.90845,-27.08867]},"properties":{"cota":9.08,"ano":2011,"bairro":"Santa Rita","rua":"Alemanha"}},
{"type":"Feature","geometry":{"type":"Point","coordinates":[-48.90956,-27.08859]},"properties":{"cota":9.65,"ano":2011,"bairro":"Santa Rita","rua":"Portugal"}},
{"type":"Feature","geometry":{"type":"Point","coordinates":[-48.9098,-27.08868]},"properties":{"cota":5.48,"ano":2011,"bairro":"Santa Rita","rua":"Beira Rio"}},
{"type":"Feature","geometry":{"type":"Point","coordinates":[-48.90567,-27.08853]},"properties":{"cota":9.12,"ano":2011,"bairro":"Santa Rita","rua":"Almirante Barroso"}},
{"type":"Feature","geometry":{"type":"Point","coordinates":[-48.91233,-27.08854]},"properties":{"cota":9.49,"ano":2011,"bairro":"SÒo Luiz","rua":"Joao Schaefer"}},
{"type":"Feature","geometry":{"type":"Point","coordinates":[-48.91381,-27.08847]},"properties":{"cota":10.77,"ano":2011,"bairro":"SÒo Luiz","rua":"Joao Schaefer"}},
{"type":"Feature","geometry":{"type":"Point","coordinates":[-48.91298,-27.08846]},"properties":{"cota":10.4,"ano":2011,"bairro":"SÒo Luiz","rua":"Joao Schaefer"}},
{"type":"Feature","geometry":{"type":"Point","coordinates":[-48.91448,-27.08848]},"properties":{"cota":10.25,"ano":2011,"bairro":"SÒo Luiz","rua":"Joao Schaefer"}},
{"type":"Feature","geometry":{"type":"Point","coordinates":[-48.90424,-27.08842]},"properties":{"cota":16.84,"ano":2011,"bairro":"Santa Rita","rua":"Marcilio Dias"}},
{"type":"Feature","geometry":{"type":"Point","coordinates":[-48.9151,-27.0884]},"properties":{"cota":15.13,"ano":2011,"bairro":"SÒo Luiz","rua":"Oto Neitsch"}},
{"type":"Feature","geometry":{"type":"Point","coordinates":[-48.91489,-27.0884]},"properties":{"cota":12.02,"ano":2011,"bairro":"SÒo Luiz","rua":"Oto Neitsch"}},
{"type":"Feature","geometry":{"type":"Point","coordinates":[-48.90446,-27.08825]},"properties":{"cota":13.87,"ano":2011,"bairro":"Santa Rita","rua":"Marcilio Dias"}},
{"type":"Feature","geometry":{"type":"Point","coordinates":[-48.9087,-27.08822]},"properties":{"cota":8.53,"ano":2011,"bairro":"Santa Rita","rua":"Alemanha"}},
{"type":"Feature","geometry":{"type":"Point","coordinates":[-48.91224,-27.08818]},"properties":{"cota":9.6,"ano":2011,"bairro":"SÒo Luiz","rua":"Otto Renaux"}},
{"type":"Feature","geometry":{"type":"Point","coordinates":[-48.92089,-27.08813]},"properties":{"cota":16.12,"ano":2011,"bairro":"SÒo Luiz","rua":"Daniel Imhof"}},
{"type":"Feature","geometry":{"type":"Point","coordinates":[-48.91472,-27.08813]},"properties":{"cota":10.5,"ano":2011,"bairro":"SÒo Luiz","rua":"Felipe Schmidt"}},
{"type":"Feature","geometry":{"type":"Point","coordinates":[-48.9063,-27.088]},"properties":{"cota":8.34,"ano":2011,"bairro":"Santa Rita","rua":"Celia Zen"}},
{"type":"Feature","geometry":{"type":"Point","coordinates":[-48.90506,-27.08787]},"properties":{"cota":10.65,"ano":2011,"bairro":"Santa Rita","rua":"Marcilio Dias"}},
{"type":"Feature","geometry":{"type":"Point","coordinates":[-48.90975,-27.08796]},"properties":{"cota":10.1,"ano":2011,"bairro":"Santa Rita","rua":"Mexico"}},
{"type":"Feature","geometry":{"type":"Point","coordinates":[-48.90758,-27.08793]},"properties":{"cota":8.29,"ano":2011,"bairro":"Santa Rita","rua":"Almirante Barroso"}},
{"type":"Feature","geometry":{"type":"Point","coordinates":[-48.91584,-27.08796]},"properties":{"cota":15.04,"ano":2011,"bairro":"SÒo Luiz","rua":"Luis Alvez Gevaerd"}},
{"type":"Feature","geometry":{"type":"Point","coordinates":[-48.90711,-27.08792]},"properties":{"cota":8.01,"ano":2011,"bairro":"Santa Rita","rua":"Laura Diegoli Batistotti"}},
{"type":"Feature","geometry":{"type":"Point","coordinates":[-48.91537,-27.08787]},"properties":{"cota":11.61,"ano":2011,"bairro":"SÒo Luiz","rua":"Luis Alvez Gevaerd"}},
{"type":"Feature","geometry":{"type":"Point","coordinates":[-48.91011,-27.08802]},"properties":{"cota":5.46,"ano":2011,"bairro":"Santa Rita","rua":"Beira Rio"}},
{"type":"Feature","geometry":{"type":"Point","coordinates":[-48.91489,-27.08786]},"properties":{"cota":10.36,"ano":2011,"bairro":"SÒo Luiz","rua":"Luis Alvez Gevaerd"}},
{"type":"Feature","geometry":{"type":"Point","coordinates":[-48.90929,-27.08778]},"properties":{"cota":9.14,"ano":2011,"bairro":"Santa Rita","rua":"Mexico"}},
{"type":"Feature","geometry":{"type":"Point","coordinates":[-48.91293,-27.08774]},"properties":{"cota":10.51,"ano":2011,"bairro":"SÒo Luiz","rua":"Desem Erico Torres"}},
{"type":"Feature","geometry":{"type":"Point","coordinates":[-48.91229,-27.08773]},"properties":{"cota":9.53,"ano":2011,"bairro":"SÒo Luiz","rua":"Otto Renaux"}},
{"type":"Feature","geometry":{"type":"Point","coordinates":[-48.92083,-27.08777]},"properties":{"cota":14.48,"ano":2011,"bairro":"SÒo Luiz","rua":"Daniel Imhof"}},
{"type":"Feature","geometry":{"type":"Point","coordinates":[-48.90774,-27.08775]},"properties":{"cota":8.44,"ano":2011,"bairro":"Santa Rita","rua":"Almirante Barroso"}},
{"type":"Feature","geometry":{"type":"Point","coordinates":[-48.90897,-27.08768]},"properties":{"cota":7.8,"ano":2011,"bairro":"Santa Rita","rua":"Mexico"}},
{"type":"Feature","geometry":{"type":"Point","coordinates":[-48.90487,-27.08762]},"properties":{"cota":12.03,"ano":2011,"bairro":"Santa Rita","rua":"Sete de Setembro"}},
{"type":"Feature","geometry":{"type":"Point","coordinates":[-48.91551,-27.08751]},"properties":{"cota":15.32,"ano":2011,"bairro":"SÒo Luiz","rua":"Jose Munch"}},
{"type":"Feature","geometry":{"type":"Point","coordinates":[-48.9153,-27.0875]},"properties":{"cota":11.76,"ano":2011,"bairro":"SÒo Luiz","rua":"Jose Munch"}},
{"type":"Feature","geometry":{"type":"Point","coordinates":[-48.91497,-27.0875]},"properties":{"cota":10.6,"ano":2011,"bairro":"SÒo Luiz","rua":"Jose Munch"}},
{"type":"Feature","geometry":{"type":"Point","coordinates":[-48.90625,-27.08746]},"properties":{"cota":8.4,"ano":2011,"bairro":"Santa Rita","rua":"Celia Zen"}},
{"type":"Feature","geometry":{"type":"Point","coordinates":[-48.91222,-27.08737]},"properties":{"cota":9.73,"ano":2011,"bairro":"SÒo Luiz","rua":"Otto Renaux"}},
{"type":"Feature","geometry":{"type":"Point","coordinates":[-48.92091,-27.08732]},"properties":{"cota":13.74,"ano":2011,"bairro":"SÒo Luiz","rua":"inominada"}},
{"type":"Feature","geometry":{"type":"Point","coordinates":[-48.90999,-27.08733]},"properties":{"cota":5.55,"ano":2011,"bairro":"Santa Rita","rua":"Beira Rio"}},
{"type":"Feature","geometry":{"type":"Point","coordinates":[-48.9117,-27.08727]},"properties":{"cota":9.88,"ano":2011,"bairro":"SÒo Luiz","rua":"Augusto Wandrey"}},
{"type":"Feature","geometry":{"type":"Point","coordinates":[-48.9202,-27.08731]},"properties":{"cota":15.82,"ano":2011,"bairro":"SÒo Luiz","rua":"Paulo Imhof"}},
{"type":"Feature","geometry":{"type":"Point","coordinates":[-48.90981,-27.08733]},"properties":{"cota":9.3,"ano":2011,"bairro":"Santa Rita","rua":"Inglaterra"}},
{"type":"Feature","geometry":{"type":"Point","coordinates":[-48.90729,-27.08729]},"properties":{"cota":8.65,"ano":2011,"bairro":"Santa Rita","rua":"Laura Diegoli Batistotti"}},
{"type":"Feature","geometry":{"type":"Point","coordinates":[-48.92056,-27.08722]},"properties":{"cota":15.03,"ano":2011,"bairro":"SÒo Luiz","rua":"inominada"}},
{"type":"Feature","geometry":{"type":"Point","coordinates":[-48.9049,-27.08717]},"properties":{"cota":13.52,"ano":2011,"bairro":"Santa Rita","rua":"Sete de Setembro"}},
{"type":"Feature","geometry":{"type":"Point","coordinates":[-48.90628,-27.08701]},"properties":{"cota":8.49,"ano":2011,"bairro":"Santa Rita","rua":"Celia Zen"}},
{"type":"Feature","geometry":{"type":"Point","coordinates":[-48.91484,-27.08705]},"properties":{"cota":10.18,"ano":2011,"bairro":"SÒo Luiz","rua":"Alois Moritz"}},
{"type":"Feature","geometry":{"type":"Point","coordinates":[-48.91307,-27.08702]},"properties":{"cota":9.43,"ano":2011,"bairro":"SÒo Luiz","rua":"Alois Moritz"}},
{"type":"Feature","geometry":{"type":"Point","coordinates":[-48.91227,-27.08701]},"properties":{"cota":9.51,"ano":2011,"bairro":"SÒo Luiz","rua":"Alois Moritz"}},
{"type":"Feature","geometry":{"type":"Point","coordinates":[-48.92182,-27.08697]},"properties":{"cota":15.05,"ano":2011,"bairro":"SÒo Pedro","rua":"Joao Caetano"}},
{"type":"Feature","geometry":{"type":"Point","coordinates":[-48.92111,-27.08696]},"properties":{"cota":13.05,"ano":2011,"bairro":"SÒo Pedro","rua":"Daniel Imhof"}},
{"type":"Feature","geometry":{"type":"Point","coordinates":[-48.9095,-27.08666]},"properties":{"cota":8.63,"ano":2011,"bairro":"Santa Rita","rua":"Alemanha"}},
{"type":"Feature","geometry":{"type":"Point","coordinates":[-48.92021,-27.08676]},"properties":{"cota":14.67,"ano":2011,"bairro":"SÒo Luiz","rua":"Paulo Imhof"}},
{"type":"Feature","geometry":{"type":"Point","coordinates":[-48.90803,-27.08667]},"properties":{"cota":10.05,"ano":2011,"bairro":"Santa Rita","rua":"Joao Ricardo Lopes"}},
{"type":"Feature","geometry":{"type":"Point","coordinates":[-48.90742,-27.08666]},"properties":{"cota":9.02,"ano":2011,"bairro":"Santa Rita","rua":"Laura Diegoli Batistotti"}},
{"type":"Feature","geometry":{"type":"Point","coordinates":[-48.90513,-27.08672]},"properties":{"cota":13.11,"ano":2011,"bairro":"Santa Rita","rua":"Sete de Setembro"}},
{"type":"Feature","geometry":{"type":"Point","coordinates":[-48.92152,-27.08669]},"properties":{"cota":13.35,"ano":2011,"bairro":"SÒo Pedro","rua":"Joao Caetano"}},
{"type":"Feature","geometry":{"type":"Point","coordinates":[-48.90639,-27.08656]},"properties":{"cota":8.46,"ano":2011,"bairro":"Santa Rita","rua":"Joao Ricardo Lopes"}},
{"type":"Feature","geometry":{"type":"Point","coordinates":[-48.90887,-27.0866]},"properties":{"cota":9.72,"ano":2011,"bairro":"Santa Rita","rua":"Expe Jose Gianesini"}},
{"type":"Feature","geometry":{"type":"Point","coordinates":[-48.91221,-27.08656]},"properties":{"cota":9.74,"ano":2011,"bairro":"SÒo Luiz","rua":"Otto Renaux"}},
{"type":"Feature","geometry":{"type":"Point","coordinates":[-48.91486,-27.0865]},"properties":{"cota":10.16,"ano":2011,"bairro":"SÒo Luiz","rua":"Felipe Schmidt"}},
{"type":"Feature","geometry":{"type":"Point","coordinates":[-48.9213,-27.08651]},"properties":{"cota":12.94,"ano":2011,"bairro":"SÒo Pedro","rua":"Joao Caetano"}},
{"type":"Feature","geometry":{"type":"Point","coordinates":[-48.91689,-27.08644]},"properties":{"cota":14.97,"ano":2011,"bairro":"SÒo Luiz","rua":"Prof Adolfo Walendovski"}},
{"type":"Feature","geometry":{"type":"Point","coordinates":[-48.90813,-27.08645]},"properties":{"cota":10.34,"ano":2011,"bairro":"Santa Rita","rua":"Expe Jose Gianesini"}},
{"type":"Feature","geometry":{"type":"Point","coordinates":[-48.91598,-27.08634]},"properties":{"cota":11.31,"ano":2011,"bairro":"SÒo Luiz","rua":"Prof Adolfo Walendovski"}},
{"type":"Feature","geometry":{"type":"Point","coordinates":[-48.92031,-27.08622]},"properties":{"cota":12.82,"ano":2011,"bairro":"SÒo Luiz","rua":"Paulo Imhof"}},
{"type":"Feature","geometry":{"type":"Point","coordinates":[-48.91318,-27.08621]},"properties":{"cota":8.72,"ano":2011,"bairro":"SÒo Luiz","rua":"Joao Olinger"}},
{"type":"Feature","geometry":{"type":"Point","coordinates":[-48.91224,-27.08619]},"properties":{"cota":9.29,"ano":2011,"bairro":"SÒo Luiz","rua":"Joao Olinger"}},
{"type":"Feature","geometry":{"type":"Point","coordinates":[-48.90159,-27.08613]},"properties":{"cota":16.8,"ano":2011,"bairro":"Santa Rita","rua":"Camboriu"}},
{"type":"Feature","geometry":{"type":"Point","coordinates":[-48.90818,-27.08609]},"properties":{"cota":9.87,"ano":2011,"bairro":"Santa Rita","rua":"Alois Fisher"}},
{"type":"Feature","geometry":{"type":"Point","coordinates":[-48.90734,-27.08612]},"properties":{"cota":8.63,"ano":2011,"bairro":"Santa Rita","rua":"Alois Fisher"}},
{"type":"Feature","geometry":{"type":"Point","coordinates":[-48.90559,-27.08601]},"properties":{"cota":10.4,"ano":2011,"bairro":"Santa Rita","rua":"Godofredo Mosiman"}},
{"type":"Feature","geometry":{"type":"Point","coordinates":[-48.90498,-27.086]},"properties":{"cota":12.37,"ano":2011,"bairro":"Santa Rita","rua":"Sete de Setembro"}},
{"type":"Feature","geometry":{"type":"Point","coordinates":[-48.9092,-27.08597]},"properties":{"cota":5.5,"ano":2011,"bairro":"Santa Rita","rua":"Beira Rio"}},
{"type":"Feature","geometry":{"type":"Point","coordinates":[-48.92099,-27.08596]},"properties":{"cota":12.31,"ano":2011,"bairro":"SÒo Luiz","rua":"Paulo Imhof"}},
{"type":"Feature","geometry":{"type":"Point","coordinates":[-48.90902,-27.08597]},"properties":{"cota":10.57,"ano":2011,"bairro":"Santa Rita","rua":"inominada"}},
{"type":"Feature","geometry":{"type":"Point","coordinates":[-48.9148,-27.08587]},"properties":{"cota":9.82,"ano":2011,"bairro":"SÒo Luiz","rua":"Felipe Schmidt"}},
{"type":"Feature","geometry":{"type":"Point","coordinates":[-48.91215,-27.08574]},"properties":{"cota":9.69,"ano":2011,"bairro":"SÒo Luiz","rua":"Otto Renaux"}},
{"type":"Feature","geometry":{"type":"Point","coordinates":[-48.9171,-27.08564]},"properties":{"cota":15.01,"ano":2011,"bairro":"SÒo Luiz","rua":"Gilberto Comandoli"}},
{"type":"Feature","geometry":{"type":"Point","coordinates":[-48.9047,-27.08563]},"properties":{"cota":11.56,"ano":2011,"bairro":"Santa Rita","rua":"Sete de Setembro"}},
{"type":"Feature","geometry":{"type":"Point","coordinates":[-48.92018,-27.08559]},"properties":{"cota":16.02,"ano":2011,"bairro":"SÒo Luiz","rua":"Gabriel Zimerman"}},
{"type":"Feature","geometry":{"type":"Point","coordinates":[-48.90174,-27.0855]},"properties":{"cota":14.41,"ano":2011,"bairro":"Santa Rita","rua":"Camboriu"}},
{"type":"Feature","geometry":{"type":"Point","coordinates":[-48.92075,-27.08551]},"properties":{"cota":12.15,"ano":2011,"bairro":"SÒo Luiz","rua":"Daniel Imhof"}},
{"type":"Feature","geometry":{"type":"Point","coordinates":[-48.9062,-27.08547]},"properties":{"cota":9.52,"ano":2011,"bairro":"Santa Rita","rua":"SR-005"}},
{"type":"Feature","geometry":{"type":"Point","coordinates":[-48.90573,-27.08547]},"properties":{"cota":10.16,"ano":2011,"bairro":"Santa Rita","rua":"SR-005"}},
{"type":"Feature","geometry":{"type":"Point","coordinates":[-48.90539,-27.08546]},"properties":{"cota":9.95,"ano":2011,"bairro":"Santa Rita","rua":"SR-005"}},
{"type":"Feature","geometry":{"type":"Point","coordinates":[-48.90459,-27.08536]},"properties":{"cota":10.2,"ano":2011,"bairro":"Santa Rita","rua":"Godofredo Mosimann"}},
{"type":"Feature","geometry":{"type":"Point","coordinates":[-48.90823,-27.08541]},"properties":{"cota":10.01,"ano":2011,"bairro":"Santa Rita","rua":"Almirante Barroso"}},
{"type":"Feature","geometry":{"type":"Point","coordinates":[-48.919,-27.0853]},"properties":{"cota":16.47,"ano":2011,"bairro":"SÒo Luiz","rua":"Leopoldo Imhof"}},
{"type":"Feature","geometry":{"type":"Point","coordinates":[-48.91086,-27.08527]},"properties":{"cota":9.89,"ano":2011,"bairro":"SÒo Luiz","rua":"Benjamin Constant"}},
{"type":"Feature","geometry":{"type":"Point","coordinates":[-48.90509,-27.08521]},"properties":{"cota":9.64,"ano":2011,"bairro":"Santa Rita","rua":"Godofredo Mosimann"}},
{"type":"Feature","geometry":{"type":"Point","coordinates":[-48.91215,-27.08529]},"properties":{"cota":9.24,"ano":2011,"bairro":"SÒo Luiz","rua":"Benjamin Constant"}},
{"type":"Feature","geometry":{"type":"Point","coordinates":[-48.91496,-27.08524]},"properties":{"cota":9.34,"ano":2011,"bairro":"SÒo Luiz","rua":"Felipe Schmidt"}},
{"type":"Feature","geometry":{"type":"Point","coordinates":[-48.90444,-27.08527]},"properties":{"cota":10.26,"ano":2011,"bairro":"Santa Rita","rua":"Sete de Setembro"}},
{"type":"Feature","geometry":{"type":"Point","coordinates":[-48.91362,-27.08522]},"properties":{"cota":9.14,"ano":2011,"bairro":"SÒo Luiz","rua":"Benjamin Constant"}},
{"type":"Feature","geometry":{"type":"Point","coordinates":[-48.9202,-27.08505]},"properties":{"cota":12.91,"ano":2011,"bairro":"SÒo Luiz","rua":"Gabriel Zimerman"}},
{"type":"Feature","geometry":{"type":"Point","coordinates":[-48.90182,-27.08505]},"properties":{"cota":10.71,"ano":2011,"bairro":"Santa Rita","rua":"Camboriu"}},
{"type":"Feature","geometry":{"type":"Point","coordinates":[-48.92074,-27.08497]},"properties":{"cota":11.49,"ano":2011,"bairro":"SÒo Pedro","rua":"Daniel Imhof"}},
{"type":"Feature","geometry":{"type":"Point","coordinates":[-48.90853,-27.08497]},"properties":{"cota":5.49,"ano":2011,"bairro":"Santa Rita","rua":"Beira Rio"}},
{"type":"Feature","geometry":{"type":"Point","coordinates":[-48.91513,-27.08491]},"properties":{"cota":9.22,"ano":2011,"bairro":"SÒo Luiz","rua":"Gilberto Comandoli"}},
{"type":"Feature","geometry":{"type":"Point","coordinates":[-48.90618,-27.08493]},"properties":{"cota":9.79,"ano":2011,"bairro":"Santa Rita","rua":"Adelino da Silva Vale"}},
{"type":"Feature","geometry":{"type":"Point","coordinates":[-48.90499,-27.08491]},"properties":{"cota":9.12,"ano":2011,"bairro":"Santa Rita","rua":"Adelino da Silva Vale"}},
{"type":"Feature","geometry":{"type":"Point","coordinates":[-48.90562,-27.08483]},"properties":{"cota":9.5,"ano":2011,"bairro":"Santa Rita","rua":"Adelino da Silva Vale"}},
{"type":"Feature","geometry":{"type":"Point","coordinates":[-48.90417,-27.0849]},"properties":{"cota":10.03,"ano":2011,"bairro":"Santa Rita","rua":"Sete de Setembro"}},
{"type":"Feature","geometry":{"type":"Point","coordinates":[-48.9121,-27.08475]},"properties":{"cota":9.54,"ano":2011,"bairro":"SÒo Luiz","rua":"Otto Renaux"}},
{"type":"Feature","geometry":{"type":"Point","coordinates":[-48.92,-27.08469]},"properties":{"cota":11.22,"ano":2011,"bairro":"SÒo Luiz","rua":"Gabriel Zimerman"}},
{"type":"Feature","geometry":{"type":"Point","coordinates":[-48.90254,-27.0847]},"properties":{"cota":9.75,"ano":2011,"bairro":"Santa Rita","rua":"Porto Belo"}},
{"type":"Feature","geometry":{"type":"Point","coordinates":[-48.90185,-27.08469]},"properties":{"cota":9.55,"ano":2011,"bairro":"Santa Rita","rua":"Camboriu"}},
{"type":"Feature","geometry":{"type":"Point","coordinates":[-48.91899,-27.08458]},"properties":{"cota":13.32,"ano":2011,"bairro":"SÒo Luiz","rua":"Leopoldo Imhof"}},
{"type":"Feature","geometry":{"type":"Point","coordinates":[-48.9048,-27.08455]},"properties":{"cota":9.34,"ano":2011,"bairro":"Santa Rita","rua":"Godofredo Mosimann"}},
{"type":"Feature","geometry":{"type":"Point","coordinates":[-48.9211,-27.08452]},"properties":{"cota":12.63,"ano":2011,"bairro":"SÒo Pedro","rua":"SP 067"}},
{"type":"Feature","geometry":{"type":"Point","coordinates":[-48.90652,-27.08449]},"properties":{"cota":9.05,"ano":2011,"bairro":"Santa Rita","rua":"Emilia Lanznaster"}},
{"type":"Feature","geometry":{"type":"Point","coordinates":[-48.91535,-27.08437]},"properties":{"cota":9.51,"ano":2011,"bairro":"SÒo Luiz","rua":"Felipe Schmidt"}},
{"type":"Feature","geometry":{"type":"Point","coordinates":[-48.90372,-27.08444]},"properties":{"cota":9.07,"ano":2011,"bairro":"Santa Rita","rua":"Marechal Floriano"}},
{"type":"Feature","geometry":{"type":"Point","coordinates":[-48.90771,-27.08441]},"properties":{"cota":8.47,"ano":2011,"bairro":"Santa Rita","rua":"Emilia Lanznaster"}},
{"type":"Feature","geometry":{"type":"Point","coordinates":[-48.90694,-27.0844]},"properties":{"cota":8.69,"ano":2011,"bairro":"Santa Rita","rua":"Emilia Lanznaster"}},
{"type":"Feature","geometry":{"type":"Point","coordinates":[-48.91999,-27.08441]},"properties":{"cota":10.71,"ano":2011,"bairro":"SÒo Luiz","rua":"Gabriel Zimerman"}},
{"type":"Feature","geometry":{"type":"Point","coordinates":[-48.91003,-27.08436]},"properties":{"cota":9.82,"ano":2011,"bairro":"SÒo Luiz","rua":"Gregorio Diegoli"}},
{"type":"Feature","geometry":{"type":"Point","coordinates":[-48.92063,-27.08427]},"properties":{"cota":11.29,"ano":2011,"bairro":"SÒo Pedro","rua":"Sao Leopoldo"}},
{"type":"Feature","geometry":{"type":"Point","coordinates":[-48.9062,-27.08426]},"properties":{"cota":9.91,"ano":2011,"bairro":"Santa Rita","rua":"Marechal Floriano"}},
{"type":"Feature","geometry":{"type":"Point","coordinates":[-48.90427,-27.08427]},"properties":{"cota":8.78,"ano":2011,"bairro":"Santa Rita","rua":"Marechal Floriano"}},
{"type":"Feature","geometry":{"type":"Point","coordinates":[-48.90484,-27.08427]},"properties":{"cota":9.48,"ano":2011,"bairro":"Santa Rita","rua":"Marechal Floriano"}},
{"type":"Feature","geometry":{"type":"Point","coordinates":[-48.90521,-27.08429]},"properties":{"cota":10,"ano":2011,"bairro":"Santa Rita","rua":"Marechal Floriano"}},
{"type":"Feature","geometry":{"type":"Point","coordinates":[-48.91096,-27.08428]},"properties":{"cota":8.85,"ano":2011,"bairro":"SÒo Luiz","rua":"Gregorio Diegoli"}},
{"type":"Feature","geometry":{"type":"Point","coordinates":[-48.90632,-27.0843]},"properties":{"cota":10.56,"ano":2011,"bairro":"Santa Rita","rua":"Marechal Floriano"}},
{"type":"Feature","geometry":{"type":"Point","coordinates":[-48.90243,-27.08421]},"properties":{"cota":9.42,"ano":2011,"bairro":"Santa Rita","rua":"Ernesto Contesini"}},
{"type":"Feature","geometry":{"type":"Point","coordinates":[-48.90168,-27.08423]},"properties":{"cota":8.99,"ano":2011,"bairro":"Santa Rita","rua":"Camboriu"}},
{"type":"Feature","geometry":{"type":"Point","coordinates":[-48.9232,-27.08419]},"properties":{"cota":14.52,"ano":2011,"bairro":"SÒo Pedro","rua":"Rodolfo Habitzreuter"}},
{"type":"Feature","geometry":{"type":"Point","coordinates":[-48.89814,-27.08418]},"properties":{"cota":14.34,"ano":2011,"bairro":"Santa Rita","rua":"Luis Bruns"}},
{"type":"Feature","geometry":{"type":"Point","coordinates":[-48.90727,-27.08423]},"properties":{"cota":8.23,"ano":2011,"bairro":"Santa Rita","rua":"Ana Gamba"}},
{"type":"Feature","geometry":{"type":"Point","coordinates":[-48.91538,-27.0843]},"properties":{"cota":10.02,"ano":2011,"bairro":"SÒo Luiz","rua":"Sao Pedro"}},
{"type":"Feature","geometry":{"type":"Point","coordinates":[-48.92106,-27.08406]},"properties":{"cota":11.25,"ano":2011,"bairro":"SÒo Pedro","rua":"Sao Leopoldo"}},
{"type":"Feature","geometry":{"type":"Point","coordinates":[-48.9121,-27.08421]},"properties":{"cota":9.21,"ano":2011,"bairro":"SÒo Luiz","rua":"Henrique Luis Galassini"}},
{"type":"Feature","geometry":{"type":"Point","coordinates":[-48.91899,-27.08413]},"properties":{"cota":10.8,"ano":2011,"bairro":"SÒo Luiz","rua":"Leopoldo Imhof"}},
{"type":"Feature","geometry":{"type":"Point","coordinates":[-48.89864,-27.08419]},"properties":{"cota":13.62,"ano":2011,"bairro":"Santa Rita","rua":"Oto Muller"}},
{"type":"Feature","geometry":{"type":"Point","coordinates":[-48.91352,-27.08405]},"properties":{"cota":8.5,"ano":2011,"bairro":"SÒo Luiz","rua":"Henrique Luis Galassini"}},
{"type":"Feature","geometry":{"type":"Point","coordinates":[-48.90289,-27.08398]},"properties":{"cota":8.63,"ano":2011,"bairro":"Santa Rita","rua":"Sete de Setembro"}},
{"type":"Feature","geometry":{"type":"Point","coordinates":[-48.92211,-27.08399]},"properties":{"cota":11.57,"ano":2011,"bairro":"SÒo Pedro","rua":"inominada"}},
{"type":"Feature","geometry":{"type":"Point","coordinates":[-48.90812,-27.08397]},"properties":{"cota":5.46,"ano":2011,"bairro":"Santa Rita","rua":"Beira Rio"}},
{"type":"Feature","geometry":{"type":"Point","coordinates":[-48.90625,-27.08394]},"properties":{"cota":10.41,"ano":2011,"bairro":"Santa Rita","rua":"Coelho Neto"}},
{"type":"Feature","geometry":{"type":"Point","coordinates":[-48.92121,-27.08399]},"properties":{"cota":11.27,"ano":2011,"bairro":"SÒo Pedro","rua":"Construtor Arnoldo Imhof"}},
{"type":"Feature","geometry":{"type":"Point","coordinates":[-48.92255,-27.08382]},"properties":{"cota":11.7,"ano":2011,"bairro":"SÒo Pedro","rua":"SP 044"}},
{"type":"Feature","geometry":{"type":"Point","coordinates":[-48.9193,-27.08386]},"properties":{"cota":10.22,"ano":2011,"bairro":"SÒo Luiz","rua":"Leopoldo Imhof"}},
{"type":"Feature","geometry":{"type":"Point","coordinates":[-48.91463,-27.08379]},"properties":{"cota":10.02,"ano":2011,"bairro":"SÒo Luiz","rua":"Anita Garibaldi"}},
{"type":"Feature","geometry":{"type":"Point","coordinates":[-48.92537,-27.08373]},"properties":{"cota":14.7,"ano":2011,"bairro":"SÒo Pedro","rua":"Pedro Schilindwein"}},
{"type":"Feature","geometry":{"type":"Point","coordinates":[-48.91774,-27.08375]},"properties":{"cota":15.68,"ano":2011,"bairro":"SÒo Luiz","rua":"Antonio Imhof"}},
{"type":"Feature","geometry":{"type":"Point","coordinates":[-48.90149,-27.08369]},"properties":{"cota":8.53,"ano":2011,"bairro":"Santa Rita","rua":"Camboriu"}},
{"type":"Feature","geometry":{"type":"Point","coordinates":[-48.92323,-27.08365]},"properties":{"cota":12.01,"ano":2011,"bairro":"SÒo Pedro","rua":"Rodolfo Habitzreuter"}},
{"type":"Feature","geometry":{"type":"Point","coordinates":[-48.9217,-27.08372]},"properties":{"cota":11.13,"ano":2011,"bairro":"SÒo Pedro","rua":"Constante Zen"}},
{"type":"Feature","geometry":{"type":"Point","coordinates":[-48.90258,-27.0837]},"properties":{"cota":8.66,"ano":2011,"bairro":"Santa Rita","rua":"Vitorio Demarche"}},
{"type":"Feature","geometry":{"type":"Point","coordinates":[-48.90341,-27.08363]},"properties":{"cota":8.14,"ano":2011,"bairro":"Santa Rita","rua":"Vitorio Demarche"}},
{"type":"Feature","geometry":{"type":"Point","coordinates":[-48.90402,-27.08364]},"properties":{"cota":8.61,"ano":2011,"bairro":"Santa Rita","rua":"Vitorio Demarche"}},
{"type":"Feature","geometry":{"type":"Point","coordinates":[-48.92208,-27.08357]},"properties":{"cota":11.48,"ano":2011,"bairro":"SÒo Pedro","rua":"Augusto Imhof"}},
{"type":"Feature","geometry":{"type":"Point","coordinates":[-48.89868,-27.08365]},"properties":{"cota":11.51,"ano":2011,"bairro":"Santa Rita","rua":"Oto Muller"}},
{"type":"Feature","geometry":{"type":"Point","coordinates":[-48.92412,-27.08357]},"properties":{"cota":15.12,"ano":2011,"bairro":"SÒo Pedro","rua":"Francisco Schlindwein"}},
{"type":"Feature","geometry":{"type":"Point","coordinates":[-48.91202,-27.08357]},"properties":{"cota":9.36,"ano":2011,"bairro":"SÒo Luiz","rua":"Otto Renaux"}},
{"type":"Feature","geometry":{"type":"Point","coordinates":[-48.92081,-27.08361]},"properties":{"cota":14.84,"ano":2011,"bairro":"SÒo Pedro","rua":"Helio Imhof"}},
{"type":"Feature","geometry":{"type":"Point","coordinates":[-48.90723,-27.08359]},"properties":{"cota":10.62,"ano":2011,"bairro":"Santa Rita","rua":"Vitorio Demarche"}},
{"type":"Feature","geometry":{"type":"Point","coordinates":[-48.90687,-27.08359]},"properties":{"cota":10.34,"ano":2011,"bairro":"Santa Rita","rua":"Vitorio Demarche"}},
{"type":"Feature","geometry":{"type":"Point","coordinates":[-48.91708,-27.08356]},"properties":{"cota":12.38,"ano":2011,"bairro":"SÒo Luiz","rua":"Antonio Imhof"}},
{"type":"Feature","geometry":{"type":"Point","coordinates":[-48.9062,-27.0836]},"properties":{"cota":9.59,"ano":2011,"bairro":"Santa Rita","rua":"Vitorio Demarche"}},
{"type":"Feature","geometry":{"type":"Point","coordinates":[-48.90546,-27.08357]},"properties":{"cota":9.61,"ano":2011,"bairro":"Santa Rita","rua":"Vitorio Demarche"}},
{"type":"Feature","geometry":{"type":"Point","coordinates":[-48.90282,-27.08353]},"properties":{"cota":7.95,"ano":2011,"bairro":"Santa Rita","rua":"Vitorio Demarche"}},
{"type":"Feature","geometry":{"type":"Point","coordinates":[-48.91577,-27.08345]},"properties":{"cota":10.12,"ano":2011,"bairro":"SÒo Luiz","rua":"Sao Pedro"}},
{"type":"Feature","geometry":{"type":"Point","coordinates":[-48.92252,-27.08337]},"properties":{"cota":11.83,"ano":2011,"bairro":"SÒo Pedro","rua":"SP 044"}},
{"type":"Feature","geometry":{"type":"Point","coordinates":[-48.92123,-27.08344]},"properties":{"cota":12.69,"ano":2011,"bairro":"SÒo Pedro","rua":"Construtor Arnoldo Imhof"}},
{"type":"Feature","geometry":{"type":"Point","coordinates":[-48.92469,-27.08337]},"properties":{"cota":13.7,"ano":2011,"bairro":"SÒo Pedro","rua":"Pedro Schilindwein"}},
{"type":"Feature","geometry":{"type":"Point","coordinates":[-48.91888,-27.08341]},"properties":{"cota":10.3,"ano":2011,"bairro":"SÒo Luiz","rua":"Sao Leopoldo"}},
{"type":"Feature","geometry":{"type":"Point","coordinates":[-48.90216,-27.08334]},"properties":{"cota":8.54,"ano":2011,"bairro":"Santa Rita","rua":"Sete de Setembro"}},
{"type":"Feature","geometry":{"type":"Point","coordinates":[-48.91391,-27.08333]},"properties":{"cota":10.33,"ano":2011,"bairro":"SÒo Luiz","rua":"Carlos Henrique Bruns"}},
{"type":"Feature","geometry":{"type":"Point","coordinates":[-48.90628,-27.08322]},"properties":{"cota":9.27,"ano":2011,"bairro":"Santa Rita","rua":"Coelho Neto"}},
{"type":"Feature","geometry":{"type":"Point","coordinates":[-48.89821,-27.08319]},"properties":{"cota":10.64,"ano":2011,"bairro":"Santa Rita","rua":"Luis Bruns"}},
{"type":"Feature","geometry":{"type":"Point","coordinates":[-48.9165,-27.08319]},"properties":{"cota":10.27,"ano":2011,"bairro":"SÒo Luiz","rua":"Xavier Imhof"}},
{"type":"Feature","geometry":{"type":"Point","coordinates":[-48.92324,-27.0831]},"properties":{"cota":12.93,"ano":2011,"bairro":"SÒo Pedro","rua":"Rodolfo Habitzreuter"}},
{"type":"Feature","geometry":{"type":"Point","coordinates":[-48.92412,-27.08305]},"properties":{"cota":13.42,"ano":2011,"bairro":"SÒo Pedro","rua":"Francisco Schlindwein"}},
{"type":"Feature","geometry":{"type":"Point","coordinates":[-48.91074,-27.0831]},"properties":{"cota":9.44,"ano":2011,"bairro":"SÒo Luiz","rua":"Antonio Mafezzolli"}},
{"type":"Feature","geometry":{"type":"Point","coordinates":[-48.90139,-27.08315]},"properties":{"cota":8.31,"ano":2011,"bairro":"Santa Rita","rua":"Camboriu"}},
{"type":"Feature","geometry":{"type":"Point","coordinates":[-48.91198,-27.08303]},"properties":{"cota":9.11,"ano":2011,"bairro":"SÒo Luiz","rua":"Otto Renaux"}},
{"type":"Feature","geometry":{"type":"Point","coordinates":[-48.9221,-27.08305]},"properties":{"cota":12.86,"ano":2011,"bairro":"SÒo Pedro","rua":"Augusto Imhof"}},
{"type":"Feature","geometry":{"type":"Point","coordinates":[-48.90175,-27.08306]},"properties":{"cota":8.22,"ano":2011,"bairro":"Santa Rita","rua":"Antonio Weber"}},
{"type":"Feature","geometry":{"type":"Point","coordinates":[-48.92364,-27.08302]},"properties":{"cota":13.46,"ano":2011,"bairro":"SÒo Pedro","rua":"Sao Leopoldo"}},
{"type":"Feature","geometry":{"type":"Point","coordinates":[-48.91259,-27.08304]},"properties":{"cota":9.28,"ano":2011,"bairro":"SÒo Luiz","rua":"Antonio Mafezzolli"}},
{"type":"Feature","geometry":{"type":"Point","coordinates":[-48.9217,-27.083]},"properties":{"cota":14.31,"ano":2011,"bairro":"SÒo Pedro","rua":"Constantine Zen"}},
{"type":"Feature","geometry":{"type":"Point","coordinates":[-48.91605,-27.083]},"properties":{"cota":9.42,"ano":2011,"bairro":"SÒo Luiz","rua":"Sao Pedro"}},
{"type":"Feature","geometry":{"type":"Point","coordinates":[-48.91794,-27.08303]},"properties":{"cota":9.11,"ano":2011,"bairro":"SÒo Luiz","rua":"Antonio Imhof"}},
{"type":"Feature","geometry":{"type":"Point","coordinates":[-48.91312,-27.08296]},"properties":{"cota":9.84,"ano":2011,"bairro":"SÒo Luiz","rua":"Antonio Mafezzolli"}},
{"type":"Feature","geometry":{"type":"Point","coordinates":[-48.90793,-27.08297]},"properties":{"cota":5.35,"ano":2011,"bairro":"Santa Rita","rua":"Beira Rio"}},
{"type":"Feature","geometry":{"type":"Point","coordinates":[-48.90297,-27.0829]},"properties":{"cota":9.09,"ano":2011,"bairro":"Santa Rita","rua":"Antonio Weber"}},
{"type":"Feature","geometry":{"type":"Point","coordinates":[-48.9062,-27.08289]},"properties":{"cota":9.4,"ano":2011,"bairro":"Santa Rita","rua":"Antonio Weber"}},
{"type":"Feature","geometry":{"type":"Point","coordinates":[-48.90395,-27.08291]},"properties":{"cota":8.45,"ano":2011,"bairro":"Santa Rita","rua":"Antonio Weber"}},
{"type":"Feature","geometry":{"type":"Point","coordinates":[-48.90496,-27.08293]},"properties":{"cota":8.82,"ano":2011,"bairro":"Santa Rita","rua":"Antonio Weber"}},
{"type":"Feature","geometry":{"type":"Point","coordinates":[-48.90226,-27.08289]},"properties":{"cota":9,"ano":2011,"bairro":"Santa Rita","rua":"Antonio Weber"}},
{"type":"Feature","geometry":{"type":"Point","coordinates":[-48.92459,-27.0828]},"properties":{"cota":13.08,"ano":2011,"bairro":"SÒo Pedro","rua":"Pedro Schilindwein"}},
{"type":"Feature","geometry":{"type":"Point","coordinates":[-48.89873,-27.08293]},"properties":{"cota":9.6,"ano":2011,"bairro":"Santa Rita","rua":"Oto Muller"}},
{"type":"Feature","geometry":{"type":"Point","coordinates":[-48.90086,-27.08287]},"properties":{"cota":8.28,"ano":2011,"bairro":"Santa Rita","rua":"Sete de Setembro"}},
{"type":"Feature","geometry":{"type":"Point","coordinates":[-48.91858,-27.08268]},"properties":{"cota":10.11,"ano":2011,"bairro":"SÒo Luiz","rua":"Sao Leopoldo"}},
{"type":"Feature","geometry":{"type":"Point","coordinates":[-48.89789,-27.08273]},"properties":{"cota":12.37,"ano":2011,"bairro":"Santa Rita","rua":"Teceloes de Lodz"}},
{"type":"Feature","geometry":{"type":"Point","coordinates":[-48.89814,-27.08265]},"properties":{"cota":9.12,"ano":2011,"bairro":"Santa Rita","rua":"Teceloes de Lodz"}},
{"type":"Feature","geometry":{"type":"Point","coordinates":[-48.91444,-27.08262]},"properties":{"cota":10.52,"ano":2011,"bairro":"SÒo Luiz","rua":"Carlos Henrique Bruns"}},
{"type":"Feature","geometry":{"type":"Point","coordinates":[-48.90709,-27.08251]},"properties":{"cota":11.19,"ano":2011,"bairro":"Santa Rita","rua":"Vitor Meireles"}},
{"type":"Feature","geometry":{"type":"Point","coordinates":[-48.90524,-27.08257]},"properties":{"cota":9.15,"ano":2011,"bairro":"Santa Rita","rua":"Vitor Meireles"}},
{"type":"Feature","geometry":{"type":"Point","coordinates":[-48.9007,-27.08259]},"properties":{"cota":8.13,"ano":2011,"bairro":"Santa Rita","rua":"Vitor Meireles"}},
{"type":"Feature","geometry":{"type":"Point","coordinates":[-48.9021,-27.08252]},"properties":{"cota":8.26,"ano":2011,"bairro":"Santa Rita","rua":"Vitor Meireles"}},
{"type":"Feature","geometry":{"type":"Point","coordinates":[-48.90142,-27.08251]},"properties":{"cota":8.06,"ano":2011,"bairro":"Santa Rita","rua":"Vitor Meireles"}},
{"type":"Feature","geometry":{"type":"Point","coordinates":[-48.90617,-27.08249]},"properties":{"cota":9.63,"ano":2011,"bairro":"Santa Rita","rua":"Vitor Meireles"}},
{"type":"Feature","geometry":{"type":"Point","coordinates":[-48.89586,-27.08252]},"properties":{"cota":15.51,"ano":2011,"bairro":"Santa Rita","rua":"Osvaldo Niebuhr"}},
{"type":"Feature","geometry":{"type":"Point","coordinates":[-48.92515,-27.08248]},"properties":{"cota":14.05,"ano":2011,"bairro":"SÒo Pedro","rua":"Sao Leopoldo"}},
{"type":"Feature","geometry":{"type":"Point","coordinates":[-48.91266,-27.0825]},"properties":{"cota":8.91,"ano":2011,"bairro":"SÒo Luiz","rua":"Anita Garibaldi"}},
{"type":"Feature","geometry":{"type":"Point","coordinates":[-48.90358,-27.08246]},"properties":{"cota":8.15,"ano":2011,"bairro":"Santa Rita","rua":"Vitor Meireles"}},
{"type":"Feature","geometry":{"type":"Point","coordinates":[-48.90267,-27.08244]},"properties":{"cota":8.33,"ano":2011,"bairro":"Santa Rita","rua":"Pomerode"}},
{"type":"Feature","geometry":{"type":"Point","coordinates":[-48.90924,-27.08245]},"properties":{"cota":8.86,"ano":2011,"bairro":"SÒo Luiz","rua":"Joao Becker"}},
{"type":"Feature","geometry":{"type":"Point","coordinates":[-48.90319,-27.08245]},"properties":{"cota":8.07,"ano":2011,"bairro":"Santa Rita","rua":"SR-011"}},
{"type":"Feature","geometry":{"type":"Point","coordinates":[-48.90441,-27.08247]},"properties":{"cota":8.48,"ano":2011,"bairro":"Santa Rita","rua":"Pomerode"}},
{"type":"Feature","geometry":{"type":"Point","coordinates":[-48.89664,-27.08244]},"properties":{"cota":9.13,"ano":2011,"bairro":"Santa Rita","rua":"Osvaldo Niebuhr"}},
{"type":"Feature","geometry":{"type":"Point","coordinates":[-48.89608,-27.08243]},"properties":{"cota":12.9,"ano":2011,"bairro":"Santa Rita","rua":"Osvaldo Niebuhr"}},
{"type":"Feature","geometry":{"type":"Point","coordinates":[-48.92672,-27.08235]},"properties":{"cota":14.82,"ano":2011,"bairro":"SÒo Pedro","rua":"Sao Leopoldo"}},
{"type":"Feature","geometry":{"type":"Point","coordinates":[-48.91053,-27.08238]},"properties":{"cota":8.87,"ano":2011,"bairro":"SÒo Luiz","rua":"Joao Becker"}},
{"type":"Feature","geometry":{"type":"Point","coordinates":[-48.90025,-27.08232]},"properties":{"cota":9.22,"ano":2011,"bairro":"Santa Rita","rua":"Joao Lucio Torrezani"}},
{"type":"Feature","geometry":{"type":"Point","coordinates":[-48.89846,-27.08238]},"properties":{"cota":8.86,"ano":2011,"bairro":"Santa Rita","rua":"Oto Muller"}},
{"type":"Feature","geometry":{"type":"Point","coordinates":[-48.91685,-27.08229]},"properties":{"cota":8.82,"ano":2011,"bairro":"SÒo Luiz","rua":"Antonio Imhof"}},
{"type":"Feature","geometry":{"type":"Point","coordinates":[-48.9119,-27.08231]},"properties":{"cota":9.3,"ano":2011,"bairro":"SÒo Luiz","rua":"Joao Becker"}},
{"type":"Feature","geometry":{"type":"Point","coordinates":[-48.92589,-27.08226]},"properties":{"cota":14.91,"ano":2011,"bairro":"SÒo Pedro","rua":"Sao Leopoldo"}},
{"type":"Feature","geometry":{"type":"Point","coordinates":[-48.91651,-27.08229]},"properties":{"cota":9.18,"ano":2011,"bairro":"SÒo Luiz","rua":"Pref Rodolfo Gerlack"}},
{"type":"Feature","geometry":{"type":"Point","coordinates":[-48.90783,-27.08207]},"properties":{"cota":5.49,"ano":2011,"bairro":"Santa Rita","rua":"Beira Rio"}},
{"type":"Feature","geometry":{"type":"Point","coordinates":[-48.91832,-27.08204]},"properties":{"cota":9.73,"ano":2011,"bairro":"SÒo Luiz","rua":"Sao Leopoldo"}},
{"type":"Feature","geometry":{"type":"Point","coordinates":[-48.92781,-27.082]},"properties":{"cota":14.83,"ano":2011,"bairro":"SÒo Pedro","rua":"Medeiros"}},
{"type":"Feature","geometry":{"type":"Point","coordinates":[-48.91251,-27.08196]},"properties":{"cota":8.16,"ano":2011,"bairro":"SÒo Luiz","rua":"Anita Garibaldi"}},
{"type":"Feature","geometry":{"type":"Point","coordinates":[-48.90355,-27.08191]},"properties":{"cota":9.01,"ano":2011,"bairro":"Santa Rita","rua":"SR-010"}},
{"type":"Feature","geometry":{"type":"Point","coordinates":[-48.898,-27.08192]},"properties":{"cota":9.11,"ano":2011,"bairro":"Santa Rita","rua":"Osvaldo Niebuhr"}},
{"type":"Feature","geometry":{"type":"Point","coordinates":[-48.91709,-27.08184]},"properties":{"cota":9.09,"ano":2011,"bairro":"SÒo Luiz","rua":"Padre Gracher"}},
{"type":"Feature","geometry":{"type":"Point","coordinates":[-48.90094,-27.08188]},"properties":{"cota":8.84,"ano":2011,"bairro":"Santa Rita","rua":"Joao Lucio Torrezani"}},
{"type":"Feature","geometry":{"type":"Point","coordinates":[-48.92901,-27.08175]},"properties":{"cota":15.25,"ano":2011,"bairro":"SÒo Pedro","rua":"Sao Leopoldo"}},
{"type":"Feature","geometry":{"type":"Point","coordinates":[-48.90323,-27.08182]},"properties":{"cota":9.43,"ano":2011,"bairro":"Santa Rita","rua":"SR-011"}},
{"type":"Feature","geometry":{"type":"Point","coordinates":[-48.91506,-27.08172]},"properties":{"cota":9.61,"ano":2011,"bairro":"SÒo Luiz","rua":"Adolfo Bruns"}},
{"type":"Feature","geometry":{"type":"Point","coordinates":[-48.89926,-27.08167]},"properties":{"cota":9.68,"ano":2011,"bairro":"Santa Rita","rua":"Teceloes de Lodz"}},
{"type":"Feature","geometry":{"type":"Point","coordinates":[-48.90204,-27.08162]},"properties":{"cota":9.32,"ano":2011,"bairro":"Santa Rita","rua":"Paulo VI"}},
{"type":"Feature","geometry":{"type":"Point","coordinates":[-48.90141,-27.08161]},"properties":{"cota":8.59,"ano":2011,"bairro":"Santa Rita","rua":"SR-14"}},
{"type":"Feature","geometry":{"type":"Point","coordinates":[-48.89595,-27.08153]},"properties":{"cota":8.85,"ano":2011,"bairro":"Santa Rita","rua":"Emilio Niebuhr"}},
{"type":"Feature","geometry":{"type":"Point","coordinates":[-48.91616,-27.08156]},"properties":{"cota":8.96,"ano":2011,"bairro":"SÒo Luiz","rua":"Pref Rodolfo Gerlack"}},
{"type":"Feature","geometry":{"type":"Point","coordinates":[-48.9123,-27.0815]},"properties":{"cota":8.24,"ano":2011,"bairro":"SÒo Luiz","rua":"Alfredo Weber"}},
{"type":"Feature","geometry":{"type":"Point","coordinates":[-48.90386,-27.08147]},"properties":{"cota":9.43,"ano":2011,"bairro":"Santa Rita","rua":"SR-18"}},
{"type":"Feature","geometry":{"type":"Point","coordinates":[-48.89759,-27.08146]},"properties":{"cota":8.71,"ano":2011,"bairro":"Santa Rita","rua":"Emilio Niebuhr"}},
{"type":"Feature","geometry":{"type":"Point","coordinates":[-48.91766,-27.0814]},"properties":{"cota":8.9,"ano":2011,"bairro":"SÒo Luiz","rua":"Paulo Bauer"}},
{"type":"Feature","geometry":{"type":"Point","coordinates":[-48.90443,-27.08139]},"properties":{"cota":9.08,"ano":2011,"bairro":"Santa Rita","rua":"Pomerode"}},
{"type":"Feature","geometry":{"type":"Point","coordinates":[-48.90191,-27.08144]},"properties":{"cota":9.51,"ano":2011,"bairro":"Santa Rita","rua":"Joao Lucio Torrezani"}},
{"type":"Feature","geometry":{"type":"Point","coordinates":[-48.89909,-27.08147]},"properties":{"cota":9.57,"ano":2011,"bairro":"Santa Rita","rua":"Maria Raulino Coelho"}},
{"type":"Feature","geometry":{"type":"Point","coordinates":[-48.91803,-27.08132]},"properties":{"cota":9.18,"ano":2011,"bairro":"SÒo Pedro","rua":"Sao Leopoldo"}},
{"type":"Feature","geometry":{"type":"Point","coordinates":[-48.91306,-27.08133]},"properties":{"cota":8.14,"ano":2011,"bairro":"SÒo Luiz","rua":"Alfredo Weber"}},
{"type":"Feature","geometry":{"type":"Point","coordinates":[-48.91782,-27.08131]},"properties":{"cota":9.09,"ano":2011,"bairro":"SÒo Luiz","rua":"Sao Leopoldo"}},
{"type":"Feature","geometry":{"type":"Point","coordinates":[-48.89886,-27.0813]},"properties":{"cota":9.52,"ano":2011,"bairro":"Santa Rita","rua":"Osvaldo Niebuhr"}},
{"type":"Feature","geometry":{"type":"Point","coordinates":[-48.91529,-27.08128]},"properties":{"cota":9.19,"ano":2011,"bairro":"SÒo Luiz","rua":"Germano Ullrich"}},
{"type":"Feature","geometry":{"type":"Point","coordinates":[-48.90761,-27.08125]},"properties":{"cota":5.61,"ano":2011,"bairro":"Santa Rita","rua":"Beira Rio"}},
{"type":"Feature","geometry":{"type":"Point","coordinates":[-48.90623,-27.08114]},"properties":{"cota":9.15,"ano":2011,"bairro":"Santa Rita","rua":"Coelho Neto"}},
{"type":"Feature","geometry":{"type":"Point","coordinates":[-48.91673,-27.08112]},"properties":{"cota":8.48,"ano":2011,"bairro":"SÒo Luiz","rua":"Padre Gracher"}},
{"type":"Feature","geometry":{"type":"Point","coordinates":[-48.92776,-27.08101]},"properties":{"cota":15.22,"ano":2011,"bairro":"SÒo Pedro","rua":"Medeiros"}},
{"type":"Feature","geometry":{"type":"Point","coordinates":[-48.91549,-27.08101]},"properties":{"cota":8.32,"ano":2011,"bairro":"SÒo Luiz","rua":"Carlos Henrique Bruns"}},
{"type":"Feature","geometry":{"type":"Point","coordinates":[-48.91463,-27.081]},"properties":{"cota":9.04,"ano":2011,"bairro":"SÒo Luiz","rua":"Germano Ullrich"}},
{"type":"Feature","geometry":{"type":"Point","coordinates":[-48.91183,-27.08095]},"properties":{"cota":8.96,"ano":2011,"bairro":"SÒo Luiz","rua":"Blumenau"}},
{"type":"Feature","geometry":{"type":"Point","coordinates":[-48.89842,-27.08084]},"properties":{"cota":9.3,"ano":2011,"bairro":"Santa Rita","rua":"Emilio Niebuhr"}},
{"type":"Feature","geometry":{"type":"Point","coordinates":[-48.90268,-27.08082]},"properties":{"cota":8.69,"ano":2011,"bairro":"Santa Rita","rua":"Pomerode"}},
{"type":"Feature","geometry":{"type":"Point","coordinates":[-48.89978,-27.08077]},"properties":{"cota":10.47,"ano":2011,"bairro":"Santa Rita","rua":"SR-16"}},
{"type":"Feature","geometry":{"type":"Point","coordinates":[-48.9181,-27.08078]},"properties":{"cota":10.24,"ano":2011,"bairro":"SÒo Luiz","rua":"Sao Pedro"}},
{"type":"Feature","geometry":{"type":"Point","coordinates":[-48.90166,-27.0808]},"properties":{"cota":8.18,"ano":2011,"bairro":"Santa Rita","rua":"Paulo VI"}},
{"type":"Feature","geometry":{"type":"Point","coordinates":[-48.90388,-27.08075]},"properties":{"cota":9.2,"ano":2011,"bairro":"Santa Rita","rua":"SR-18"}},
{"type":"Feature","geometry":{"type":"Point","coordinates":[-48.91733,-27.08077]},"properties":{"cota":8.3,"ano":2011,"bairro":"SÒo Luiz","rua":"Paulo Bauer"}},
{"type":"Feature","geometry":{"type":"Point","coordinates":[-48.90434,-27.08075]},"properties":{"cota":9.2,"ano":2011,"bairro":"Santa Rita","rua":"Pomerode"}},
{"type":"Feature","geometry":{"type":"Point","coordinates":[-48.91579,-27.08074]},"properties":{"cota":8.15,"ano":2011,"bairro":"SÒo Luiz","rua":"Pref Rodolfo Gerlack"}},
{"type":"Feature","geometry":{"type":"Point","coordinates":[-48.8951,-27.08052]},"properties":{"cota":10.03,"ano":2011,"bairro":"Santa Terezinha","rua":"Felix Costa"}},
{"type":"Feature","geometry":{"type":"Point","coordinates":[-48.90627,-27.08051]},"properties":{"cota":5.64,"ano":2011,"bairro":"Santa Rita","rua":"Coelho Neto"}},
{"type":"Feature","geometry":{"type":"Point","coordinates":[-48.89562,-27.08053]},"properties":{"cota":9.97,"ano":2011,"bairro":"Santa Terezinha","rua":"Melchior Schlindwein"}},
{"type":"Feature","geometry":{"type":"Point","coordinates":[-48.89419,-27.08047]},"properties":{"cota":10.95,"ano":2011,"bairro":"Santa Terezinha","rua":"Melchior Schlindwein"}},
{"type":"Feature","geometry":{"type":"Point","coordinates":[-48.89945,-27.08048]},"properties":{"cota":10.58,"ano":2011,"bairro":"Santa Rita","rua":"SR-17"}},
{"type":"Feature","geometry":{"type":"Point","coordinates":[-48.91142,-27.08041]},"properties":{"cota":9.03,"ano":2011,"bairro":"SÒo Luiz","rua":"Blumenau"}},
{"type":"Feature","geometry":{"type":"Point","coordinates":[-48.90138,-27.08035]},"properties":{"cota":10.08,"ano":2011,"bairro":"Santa Rita","rua":"Paulo VI"}},
{"type":"Feature","geometry":{"type":"Point","coordinates":[-48.89368,-27.08046]},"properties":{"cota":14.2,"ano":2011,"bairro":"Santa Terezinha","rua":"Melchior Schlindwein"}},
{"type":"Feature","geometry":{"type":"Point","coordinates":[-48.90442,-27.0803]},"properties":{"cota":9.04,"ano":2011,"bairro":"Santa Rita","rua":"Pomerode"}},
{"type":"Feature","geometry":{"type":"Point","coordinates":[-48.90572,-27.08023]},"properties":{"cota":5.32,"ano":2011,"bairro":"Santa Rita","rua":"Beira Rio"}},
{"type":"Feature","geometry":{"type":"Point","coordinates":[-48.9162,-27.0801]},"properties":{"cota":7.95,"ano":2011,"bairro":"SÒo Luiz","rua":"Padre Gracher"}},
{"type":"Feature","geometry":{"type":"Point","coordinates":[-48.91703,-27.08013]},"properties":{"cota":8.48,"ano":2011,"bairro":"SÒo Luiz","rua":"Paulo Bauer"}},
{"type":"Feature","geometry":{"type":"Point","coordinates":[-48.89993,-27.07996]},"properties":{"cota":10.54,"ano":2011,"bairro":"Santa Rita","rua":"SR-17"}},
{"type":"Feature","geometry":{"type":"Point","coordinates":[-48.89747,-27.08002]},"properties":{"cota":9.24,"ano":2011,"bairro":"Santa Terezinha","rua":"Sete de Setembro"}},
{"type":"Feature","geometry":{"type":"Point","coordinates":[-48.91798,-27.07987]},"properties":{"cota":11.48,"ano":2011,"bairro":"SÒo Luiz","rua":"Sao Pedro"}},
{"type":"Feature","geometry":{"type":"Point","coordinates":[-48.91041,-27.07985]},"properties":{"cota":9.72,"ano":2011,"bairro":"SÒo Luiz","rua":"Oto Heckert"}},
{"type":"Feature","geometry":{"type":"Point","coordinates":[-48.89894,-27.07977]},"properties":{"cota":10.67,"ano":2011,"bairro":"Santa Terezinha","rua":"SR-16"}},
{"type":"Feature","geometry":{"type":"Point","coordinates":[-48.89599,-27.07982]},"properties":{"cota":9.52,"ano":2011,"bairro":"Santa Terezinha","rua":"Melchior Schlindwein"}},
{"type":"Feature","geometry":{"type":"Point","coordinates":[-48.89566,-27.07981]},"properties":{"cota":9.75,"ano":2011,"bairro":"Santa Terezinha","rua":"Jose Heckert"}},
{"type":"Feature","geometry":{"type":"Point","coordinates":[-48.89528,-27.07981]},"properties":{"cota":9.33,"ano":2011,"bairro":"Santa Terezinha","rua":"Jose Heckert"}},
{"type":"Feature","geometry":{"type":"Point","coordinates":[-48.90446,-27.07976]},"properties":{"cota":5.07,"ano":2011,"bairro":"Santa Rita","rua":"Beira Rio"}},
{"type":"Feature","geometry":{"type":"Point","coordinates":[-48.89445,-27.07979]},"properties":{"cota":11.57,"ano":2011,"bairro":"Santa Terezinha","rua":"Jose Heckert"}},
{"type":"Feature","geometry":{"type":"Point","coordinates":[-48.89675,-27.07974]},"properties":{"cota":9.4,"ano":2011,"bairro":"Santa Terezinha","rua":"Sete de Setembro"}},
{"type":"Feature","geometry":{"type":"Point","coordinates":[-48.90901,-27.07965]},"properties":{"cota":12.09,"ano":2011,"bairro":"SÒo Luiz","rua":"Blumenau"}},
{"type":"Feature","geometry":{"type":"Point","coordinates":[-48.9163,-27.07967]},"properties":{"cota":7.62,"ano":2011,"bairro":"SÒo Luiz","rua":"Padre Gracher"}},
{"type":"Feature","geometry":{"type":"Point","coordinates":[-48.90088,-27.07962]},"properties":{"cota":10.28,"ano":2011,"bairro":"Santa Rita","rua":"Maria Raulino Coelho"}},
{"type":"Feature","geometry":{"type":"Point","coordinates":[-48.8918,-27.07965]},"properties":{"cota":16.07,"ano":2011,"bairro":"Santa Terezinha","rua":"Jose Heckert"}},
{"type":"Feature","geometry":{"type":"Point","coordinates":[-48.89248,-27.07967]},"properties":{"cota":13.01,"ano":2011,"bairro":"Santa Terezinha","rua":"Jose Heckert"}},
{"type":"Feature","geometry":{"type":"Point","coordinates":[-48.89584,-27.07954]},"properties":{"cota":9.1,"ano":2011,"bairro":"Santa Terezinha","rua":"Jose Heckert"}},
{"type":"Feature","geometry":{"type":"Point","coordinates":[-48.90047,-27.07945]},"properties":{"cota":10.73,"ano":2011,"bairro":"Santa Rita","rua":"SR-16"}},
{"type":"Feature","geometry":{"type":"Point","coordinates":[-48.89606,-27.07955]},"properties":{"cota":9.18,"ano":2011,"bairro":"Santa Terezinha","rua":"Santos Dumont"}},
{"type":"Feature","geometry":{"type":"Point","coordinates":[-48.91662,-27.07949]},"properties":{"cota":8.23,"ano":2011,"bairro":"SÒo Luiz","rua":"Padre Gracher"}},
{"type":"Feature","geometry":{"type":"Point","coordinates":[-48.90312,-27.07938]},"properties":{"cota":5.24,"ano":2011,"bairro":"Santa Rita","rua":"Beira Rio"}},
{"type":"Feature","geometry":{"type":"Point","coordinates":[-48.89528,-27.0793]},"properties":{"cota":9.11,"ano":2011,"bairro":"Santa Terezinha","rua":"Santos Dumont"}},
{"type":"Feature","geometry":{"type":"Point","coordinates":[-48.89499,-27.0792]},"properties":{"cota":9.5,"ano":2011,"bairro":"Santa Terezinha","rua":"Jacob Knihs"}},
{"type":"Feature","geometry":{"type":"Point","coordinates":[-48.9108,-27.07913]},"properties":{"cota":8.96,"ano":2011,"bairro":"SÒo Luiz","rua":"Oto Heckert"}},
{"type":"Feature","geometry":{"type":"Point","coordinates":[-48.89188,-27.07912]},"properties":{"cota":16.2,"ano":2011,"bairro":"Santa Terezinha","rua":"Jacob Knihs"}},
{"type":"Feature","geometry":{"type":"Point","coordinates":[-48.89215,-27.07913]},"properties":{"cota":14.3,"ano":2011,"bairro":"Santa Terezinha","rua":"Jacob Knihs"}},
{"type":"Feature","geometry":{"type":"Point","coordinates":[-48.89236,-27.07913]},"properties":{"cota":11.06,"ano":2011,"bairro":"Santa Terezinha","rua":"Jacob Knihs"}},
{"type":"Feature","geometry":{"type":"Point","coordinates":[-48.90807,-27.07909]},"properties":{"cota":11.98,"ano":2011,"bairro":"SÒo Luiz","rua":"Blumenau"}},
{"type":"Feature","geometry":{"type":"Point","coordinates":[-48.89339,-27.07914]},"properties":{"cota":8.68,"ano":2011,"bairro":"Santa Terezinha","rua":"Jacob Knihs"}},
{"type":"Feature","geometry":{"type":"Point","coordinates":[-48.893,-27.07914]},"properties":{"cota":8.95,"ano":2011,"bairro":"Santa Terezinha","rua":"Jacob Knihs"}},
{"type":"Feature","geometry":{"type":"Point","coordinates":[-48.90158,-27.079]},"properties":{"cota":5.15,"ano":2011,"bairro":"Santa Rita","rua":"Beira Rio"}},
{"type":"Feature","geometry":{"type":"Point","coordinates":[-48.91274,-27.07898]},"properties":{"cota":13.7,"ano":2011,"bairro":"SÒo Luiz","rua":"SZ 014"}},
{"type":"Feature","geometry":{"type":"Point","coordinates":[-48.89456,-27.07896]},"properties":{"cota":9.4,"ano":2011,"bairro":"Santa Terezinha","rua":"Luiz Alves"}},
{"type":"Feature","geometry":{"type":"Point","coordinates":[-48.91767,-27.07878]},"properties":{"cota":10.09,"ano":2011,"bairro":"SÒo Luiz","rua":"Sao Pedro"}},
{"type":"Feature","geometry":{"type":"Point","coordinates":[-48.89648,-27.07874]},"properties":{"cota":9.53,"ano":2011,"bairro":"Santa Terezinha","rua":"Luiz Alves"}},
{"type":"Feature","geometry":{"type":"Point","coordinates":[-48.91352,-27.07872]},"properties":{"cota":10.19,"ano":2011,"bairro":"SÒo Luiz","rua":"SZ 014"}},
{"type":"Feature","geometry":{"type":"Point","coordinates":[-48.89548,-27.07873]},"properties":{"cota":9.71,"ano":2011,"bairro":"Santa Terezinha","rua":"Luiz Alves"}},
{"type":"Feature","geometry":{"type":"Point","coordinates":[-48.90774,-27.07867]},"properties":{"cota":9.84,"ano":2011,"bairro":"SÒo Luiz","rua":"Blumenau"}},
{"type":"Feature","geometry":{"type":"Point","coordinates":[-48.91635,-27.07877]},"properties":{"cota":8.19,"ano":2011,"bairro":"SÒo Luiz","rua":"Paulo Bauer"}},
{"type":"Feature","geometry":{"type":"Point","coordinates":[-48.86217,-27.07867]},"properties":{"cota":16.36,"ano":2011,"bairro":"Limeira Baixa","rua":"Alberto Muller"}},
{"type":"Feature","geometry":{"type":"Point","coordinates":[-48.89399,-27.07861]},"properties":{"cota":9.84,"ano":2011,"bairro":"Santa Terezinha","rua":"Santos Dumont"}},
{"type":"Feature","geometry":{"type":"Point","coordinates":[-48.91413,-27.07864]},"properties":{"cota":8.78,"ano":2011,"bairro":"SÒo Luiz","rua":"SZ 014"}},
{"type":"Feature","geometry":{"type":"Point","coordinates":[-48.912,-27.07861]},"properties":{"cota":13.57,"ano":2011,"bairro":"SÒo Luiz","rua":"Oto Heckert"}},
{"type":"Feature","geometry":{"type":"Point","coordinates":[-48.9127,-27.07862]},"properties":{"cota":16.51,"ano":2011,"bairro":"SÒo Luiz","rua":"Oto Heckert"}},
{"type":"Feature","geometry":{"type":"Point","coordinates":[-48.91126,-27.07851]},"properties":{"cota":9.81,"ano":2011,"bairro":"SÒo Luiz","rua":"Oto Heckert"}},
{"type":"Feature","geometry":{"type":"Point","coordinates":[-48.90667,-27.07853]},"properties":{"cota":8.87,"ano":2011,"bairro":"SÒo Luiz","rua":"Alberto Heckert"}},
{"type":"Feature","geometry":{"type":"Point","coordinates":[-48.90585,-27.07852]},"properties":{"cota":9.57,"ano":2011,"bairro":"SÒo Luiz","rua":"Alberto Heckert"}},
{"type":"Feature","geometry":{"type":"Point","coordinates":[-48.90761,-27.07849]},"properties":{"cota":9.49,"ano":2011,"bairro":"SÒo Luiz","rua":"Alberto Heckert"}},
{"type":"Feature","geometry":{"type":"Point","coordinates":[-48.90247,-27.07847]},"properties":{"cota":10.26,"ano":2011,"bairro":"SÒo Luiz","rua":"Joao Batista Torrezani"}},
{"type":"Feature","geometry":{"type":"Point","coordinates":[-48.92101,-27.07838]},"properties":{"cota":15.85,"ano":2011,"bairro":"SÒo Pedro","rua":"Medeiros"}},
{"type":"Feature","geometry":{"type":"Point","coordinates":[-48.86284,-27.07832]},"properties":{"cota":16.54,"ano":2011,"bairro":"Limeira Baixa","rua":"Alberto Muller"}},
{"type":"Feature","geometry":{"type":"Point","coordinates":[-48.9208,-27.07829]},"properties":{"cota":14.6,"ano":2011,"bairro":"SÒo Pedro","rua":"Medeiros"}},
{"type":"Feature","geometry":{"type":"Point","coordinates":[-48.90153,-27.07818]},"properties":{"cota":11.04,"ano":2011,"bairro":"Steffen","rua":"Flavio Luz"}},
{"type":"Feature","geometry":{"type":"Point","coordinates":[-48.91872,-27.07806]},"properties":{"cota":11.13,"ano":2011,"bairro":"SÒo Pedro","rua":"Medeiros"}},
{"type":"Feature","geometry":{"type":"Point","coordinates":[-48.91753,-27.07808]},"properties":{"cota":8.86,"ano":2011,"bairro":"SÒo Pedro","rua":"Medeiros"}},
{"type":"Feature","geometry":{"type":"Point","coordinates":[-48.92041,-27.07804]},"properties":{"cota":12.11,"ano":2011,"bairro":"SÒo Pedro","rua":"Medeiros"}},
{"type":"Feature","geometry":{"type":"Point","coordinates":[-48.91993,-27.07802]},"properties":{"cota":12.1,"ano":2011,"bairro":"SÒo Pedro","rua":"Medeiros"}},
{"type":"Feature","geometry":{"type":"Point","coordinates":[-48.91893,-27.07805]},"properties":{"cota":11.03,"ano":2011,"bairro":"SÒo Pedro","rua":"Medeiros"}},
{"type":"Feature","geometry":{"type":"Point","coordinates":[-48.89569,-27.0781]},"properties":{"cota":9.76,"ano":2011,"bairro":"Santa Terezinha","rua":"Wendelin Winter"}},
{"type":"Feature","geometry":{"type":"Point","coordinates":[-48.89344,-27.07806]},"properties":{"cota":10.11,"ano":2011,"bairro":"Santa Terezinha","rua":"Wendelin Winter"}},
{"type":"Feature","geometry":{"type":"Point","coordinates":[-48.90413,-27.07804]},"properties":{"cota":9.52,"ano":2011,"bairro":"Steffen","rua":"Joao Batista Torrezani"}},
{"type":"Feature","geometry":{"type":"Point","coordinates":[-48.90258,-27.07802]},"properties":{"cota":9.25,"ano":2011,"bairro":"Steffen","rua":"Flavio Luz"}},
{"type":"Feature","geometry":{"type":"Point","coordinates":[-48.92083,-27.07793]},"properties":{"cota":13.05,"ano":2011,"bairro":"SÒo Pedro","rua":"SP 002"}},
{"type":"Feature","geometry":{"type":"Point","coordinates":[-48.89447,-27.07799]},"properties":{"cota":10.72,"ano":2011,"bairro":"Santa Terezinha","rua":"Marcelino Pereira"}},
{"type":"Feature","geometry":{"type":"Point","coordinates":[-48.86334,-27.07788]},"properties":{"cota":19.09,"ano":2011,"bairro":"Limeira Baixa","rua":"Alberto Muller"}},
{"type":"Feature","geometry":{"type":"Point","coordinates":[-48.90515,-27.07788]},"properties":{"cota":9.41,"ano":2011,"bairro":"SÒo Luiz","rua":"Joao Batista Torrezani"}},
{"type":"Feature","geometry":{"type":"Point","coordinates":[-48.90611,-27.07789]},"properties":{"cota":9.97,"ano":2011,"bairro":"SÒo Luiz","rua":"Joao Batista Torrezani"}},
{"type":"Feature","geometry":{"type":"Point","coordinates":[-48.91646,-27.07786]},"properties":{"cota":8.51,"ano":2011,"bairro":"SÒo Luiz","rua":"Paulo Bauer"}},
{"type":"Feature","geometry":{"type":"Point","coordinates":[-48.9073,-27.07782]},"properties":{"cota":10.24,"ano":2011,"bairro":"Steffen","rua":"Guilherme Wegner"}},
{"type":"Feature","geometry":{"type":"Point","coordinates":[-48.90887,-27.07784]},"properties":{"cota":13.17,"ano":2011,"bairro":"Steffen","rua":"Guilherme Wegner"}},
{"type":"Feature","geometry":{"type":"Point","coordinates":[-48.90826,-27.07783]},"properties":{"cota":10.62,"ano":2011,"bairro":"Steffen","rua":"Guilherme Wegner"}},
{"type":"Feature","geometry":{"type":"Point","coordinates":[-48.89262,-27.07778]},"properties":{"cota":10.12,"ano":2011,"bairro":"Santa Terezinha","rua":"Andreas Pettermann"}},
{"type":"Feature","geometry":{"type":"Point","coordinates":[-48.90961,-27.07785]},"properties":{"cota":16.31,"ano":2011,"bairro":"Steffen","rua":"Guilherme Wegner"}},
{"type":"Feature","geometry":{"type":"Point","coordinates":[-48.91463,-27.07775]},"properties":{"cota":11.9,"ano":2011,"bairro":"SÒo Luiz","rua":"Guilherme Wegner"}},
{"type":"Feature","geometry":{"type":"Point","coordinates":[-48.9152,-27.07776]},"properties":{"cota":10.24,"ano":2011,"bairro":"SÒo Luiz","rua":"Guilherme Wegner"}},
{"type":"Feature","geometry":{"type":"Point","coordinates":[-48.91377,-27.07773]},"properties":{"cota":15.43,"ano":2011,"bairro":"SÒo Luiz","rua":"Guilherme Wegner"}},
{"type":"Feature","geometry":{"type":"Point","coordinates":[-48.90381,-27.07777]},"properties":{"cota":9.26,"ano":2011,"bairro":"Steffen","rua":"Flavio Luz"}},
{"type":"Feature","geometry":{"type":"Point","coordinates":[-48.92094,-27.07775]},"properties":{"cota":16.48,"ano":2011,"bairro":"SÒo Pedro","rua":"SP 002"}},
{"type":"Feature","geometry":{"type":"Point","coordinates":[-48.91732,-27.0777]},"properties":{"cota":8.29,"ano":2011,"bairro":"SÒo Luiz","rua":"Guilherme Wegner"}},
{"type":"Feature","geometry":{"type":"Point","coordinates":[-48.90686,-27.07773]},"properties":{"cota":9.99,"ano":2011,"bairro":"Steffen","rua":"Ivo Silveira"}},
{"type":"Feature","geometry":{"type":"Point","coordinates":[-48.91557,-27.07767]},"properties":{"cota":10.16,"ano":2011,"bairro":"Steffen","rua":"SF 035"}},
{"type":"Feature","geometry":{"type":"Point","coordinates":[-48.89446,-27.07772]},"properties":{"cota":10.22,"ano":2011,"bairro":"Santa Terezinha","rua":"Marcelino Pereira"}},
{"type":"Feature","geometry":{"type":"Point","coordinates":[-48.91008,-27.07783]},"properties":{"cota":15.93,"ano":2011,"bairro":"Steffen","rua":"Ana de Souza"}},
{"type":"Feature","geometry":{"type":"Point","coordinates":[-48.86366,-27.07761]},"properties":{"cota":22.07,"ano":2011,"bairro":"Limeira Baixa","rua":"Alberto Muller"}},
{"type":"Feature","geometry":{"type":"Point","coordinates":[-48.90451,-27.0776]},"properties":{"cota":9.35,"ano":2011,"bairro":"Steffen","rua":"Flavio Luz"}},
{"type":"Feature","geometry":{"type":"Point","coordinates":[-48.90592,-27.07753]},"properties":{"cota":9.73,"ano":2011,"bairro":"Steffen","rua":"Ivo Silveira"}},
{"type":"Feature","geometry":{"type":"Point","coordinates":[-48.90043,-27.07745]},"properties":{"cota":8.77,"ano":2011,"bairro":"Steffen","rua":"Ademar Vicente Knhis"}},
{"type":"Feature","geometry":{"type":"Point","coordinates":[-48.90771,-27.07784]},"properties":{"cota":10.13,"ano":2011,"bairro":"Steffen","rua":"Guilherme Wegner"}},
{"type":"Feature","geometry":{"type":"Point","coordinates":[-48.90562,-27.07745]},"properties":{"cota":9.42,"ano":2011,"bairro":"Steffen","rua":"Flavio Luz"}},
{"type":"Feature","geometry":{"type":"Point","coordinates":[-48.89214,-27.07741]},"properties":{"cota":10.32,"ano":2011,"bairro":"Santa Terezinha","rua":"Santos Dumont"}},
{"type":"Feature","geometry":{"type":"Point","coordinates":[-48.91332,-27.07737]},"properties":{"cota":14.93,"ano":2011,"bairro":"Steffen","rua":"Francisco Pruner Sobrinho"}},
{"type":"Feature","geometry":{"type":"Point","coordinates":[-48.91428,-27.07738]},"properties":{"cota":10.1,"ano":2011,"bairro":"Steffen","rua":"Francisco Pruner Sobrinho"}},
{"type":"Feature","geometry":{"type":"Point","coordinates":[-48.90694,-27.07736]},"properties":{"cota":10.2,"ano":2011,"bairro":"Steffen","rua":"Guilherme Steffen"}},
{"type":"Feature","geometry":{"type":"Point","coordinates":[-48.91508,-27.0773]},"properties":{"cota":8.35,"ano":2011,"bairro":"Steffen","rua":"Francisco Pruner Sobrinho"}},
{"type":"Feature","geometry":{"type":"Point","coordinates":[-48.86389,-27.07726]},"properties":{"cota":21.05,"ano":2011,"bairro":"Limeira Baixa","rua":"Luiz Zen"}},
{"type":"Feature","geometry":{"type":"Point","coordinates":[-48.90411,-27.07723]},"properties":{"cota":9.4,"ano":2011,"bairro":"Steffen","rua":"Ivo Silveira"}},
{"type":"Feature","geometry":{"type":"Point","coordinates":[-48.8636,-27.07716]},"properties":{"cota":18.18,"ano":2011,"bairro":"Limeira Baixa","rua":"Luiz Zen"}},
{"type":"Feature","geometry":{"type":"Point","coordinates":[-48.9173,-27.07715]},"properties":{"cota":8.42,"ano":2011,"bairro":"SÒo Pedro","rua":"Sao Pedro"}},
{"type":"Feature","geometry":{"type":"Point","coordinates":[-48.89449,-27.07718]},"properties":{"cota":9.83,"ano":2011,"bairro":"Santa Terezinha","rua":"Marcelino Pereira"}},
{"type":"Feature","geometry":{"type":"Point","coordinates":[-48.89322,-27.07707]},"properties":{"cota":10.91,"ano":2011,"bairro":"Santa Terezinha","rua":"Marcelino Pereira"}},
{"type":"Feature","geometry":{"type":"Point","coordinates":[-48.89195,-27.07705]},"properties":{"cota":9.47,"ano":2011,"bairro":"Santa Terezinha","rua":"Marcelino Pereira"}},
{"type":"Feature","geometry":{"type":"Point","coordinates":[-48.91016,-27.07696]},"properties":{"cota":12.22,"ano":2011,"bairro":"Steffen","rua":"Zenaide dos Santos de Souza"}},
{"type":"Feature","geometry":{"type":"Point","coordinates":[-48.9107,-27.07697]},"properties":{"cota":15.51,"ano":2011,"bairro":"Steffen","rua":"Zenaide dos Santos de Souza"}},
{"type":"Feature","geometry":{"type":"Point","coordinates":[-48.90108,-27.077]},"properties":{"cota":8.87,"ano":2011,"bairro":"Steffen","rua":"Ademar Vicente Knhis"}},
{"type":"Feature","geometry":{"type":"Point","coordinates":[-48.91271,-27.077]},"properties":{"cota":14.06,"ano":2011,"bairro":"Steffen","rua":"Zenaide dos Santos de Souza"}},
{"type":"Feature","geometry":{"type":"Point","coordinates":[-48.91447,-27.07693]},"properties":{"cota":9.42,"ano":2011,"bairro":"Steffen","rua":"Zenaide dos Santos de Souza"}},
{"type":"Feature","geometry":{"type":"Point","coordinates":[-48.91359,-27.07692]},"properties":{"cota":10.67,"ano":2011,"bairro":"Steffen","rua":"Zenaide dos Santos de Souza"}},
{"type":"Feature","geometry":{"type":"Point","coordinates":[-48.91522,-27.07694]},"properties":{"cota":8.65,"ano":2011,"bairro":"Steffen","rua":"Zenaide dos Santos de Souza"}},
{"type":"Feature","geometry":{"type":"Point","coordinates":[-48.91609,-27.07696]},"properties":{"cota":8.36,"ano":2011,"bairro":"Steffen","rua":"SF 035"}},
{"type":"Feature","geometry":{"type":"Point","coordinates":[-48.86307,-27.07688]},"properties":{"cota":16.44,"ano":2011,"bairro":"Limeira Baixa","rua":"Luiz Zen"}},
{"type":"Feature","geometry":{"type":"Point","coordinates":[-48.8625,-27.07687]},"properties":{"cota":15.49,"ano":2011,"bairro":"Limeira Baixa","rua":"Luiz Zen"}},
{"type":"Feature","geometry":{"type":"Point","coordinates":[-48.90203,-27.07684]},"properties":{"cota":8.93,"ano":2011,"bairro":"Steffen","rua":"Ademar Vicente Knhis"}},
{"type":"Feature","geometry":{"type":"Point","coordinates":[-48.90327,-27.07685]},"properties":{"cota":9.11,"ano":2011,"bairro":"Steffen","rua":"Ivo Silveira"}},
{"type":"Feature","geometry":{"type":"Point","coordinates":[-48.86184,-27.07677]},"properties":{"cota":16.1,"ano":2011,"bairro":"Limeira Baixa","rua":"Luiz Zen"}},
{"type":"Feature","geometry":{"type":"Point","coordinates":[-48.89725,-27.0768]},"properties":{"cota":5.21,"ano":2011,"bairro":"Santa Terezinha","rua":"Beira Rio"}},
{"type":"Feature","geometry":{"type":"Point","coordinates":[-48.88981,-27.07674]},"properties":{"cota":8.65,"ano":2011,"bairro":"Santa Terezinha","rua":"Guilherme Strecker"}},
{"type":"Feature","geometry":{"type":"Point","coordinates":[-48.90653,-27.07672]},"properties":{"cota":14.56,"ano":2011,"bairro":"Steffen","rua":"Guilherme Steffen"}},
{"type":"Feature","geometry":{"type":"Point","coordinates":[-48.89112,-27.0767]},"properties":{"cota":8.68,"ano":2011,"bairro":"Santa Terezinha","rua":"Guilherme Strecker"}},
{"type":"Feature","geometry":{"type":"Point","coordinates":[-48.91629,-27.07669]},"properties":{"cota":8.66,"ano":2011,"bairro":"Steffen","rua":"SF 035"}},
{"type":"Feature","geometry":{"type":"Point","coordinates":[-48.91739,-27.07661]},"properties":{"cota":9.11,"ano":2011,"bairro":"SÒo Pedro","rua":"Sao Pedro"}},
{"type":"Feature","geometry":{"type":"Point","coordinates":[-48.8638,-27.07662]},"properties":{"cota":24.78,"ano":2011,"bairro":"Limeira Baixa","rua":"Alberto Muller"}},
{"type":"Feature","geometry":{"type":"Point","coordinates":[-48.88905,-27.07655]},"properties":{"cota":8.99,"ano":2011,"bairro":"Santa Terezinha","rua":"Francisco Heil"}},
{"type":"Feature","geometry":{"type":"Point","coordinates":[-48.88864,-27.07655]},"properties":{"cota":9.54,"ano":2011,"bairro":"Santa Terezinha","rua":"Bernardino Eusebio Pereira"}},
{"type":"Feature","geometry":{"type":"Point","coordinates":[-48.9101,-27.07651]},"properties":{"cota":12.16,"ano":2011,"bairro":"Steffen","rua":"SF 001"}},
{"type":"Feature","geometry":{"type":"Point","coordinates":[-48.91651,-27.07651]},"properties":{"cota":9.35,"ano":2011,"bairro":"Steffen","rua":"SF 035"}},
{"type":"Feature","geometry":{"type":"Point","coordinates":[-48.91056,-27.07651]},"properties":{"cota":15.66,"ano":2011,"bairro":"Steffen","rua":"SF 001"}},
{"type":"Feature","geometry":{"type":"Point","coordinates":[-48.91587,-27.07641]},"properties":{"cota":15.03,"ano":2011,"bairro":"Steffen","rua":"SF 001"}},
{"type":"Feature","geometry":{"type":"Point","coordinates":[-48.89947,-27.07635]},"properties":{"cota":9.88,"ano":2011,"bairro":"Steffen","rua":"Augusto Steffen"}},
{"type":"Feature","geometry":{"type":"Point","coordinates":[-48.90026,-27.07627]},"properties":{"cota":9.63,"ano":2011,"bairro":"Steffen","rua":"Augusto Steffen"}},
{"type":"Feature","geometry":{"type":"Point","coordinates":[-48.90168,-27.07629]},"properties":{"cota":9.14,"ano":2011,"bairro":"Steffen","rua":"Augusto Steffen"}},
{"type":"Feature","geometry":{"type":"Point","coordinates":[-48.90098,-27.07628]},"properties":{"cota":9.31,"ano":2011,"bairro":"Steffen","rua":"Augusto Steffen"}},
{"type":"Feature","geometry":{"type":"Point","coordinates":[-48.89011,-27.07621]},"properties":{"cota":9.13,"ano":2011,"bairro":"Santa Terezinha","rua":"Santos Dumont"}},
{"type":"Feature","geometry":{"type":"Point","coordinates":[-48.90241,-27.07621]},"properties":{"cota":9.52,"ano":2011,"bairro":"Steffen","rua":"Augusto Steffen"}},
{"type":"Feature","geometry":{"type":"Point","coordinates":[-48.9221,-27.07614]},"properties":{"cota":15.83,"ano":2011,"bairro":"SÒo Pedro","rua":"Adelaide Fischer"}},
{"type":"Feature","geometry":{"type":"Point","coordinates":[-48.9176,-27.07608]},"properties":{"cota":9.92,"ano":2011,"bairro":"SÒo Pedro","rua":"Sao Pedro"}},
{"type":"Feature","geometry":{"type":"Point","coordinates":[-48.8636,-27.07608]},"properties":{"cota":22.99,"ano":2011,"bairro":"Limeira Baixa","rua":"Alberto Muller"}},
{"type":"Feature","geometry":{"type":"Point","coordinates":[-48.89393,-27.07599]},"properties":{"cota":9.95,"ano":2011,"bairro":"Santa Terezinha","rua":"Leopoldo Heil"}},
{"type":"Feature","geometry":{"type":"Point","coordinates":[-48.89227,-27.07599]},"properties":{"cota":10.19,"ano":2011,"bairro":"Santa Terezinha","rua":"Leopoldo Heil"}},
{"type":"Feature","geometry":{"type":"Point","coordinates":[-48.92121,-27.07595]},"properties":{"cota":15.19,"ano":2011,"bairro":"SÒo Pedro","rua":"Adelaide Fischer"}},
{"type":"Feature","geometry":{"type":"Point","coordinates":[-48.89636,-27.07594]},"properties":{"cota":5.54,"ano":2011,"bairro":"Santa Terezinha","rua":"Beira Rio"}},
{"type":"Feature","geometry":{"type":"Point","coordinates":[-48.92174,-27.07587]},"properties":{"cota":12.5,"ano":2011,"bairro":"SÒo Pedro","rua":"Adelaide Fischer"}},
{"type":"Feature","geometry":{"type":"Point","coordinates":[-48.89071,-27.0759]},"properties":{"cota":8.15,"ano":2011,"bairro":"Santa Terezinha","rua":"Leopoldo Heil"}},
{"type":"Feature","geometry":{"type":"Point","coordinates":[-48.90614,-27.07591]},"properties":{"cota":16.89,"ano":2011,"bairro":"Steffen","rua":"Guilherme Steffen"}},
{"type":"Feature","geometry":{"type":"Point","coordinates":[-48.8894,-27.07579]},"properties":{"cota":7.9,"ano":2011,"bairro":"Santa Terezinha","rua":"Francisco Heil"}},
{"type":"Feature","geometry":{"type":"Point","coordinates":[-48.89399,-27.07581]},"properties":{"cota":10.05,"ano":2011,"bairro":"Santa Terezinha","rua":"ST 06"}},
{"type":"Feature","geometry":{"type":"Point","coordinates":[-48.8946,-27.07582]},"properties":{"cota":10.18,"ano":2011,"bairro":"Santa Terezinha","rua":"Leopoldo Heil"}},
{"type":"Feature","geometry":{"type":"Point","coordinates":[-48.92125,-27.07577]},"properties":{"cota":11.83,"ano":2011,"bairro":"SÒo Pedro","rua":"Adelaide Fischer"}},
{"type":"Feature","geometry":{"type":"Point","coordinates":[-48.89259,-27.07577]},"properties":{"cota":10.92,"ano":2011,"bairro":"Santa Terezinha","rua":"Luiz Albani"}},
{"type":"Feature","geometry":{"type":"Point","coordinates":[-48.91793,-27.07572]},"properties":{"cota":10.15,"ano":2011,"bairro":"SÒo Pedro","rua":"Sao Pedro"}},
{"type":"Feature","geometry":{"type":"Point","coordinates":[-48.89063,-27.07567]},"properties":{"cota":8.4,"ano":2011,"bairro":"Santa Terezinha","rua":"Leopoldo Heil"}},
{"type":"Feature","geometry":{"type":"Point","coordinates":[-48.90383,-27.0756]},"properties":{"cota":13.85,"ano":2011,"bairro":"Steffen","rua":"CristianoSteffen"}},
{"type":"Feature","geometry":{"type":"Point","coordinates":[-48.8891,-27.0756]},"properties":{"cota":8.31,"ano":2011,"bairro":"Santa Terezinha","rua":"Bernardino Eusebio Pereira"}},
{"type":"Feature","geometry":{"type":"Point","coordinates":[-48.90204,-27.07553]},"properties":{"cota":10.36,"ano":2011,"bairro":"Steffen","rua":"Ivo Silveira"}},
{"type":"Feature","geometry":{"type":"Point","coordinates":[-48.89988,-27.07554]},"properties":{"cota":9.46,"ano":2011,"bairro":"Steffen","rua":"Joao Frederico Stefem"}},
{"type":"Feature","geometry":{"type":"Point","coordinates":[-48.90088,-27.07547]},"properties":{"cota":9.06,"ano":2011,"bairro":"Steffen","rua":"Joao Frederico Stefem"}},
{"type":"Feature","geometry":{"type":"Point","coordinates":[-48.90405,-27.07549]},"properties":{"cota":10.89,"ano":2011,"bairro":"Steffen","rua":"Cristiano Steffen"}},
{"type":"Feature","geometry":{"type":"Point","coordinates":[-48.91941,-27.07547]},"properties":{"cota":10.1,"ano":2011,"bairro":"SÒo Pedro","rua":"Sao Pedro"}},
{"type":"Feature","geometry":{"type":"Point","coordinates":[-48.86325,-27.07544]},"properties":{"cota":20.62,"ano":2011,"bairro":"Limeira Baixa","rua":"Alberto Muller"}},
{"type":"Feature","geometry":{"type":"Point","coordinates":[-48.90139,-27.07547]},"properties":{"cota":8.99,"ano":2011,"bairro":"Steffen","rua":"Joao Frederico Stefem"}},
{"type":"Feature","geometry":{"type":"Point","coordinates":[-48.92023,-27.07548]},"properties":{"cota":14.74,"ano":2011,"bairro":"SÒo Pedro","rua":"SP 007"}},
{"type":"Feature","geometry":{"type":"Point","coordinates":[-48.92121,-27.07532]},"properties":{"cota":10.21,"ano":2011,"bairro":"SÒo Pedro","rua":"Adelaide Fischer"}},
{"type":"Feature","geometry":{"type":"Point","coordinates":[-48.89567,-27.07539]},"properties":{"cota":6.07,"ano":2011,"bairro":"Santa Terezinha","rua":"Beira Rio"}},
{"type":"Feature","geometry":{"type":"Point","coordinates":[-48.89414,-27.07537]},"properties":{"cota":10.25,"ano":2011,"bairro":"Santa Terezinha","rua":"ST 06"}},
{"type":"Feature","geometry":{"type":"Point","coordinates":[-48.90186,-27.07527]},"properties":{"cota":10.11,"ano":2011,"bairro":"Steffen","rua":"Rodolfo Steffen"}},
{"type":"Feature","geometry":{"type":"Point","coordinates":[-48.89947,-27.07526]},"properties":{"cota":9.93,"ano":2011,"bairro":"Steffen","rua":"Joao Frederico Stefem"}},
{"type":"Feature","geometry":{"type":"Point","coordinates":[-48.88719,-27.07519]},"properties":{"cota":15.03,"ano":2011,"bairro":"Santa Terezinha","rua":"Osvaldo Heil"}},
{"type":"Feature","geometry":{"type":"Point","coordinates":[-48.90389,-27.07519]},"properties":{"cota":11.39,"ano":2011,"bairro":"Steffen","rua":"Cristiano Steffen"}},
{"type":"Feature","geometry":{"type":"Point","coordinates":[-48.89239,-27.07525]},"properties":{"cota":10.05,"ano":2011,"bairro":"Santa Terezinha","rua":"George Boetger"}},
{"type":"Feature","geometry":{"type":"Point","coordinates":[-48.89299,-27.07526]},"properties":{"cota":9.75,"ano":2011,"bairro":"Santa Terezinha","rua":"SD"}},
{"type":"Feature","geometry":{"type":"Point","coordinates":[-48.93432,-27.07524]},"properties":{"cota":15.88,"ano":2011,"bairro":"SÒo Pedro","rua":"Sao Pedro"}},
{"type":"Feature","geometry":{"type":"Point","coordinates":[-48.89275,-27.07516]},"properties":{"cota":10.38,"ano":2011,"bairro":"Santa Terezinha","rua":"SD"}},
{"type":"Feature","geometry":{"type":"Point","coordinates":[-48.89167,-27.07524]},"properties":{"cota":8.41,"ano":2011,"bairro":"Santa Terezinha","rua":"George Boetger"}},
{"type":"Feature","geometry":{"type":"Point","coordinates":[-48.91852,-27.07517]},"properties":{"cota":11.92,"ano":2011,"bairro":"SÒo Pedro","rua":"Sao Pedro"}},
{"type":"Feature","geometry":{"type":"Point","coordinates":[-48.8922,-27.07516]},"properties":{"cota":8.92,"ano":2011,"bairro":"Santa Terezinha","rua":"Joao Habitzreuter"}},
{"type":"Feature","geometry":{"type":"Point","coordinates":[-48.91985,-27.07512]},"properties":{"cota":9.83,"ano":2011,"bairro":"SÒo Pedro","rua":"Madalegna Fischer"}},
{"type":"Feature","geometry":{"type":"Point","coordinates":[-48.9202,-27.07512]},"properties":{"cota":10.83,"ano":2011,"bairro":"SÒo Pedro","rua":"SP 007"}},
{"type":"Feature","geometry":{"type":"Point","coordinates":[-48.90318,-27.07505]},"properties":{"cota":15.76,"ano":2011,"bairro":"Steffen","rua":"SF26"}},
{"type":"Feature","geometry":{"type":"Point","coordinates":[-48.90202,-27.07512]},"properties":{"cota":9.84,"ano":2011,"bairro":"Steffen","rua":"Rodolfo Steffen"}},
{"type":"Feature","geometry":{"type":"Point","coordinates":[-48.88695,-27.07514]},"properties":{"cota":15.52,"ano":2011,"bairro":"Nova Brasilia","rua":"Osvaldo Heil"}},
{"type":"Feature","geometry":{"type":"Point","coordinates":[-48.89824,-27.07498]},"properties":{"cota":8.26,"ano":2011,"bairro":"Steffen","rua":"SF25"}},
{"type":"Feature","geometry":{"type":"Point","coordinates":[-48.89932,-27.07499]},"properties":{"cota":8.75,"ano":2011,"bairro":"Steffen","rua":"SF25"}},
{"type":"Feature","geometry":{"type":"Point","coordinates":[-48.92062,-27.07495]},"properties":{"cota":9.46,"ano":2011,"bairro":"SÒo Pedro","rua":"Adelaide Fischer"}},
{"type":"Feature","geometry":{"type":"Point","coordinates":[-48.93483,-27.07498]},"properties":{"cota":15.93,"ano":2011,"bairro":"SÒo Pedro","rua":"Sao Pedro"}},
{"type":"Feature","geometry":{"type":"Point","coordinates":[-48.90361,-27.07497]},"properties":{"cota":11.59,"ano":2011,"bairro":"Steffen","rua":"Cristiano Steffen"}},
{"type":"Feature","geometry":{"type":"Point","coordinates":[-48.90269,-27.07488]},"properties":{"cota":11.86,"ano":2011,"bairro":"Steffen","rua":"SF26"}},
{"type":"Feature","geometry":{"type":"Point","coordinates":[-48.90239,-27.07495]},"properties":{"cota":10.27,"ano":2011,"bairro":"Steffen","rua":"Rodolfo Steffen"}},
{"type":"Feature","geometry":{"type":"Point","coordinates":[-48.88667,-27.07482]},"properties":{"cota":14.4,"ano":2011,"bairro":"Nova Brasilia","rua":"Joao Heil"}},
{"type":"Feature","geometry":{"type":"Point","coordinates":[-48.90309,-27.07476]},"properties":{"cota":11.84,"ano":2011,"bairro":"Steffen","rua":"Cristiano Steffen"}},
{"type":"Feature","geometry":{"type":"Point","coordinates":[-48.88527,-27.07478]},"properties":{"cota":10.51,"ano":2011,"bairro":"Nova Brasilia","rua":"NB-14"}},
{"type":"Feature","geometry":{"type":"Point","coordinates":[-48.88449,-27.07477]},"properties":{"cota":12.05,"ano":2011,"bairro":"Nova Brasilia","rua":"NB-14"}},
{"type":"Feature","geometry":{"type":"Point","coordinates":[-48.89639,-27.07477]},"properties":{"cota":8.94,"ano":2011,"bairro":"Steffen","rua":"Domingos Frederico Orlandi"}},
{"type":"Feature","geometry":{"type":"Point","coordinates":[-48.89742,-27.07478]},"properties":{"cota":8.28,"ano":2011,"bairro":"Steffen","rua":"Domingos Frederico Orlandi"}},
{"type":"Feature","geometry":{"type":"Point","coordinates":[-48.86338,-27.07472]},"properties":{"cota":18.96,"ano":2011,"bairro":"Limeira Baixa","rua":"Alberto Muller"}},
{"type":"Feature","geometry":{"type":"Point","coordinates":[-48.89439,-27.07474]},"properties":{"cota":10.85,"ano":2011,"bairro":"Santa Terezinha","rua":"Carlos Gevaerd"}},
{"type":"Feature","geometry":{"type":"Point","coordinates":[-48.89834,-27.07471]},"properties":{"cota":8.87,"ano":2011,"bairro":"Steffen","rua":"Domingos Frederico Orlandi"}},
{"type":"Feature","geometry":{"type":"Point","coordinates":[-48.91991,-27.07464]},"properties":{"cota":9.74,"ano":2011,"bairro":"SÒo Pedro","rua":"Madalegna Fischer"}},
{"type":"Feature","geometry":{"type":"Point","coordinates":[-48.89929,-27.07472]},"properties":{"cota":9.21,"ano":2011,"bairro":"Steffen","rua":"Domingos Frederico Orlandi"}},
{"type":"Feature","geometry":{"type":"Point","coordinates":[-48.9014,-27.07465]},"properties":{"cota":10.65,"ano":2011,"bairro":"Steffen","rua":"Ivo Silveira"}},
{"type":"Feature","geometry":{"type":"Point","coordinates":[-48.92032,-27.07467]},"properties":{"cota":9.58,"ano":2011,"bairro":"SÒo Pedro","rua":"SP 008"}},
{"type":"Feature","geometry":{"type":"Point","coordinates":[-48.92082,-27.07468]},"properties":{"cota":10.5,"ano":2011,"bairro":"SÒo Pedro","rua":"SP 008"}},
{"type":"Feature","geometry":{"type":"Point","coordinates":[-48.91944,-27.07466]},"properties":{"cota":9.69,"ano":2011,"bairro":"SÒo Pedro","rua":"Adelaide Fischer"}},
{"type":"Feature","geometry":{"type":"Point","coordinates":[-48.90063,-27.07465]},"properties":{"cota":8.93,"ano":2011,"bairro":"Steffen","rua":"Domingos Frederico Orlandi"}},
{"type":"Feature","geometry":{"type":"Point","coordinates":[-48.88646,-27.07474]},"properties":{"cota":10.91,"ano":2011,"bairro":"Nova Brasilia","rua":"Joao Heil"}},
{"type":"Feature","geometry":{"type":"Point","coordinates":[-48.91897,-27.07462]},"properties":{"cota":11.73,"ano":2011,"bairro":"SÒo Pedro","rua":"Adelaide Fischer"}},
{"type":"Feature","geometry":{"type":"Point","coordinates":[-48.93343,-27.0746]},"properties":{"cota":15.52,"ano":2011,"bairro":"SÒo Pedro","rua":"SP 059"}},
{"type":"Feature","geometry":{"type":"Point","coordinates":[-48.88565,-27.07459]},"properties":{"cota":9.38,"ano":2011,"bairro":"Nova Brasilia","rua":"Joao Heil"}},
{"type":"Feature","geometry":{"type":"Point","coordinates":[-48.9069,-27.07447]},"properties":{"cota":17.11,"ano":2011,"bairro":"Steffen","rua":"Guilherme Steffen"}},
{"type":"Feature","geometry":{"type":"Point","coordinates":[-48.8852,-27.07442]},"properties":{"cota":9.57,"ano":2011,"bairro":"Nova Brasilia","rua":"Joao Heil"}},
{"type":"Feature","geometry":{"type":"Point","coordinates":[-48.92044,-27.0744]},"properties":{"cota":10.59,"ano":2011,"bairro":"SÒo Pedro","rua":"SP 009"}},
{"type":"Feature","geometry":{"type":"Point","coordinates":[-48.90327,-27.07454]},"properties":{"cota":11.73,"ano":2011,"bairro":"Steffen","rua":"SF29"}},
{"type":"Feature","geometry":{"type":"Point","coordinates":[-48.90109,-27.0743]},"properties":{"cota":10.94,"ano":2011,"bairro":"Steffen","rua":"Ivo Silveira"}},
{"type":"Feature","geometry":{"type":"Point","coordinates":[-48.90748,-27.07429]},"properties":{"cota":15.63,"ano":2011,"bairro":"Steffen","rua":"Rodolfo Steffen"}},
{"type":"Feature","geometry":{"type":"Point","coordinates":[-48.88761,-27.07428]},"properties":{"cota":8.39,"ano":2011,"bairro":"Santa Terezinha","rua":"Santos Dumont"}},
{"type":"Feature","geometry":{"type":"Point","coordinates":[-48.86351,-27.07427]},"properties":{"cota":18.27,"ano":2011,"bairro":"Limeira Baixa","rua":"Alberto Muller"}},
{"type":"Feature","geometry":{"type":"Point","coordinates":[-48.93259,-27.07422]},"properties":{"cota":15.51,"ano":2011,"bairro":"SÒo Pedro","rua":"Gustavo Imhof"}},
{"type":"Feature","geometry":{"type":"Point","coordinates":[-48.88566,-27.07418]},"properties":{"cota":8.73,"ano":2011,"bairro":"Nova Brasilia","rua":"Joao Heil"}},
{"type":"Feature","geometry":{"type":"Point","coordinates":[-48.90648,-27.0742]},"properties":{"cota":12.84,"ano":2011,"bairro":"Steffen","rua":"Rodolfo Steffen"}},
{"type":"Feature","geometry":{"type":"Point","coordinates":[-48.88608,-27.07424]},"properties":{"cota":10.25,"ano":2011,"bairro":"Nova Brasilia","rua":"Joao Heil"}},
{"type":"Feature","geometry":{"type":"Point","coordinates":[-48.89303,-27.07418]},"properties":{"cota":9.03,"ano":2011,"bairro":"Santa Terezinha","rua":"SD"}},
{"type":"Feature","geometry":{"type":"Point","coordinates":[-48.8853,-27.07415]},"properties":{"cota":9.14,"ano":2011,"bairro":"Nova Brasilia","rua":"Joao Heil"}},
{"type":"Feature","geometry":{"type":"Point","coordinates":[-48.90558,-27.07409]},"properties":{"cota":12.35,"ano":2011,"bairro":"Steffen","rua":"Rodolfo Steffen"}},
{"type":"Feature","geometry":{"type":"Point","coordinates":[-48.89995,-27.0741]},"properties":{"cota":9.41,"ano":2011,"bairro":"Steffen","rua":"Pedro Stefem"}},
{"type":"Feature","geometry":{"type":"Point","coordinates":[-48.91926,-27.07412]},"properties":{"cota":11.98,"ano":2011,"bairro":"SÒo Pedro","rua":"Sao Pedro"}},
{"type":"Feature","geometry":{"type":"Point","coordinates":[-48.90094,-27.07407]},"properties":{"cota":12.68,"ano":2011,"bairro":"Steffen","rua":"Pedro Stefem"}},
{"type":"Feature","geometry":{"type":"Point","coordinates":[-48.933,-27.07405]},"properties":{"cota":14.91,"ano":2011,"bairro":"SÒo Pedro","rua":"Sao Pedro"}},
{"type":"Feature","geometry":{"type":"Point","coordinates":[-48.90356,-27.07393]},"properties":{"cota":11.91,"ano":2011,"bairro":"Steffen","rua":"Rodolfo Steffen"}},
{"type":"Feature","geometry":{"type":"Point","coordinates":[-48.89166,-27.07397]},"properties":{"cota":8.39,"ano":2011,"bairro":"Santa Terezinha","rua":"Francisco Radke"}},
{"type":"Feature","geometry":{"type":"Point","coordinates":[-48.90403,-27.07389]},"properties":{"cota":12.13,"ano":2011,"bairro":"Steffen","rua":"Rodolfo Steffen"}},
{"type":"Feature","geometry":{"type":"Point","coordinates":[-48.92088,-27.07387]},"properties":{"cota":10.71,"ano":2011,"bairro":"SÒo Pedro","rua":"Ervino Fischer"}},
{"type":"Feature","geometry":{"type":"Point","coordinates":[-48.92127,-27.07387]},"properties":{"cota":15.23,"ano":2011,"bairro":"SÒo Pedro","rua":"SP 011"}},
{"type":"Feature","geometry":{"type":"Point","coordinates":[-48.90512,-27.07382]},"properties":{"cota":12.44,"ano":2011,"bairro":"Steffen","rua":"Rodolfo Steffen"}},
{"type":"Feature","geometry":{"type":"Point","coordinates":[-48.90794,-27.07377]},"properties":{"cota":15.35,"ano":2011,"bairro":"Steffen","rua":"Guilherme Stefem"}},
{"type":"Feature","geometry":{"type":"Point","coordinates":[-48.92053,-27.07377]},"properties":{"cota":10.66,"ano":2011,"bairro":"SÒo Pedro","rua":"SD"}},
{"type":"Feature","geometry":{"type":"Point","coordinates":[-48.9325,-27.07368]},"properties":{"cota":15,"ano":2011,"bairro":"SÒo Pedro","rua":"Gustavo Imhof"}},
{"type":"Feature","geometry":{"type":"Point","coordinates":[-48.86376,-27.07364]},"properties":{"cota":18.36,"ano":2011,"bairro":"Limeira Baixa","rua":"Alberto Muller"}},
{"type":"Feature","geometry":{"type":"Point","coordinates":[-48.90868,-27.0736]},"properties":{"cota":14.61,"ano":2011,"bairro":"Steffen","rua":"Valdir Zorrer"}},
{"type":"Feature","geometry":{"type":"Point","coordinates":[-48.9004,-27.07356]},"properties":{"cota":14.68,"ano":2011,"bairro":"Steffen","rua":"Ivo Silveira"}},
{"type":"Feature","geometry":{"type":"Point","coordinates":[-48.8869,-27.07363]},"properties":{"cota":8.63,"ano":2011,"bairro":"Santa Terezinha","rua":"Santos Dumont"}},
{"type":"Feature","geometry":{"type":"Point","coordinates":[-48.9034,-27.07358]},"properties":{"cota":13.41,"ano":2011,"bairro":"Steffen","rua":"America"}},
{"type":"Feature","geometry":{"type":"Point","coordinates":[-48.91977,-27.07358]},"properties":{"cota":11.3,"ano":2011,"bairro":"SÒo Pedro","rua":"Sao Pedro"}},
{"type":"Feature","geometry":{"type":"Point","coordinates":[-48.92127,-27.07351]},"properties":{"cota":11.69,"ano":2011,"bairro":"SÒo Pedro","rua":"SP 011"}},
{"type":"Feature","geometry":{"type":"Point","coordinates":[-48.92168,-27.07352]},"properties":{"cota":12.21,"ano":2011,"bairro":"SÒo Pedro","rua":"SD"}},
{"type":"Feature","geometry":{"type":"Point","coordinates":[-48.90552,-27.07355]},"properties":{"cota":16.08,"ano":2011,"bairro":"Steffen","rua":"SF 033"}},
{"type":"Feature","geometry":{"type":"Point","coordinates":[-48.89281,-27.07345]},"properties":{"cota":8.86,"ano":2011,"bairro":"Santa Terezinha","rua":"SD"}},
{"type":"Feature","geometry":{"type":"Point","coordinates":[-48.90883,-27.07342]},"properties":{"cota":14.08,"ano":2011,"bairro":"Steffen","rua":"SF 006"}},
{"type":"Feature","geometry":{"type":"Point","coordinates":[-48.90337,-27.07334]},"properties":{"cota":14.64,"ano":2011,"bairro":"Steffen","rua":"SF31"}},
{"type":"Feature","geometry":{"type":"Point","coordinates":[-48.93281,-27.07332]},"properties":{"cota":14.94,"ano":2011,"bairro":"SÒo Pedro","rua":"inominada"}},
{"type":"Feature","geometry":{"type":"Point","coordinates":[-48.8895,-27.07331]},"properties":{"cota":8.77,"ano":2011,"bairro":"Santa Terezinha","rua":"Joaquim Reis"}},
{"type":"Feature","geometry":{"type":"Point","coordinates":[-48.90368,-27.07325]},"properties":{"cota":13.17,"ano":2011,"bairro":"Steffen","rua":"America"}},
{"type":"Feature","geometry":{"type":"Point","coordinates":[-48.90008,-27.07323]},"properties":{"cota":14.42,"ano":2011,"bairro":"Steffen","rua":"Ivo Silveira"}},
{"type":"Feature","geometry":{"type":"Point","coordinates":[-48.92167,-27.07316]},"properties":{"cota":10.68,"ano":2011,"bairro":"SÒo Pedro","rua":"Nicolau Fischer"}},
{"type":"Feature","geometry":{"type":"Point","coordinates":[-48.93185,-27.07313]},"properties":{"cota":15.25,"ano":2011,"bairro":"SÒo Pedro","rua":"Sao Pedro"}},
{"type":"Feature","geometry":{"type":"Point","coordinates":[-48.92093,-27.07308]},"properties":{"cota":10.22,"ano":2011,"bairro":"SÒo Pedro","rua":"Ervino Fischer"}},
{"type":"Feature","geometry":{"type":"Point","coordinates":[-48.86397,-27.07311]},"properties":{"cota":19.36,"ano":2011,"bairro":"Limeira Baixa","rua":"Alberto Muller"}},
{"type":"Feature","geometry":{"type":"Point","coordinates":[-48.9214,-27.07312]},"properties":{"cota":10.25,"ano":2011,"bairro":"SÒo Pedro","rua":"SP 012"}},
{"type":"Feature","geometry":{"type":"Point","coordinates":[-48.92212,-27.07307]},"properties":{"cota":10.97,"ano":2011,"bairro":"SÒo Pedro","rua":"Nicolau Fischer"}},
{"type":"Feature","geometry":{"type":"Point","coordinates":[-48.92018,-27.07302]},"properties":{"cota":10.69,"ano":2011,"bairro":"SÒo Pedro","rua":"Nicolau Fischer"}},
{"type":"Feature","geometry":{"type":"Point","coordinates":[-48.90884,-27.07306]},"properties":{"cota":13.9,"ano":2011,"bairro":"Steffen","rua":"Guilherme Steffen"}},
{"type":"Feature","geometry":{"type":"Point","coordinates":[-48.92479,-27.07293]},"properties":{"cota":17.09,"ano":2011,"bairro":"SÒo Pedro","rua":"SP14"}},
{"type":"Feature","geometry":{"type":"Point","coordinates":[-48.89944,-27.07292]},"properties":{"cota":10.56,"ano":2011,"bairro":"Steffen","rua":"Rudi Furbringer"}},
{"type":"Feature","geometry":{"type":"Point","coordinates":[-48.89228,-27.0729]},"properties":{"cota":9.13,"ano":2011,"bairro":"Santa Terezinha","rua":"Joao Habitzreuter"}},
{"type":"Feature","geometry":{"type":"Point","coordinates":[-48.9038,-27.07288]},"properties":{"cota":15.59,"ano":2011,"bairro":"Steffen","rua":"SF 032"}},
{"type":"Feature","geometry":{"type":"Point","coordinates":[-48.89877,-27.07282]},"properties":{"cota":8.41,"ano":2011,"bairro":"Steffen","rua":"Rudi Furbringer"}},
{"type":"Feature","geometry":{"type":"Point","coordinates":[-48.89834,-27.07281]},"properties":{"cota":8.11,"ano":2011,"bairro":"Steffen","rua":"Rudi Furbringer"}},
{"type":"Feature","geometry":{"type":"Point","coordinates":[-48.92008,-27.07319]},"properties":{"cota":11.56,"ano":2011,"bairro":"SÒo Pedro","rua":"Germano Fischer"}},
{"type":"Feature","geometry":{"type":"Point","coordinates":[-48.88598,-27.07272]},"properties":{"cota":8.88,"ano":2011,"bairro":"Santa Terezinha","rua":"Santos Dumont"}},
{"type":"Feature","geometry":{"type":"Point","coordinates":[-48.92118,-27.0727]},"properties":{"cota":10.33,"ano":2011,"bairro":"SÒo Pedro","rua":"Sao Pedro"}},
{"type":"Feature","geometry":{"type":"Point","coordinates":[-48.89179,-27.07271]},"properties":{"cota":9.18,"ano":2011,"bairro":"Santa Terezinha","rua":"Francisco Radke"}},
{"type":"Feature","geometry":{"type":"Point","coordinates":[-48.92417,-27.07265]},"properties":{"cota":13.89,"ano":2011,"bairro":"SÒo Pedro","rua":"SP14"}},
{"type":"Feature","geometry":{"type":"Point","coordinates":[-48.90392,-27.07262]},"properties":{"cota":16.36,"ano":2011,"bairro":"Steffen","rua":"America"}},
{"type":"Feature","geometry":{"type":"Point","coordinates":[-48.92804,-27.07253]},"properties":{"cota":13.53,"ano":2011,"bairro":"SÒo Pedro","rua":"Braz Nivert Horner"}},
{"type":"Feature","geometry":{"type":"Point","coordinates":[-48.90884,-27.07252]},"properties":{"cota":14.7,"ano":2011,"bairro":"Steffen","rua":"Guilherme Steffen"}},
{"type":"Feature","geometry":{"type":"Point","coordinates":[-48.93123,-27.0724]},"properties":{"cota":14.59,"ano":2011,"bairro":"SÒo Pedro","rua":"inominada"}},
{"type":"Feature","geometry":{"type":"Point","coordinates":[-48.89113,-27.07243]},"properties":{"cota":9.68,"ano":2011,"bairro":"Santa Terezinha","rua":"Luiz Boos"}},
{"type":"Feature","geometry":{"type":"Point","coordinates":[-48.92461,-27.07239]},"properties":{"cota":14.73,"ano":2011,"bairro":"SÒo Pedro","rua":"SP14"}},
{"type":"Feature","geometry":{"type":"Point","coordinates":[-48.89895,-27.07231]},"properties":{"cota":14.36,"ano":2011,"bairro":"Steffen","rua":"Ivo Silveira"}},
{"type":"Feature","geometry":{"type":"Point","coordinates":[-48.92067,-27.07233]},"properties":{"cota":10.27,"ano":2011,"bairro":"SÒo Pedro","rua":"Sao Pedro"}},
{"type":"Feature","geometry":{"type":"Point","coordinates":[-48.86414,-27.0723]},"properties":{"cota":18.43,"ano":2011,"bairro":"Limeira Baixa","rua":"Alberto Muller"}},
{"type":"Feature","geometry":{"type":"Point","coordinates":[-48.91956,-27.07231]},"properties":{"cota":12.5,"ano":2011,"bairro":"SÒo Pedro","rua":"Germano Fischer"}},
{"type":"Feature","geometry":{"type":"Point","coordinates":[-48.92363,-27.07219]},"properties":{"cota":11.39,"ano":2011,"bairro":"SÒo Pedro","rua":"Arthur Fischer"}},
{"type":"Feature","geometry":{"type":"Point","coordinates":[-48.93082,-27.07221]},"properties":{"cota":14.26,"ano":2011,"bairro":"SÒo Pedro","rua":"Sao Pedro"}},
{"type":"Feature","geometry":{"type":"Point","coordinates":[-48.90886,-27.07216]},"properties":{"cota":16.89,"ano":2011,"bairro":"Steffen","rua":"Guilherme Steffen"}},
{"type":"Feature","geometry":{"type":"Point","coordinates":[-48.91869,-27.07204]},"properties":{"cota":12.92,"ano":2011,"bairro":"SÒo Pedro","rua":"Germano Fischer"}},
{"type":"Feature","geometry":{"type":"Point","coordinates":[-48.92897,-27.07218]},"properties":{"cota":15.45,"ano":2011,"bairro":"SÒo Pedro","rua":"Joao Antonio Galassini"}},
{"type":"Feature","geometry":{"type":"Point","coordinates":[-48.92872,-27.07209]},"properties":{"cota":14.73,"ano":2011,"bairro":"SÒo Pedro","rua":"SP 020"}},
{"type":"Feature","geometry":{"type":"Point","coordinates":[-48.91838,-27.07207]},"properties":{"cota":14.44,"ano":2011,"bairro":"SÒo Pedro","rua":"Luiz Bononomi"}},
{"type":"Feature","geometry":{"type":"Point","coordinates":[-48.92938,-27.0721]},"properties":{"cota":14.92,"ano":2011,"bairro":"SÒo Pedro","rua":"Altair Bodenmuller"}},
{"type":"Feature","geometry":{"type":"Point","coordinates":[-48.88535,-27.07207]},"properties":{"cota":8.75,"ano":2011,"bairro":"Santa Terezinha","rua":"Luis Gonzaga Verner"}},
{"type":"Feature","geometry":{"type":"Point","coordinates":[-48.92748,-27.07198]},"properties":{"cota":16.7,"ano":2011,"bairro":"SÒo Pedro","rua":"Catarina Horner"}},
{"type":"Feature","geometry":{"type":"Point","coordinates":[-48.87419,-27.072]},"properties":{"cota":15.18,"ano":2011,"bairro":"Limeira Baixa","rua":"Luis Mafezzolli"}},
{"type":"Feature","geometry":{"type":"Point","coordinates":[-48.93049,-27.07193]},"properties":{"cota":14.03,"ano":2011,"bairro":"SÒo Pedro","rua":"inominada"}},
{"type":"Feature","geometry":{"type":"Point","coordinates":[-48.93157,-27.07195]},"properties":{"cota":14.64,"ano":2011,"bairro":"SÒo Pedro","rua":"inominada"}},
{"type":"Feature","geometry":{"type":"Point","coordinates":[-48.89115,-27.07189]},"properties":{"cota":6.5,"ano":2011,"bairro":"Santa Terezinha","rua":"Beira Rio"}},
{"type":"Feature","geometry":{"type":"Point","coordinates":[-48.93015,-27.07188]},"properties":{"cota":14.09,"ano":2011,"bairro":"SÒo Pedro","rua":"Sao Pedro"}},
{"type":"Feature","geometry":{"type":"Point","coordinates":[-48.92949,-27.07183]},"properties":{"cota":13.35,"ano":2011,"bairro":"SÒo Pedro","rua":"Altair Bodenmuller"}},
{"type":"Feature","geometry":{"type":"Point","coordinates":[-48.92123,-27.0718]},"properties":{"cota":10.59,"ano":2011,"bairro":"SÒo Pedro","rua":"Sao Pedro"}},
{"type":"Feature","geometry":{"type":"Point","coordinates":[-48.92723,-27.07175]},"properties":{"cota":16.45,"ano":2011,"bairro":"SÒo Pedro","rua":"SP 017"}},
{"type":"Feature","geometry":{"type":"Point","coordinates":[-48.92423,-27.07175]},"properties":{"cota":13.09,"ano":2011,"bairro":"SÒo Pedro","rua":"SP14"}},
{"type":"Feature","geometry":{"type":"Point","coordinates":[-48.91848,-27.07169]},"properties":{"cota":14.43,"ano":2011,"bairro":"SÒo Pedro","rua":"Germano Fischer"}},
{"type":"Feature","geometry":{"type":"Point","coordinates":[-48.87394,-27.07172]},"properties":{"cota":16.59,"ano":2011,"bairro":"Limeira Baixa","rua":"Luis Mafezzolli"}},
{"type":"Feature","geometry":{"type":"Point","coordinates":[-48.92873,-27.07162]},"properties":{"cota":13.34,"ano":2011,"bairro":"SÒo Pedro","rua":"SP 020"}},
{"type":"Feature","geometry":{"type":"Point","coordinates":[-48.92914,-27.07173]},"properties":{"cota":13.45,"ano":2011,"bairro":"SÒo Pedro","rua":"Sao Pedro"}},
{"type":"Feature","geometry":{"type":"Point","coordinates":[-48.89817,-27.07166]},"properties":{"cota":14.27,"ano":2011,"bairro":"Steffen","rua":"Ivo Silveira"}},
{"type":"Feature","geometry":{"type":"Point","coordinates":[-48.92977,-27.07165]},"properties":{"cota":13.7,"ano":2011,"bairro":"SÒo Pedro","rua":"inominada"}},
{"type":"Feature","geometry":{"type":"Point","coordinates":[-48.86431,-27.07167]},"properties":{"cota":16.22,"ano":2011,"bairro":"Limeira Baixa","rua":"Alberto Muller"}},
{"type":"Feature","geometry":{"type":"Point","coordinates":[-48.92866,-27.0716]},"properties":{"cota":13.19,"ano":2011,"bairro":"SÒo Pedro","rua":"SP 066"}},
{"type":"Feature","geometry":{"type":"Point","coordinates":[-48.9281,-27.07141]},"properties":{"cota":12.57,"ano":2011,"bairro":"SÒo Pedro","rua":"Braz Nivert Horner"}},
{"type":"Feature","geometry":{"type":"Point","coordinates":[-48.92841,-27.07154]},"properties":{"cota":13.07,"ano":2011,"bairro":"SÒo Pedro","rua":"Sao Pedro"}},
{"type":"Feature","geometry":{"type":"Point","coordinates":[-48.8861,-27.07145]},"properties":{"cota":8.06,"ano":2011,"bairro":"Santa Terezinha","rua":"Luis Gonzaga Verner"}},
{"type":"Feature","geometry":{"type":"Point","coordinates":[-48.93053,-27.07148]},"properties":{"cota":13.46,"ano":2011,"bairro":"SÒo Pedro","rua":"inominada"}},
{"type":"Feature","geometry":{"type":"Point","coordinates":[-48.92157,-27.07144]},"properties":{"cota":11.58,"ano":2011,"bairro":"SÒo Pedro","rua":"inominada"}},
{"type":"Feature","geometry":{"type":"Point","coordinates":[-48.88724,-27.07129]},"properties":{"cota":8.83,"ano":2011,"bairro":"Santa Terezinha","rua":"Luis Gonzaga Verner"}},
{"type":"Feature","geometry":{"type":"Point","coordinates":[-48.92963,-27.07129]},"properties":{"cota":13.4,"ano":2011,"bairro":"SÒo Pedro","rua":"inominada"}},
{"type":"Feature","geometry":{"type":"Point","coordinates":[-48.92224,-27.07127]},"properties":{"cota":10.95,"ano":2011,"bairro":"SÒo Pedro","rua":"Sao Pedro"}},
{"type":"Feature","geometry":{"type":"Point","coordinates":[-48.92985,-27.07129]},"properties":{"cota":13.34,"ano":2011,"bairro":"SÒo Pedro","rua":"inominada"}},
{"type":"Feature","geometry":{"type":"Point","coordinates":[-48.92281,-27.07119]},"properties":{"cota":10.84,"ano":2011,"bairro":"SÒo Pedro","rua":"Sao Pedro"}},
{"type":"Feature","geometry":{"type":"Point","coordinates":[-48.92876,-27.07119]},"properties":{"cota":12.83,"ano":2011,"bairro":"SÒo Pedro","rua":"SP 066"}},
{"type":"Feature","geometry":{"type":"Point","coordinates":[-48.86777,-27.07118]},"properties":{"cota":13.1,"ano":2011,"bairro":"Limeira Baixa","rua":"LI-07"}},
{"type":"Feature","geometry":{"type":"Point","coordinates":[-48.92754,-27.07108]},"properties":{"cota":13,"ano":2011,"bairro":"SÒo Pedro","rua":"Catarina Horner"}},
{"type":"Feature","geometry":{"type":"Point","coordinates":[-48.87388,-27.07118]},"properties":{"cota":19.57,"ano":2011,"bairro":"Limeira Baixa","rua":"Luis Mafezzolli"}},
{"type":"Feature","geometry":{"type":"Point","coordinates":[-48.92369,-27.07102]},"properties":{"cota":11.19,"ano":2011,"bairro":"SÒo Pedro","rua":"Vicente Fischer"}},
{"type":"Feature","geometry":{"type":"Point","coordinates":[-48.92248,-27.07126]},"properties":{"cota":11.02,"ano":2011,"bairro":"SÒo Pedro","rua":"Marcos Fischer"}},
{"type":"Feature","geometry":{"type":"Point","coordinates":[-48.92332,-27.07111]},"properties":{"cota":11.05,"ano":2011,"bairro":"SÒo Pedro","rua":"Arlindo Fischer"}},
{"type":"Feature","geometry":{"type":"Point","coordinates":[-48.8888,-27.07104]},"properties":{"cota":9.84,"ano":2011,"bairro":"Santa Terezinha","rua":"Luis Gonzaga Verner"}},
{"type":"Feature","geometry":{"type":"Point","coordinates":[-48.92425,-27.07103]},"properties":{"cota":12.06,"ano":2011,"bairro":"SÒo Pedro","rua":"Adelino Pedro Jacinto"}},
{"type":"Feature","geometry":{"type":"Point","coordinates":[-48.86442,-27.07104]},"properties":{"cota":15.55,"ano":2011,"bairro":"Limeira Baixa","rua":"Alberto Muller"}},
{"type":"Feature","geometry":{"type":"Point","coordinates":[-48.92151,-27.07099]},"properties":{"cota":12.43,"ano":2011,"bairro":"SÒo Pedro","rua":"inominada"}},
{"type":"Feature","geometry":{"type":"Point","coordinates":[-48.92745,-27.071]},"properties":{"cota":12.76,"ano":2011,"bairro":"SÒo Pedro","rua":"Sao Pedro"}},
{"type":"Feature","geometry":{"type":"Point","coordinates":[-48.89761,-27.07098]},"properties":{"cota":14.5,"ano":2011,"bairro":"Bateas","rua":"Ivo Silveira"}},
{"type":"Feature","geometry":{"type":"Point","coordinates":[-48.86706,-27.07081]},"properties":{"cota":13.02,"ano":2011,"bairro":"Limeira Baixa","rua":"Fernando Brandt"}},
{"type":"Feature","geometry":{"type":"Point","coordinates":[-48.87379,-27.07082]},"properties":{"cota":20.73,"ano":2011,"bairro":"Limeira Baixa","rua":"Luis Mafezzolli"}},
{"type":"Feature","geometry":{"type":"Point","coordinates":[-48.88935,-27.07039]},"properties":{"cota":6.38,"ano":2011,"bairro":"Santa Terezinha","rua":"Beira Rio"}},
{"type":"Feature","geometry":{"type":"Point","coordinates":[-48.92417,-27.07082]},"properties":{"cota":11.96,"ano":2011,"bairro":"SÒo Pedro","rua":"Adelino Pedro Jacinto"}},
{"type":"Feature","geometry":{"type":"Point","coordinates":[-48.92587,-27.07069]},"properties":{"cota":14.25,"ano":2011,"bairro":"SÒo Pedro","rua":"Delia Boos"}},
{"type":"Feature","geometry":{"type":"Point","coordinates":[-48.92284,-27.07065]},"properties":{"cota":11.54,"ano":2011,"bairro":"SÒo Pedro","rua":"inominada"}},
{"type":"Feature","geometry":{"type":"Point","coordinates":[-48.86832,-27.07064]},"properties":{"cota":14.42,"ano":2011,"bairro":"Limeira Baixa","rua":"LI-06"}},
{"type":"Feature","geometry":{"type":"Point","coordinates":[-48.86777,-27.07064]},"properties":{"cota":12.48,"ano":2011,"bairro":"Limeira Baixa","rua":"LI-07"}},
{"type":"Feature","geometry":{"type":"Point","coordinates":[-48.92691,-27.07067]},"properties":{"cota":12.6,"ano":2011,"bairro":"SÒo Pedro","rua":"Almir Boos"}},
{"type":"Feature","geometry":{"type":"Point","coordinates":[-48.87352,-27.07054]},"properties":{"cota":17.21,"ano":2011,"bairro":"Limeira Baixa","rua":"Luis Mafezzolli"}},
{"type":"Feature","geometry":{"type":"Point","coordinates":[-48.92485,-27.07057]},"properties":{"cota":11.8,"ano":2011,"bairro":"SÒo Pedro","rua":"Joao dos Santos"}},
{"type":"Feature","geometry":{"type":"Point","coordinates":[-48.92748,-27.07045]},"properties":{"cota":13.23,"ano":2011,"bairro":"SÒo Pedro","rua":"Henrique H Sobrinho"}},
{"type":"Feature","geometry":{"type":"Point","coordinates":[-48.92543,-27.07042]},"properties":{"cota":12.43,"ano":2011,"bairro":"SÒo Pedro","rua":"Sao Pedro"}},
{"type":"Feature","geometry":{"type":"Point","coordinates":[-48.92518,-27.07048]},"properties":{"cota":12.22,"ano":2011,"bairro":"SÒo Pedro","rua":"Pedro Hoerner"}},
{"type":"Feature","geometry":{"type":"Point","coordinates":[-48.9259,-27.07033]},"properties":{"cota":12.45,"ano":2011,"bairro":"SÒo Pedro","rua":"Sao Pedro"}},
{"type":"Feature","geometry":{"type":"Point","coordinates":[-48.86976,-27.0704]},"properties":{"cota":14.12,"ano":2011,"bairro":"Limeira Baixa","rua":"Manoel Assino"}},
{"type":"Feature","geometry":{"type":"Point","coordinates":[-48.92335,-27.07039]},"properties":{"cota":11.64,"ano":2011,"bairro":"SÒo Pedro","rua":"Arlindo Fischer"}},
{"type":"Feature","geometry":{"type":"Point","coordinates":[-48.9223,-27.07037]},"properties":{"cota":13.6,"ano":2011,"bairro":"SÒo Pedro","rua":"Marcos Fischer"}},
{"type":"Feature","geometry":{"type":"Point","coordinates":[-48.86477,-27.07032]},"properties":{"cota":14.28,"ano":2011,"bairro":"Limeira Baixa","rua":"Alberto Muller"}},
{"type":"Feature","geometry":{"type":"Point","coordinates":[-48.92641,-27.07042]},"properties":{"cota":12.78,"ano":2011,"bairro":"SÒo Pedro","rua":"Enguelberto Boos"}},
{"type":"Feature","geometry":{"type":"Point","coordinates":[-48.87332,-27.07018]},"properties":{"cota":13.99,"ano":2011,"bairro":"Limeira Baixa","rua":"Angelo Tomasi"}},
{"type":"Feature","geometry":{"type":"Point","coordinates":[-48.89701,-27.07017]},"properties":{"cota":13.94,"ano":2011,"bairro":"Bateas","rua":"Ivo Silveira"}},
{"type":"Feature","geometry":{"type":"Point","coordinates":[-48.86532,-27.07015]},"properties":{"cota":14.08,"ano":2011,"bairro":"Limeira Baixa","rua":"Ernesto Schroeder"}},
{"type":"Feature","geometry":{"type":"Point","coordinates":[-48.8667,-27.07017]},"properties":{"cota":13.24,"ano":2011,"bairro":"Limeira Baixa","rua":"Alberto Muller"}},
{"type":"Feature","geometry":{"type":"Point","coordinates":[-48.87399,-27.07019]},"properties":{"cota":11.52,"ano":2011,"bairro":"Limeira Baixa","rua":"Angelo Tomasi"}},
{"type":"Feature","geometry":{"type":"Point","coordinates":[-48.88887,-27.0701]},"properties":{"cota":6.22,"ano":2011,"bairro":"Santa Terezinha","rua":"Beira Rio"}},
{"type":"Feature","geometry":{"type":"Point","coordinates":[-48.86595,-27.07016]},"properties":{"cota":13.47,"ano":2011,"bairro":"Limeira Baixa","rua":"Alberto Muller"}},
{"type":"Feature","geometry":{"type":"Point","coordinates":[-48.92202,-27.07009]},"properties":{"cota":16.69,"ano":2011,"bairro":"SÒo Pedro","rua":"Marcos Fischer"}},
{"type":"Feature","geometry":{"type":"Point","coordinates":[-48.87452,-27.07011]},"properties":{"cota":13.08,"ano":2011,"bairro":"Limeira Baixa","rua":"Angelo Tomasi"}},
{"type":"Feature","geometry":{"type":"Point","coordinates":[-48.86739,-27.07009]},"properties":{"cota":12.93,"ano":2011,"bairro":"Limeira Baixa","rua":"Alberto Muller"}},
{"type":"Feature","geometry":{"type":"Point","coordinates":[-48.86778,-27.07]},"properties":{"cota":13.03,"ano":2011,"bairro":"Limeira Baixa","rua":"Alberto Muller"}},
{"type":"Feature","geometry":{"type":"Point","coordinates":[-48.86975,-27.07003]},"properties":{"cota":12.48,"ano":2011,"bairro":"Limeira Baixa","rua":"Manoel Assino"}},
{"type":"Feature","geometry":{"type":"Point","coordinates":[-48.86912,-27.07002]},"properties":{"cota":13.2,"ano":2011,"bairro":"Limeira Baixa","rua":"Alberto Muller"}},
{"type":"Feature","geometry":{"type":"Point","coordinates":[-48.86831,-27.06992]},"properties":{"cota":13.01,"ano":2011,"bairro":"Limeira Baixa","rua":"LI-06"}},
{"type":"Feature","geometry":{"type":"Point","coordinates":[-48.86859,-27.07002]},"properties":{"cota":12.89,"ano":2011,"bairro":"Limeira Baixa","rua":"Alberto Muller"}},
{"type":"Feature","geometry":{"type":"Point","coordinates":[-48.92416,-27.06995]},"properties":{"cota":13.09,"ano":2011,"bairro":"SÒo Pedro","rua":"Adelino Pedro Jacinto"}},
{"type":"Feature","geometry":{"type":"Point","coordinates":[-48.88983,-27.06989]},"properties":{"cota":11.82,"ano":2011,"bairro":"Bateas","rua":"Luis Gonzaga Verner"}},
{"type":"Feature","geometry":{"type":"Point","coordinates":[-48.92484,-27.06985]},"properties":{"cota":11.79,"ano":2011,"bairro":"SÒo Pedro","rua":"Joao dos Santos"}},
{"type":"Feature","geometry":{"type":"Point","coordinates":[-48.87477,-27.06993]},"properties":{"cota":15.13,"ano":2011,"bairro":"Limeira Baixa","rua":"Angelo Tomasi"}},
{"type":"Feature","geometry":{"type":"Point","coordinates":[-48.89677,-27.06973]},"properties":{"cota":13.76,"ano":2011,"bairro":"Bateas","rua":"Luis Gonzaga Verner"}},
{"type":"Feature","geometry":{"type":"Point","coordinates":[-48.88856,-27.06993]},"properties":{"cota":7.03,"ano":2011,"bairro":"Santa Terezinha","rua":"Beira Rio"}},
{"type":"Feature","geometry":{"type":"Point","coordinates":[-48.89572,-27.06981]},"properties":{"cota":11.89,"ano":2011,"bairro":"Bateas","rua":"Luis Gonzaga Verner"}},
{"type":"Feature","geometry":{"type":"Point","coordinates":[-48.89474,-27.06979]},"properties":{"cota":12.51,"ano":2011,"bairro":"Bateas","rua":"Luis Gonzaga Verner"}},
{"type":"Feature","geometry":{"type":"Point","coordinates":[-48.87034,-27.06986]},"properties":{"cota":13.23,"ano":2011,"bairro":"Limeira Baixa","rua":"Alberto Muller"}},
{"type":"Feature","geometry":{"type":"Point","coordinates":[-48.89378,-27.06978]},"properties":{"cota":10.81,"ano":2011,"bairro":"Bateas","rua":"Luis Gonzaga Verner"}},
{"type":"Feature","geometry":{"type":"Point","coordinates":[-48.92694,-27.06956]},"properties":{"cota":12.78,"ano":2011,"bairro":"SÒo Pedro","rua":"Almir Boos"}},
{"type":"Feature","geometry":{"type":"Point","coordinates":[-48.8877,-27.06976]},"properties":{"cota":9.17,"ano":2011,"bairro":"Santa Terezinha","rua":"Vendelino Maffezzoli"}},
{"type":"Feature","geometry":{"type":"Point","coordinates":[-48.89283,-27.06975]},"properties":{"cota":9.7,"ano":2011,"bairro":"Bateas","rua":"Luis Gonzaga Verner"}},
{"type":"Feature","geometry":{"type":"Point","coordinates":[-48.89198,-27.06974]},"properties":{"cota":9.5,"ano":2011,"bairro":"Bateas","rua":"Luis Gonzaga Verner"}},
{"type":"Feature","geometry":{"type":"Point","coordinates":[-48.88609,-27.06974]},"properties":{"cota":9.31,"ano":2011,"bairro":"Santa Terezinha","rua":"Vendelino Maffezzoli"}},
{"type":"Feature","geometry":{"type":"Point","coordinates":[-48.87296,-27.06981]},"properties":{"cota":12.21,"ano":2011,"bairro":"Limeira Baixa","rua":"Luis Mafezzolli"}},
{"type":"Feature","geometry":{"type":"Point","coordinates":[-48.88523,-27.06973]},"properties":{"cota":9.38,"ano":2011,"bairro":"Santa Terezinha","rua":"Vendelino Maffezzoli"}},
{"type":"Feature","geometry":{"type":"Point","coordinates":[-48.89124,-27.06973]},"properties":{"cota":10.03,"ano":2011,"bairro":"Bateas","rua":"Luis Gonzaga Verner"}},
{"type":"Feature","geometry":{"type":"Point","coordinates":[-48.92523,-27.06962]},"properties":{"cota":14.42,"ano":2011,"bairro":"SÒo Pedro","rua":"Pedro Horner"}},
{"type":"Feature","geometry":{"type":"Point","coordinates":[-48.86505,-27.06969]},"properties":{"cota":13.99,"ano":2011,"bairro":"Limeira Baixa","rua":"Ernesto Schroeder"}},
{"type":"Feature","geometry":{"type":"Point","coordinates":[-48.89043,-27.06971]},"properties":{"cota":10.55,"ano":2011,"bairro":"Bateas","rua":"Luis Gonzaga Verner"}},
{"type":"Feature","geometry":{"type":"Point","coordinates":[-48.89692,-27.06963]},"properties":{"cota":13.91,"ano":2011,"bairro":"Bateas","rua":"BA 001"}},
{"type":"Feature","geometry":{"type":"Point","coordinates":[-48.92646,-27.06947]},"properties":{"cota":12.23,"ano":2011,"bairro":"SÒo Pedro","rua":"Enguelberto Boos"}},
{"type":"Feature","geometry":{"type":"Point","coordinates":[-48.87081,-27.0696]},"properties":{"cota":13.79,"ano":2011,"bairro":"Limeira Baixa","rua":"Alberto Muller"}},
{"type":"Feature","geometry":{"type":"Point","coordinates":[-48.86896,-27.06948]},"properties":{"cota":14.57,"ano":2011,"bairro":"Limeira Baixa","rua":"Bertha Schroeder"}},
{"type":"Feature","geometry":{"type":"Point","coordinates":[-48.88445,-27.06944]},"properties":{"cota":9.18,"ano":2011,"bairro":"Santa Terezinha","rua":"Vendelino Maffezzoli"}},
{"type":"Feature","geometry":{"type":"Point","coordinates":[-48.86701,-27.06945]},"properties":{"cota":13.09,"ano":2011,"bairro":"Limeira Baixa","rua":"Joao Fernando Gioseli"}},
{"type":"Feature","geometry":{"type":"Point","coordinates":[-48.86767,-27.06937]},"properties":{"cota":12.75,"ano":2011,"bairro":"Limeira Baixa","rua":"Erna Luiza Giosele"}},
{"type":"Feature","geometry":{"type":"Point","coordinates":[-48.87159,-27.06934]},"properties":{"cota":13.23,"ano":2011,"bairro":"Limeira Baixa","rua":"Alberto Muller"}},
{"type":"Feature","geometry":{"type":"Point","coordinates":[-48.86828,-27.06938]},"properties":{"cota":12.59,"ano":2011,"bairro":"Limeira Baixa","rua":"Valmor Giosele"}},
{"type":"Feature","geometry":{"type":"Point","coordinates":[-48.88286,-27.06933]},"properties":{"cota":9.54,"ano":2011,"bairro":"Santa Terezinha","rua":"Dom Jaime"}},
{"type":"Feature","geometry":{"type":"Point","coordinates":[-48.89717,-27.06943]},"properties":{"cota":15.35,"ano":2011,"bairro":"Bateas","rua":"BA 001"}},
{"type":"Feature","geometry":{"type":"Point","coordinates":[-48.89648,-27.06905]},"properties":{"cota":13.68,"ano":2011,"bairro":"Bateas","rua":"Ivo Silveira"}},
{"type":"Feature","geometry":{"type":"Point","coordinates":[-48.88329,-27.06921]},"properties":{"cota":9.06,"ano":2011,"bairro":"Santa Terezinha","rua":"Dorival Luz"}},
{"type":"Feature","geometry":{"type":"Point","coordinates":[-48.87237,-27.06917]},"properties":{"cota":11.89,"ano":2011,"bairro":"Limeira Baixa","rua":"Luis Mafezzolli"}},
{"type":"Feature","geometry":{"type":"Point","coordinates":[-48.86499,-27.06915]},"properties":{"cota":13.55,"ano":2011,"bairro":"Limeira Baixa","rua":"Luiz da Silva"}},
{"type":"Feature","geometry":{"type":"Point","coordinates":[-48.86622,-27.06908]},"properties":{"cota":13.41,"ano":2011,"bairro":"Limeira Baixa","rua":"Luiz da Silva"}},
{"type":"Feature","geometry":{"type":"Point","coordinates":[-48.86558,-27.06907]},"properties":{"cota":13.3,"ano":2011,"bairro":"Limeira Baixa","rua":"Luiz da Silva"}},
{"type":"Feature","geometry":{"type":"Point","coordinates":[-48.86709,-27.069]},"properties":{"cota":12.79,"ano":2011,"bairro":"Limeira Baixa","rua":"Natalin Floriani"}},
{"type":"Feature","geometry":{"type":"Point","coordinates":[-48.86773,-27.06901]},"properties":{"cota":12.73,"ano":2011,"bairro":"Limeira Baixa","rua":"Natalin Floriani"}},
{"type":"Feature","geometry":{"type":"Point","coordinates":[-48.86827,-27.06902]},"properties":{"cota":12.47,"ano":2011,"bairro":"Limeira Baixa","rua":"Natalin Floriani"}},
{"type":"Feature","geometry":{"type":"Point","coordinates":[-48.86893,-27.06894]},"properties":{"cota":12.67,"ano":2011,"bairro":"Limeira Baixa","rua":"Natalin Floriani"}},
{"type":"Feature","geometry":{"type":"Point","coordinates":[-48.88321,-27.06891]},"properties":{"cota":9.51,"ano":2011,"bairro":"Santa Terezinha","rua":"Dorival Luz"}},
{"type":"Feature","geometry":{"type":"Point","coordinates":[-48.86962,-27.06895]},"properties":{"cota":12.46,"ano":2011,"bairro":"Limeira Baixa","rua":"Alameda da Westarb"}},
{"type":"Feature","geometry":{"type":"Point","coordinates":[-48.87276,-27.06891]},"properties":{"cota":11.63,"ano":2011,"bairro":"Limeira Baixa","rua":"Alberto Muller"}},
{"type":"Feature","geometry":{"type":"Point","coordinates":[-48.86496,-27.06888]},"properties":{"cota":13.25,"ano":2011,"bairro":"Limeira Baixa","rua":"Arno Schroeder"}},
{"type":"Feature","geometry":{"type":"Point","coordinates":[-48.86549,-27.06889]},"properties":{"cota":13.17,"ano":2011,"bairro":"Limeira Baixa","rua":"Arno Schroeder"}},
{"type":"Feature","geometry":{"type":"Point","coordinates":[-48.87022,-27.06887]},"properties":{"cota":12.51,"ano":2011,"bairro":"Limeira Baixa","rua":"Alameda da Westarb"}},
{"type":"Feature","geometry":{"type":"Point","coordinates":[-48.86611,-27.06881]},"properties":{"cota":13.18,"ano":2011,"bairro":"Limeira Baixa","rua":"Arno Schroeder"}},
{"type":"Feature","geometry":{"type":"Point","coordinates":[-48.88257,-27.06869]},"properties":{"cota":9.32,"ano":2011,"bairro":"Santa Terezinha","rua":"Dom Afonso"}},
{"type":"Feature","geometry":{"type":"Point","coordinates":[-48.87325,-27.06864]},"properties":{"cota":11.16,"ano":2011,"bairro":"Limeira Baixa","rua":"Alberto Muller"}},
{"type":"Feature","geometry":{"type":"Point","coordinates":[-48.88313,-27.06861]},"properties":{"cota":9.49,"ano":2011,"bairro":"Santa Terezinha","rua":"Dorival Luz"}},
{"type":"Feature","geometry":{"type":"Point","coordinates":[-48.86824,-27.06857]},"properties":{"cota":12.43,"ano":2011,"bairro":"Limeira Baixa","rua":"Valmor Giosele"}},
{"type":"Feature","geometry":{"type":"Point","coordinates":[-48.86886,-27.06858]},"properties":{"cota":12.32,"ano":2011,"bairro":"Limeira Baixa","rua":"Bertha Schroeder"}},
{"type":"Feature","geometry":{"type":"Point","coordinates":[-48.8677,-27.06838]},"properties":{"cota":12.66,"ano":2011,"bairro":"Limeira Baixa","rua":"Erna Luiza Giosele"}},
{"type":"Feature","geometry":{"type":"Point","coordinates":[-48.86495,-27.06843]},"properties":{"cota":13.13,"ano":2011,"bairro":"Limeira Baixa","rua":"Gilberto Pretti"}},
{"type":"Feature","geometry":{"type":"Point","coordinates":[-48.89622,-27.06836]},"properties":{"cota":13.69,"ano":2011,"bairro":"Bateas","rua":"Ivo Silveira"}},
{"type":"Feature","geometry":{"type":"Point","coordinates":[-48.86592,-27.06835]},"properties":{"cota":12.7,"ano":2011,"bairro":"Limeira Baixa","rua":"Gilberto Pretti"}},
{"type":"Feature","geometry":{"type":"Point","coordinates":[-48.86704,-27.06837]},"properties":{"cota":12.39,"ano":2011,"bairro":"Limeira Baixa","rua":"Joao Fernando Gioseli"}},
{"type":"Feature","geometry":{"type":"Point","coordinates":[-48.87386,-27.0682]},"properties":{"cota":12.26,"ano":2011,"bairro":"Limeira Baixa","rua":"Alberto Muller"}},
{"type":"Feature","geometry":{"type":"Point","coordinates":[-48.86491,-27.06816]},"properties":{"cota":13.44,"ano":2011,"bairro":"Limeira Baixa","rua":"Ernesto Schroeder"}},
{"type":"Feature","geometry":{"type":"Point","coordinates":[-48.88235,-27.06815]},"properties":{"cota":9.46,"ano":2011,"bairro":"Santa Terezinha","rua":"Dom Wilson"}},
{"type":"Feature","geometry":{"type":"Point","coordinates":[-48.88298,-27.06802]},"properties":{"cota":9.44,"ano":2011,"bairro":"Santa Terezinha","rua":"Dorival Luz"}},
{"type":"Feature","geometry":{"type":"Point","coordinates":[-48.86489,-27.06794]},"properties":{"cota":13.52,"ano":2011,"bairro":"Limeira Baixa","rua":"Ernesto Schroeder"}},
{"type":"Feature","geometry":{"type":"Point","coordinates":[-48.86569,-27.06792]},"properties":{"cota":13.2,"ano":2011,"bairro":"Limeira Baixa","rua":"Alecio Floriani"}},
{"type":"Feature","geometry":{"type":"Point","coordinates":[-48.86637,-27.06791]},"properties":{"cota":12.95,"ano":2011,"bairro":"Limeira Baixa","rua":"Alecio Floriani"}},
{"type":"Feature","geometry":{"type":"Point","coordinates":[-48.88292,-27.06783]},"properties":{"cota":9.6,"ano":2011,"bairro":"Santa Terezinha","rua":"Dorival Luz"}},
{"type":"Feature","geometry":{"type":"Point","coordinates":[-48.86768,-27.06784]},"properties":{"cota":12.35,"ano":2011,"bairro":"Limeira Baixa","rua":"Arnoldo Schroeder"}},
{"type":"Feature","geometry":{"type":"Point","coordinates":[-48.87444,-27.06785]},"properties":{"cota":12.71,"ano":2011,"bairro":"Limeira Baixa","rua":"Alberto Muller"}},
{"type":"Feature","geometry":{"type":"Point","coordinates":[-48.87023,-27.06779]},"properties":{"cota":12.53,"ano":2011,"bairro":"Limeira Baixa","rua":"Alameda da Westarb"}},
{"type":"Feature","geometry":{"type":"Point","coordinates":[-48.86703,-27.06783]},"properties":{"cota":12.38,"ano":2011,"bairro":"Limeira Baixa","rua":"Arnoldo Schroeder"}},
{"type":"Feature","geometry":{"type":"Point","coordinates":[-48.89624,-27.06773]},"properties":{"cota":13.59,"ano":2011,"bairro":"Bateas","rua":"BA 007"}},
{"type":"Feature","geometry":{"type":"Point","coordinates":[-48.88686,-27.06759]},"properties":{"cota":9.28,"ano":2011,"bairro":"Santa Terezinha","rua":"SD"}},
{"type":"Feature","geometry":{"type":"Point","coordinates":[-48.88226,-27.06761]},"properties":{"cota":9.25,"ano":2011,"bairro":"Santa Terezinha","rua":"Dom Gregorio"}},
{"type":"Feature","geometry":{"type":"Point","coordinates":[-48.88634,-27.06758]},"properties":{"cota":9.41,"ano":2011,"bairro":"Santa Terezinha","rua":"SD"}},
{"type":"Feature","geometry":{"type":"Point","coordinates":[-48.867,-27.0676]},"properties":{"cota":12.6,"ano":2011,"bairro":"Limeira Baixa","rua":"Joao Fernando Gioseli"}},
{"type":"Feature","geometry":{"type":"Point","coordinates":[-48.89688,-27.06746]},"properties":{"cota":13.54,"ano":2011,"bairro":"Bateas","rua":"BA 007"}},
{"type":"Feature","geometry":{"type":"Point","coordinates":[-48.88349,-27.06744]},"properties":{"cota":9.77,"ano":2011,"bairro":"Santa Terezinha","rua":"Fortunato Tormena"}},
{"type":"Feature","geometry":{"type":"Point","coordinates":[-48.87471,-27.06722]},"properties":{"cota":12.8,"ano":2011,"bairro":"Limeira Baixa","rua":"Angelo Tomasi"}},
{"type":"Feature","geometry":{"type":"Point","coordinates":[-48.88263,-27.06707]},"properties":{"cota":9.54,"ano":2011,"bairro":"Santa Terezinha","rua":"Dorival Luz"}},
{"type":"Feature","geometry":{"type":"Point","coordinates":[-48.89609,-27.067]},"properties":{"cota":13.48,"ano":2011,"bairro":"Bateas","rua":"BA 008"}},
{"type":"Feature","geometry":{"type":"Point","coordinates":[-48.88422,-27.06682]},"properties":{"cota":9.63,"ano":2011,"bairro":"Santa Terezinha","rua":"Fortunato Tormena"}},
{"type":"Feature","geometry":{"type":"Point","coordinates":[-48.88662,-27.06677]},"properties":{"cota":9.15,"ano":2011,"bairro":"Santa Terezinha","rua":"SD"}},
{"type":"Feature","geometry":{"type":"Point","coordinates":[-48.89683,-27.06674]},"properties":{"cota":13.77,"ano":2011,"bairro":"Bateas","rua":"BA 008"}},
{"type":"Feature","geometry":{"type":"Point","coordinates":[-48.88563,-27.06675]},"properties":{"cota":9.35,"ano":2011,"bairro":"Santa Terezinha","rua":"SD"}},
{"type":"Feature","geometry":{"type":"Point","coordinates":[-48.88238,-27.06671]},"properties":{"cota":9.04,"ano":2011,"bairro":"Santa Terezinha","rua":"Matias Moritz"}},
{"type":"Feature","geometry":{"type":"Point","coordinates":[-48.88618,-27.06667]},"properties":{"cota":9.33,"ano":2011,"bairro":"Santa Terezinha","rua":"SD"}},
{"type":"Feature","geometry":{"type":"Point","coordinates":[-48.88336,-27.06663]},"properties":{"cota":8.77,"ano":2011,"bairro":"Santa Terezinha","rua":"Matias Moritz"}},
{"type":"Feature","geometry":{"type":"Point","coordinates":[-48.8748,-27.06659]},"properties":{"cota":13.44,"ano":2011,"bairro":"Limeira Baixa","rua":"Alberto Muller"}},
{"type":"Feature","geometry":{"type":"Point","coordinates":[-48.88266,-27.06653]},"properties":{"cota":8.96,"ano":2011,"bairro":"Santa Terezinha","rua":"Joao Dionisio Veche"}},
{"type":"Feature","geometry":{"type":"Point","coordinates":[-48.88483,-27.06638]},"properties":{"cota":9.3,"ano":2011,"bairro":"Santa Terezinha","rua":"Fortunato Tormena"}},
{"type":"Feature","geometry":{"type":"Point","coordinates":[-48.89574,-27.06627]},"properties":{"cota":13.37,"ano":2011,"bairro":"Bateas","rua":"Ivo Silveira"}},
{"type":"Feature","geometry":{"type":"Point","coordinates":[-48.8819,-27.06625]},"properties":{"cota":9.33,"ano":2011,"bairro":"Santa Terezinha","rua":"Dorival Luz"}},
{"type":"Feature","geometry":{"type":"Point","coordinates":[-48.88363,-27.06618]},"properties":{"cota":9.62,"ano":2011,"bairro":"Santa Terezinha","rua":"Matias Moritz"}},
{"type":"Feature","geometry":{"type":"Point","coordinates":[-48.88597,-27.06613]},"properties":{"cota":9.33,"ano":2011,"bairro":"Santa Terezinha","rua":"SD"}},
{"type":"Feature","geometry":{"type":"Point","coordinates":[-48.885,-27.06602]},"properties":{"cota":9.07,"ano":2011,"bairro":"Santa Terezinha","rua":"Vitorio Soares"}},
{"type":"Feature","geometry":{"type":"Point","coordinates":[-48.8842,-27.06601]},"properties":{"cota":9.99,"ano":2011,"bairro":"Santa Terezinha","rua":"Gentil Coelho"}},
{"type":"Feature","geometry":{"type":"Point","coordinates":[-48.88272,-27.06599]},"properties":{"cota":9.28,"ano":2011,"bairro":"Santa Terezinha","rua":"Joao Dionisio Veche"}},
{"type":"Feature","geometry":{"type":"Point","coordinates":[-48.88323,-27.066]},"properties":{"cota":9.03,"ano":2011,"bairro":"Santa Terezinha","rua":"Matias Mortiz"}},
{"type":"Feature","geometry":{"type":"Point","coordinates":[-48.8866,-27.06596]},"properties":{"cota":9.62,"ano":2011,"bairro":"Santa Terezinha","rua":"SD"}},
{"type":"Feature","geometry":{"type":"Point","coordinates":[-48.87507,-27.06578]},"properties":{"cota":13.23,"ano":2011,"bairro":"Limeira Baixa","rua":"Alberto Muller"}},
{"type":"Feature","geometry":{"type":"Point","coordinates":[-48.88534,-27.06576]},"properties":{"cota":9.23,"ano":2011,"bairro":"Santa Terezinha","rua":"Vitorio Soares"}},
{"type":"Feature","geometry":{"type":"Point","coordinates":[-48.88154,-27.06579]},"properties":{"cota":9.37,"ano":2011,"bairro":"Santa Terezinha","rua":"Dorival Luz"}},
{"type":"Feature","geometry":{"type":"Point","coordinates":[-48.88376,-27.06564]},"properties":{"cota":8.81,"ano":2011,"bairro":"Santa Terezinha","rua":"Matias Moritz"}},
{"type":"Feature","geometry":{"type":"Point","coordinates":[-48.88273,-27.06563]},"properties":{"cota":9.51,"ano":2011,"bairro":"Santa Terezinha","rua":"Joao Dionisio Veche"}},
{"type":"Feature","geometry":{"type":"Point","coordinates":[-48.89556,-27.06564]},"properties":{"cota":13.28,"ano":2011,"bairro":"Bateas","rua":"Ivo Silveira"}},
{"type":"Feature","geometry":{"type":"Point","coordinates":[-48.88631,-27.0655]},"properties":{"cota":9.09,"ano":2011,"bairro":"Santa Terezinha","rua":"Vitorio Soares"}},
{"type":"Feature","geometry":{"type":"Point","coordinates":[-48.88451,-27.06538]},"properties":{"cota":9.75,"ano":2011,"bairro":"Santa Terezinha","rua":"Vitorio Soares"}},
{"type":"Feature","geometry":{"type":"Point","coordinates":[-48.87545,-27.06534]},"properties":{"cota":13.69,"ano":2011,"bairro":"Limeira Baixa","rua":"Alberto Muller"}},
{"type":"Feature","geometry":{"type":"Point","coordinates":[-48.88387,-27.06524]},"properties":{"cota":9.06,"ano":2011,"bairro":"Santa Terezinha","rua":"Vitorio Soares"}},
{"type":"Feature","geometry":{"type":"Point","coordinates":[-48.88504,-27.0653]},"properties":{"cota":9.57,"ano":2011,"bairro":"Santa Terezinha","rua":"Vitorio Soares"}},
{"type":"Feature","geometry":{"type":"Point","coordinates":[-48.88181,-27.06516]},"properties":{"cota":9.2,"ano":2011,"bairro":"Santa Terezinha","rua":"Joao Dionisio Veche"}},
{"type":"Feature","geometry":{"type":"Point","coordinates":[-48.88102,-27.06515]},"properties":{"cota":9.1,"ano":2011,"bairro":"Santa Terezinha","rua":"Dorival Luz"}},
{"type":"Feature","geometry":{"type":"Point","coordinates":[-48.88274,-27.06509]},"properties":{"cota":9.66,"ano":2011,"bairro":"Santa Terezinha","rua":"Joao Dionisio Veche"}},
{"type":"Feature","geometry":{"type":"Point","coordinates":[-48.89539,-27.0651]},"properties":{"cota":13.78,"ano":2011,"bairro":"Bateas","rua":"Ivo Silveira"}},
{"type":"Feature","geometry":{"type":"Point","coordinates":[-48.88602,-27.06505]},"properties":{"cota":9.59,"ano":2011,"bairro":"Santa Terezinha","rua":"Vitorio Soares"}},
{"type":"Feature","geometry":{"type":"Point","coordinates":[-48.88491,-27.06494]},"properties":{"cota":9.3,"ano":2011,"bairro":"Santa Terezinha","rua":"Vitorio Soares"}},
{"type":"Feature","geometry":{"type":"Point","coordinates":[-48.87604,-27.0649]},"properties":{"cota":15.21,"ano":2011,"bairro":"Limeira Baixa","rua":"Alberto Muller"}},
{"type":"Feature","geometry":{"type":"Point","coordinates":[-48.88057,-27.06478]},"properties":{"cota":9.37,"ano":2011,"bairro":"Santa Terezinha","rua":"Dorival Luz"}},
{"type":"Feature","geometry":{"type":"Point","coordinates":[-48.87972,-27.06477]},"properties":{"cota":9.78,"ano":2011,"bairro":"Santa Terezinha","rua":"Alberto Muller"}},
{"type":"Feature","geometry":{"type":"Point","coordinates":[-48.87925,-27.06467]},"properties":{"cota":10.52,"ano":2011,"bairro":"Santa Terezinha","rua":"Alberto Muller"}},
{"type":"Feature","geometry":{"type":"Point","coordinates":[-48.89524,-27.06464]},"properties":{"cota":13.64,"ano":2011,"bairro":"Bateas","rua":"Edgar Von Buettner"}},
{"type":"Feature","geometry":{"type":"Point","coordinates":[-48.87692,-27.06464]},"properties":{"cota":14.09,"ano":2011,"bairro":"Limeira Baixa","rua":"Alberto Muller"}},
{"type":"Feature","geometry":{"type":"Point","coordinates":[-48.8788,-27.06467]},"properties":{"cota":15.46,"ano":2011,"bairro":"Santa Terezinha","rua":"Antonio Heil"}},
{"type":"Feature","geometry":{"type":"Point","coordinates":[-48.87901,-27.06449]},"properties":{"cota":13.16,"ano":2011,"bairro":"Santa Terezinha","rua":"Alberto Muller"}},
{"type":"Feature","geometry":{"type":"Point","coordinates":[-48.89575,-27.06447]},"properties":{"cota":13.9,"ano":2011,"bairro":"Bateas","rua":"Edgar Von Buettner"}},
{"type":"Feature","geometry":{"type":"Point","coordinates":[-48.87855,-27.06448]},"properties":{"cota":15.27,"ano":2011,"bairro":"Limeira Baixa","rua":"Antonio Heil"}},
{"type":"Feature","geometry":{"type":"Point","coordinates":[-48.87777,-27.06447]},"properties":{"cota":14.23,"ano":2011,"bairro":"Limeira Baixa","rua":"Alberto Muller"}},
{"type":"Feature","geometry":{"type":"Point","coordinates":[-48.89648,-27.06421]},"properties":{"cota":12.56,"ano":2011,"bairro":"Bateas","rua":"Edgar Von Buettner"}},
{"type":"Feature","geometry":{"type":"Point","coordinates":[-48.89473,-27.06418]},"properties":{"cota":13.33,"ano":2011,"bairro":"Bateas","rua":"Ivo Silveira"}},
{"type":"Feature","geometry":{"type":"Point","coordinates":[-48.88018,-27.06418]},"properties":{"cota":8.81,"ano":2011,"bairro":"Santa Terezinha","rua":"Teodoro H. Staack"}},
{"type":"Feature","geometry":{"type":"Point","coordinates":[-48.88163,-27.06417]},"properties":{"cota":9.13,"ano":2011,"bairro":"Santa Terezinha","rua":"Teodoro H. Staack"}},
{"type":"Feature","geometry":{"type":"Point","coordinates":[-48.89723,-27.06395]},"properties":{"cota":12.02,"ano":2011,"bairro":"Bateas","rua":"Edgar Von Buettner"}},
{"type":"Feature","geometry":{"type":"Point","coordinates":[-48.89409,-27.0639]},"properties":{"cota":12.68,"ano":2011,"bairro":"Bateas","rua":"Ivo Silveira"}},
{"type":"Feature","geometry":{"type":"Point","coordinates":[-48.89795,-27.06369]},"properties":{"cota":13.15,"ano":2011,"bairro":"Bateas","rua":"Edgar Von Buettner"}},
{"type":"Feature","geometry":{"type":"Point","coordinates":[-48.89354,-27.06362]},"properties":{"cota":12.44,"ano":2011,"bairro":"Bateas","rua":"Ivo Silveira"}},
{"type":"Feature","geometry":{"type":"Point","coordinates":[-48.87991,-27.06351]},"properties":{"cota":9.7,"ano":2011,"bairro":"Santa Terezinha","rua":"Dorival Luz"}},
{"type":"Feature","geometry":{"type":"Point","coordinates":[-48.89996,-27.06318]},"properties":{"cota":13.07,"ano":2011,"bairro":"Bateas","rua":"BA 058"}},
{"type":"Feature","geometry":{"type":"Point","coordinates":[-48.89289,-27.06316]},"properties":{"cota":12.35,"ano":2011,"bairro":"Bateas","rua":"Ivo Silveira"}},
{"type":"Feature","geometry":{"type":"Point","coordinates":[-48.89866,-27.06307]},"properties":{"cota":13.01,"ano":2011,"bairro":"Bateas","rua":"Max Heinig"}},
{"type":"Feature","geometry":{"type":"Point","coordinates":[-48.90048,-27.0631]},"properties":{"cota":14.69,"ano":2011,"bairro":"Bateas","rua":"BA 062"}},
{"type":"Feature","geometry":{"type":"Point","coordinates":[-48.89222,-27.06288]},"properties":{"cota":12.63,"ano":2011,"bairro":"Bateas","rua":"Ivo Silveira"}},
{"type":"Feature","geometry":{"type":"Point","coordinates":[-48.90103,-27.06265]},"properties":{"cota":14.96,"ano":2011,"bairro":"Bateas","rua":"Erwin Furbringer"}},
{"type":"Feature","geometry":{"type":"Point","coordinates":[-48.8797,-27.0626]},"properties":{"cota":9.45,"ano":2011,"bairro":"Santa Terezinha","rua":"Dorival Luz"}},
{"type":"Feature","geometry":{"type":"Point","coordinates":[-48.89922,-27.06254]},"properties":{"cota":12.75,"ano":2011,"bairro":"Bateas","rua":"Edgar Von Buettner"}},
{"type":"Feature","geometry":{"type":"Point","coordinates":[-48.8913,-27.06233]},"properties":{"cota":13.43,"ano":2011,"bairro":"Bateas","rua":"Ivo Silveira"}},
{"type":"Feature","geometry":{"type":"Point","coordinates":[-48.89867,-27.06226]},"properties":{"cota":15.25,"ano":2011,"bairro":"Bateas","rua":"Max Heinig"}},
{"type":"Feature","geometry":{"type":"Point","coordinates":[-48.89999,-27.0621]},"properties":{"cota":12.87,"ano":2011,"bairro":"Bateas","rua":"BA 058"}},
{"type":"Feature","geometry":{"type":"Point","coordinates":[-48.89971,-27.06212]},"properties":{"cota":13.03,"ano":2011,"bairro":"Bateas","rua":"Paulo Furbringer"}},
{"type":"Feature","geometry":{"type":"Point","coordinates":[-48.90103,-27.06191]},"properties":{"cota":13.72,"ano":2011,"bairro":"Bateas","rua":"Erwin Furbringer"}},
{"type":"Feature","geometry":{"type":"Point","coordinates":[-48.90374,-27.06188]},"properties":{"cota":15.69,"ano":2011,"bairro":"Bateas","rua":"Edgar Von Buettner"}},
{"type":"Feature","geometry":{"type":"Point","coordinates":[-48.90053,-27.06192]},"properties":{"cota":13.45,"ano":2011,"bairro":"Bateas","rua":"Edgar Von Buettner"}},
{"type":"Feature","geometry":{"type":"Point","coordinates":[-48.90133,-27.06185]},"properties":{"cota":14.64,"ano":2011,"bairro":"Bateas","rua":"Edgar Von Buettner"}},
{"type":"Feature","geometry":{"type":"Point","coordinates":[-48.9045,-27.0618]},"properties":{"cota":16.86,"ano":2011,"bairro":"Bateas","rua":"Edgar Von Buettner"}},
{"type":"Feature","geometry":{"type":"Point","coordinates":[-48.87956,-27.06179]},"properties":{"cota":8.96,"ano":2011,"bairro":"Santa Terezinha","rua":"Dorival Luz"}},
{"type":"Feature","geometry":{"type":"Point","coordinates":[-48.90174,-27.06176]},"properties":{"cota":14.32,"ano":2011,"bairro":"Bateas","rua":"Jose Frederico da Silva"}},
{"type":"Feature","geometry":{"type":"Point","coordinates":[-48.90307,-27.06173]},"properties":{"cota":14.58,"ano":2011,"bairro":"Bateas","rua":"Edgar Von Buettner"}},
{"type":"Feature","geometry":{"type":"Point","coordinates":[-48.9024,-27.06168]},"properties":{"cota":14.07,"ano":2011,"bairro":"Bateas","rua":"Edgar Von Buettner"}},
{"type":"Feature","geometry":{"type":"Point","coordinates":[-48.8908,-27.06151]},"properties":{"cota":13.59,"ano":2011,"bairro":"Bateas","rua":"Ivo Silveira"}},
{"type":"Feature","geometry":{"type":"Point","coordinates":[-48.89967,-27.06137]},"properties":{"cota":13.13,"ano":2011,"bairro":"Bateas","rua":"Paulo Furbringer"}},
{"type":"Feature","geometry":{"type":"Point","coordinates":[-48.90169,-27.06131]},"properties":{"cota":14.21,"ano":2011,"bairro":"Bateas","rua":"Jose Frederico da Silva"}},
{"type":"Feature","geometry":{"type":"Point","coordinates":[-48.90563,-27.06111]},"properties":{"cota":17.23,"ano":2011,"bairro":"Bateas","rua":"Edgar Von Buettner"}},
{"type":"Feature","geometry":{"type":"Point","coordinates":[-48.89064,-27.06087]},"properties":{"cota":13.52,"ano":2011,"bairro":"Bateas","rua":"Ivo Silveira"}},
{"type":"Feature","geometry":{"type":"Point","coordinates":[-48.90684,-27.06071]},"properties":{"cota":15.98,"ano":2011,"bairro":"Bateas","rua":"Edgar Von Buettner"}},
{"type":"Feature","geometry":{"type":"Point","coordinates":[-48.88089,-27.06073]},"properties":{"cota":9.32,"ano":2011,"bairro":"Santa Terezinha","rua":"Catarina Staack"}},
{"type":"Feature","geometry":{"type":"Point","coordinates":[-48.87922,-27.06034]},"properties":{"cota":9.43,"ano":2011,"bairro":"Santa Terezinha","rua":"Julio Orthman"}},
{"type":"Feature","geometry":{"type":"Point","coordinates":[-48.88025,-27.06027]},"properties":{"cota":9.16,"ano":2011,"bairro":"Santa Terezinha","rua":"Julio Orthman"}},
{"type":"Feature","geometry":{"type":"Point","coordinates":[-48.88128,-27.06019]},"properties":{"cota":9.13,"ano":2011,"bairro":"Santa Terezinha","rua":"Arnoldo Vagner"}},
{"type":"Feature","geometry":{"type":"Point","coordinates":[-48.89073,-27.05997]},"properties":{"cota":15.26,"ano":2011,"bairro":"Bateas","rua":"Ivo Silveira"}},
{"type":"Feature","geometry":{"type":"Point","coordinates":[-48.88069,-27.05991]},"properties":{"cota":9.68,"ano":2011,"bairro":"Santa Terezinha","rua":"Arnoldo Vagner"}},
{"type":"Feature","geometry":{"type":"Point","coordinates":[-48.87431,-27.05987]},"properties":{"cota":10.83,"ano":2011,"bairro":"Limoeiro","rua":"inominada"}},
{"type":"Feature","geometry":{"type":"Point","coordinates":[-48.87356,-27.05986]},"properties":{"cota":10.99,"ano":2011,"bairro":"Limoeiro","rua":"Ademar Botamelli"}},
{"type":"Feature","geometry":{"type":"Point","coordinates":[-48.87193,-27.05987]},"properties":{"cota":14.18,"ano":2011,"bairro":"Limoeiro","rua":"Sergio R. Schundwein"}},
{"type":"Feature","geometry":{"type":"Point","coordinates":[-48.87905,-27.05971]},"properties":{"cota":9.89,"ano":2011,"bairro":"Santa Terezinha","rua":"Dorival Luz"}},
{"type":"Feature","geometry":{"type":"Point","coordinates":[-48.87357,-27.05944]},"properties":{"cota":11.59,"ano":2011,"bairro":"Limoeiro","rua":"Ademar Botamelli"}},
{"type":"Feature","geometry":{"type":"Point","coordinates":[-48.87395,-27.05943]},"properties":{"cota":11.62,"ano":2011,"bairro":"Limoeiro","rua":"inominada"}},
{"type":"Feature","geometry":{"type":"Point","coordinates":[-48.87815,-27.05938]},"properties":{"cota":9.75,"ano":2011,"bairro":"Limoeiro","rua":"Germano Krause"}},
{"type":"Feature","geometry":{"type":"Point","coordinates":[-48.88033,-27.05936]},"properties":{"cota":9.59,"ano":2011,"bairro":"Santa Terezinha","rua":"Arnoldo Vagner"}},
{"type":"Feature","geometry":{"type":"Point","coordinates":[-48.88066,-27.0591]},"properties":{"cota":9.21,"ano":2011,"bairro":"Santa Terezinha","rua":"Arnoldo Vagner"}},
{"type":"Feature","geometry":{"type":"Point","coordinates":[-48.87186,-27.05906]},"properties":{"cota":14.72,"ano":2011,"bairro":"Limoeiro","rua":"Adulcio Botamelli"}},
{"type":"Feature","geometry":{"type":"Point","coordinates":[-48.87885,-27.0591]},"properties":{"cota":9.99,"ano":2011,"bairro":"Limoeiro","rua":"Itajai"}},
{"type":"Feature","geometry":{"type":"Point","coordinates":[-48.87243,-27.05906]},"properties":{"cota":13.5,"ano":2011,"bairro":"Limoeiro","rua":"Adulcio Botamelli"}},
{"type":"Feature","geometry":{"type":"Point","coordinates":[-48.87331,-27.05899]},"properties":{"cota":12.16,"ano":2011,"bairro":"Limoeiro","rua":"Adulcio Botamelli"}},
{"type":"Feature","geometry":{"type":"Point","coordinates":[-48.87159,-27.05905]},"properties":{"cota":15.89,"ano":2011,"bairro":"Limoeiro","rua":"Adulcio Botamelli"}},
{"type":"Feature","geometry":{"type":"Point","coordinates":[-48.87403,-27.059]},"properties":{"cota":13.17,"ano":2011,"bairro":"Limoeiro","rua":"Adulcio Botamelli"}},
{"type":"Feature","geometry":{"type":"Point","coordinates":[-48.89097,-27.05871]},"properties":{"cota":17.25,"ano":2011,"bairro":"Bateas","rua":"Ivo Silveira"}},
{"type":"Feature","geometry":{"type":"Point","coordinates":[-48.87157,-27.05842]},"properties":{"cota":17.05,"ano":2011,"bairro":"Limoeiro","rua":"Osmar Lang"}},
{"type":"Feature","geometry":{"type":"Point","coordinates":[-48.87254,-27.05843]},"properties":{"cota":12.49,"ano":2011,"bairro":"Limoeiro","rua":"Osmar Lang"}},
{"type":"Feature","geometry":{"type":"Point","coordinates":[-48.87195,-27.05843]},"properties":{"cota":14.16,"ano":2011,"bairro":"Limoeiro","rua":"Osmar Lang"}},
{"type":"Feature","geometry":{"type":"Point","coordinates":[-48.87351,-27.05845]},"properties":{"cota":12.58,"ano":2011,"bairro":"Limoeiro","rua":"Osmar Lang"}},
{"type":"Feature","geometry":{"type":"Point","coordinates":[-48.8744,-27.05837]},"properties":{"cota":15.14,"ano":2011,"bairro":"Limoeiro","rua":"Osmar Lang"}},
{"type":"Feature","geometry":{"type":"Point","coordinates":[-48.89107,-27.05799]},"properties":{"cota":19.58,"ano":2011,"bairro":"Bateas","rua":"Ivo Silveira"}},
{"type":"Feature","geometry":{"type":"Point","coordinates":[-48.87148,-27.05779]},"properties":{"cota":19.66,"ano":2011,"bairro":"Limoeiro","rua":"Joao Imianowsky"}},
{"type":"Feature","geometry":{"type":"Point","coordinates":[-48.87486,-27.05778]},"properties":{"cota":16.06,"ano":2011,"bairro":"Limoeiro","rua":"Joao Imianowsky"}},
{"type":"Feature","geometry":{"type":"Point","coordinates":[-48.8724,-27.0578]},"properties":{"cota":12.52,"ano":2011,"bairro":"Limoeiro","rua":"Joao Imianowsky"}},
{"type":"Feature","geometry":{"type":"Point","coordinates":[-48.87305,-27.05781]},"properties":{"cota":11.92,"ano":2011,"bairro":"Limoeiro","rua":"Joao Imianowsky"}},
{"type":"Feature","geometry":{"type":"Point","coordinates":[-48.87184,-27.05779]},"properties":{"cota":16.31,"ano":2011,"bairro":"Limoeiro","rua":"Joao Imianowsky"}},
{"type":"Feature","geometry":{"type":"Point","coordinates":[-48.87395,-27.05773]},"properties":{"cota":13.41,"ano":2011,"bairro":"Limoeiro","rua":"Joao Imianowsky"}},
{"type":"Feature","geometry":{"type":"Point","coordinates":[-48.87528,-27.05775]},"properties":{"cota":16.37,"ano":2011,"bairro":"Limoeiro","rua":"Joao Imianowsky"}},
{"type":"Feature","geometry":{"type":"Point","coordinates":[-48.89118,-27.05736]},"properties":{"cota":21.33,"ano":2011,"bairro":"Bateas","rua":"Ivo Silveira"}},
{"type":"Feature","geometry":{"type":"Point","coordinates":[-48.87023,-27.05705]},"properties":{"cota":14.88,"ano":2011,"bairro":"Limoeiro","rua":"Angelo Vasselai"}},
{"type":"Feature","geometry":{"type":"Point","coordinates":[-48.8749,-27.05692]},"properties":{"cota":15.44,"ano":2011,"bairro":"Limoeiro","rua":"Antonio Heil"}},
{"type":"Feature","geometry":{"type":"Point","coordinates":[-48.89128,-27.05682]},"properties":{"cota":21.18,"ano":2011,"bairro":"Bateas","rua":"Ivo Silveira"}},
{"type":"Feature","geometry":{"type":"Point","coordinates":[-48.87649,-27.05669]},"properties":{"cota":9.44,"ano":2011,"bairro":"Limoeiro","rua":"Liberio Benvenuti"}},
{"type":"Feature","geometry":{"type":"Point","coordinates":[-48.87022,-27.05666]},"properties":{"cota":14.55,"ano":2011,"bairro":"Limoeiro","rua":"Aguinaldo V. Teixeira"}},
{"type":"Feature","geometry":{"type":"Point","coordinates":[-48.87814,-27.05662]},"properties":{"cota":9.15,"ano":2011,"bairro":"Limoeiro","rua":"Liberio Benvenuti"}},
{"type":"Feature","geometry":{"type":"Point","coordinates":[-48.8748,-27.05673]},"properties":{"cota":15.35,"ano":2011,"bairro":"Limoeiro","rua":"Liberio Benvenute"}},
{"type":"Feature","geometry":{"type":"Point","coordinates":[-48.8724,-27.05636]},"properties":{"cota":10.99,"ano":2011,"bairro":"Limoeiro","rua":"Angelo Vasselai"}},
{"type":"Feature","geometry":{"type":"Point","coordinates":[-48.8735,-27.05637]},"properties":{"cota":11.23,"ano":2011,"bairro":"Limoeiro","rua":"Angelo Vasselai"}},
{"type":"Feature","geometry":{"type":"Point","coordinates":[-48.87109,-27.05643]},"properties":{"cota":11.95,"ano":2011,"bairro":"Limoeiro","rua":"Angelo Vasselai"}},
{"type":"Feature","geometry":{"type":"Point","coordinates":[-48.87459,-27.05639]},"properties":{"cota":13.68,"ano":2011,"bairro":"Limoeiro","rua":"Angelo Vasselai"}},
{"type":"Feature","geometry":{"type":"Point","coordinates":[-48.89144,-27.0561]},"properties":{"cota":19.49,"ano":2011,"bairro":"Bateas","rua":"Ivo Silveira"}},
{"type":"Feature","geometry":{"type":"Point","coordinates":[-48.87801,-27.05608]},"properties":{"cota":9.36,"ano":2011,"bairro":"Limoeiro","rua":"Itajai"}},
{"type":"Feature","geometry":{"type":"Point","coordinates":[-48.87665,-27.05606]},"properties":{"cota":10.41,"ano":2011,"bairro":"Limoeiro","rua":"LM 014"}},
{"type":"Feature","geometry":{"type":"Point","coordinates":[-48.89174,-27.05529]},"properties":{"cota":16.14,"ano":2011,"bairro":"Bateas","rua":"Ivo Silveira"}},
{"type":"Feature","geometry":{"type":"Point","coordinates":[-48.87783,-27.05518]},"properties":{"cota":9.81,"ano":2011,"bairro":"Limoeiro","rua":"Itajai"}},
{"type":"Feature","geometry":{"type":"Point","coordinates":[-48.87772,-27.05463]},"properties":{"cota":10.08,"ano":2011,"bairro":"Limoeiro","rua":"Itajai"}},
{"type":"Feature","geometry":{"type":"Point","coordinates":[-48.89203,-27.05449]},"properties":{"cota":13.49,"ano":2011,"bairro":"Bateas","rua":"Ivo Silveira"}},
{"type":"Feature","geometry":{"type":"Point","coordinates":[-48.89223,-27.05377]},"properties":{"cota":11.58,"ano":2011,"bairro":"Bateas","rua":"Ivo Silveira"}},
{"type":"Feature","geometry":{"type":"Point","coordinates":[-48.87749,-27.05378]},"properties":{"cota":9.34,"ano":2011,"bairro":"Limoeiro","rua":"Maria da Silva"}},
{"type":"Feature","geometry":{"type":"Point","coordinates":[-48.89251,-27.05323]},"properties":{"cota":11.14,"ano":2011,"bairro":"Bateas","rua":"Ivo Silveira"}},
{"type":"Feature","geometry":{"type":"Point","coordinates":[-48.8784,-27.0532]},"properties":{"cota":9.6,"ano":2011,"bairro":"Limoeiro","rua":"Horacio Anacleto da Silva"}},
{"type":"Feature","geometry":{"type":"Point","coordinates":[-48.87733,-27.05309]},"properties":{"cota":9.3,"ano":2011,"bairro":"Limoeiro","rua":"Itajai"}},
{"type":"Feature","geometry":{"type":"Point","coordinates":[-48.87673,-27.05263]},"properties":{"cota":10.03,"ano":2011,"bairro":"Limoeiro","rua":""}},
{"type":"Feature","geometry":{"type":"Point","coordinates":[-48.89264,-27.05251]},"properties":{"cota":11.78,"ano":2011,"bairro":"Bateas","rua":"Ivo Silveira"}},
{"type":"Feature","geometry":{"type":"Point","coordinates":[-48.88832,-27.05254]},"properties":{"cota":8.91,"ano":2011,"bairro":"Bateas","rua":"inominada"}},
{"type":"Feature","geometry":{"type":"Point","coordinates":[-48.89008,-27.05247]},"properties":{"cota":8.77,"ano":2011,"bairro":"Bateas","rua":"inominada"}},
{"type":"Feature","geometry":{"type":"Point","coordinates":[-48.89142,-27.05249]},"properties":{"cota":9.12,"ano":2011,"bairro":"Bateas","rua":"inominada"}},
{"type":"Feature","geometry":{"type":"Point","coordinates":[-48.8772,-27.05246]},"properties":{"cota":9.32,"ano":2011,"bairro":"Limoeiro","rua":"Itajai"}},
{"type":"Feature","geometry":{"type":"Point","coordinates":[-48.89281,-27.05188]},"properties":{"cota":11.6,"ano":2011,"bairro":"Bateas","rua":"Ivo Silveira"}},
{"type":"Feature","geometry":{"type":"Point","coordinates":[-48.87653,-27.05182]},"properties":{"cota":9.45,"ano":2011,"bairro":"Limoeiro","rua":"inominada"}},
{"type":"Feature","geometry":{"type":"Point","coordinates":[-48.89277,-27.05116]},"properties":{"cota":11.68,"ano":2011,"bairro":"Bateas","rua":"Ivo Silveira"}},
{"type":"Feature","geometry":{"type":"Point","coordinates":[-48.87652,-27.05091]},"properties":{"cota":9.44,"ano":2011,"bairro":"Limoeiro","rua":"inominada"}},
{"type":"Feature","geometry":{"type":"Point","coordinates":[-48.87678,-27.05083]},"properties":{"cota":9.4,"ano":2011,"bairro":"Limoeiro","rua":"inominada"}},
{"type":"Feature","geometry":{"type":"Point","coordinates":[-48.8927,-27.05035]},"properties":{"cota":12.47,"ano":2011,"bairro":"Bateas","rua":"Ivo Silveira"}},
{"type":"Feature","geometry":{"type":"Point","coordinates":[-48.87666,-27.05019]},"properties":{"cota":9.27,"ano":2011,"bairro":"Limoeiro","rua":"Itajai"}},
{"type":"Feature","geometry":{"type":"Point","coordinates":[-48.89268,-27.04962]},"properties":{"cota":13.01,"ano":2011,"bairro":"Bateas","rua":"Ivo Silveira"}},
{"type":"Feature","geometry":{"type":"Point","coordinates":[-48.89271,-27.04899]},"properties":{"cota":13.37,"ano":2011,"bairro":"Bateas","rua":"Ivo Silveira"}},
{"type":"Feature","geometry":{"type":"Point","coordinates":[-48.87618,-27.04873]},"properties":{"cota":10.31,"ano":2011,"bairro":"Limoeiro","rua":"Itajai"}},
{"type":"Feature","geometry":{"type":"Point","coordinates":[-48.876,-27.04852]},"properties":{"cota":9.42,"ano":2011,"bairro":"Limoeiro","rua":"Itajai"}},
{"type":"Feature","geometry":{"type":"Point","coordinates":[-48.89281,-27.04836]},"properties":{"cota":13.67,"ano":2011,"bairro":"Bateas","rua":"Ivo Silveira"}},
{"type":"Feature","geometry":{"type":"Point","coordinates":[-48.87626,-27.04784]},"properties":{"cota":8.94,"ano":2011,"bairro":"Limoeiro","rua":"Augusto Benassi"}},
{"type":"Feature","geometry":{"type":"Point","coordinates":[-48.87485,-27.04764]},"properties":{"cota":9.85,"ano":2011,"bairro":"Limoeiro","rua":"Itajai"}},
{"type":"Feature","geometry":{"type":"Point","coordinates":[-48.89296,-27.04755]},"properties":{"cota":14.53,"ano":2011,"bairro":"Bateas","rua":"Ivo Silveira"}},
{"type":"Feature","geometry":{"type":"Point","coordinates":[-48.86628,-27.04724]},"properties":{"cota":15.8,"ano":2011,"bairro":"Limoeiro","rua":"25 de Julho"}},
{"type":"Feature","geometry":{"type":"Point","coordinates":[-48.87376,-27.04654]},"properties":{"cota":9.42,"ano":2011,"bairro":"Limoeiro","rua":"Itajai"}},
{"type":"Feature","geometry":{"type":"Point","coordinates":[-48.89308,-27.04647]},"properties":{"cota":14.7,"ano":2011,"bairro":"Bateas","rua":"Ivo Silveira"}},
{"type":"Feature","geometry":{"type":"Point","coordinates":[-48.89574,-27.04624]},"properties":{"cota":14.87,"ano":2011,"bairro":"Bateas","rua":"Bertoldo Todt"}},
{"type":"Feature","geometry":{"type":"Point","coordinates":[-48.89448,-27.04577]},"properties":{"cota":12.53,"ano":2011,"bairro":"Bateas","rua":"Bertoldo Todt"}},
{"type":"Feature","geometry":{"type":"Point","coordinates":[-48.8938,-27.04567]},"properties":{"cota":12.73,"ano":2011,"bairro":"Bateas","rua":"Bertoldo Todt"}},
{"type":"Feature","geometry":{"type":"Point","coordinates":[-48.89299,-27.04557]},"properties":{"cota":14.82,"ano":2011,"bairro":"Bateas","rua":"Bertoldo Todt"}},
{"type":"Feature","geometry":{"type":"Point","coordinates":[-48.89549,-27.04551]},"properties":{"cota":12.38,"ano":2011,"bairro":"Bateas","rua":"Carlos Teske"}},
{"type":"Feature","geometry":{"type":"Point","coordinates":[-48.89636,-27.04526]},"properties":{"cota":13.23,"ano":2011,"bairro":"Bateas","rua":"Carlos Teske"}},
{"type":"Feature","geometry":{"type":"Point","coordinates":[-48.86669,-27.04517]},"properties":{"cota":12.62,"ano":2011,"bairro":"Limoeiro","rua":"25 de Julho"}},
{"type":"Feature","geometry":{"type":"Point","coordinates":[-48.89379,-27.04495]},"properties":{"cota":12.79,"ano":2011,"bairro":"Bateas","rua":"Pedro M. Rodrigues"}},
{"type":"Feature","geometry":{"type":"Point","coordinates":[-48.867,-27.0449]},"properties":{"cota":15.06,"ano":2011,"bairro":"Limoeiro","rua":"25 de Julho"}},
{"type":"Feature","geometry":{"type":"Point","coordinates":[-48.89271,-27.0449]},"properties":{"cota":13.64,"ano":2011,"bairro":"Bateas","rua":"Pedro M. Rodrigues"}},
{"type":"Feature","geometry":{"type":"Point","coordinates":[-48.89474,-27.04487]},"properties":{"cota":13.15,"ano":2011,"bairro":"Bateas","rua":"Pedro M. Rodrigues"}},
{"type":"Feature","geometry":{"type":"Point","coordinates":[-48.89647,-27.04472]},"properties":{"cota":14.56,"ano":2011,"bairro":"Bateas","rua":"Carlos Teske"}},
{"type":"Feature","geometry":{"type":"Point","coordinates":[-48.86703,-27.04454]},"properties":{"cota":11.87,"ano":2011,"bairro":"Limoeiro","rua":"25 de Julho"}},
{"type":"Feature","geometry":{"type":"Point","coordinates":[-48.89233,-27.0442]},"properties":{"cota":15.22,"ano":2011,"bairro":"Bateas","rua":"Waldir Rosin"}},
{"type":"Feature","geometry":{"type":"Point","coordinates":[-48.8939,-27.04423]},"properties":{"cota":14.76,"ano":2011,"bairro":"Bateas","rua":"Waldir Rosin"}},
{"type":"Feature","geometry":{"type":"Point","coordinates":[-48.89596,-27.04417]},"properties":{"cota":16.42,"ano":2011,"bairro":"Bateas","rua":"Carlos Teske"}},
{"type":"Feature","geometry":{"type":"Point","coordinates":[-48.89301,-27.04421]},"properties":{"cota":14.85,"ano":2011,"bairro":"Bateas","rua":"Waldir Rosin"}},
{"type":"Feature","geometry":{"type":"Point","coordinates":[-48.86765,-27.04375]},"properties":{"cota":12,"ano":2011,"bairro":"Limoeiro","rua":"25 de Julho"}},
{"type":"Feature","geometry":{"type":"Point","coordinates":[-48.87089,-27.04361]},"properties":{"cota":9.51,"ano":2011,"bairro":"Limoeiro","rua":"Itajai"}},
{"type":"Feature","geometry":{"type":"Point","coordinates":[-48.86848,-27.0433]},"properties":{"cota":10.99,"ano":2011,"bairro":"Limoeiro","rua":"15 de Novembro"}},
{"type":"Feature","geometry":{"type":"Point","coordinates":[-48.86938,-27.04313]},"properties":{"cota":13.98,"ano":2011,"bairro":"Limoeiro","rua":"Antonio Heil"}},
{"type":"Feature","geometry":{"type":"Point","coordinates":[-48.86924,-27.04298]},"properties":{"cota":15.19,"ano":2011,"bairro":"Limoeiro","rua":"Antonio Heil"}},
{"type":"Feature","geometry":{"type":"Point","coordinates":[-48.86956,-27.04293]},"properties":{"cota":10.42,"ano":2011,"bairro":"Limoeiro","rua":"LM3"}},
{"type":"Feature","geometry":{"type":"Point","coordinates":[-48.86938,-27.04295]},"properties":{"cota":13.54,"ano":2011,"bairro":"Limoeiro","rua":"LM3"}},
{"type":"Feature","geometry":{"type":"Point","coordinates":[-48.86903,-27.04277]},"properties":{"cota":15.18,"ano":2011,"bairro":"Limoeiro","rua":"Antonio Heil"}},
{"type":"Feature","geometry":{"type":"Point","coordinates":[-48.86995,-27.04269]},"properties":{"cota":8.75,"ano":2011,"bairro":"Limoeiro","rua":"Itajai"}},
{"type":"Feature","geometry":{"type":"Point","coordinates":[-48.86831,-27.0424]},"properties":{"cota":15.31,"ano":2011,"bairro":"Limoeiro","rua":"Antonio Heil"}},
{"type":"Feature","geometry":{"type":"Point","coordinates":[-48.86954,-27.04214]},"properties":{"cota":9.43,"ano":2011,"bairro":"Limoeiro","rua":"Itajai"}},
{"type":"Feature","geometry":{"type":"Point","coordinates":[-48.86897,-27.04105]},"properties":{"cota":9.45,"ano":2011,"bairro":"Limoeiro","rua":"Itajai"}},
{"type":"Feature","geometry":{"type":"Point","coordinates":[-48.93293,-27.10067]},"properties":{"cota":1.31,"ano":2023,"bairro":"Jardim Maluche","rua":"Bartolomeu Pruner"}},
{"type":"Feature","geometry":{"type":"Point","coordinates":[-48.87878,-27.05999]},"properties":{"cota":0.69,"ano":2023,"bairro":"Santa Teresinha","rua":"Dorval Luz - parede casa n 174 fundos"}},
{"type":"Feature","geometry":{"type":"Point","coordinates":[-48.90922,-27.09637]},"properties":{"cota":1.02,"ano":2023,"bairro":"Centro I","rua":"Vicente Schaeffer"}},
{"type":"Feature","geometry":{"type":"Point","coordinates":[-48.93484,-27.12738]},"properties":{"cota":1.16,"ano":2023,"bairro":"Souza Cruz","rua":"SC 022"}},
{"type":"Feature","geometry":{"type":"Point","coordinates":[-48.9404,-27.11749]},"properties":{"cota":0.06,"ano":2023,"bairro":"Rio Branco","rua":"RB - 003"}},
{"type":"Feature","geometry":{"type":"Point","coordinates":[-48.94,-27.117]},"properties":{"cota":0.4,"ano":2023,"bairro":"Rio Branco","rua":"RB - 003 - poste em frente a casa de madeira"}},
{"type":"Feature","geometry":{"type":"Point","coordinates":[-48.93984,-27.11574]},"properties":{"cota":1.75,"ano":2023,"bairro":"Rio Branco","rua":"Vilton Barbosa - casa n. 154"}},
{"type":"Feature","geometry":{"type":"Point","coordinates":[-48.90923,-27.08704]},"properties":{"cota":0.46,"ano":2023,"bairro":"Santa Rita","rua":"Alemanha"}},
{"type":"Feature","geometry":{"type":"Point","coordinates":[-48.87165,-27.04339]},"properties":{"cota":1.22,"ano":2023,"bairro":"Limoeiro","rua":"Rua particular transversal a rua Itajai - Fundos 1156"}},
{"type":"Feature","geometry":{"type":"Point","coordinates":[-48.88274,-27.06018]},"properties":{"cota":1.6,"ano":2023,"bairro":"Santa Terezinha","rua":"Julio Orthman - muro casa n 206"}},
{"type":"Feature","geometry":{"type":"Point","coordinates":[-48.88322,-27.06044]},"properties":{"cota":1.07,"ano":2023,"bairro":"Santa Terezinha","rua":"Ema Staack - Em frente 266"}},
{"type":"Feature","geometry":{"type":"Point","coordinates":[-48.88317,-27.06067]},"properties":{"cota":0.94,"ano":2023,"bairro":"Santa Terezinha","rua":"Catarina Staack - Próx. ao 267"}},
{"type":"Feature","geometry":{"type":"Point","coordinates":[-48.88525,-27.06423]},"properties":{"cota":1.4,"ano":2023,"bairro":"Santa Terezinha","rua":"Theodoro Heirich Staack"}},
{"type":"Feature","geometry":{"type":"Point","coordinates":[-48.88404,-27.06494]},"properties":{"cota":0.59,"ano":2023,"bairro":"Santa Terezinha","rua":"Mathias Moritz - Em frente 315"}},
{"type":"Feature","geometry":{"type":"Point","coordinates":[-48.88521,-27.0645]},"properties":{"cota":0.94,"ano":2023,"bairro":"Santa Terezinha","rua":"Francisco Staack - Muro em frente casa n 21"}},
{"type":"Feature","geometry":{"type":"Point","coordinates":[-48.88424,-27.06459]},"properties":{"cota":1.13,"ano":2023,"bairro":"Santa Terezinha","rua":"Francisco Staack - Poste casa n 4"}},
{"type":"Feature","geometry":{"type":"Point","coordinates":[-48.89098,-27.07496]},"properties":{"cota":0.39,"ano":2023,"bairro":"Santa Terezinha","rua":"Luiz Boos"}},
{"type":"Feature","geometry":{"type":"Point","coordinates":[-48.89492,-27.07479]},"properties":{"cota":1.91,"ano":2023,"bairro":"Santa Terezinha","rua":"Leopoldo Heil"}},
{"type":"Feature","geometry":{"type":"Point","coordinates":[-48.88201,-27.05726]},"properties":{"cota":0.55,"ano":2023,"bairro":"Santa Terezinha","rua":"Maria Martha Benvenutti Pereira - segundo poste próximo a rotatória"}},
{"type":"Feature","geometry":{"type":"Point","coordinates":[-48.87212,-27.04397]},"properties":{"cota":0.95,"ano":2023,"bairro":"Limoeiro","rua":"LM-023 - Muro casa n 55"}},
{"type":"Feature","geometry":{"type":"Point","coordinates":[-48.87284,-27.04412]},"properties":{"cota":1,"ano":2023,"bairro":"Limoeiro","rua":"LM-023 - muro casa n 145"}},
{"type":"Feature","geometry":{"type":"Point","coordinates":[-48.86808,-27.0388]},"properties":{"cota":0.28,"ano":2023,"bairro":"Limoeiro","rua":"Itajaí - muro da casa n 1444"}},
{"type":"Feature","geometry":{"type":"Point","coordinates":[-48.90788,-27.08359]},"properties":{"cota":1.45,"ano":2023,"bairro":"Santa Rita","rua":"Vitório Demarche"}},
{"type":"Feature","geometry":{"type":"Point","coordinates":[-48.90673,-27.08513]},"properties":{"cota":0.47,"ano":2023,"bairro":"Santa Rita","rua":"Célia Zen"}},
{"type":"Feature","geometry":{"type":"Point","coordinates":[-48.89176,-27.07238]},"properties":{"cota":2.56,"ano":2023,"bairro":"Santa Terezinha","rua":"Frederico Radke - Poste residencial n 170"}},
{"type":"Feature","geometry":{"type":"Point","coordinates":[-48.93286,-27.09829]},"properties":{"cota":0.75,"ano":2023,"bairro":"Guarani","rua":"Ayres Lourenço Penk - Em frente 322"}},
{"type":"Feature","geometry":{"type":"Point","coordinates":[-48.93429,-27.09808]},"properties":{"cota":1.07,"ano":2023,"bairro":"Guarani","rua":"Henrique Deichman - Casa 74"}},
{"type":"Feature","geometry":{"type":"Point","coordinates":[-48.94202,-27.12842]},"properties":{"cota":2.77,"ano":2023,"bairro":"Rio Branco","rua":"Leonardo Pedro Voss - casa 11B"}},
{"type":"Feature","geometry":{"type":"Point","coordinates":[-48.93502,-27.12621]},"properties":{"cota":0.65,"ano":2023,"bairro":"Souza Cruz","rua":"SC-020"}},
{"type":"Feature","geometry":{"type":"Point","coordinates":[-48.93532,-27.12728]},"properties":{"cota":1.36,"ano":2023,"bairro":"Souza Cruz","rua":"Tv. Lagoa Dourada"}},
{"type":"Feature","geometry":{"type":"Point","coordinates":[-48.95559,-27.13995]},"properties":{"cota":0.38,"ano":2023,"bairro":"Dom Joaquim","rua":"Beira Rio"}},
{"type":"Feature","geometry":{"type":"Point","coordinates":[-48.93435,-27.10216]},"properties":{"cota":2.06,"ano":2023,"bairro":"Maluche","rua":"Francisco Sassi - Muro Casa 222"}},
{"type":"Feature","geometry":{"type":"Point","coordinates":[-48.9338,-27.10231]},"properties":{"cota":2.07,"ano":2023,"bairro":"Maluche","rua":"Pref. Victor Gevaerd - Poste"}},
{"type":"Feature","geometry":{"type":"Point","coordinates":[-48.93331,-27.10227]},"properties":{"cota":0.94,"ano":2023,"bairro":"Maluche","rua":"Bruno Maluche - Muro Casa 790"}},
{"type":"Feature","geometry":{"type":"Point","coordinates":[-48.93282,-27.10184]},"properties":{"cota":1,"ano":2023,"bairro":"Maluche","rua":"Jacó Bauer - Casa 751"}},
{"type":"Feature","geometry":{"type":"Point","coordinates":[-48.93267,-27.10207]},"properties":{"cota":0.55,"ano":2023,"bairro":"Maluche","rua":"João Paulo I - Poste"}},
{"type":"Feature","geometry":{"type":"Point","coordinates":[-48.93414,-27.10329]},"properties":{"cota":1.75,"ano":2023,"bairro":"Maluche","rua":"Osvaldo Mafezoli - Muro Casa 765"}},
{"type":"Feature","geometry":{"type":"Point","coordinates":[-48.95661,-27.14003]},"properties":{"cota":1.5,"ano":2023,"bairro":"Dom Joaquim","rua":"Irmã Josefina - Casa 435"}},
{"type":"Feature","geometry":{"type":"Point","coordinates":[-48.9578,-27.14012]},"properties":{"cota":1.24,"ano":2023,"bairro":"Dom Joaquim","rua":"Irmã Josefina - Casa 410"}},
{"type":"Feature","geometry":{"type":"Point","coordinates":[-48.95741,-27.1378]},"properties":{"cota":0.5,"ano":2023,"bairro":"Dom Joaquim","rua":"Leonidas Padilha de Oliveira - pilar da casa 190"}},
{"type":"Feature","geometry":{"type":"Point","coordinates":[-48.95689,-27.13765]},"properties":{"cota":0.83,"ano":2023,"bairro":"Dom Joaquim","rua":"DJ-050 - Muro da casa 195"}},
{"type":"Feature","geometry":{"type":"Point","coordinates":[-48.95886,-27.13337]},"properties":{"cota":0.7,"ano":2023,"bairro":"Dom Joaquim","rua":"Anna Heil - Muro 629"}},
{"type":"Feature","geometry":{"type":"Point","coordinates":[-48.95877,-27.13281]},"properties":{"cota":1.1,"ano":2023,"bairro":"Dom Joaquim","rua":"Anna Heil - Parede da casa 714"}},
{"type":"Feature","geometry":{"type":"Point","coordinates":[-48.95893,-27.14137]},"properties":{"cota":0.9,"ano":2023,"bairro":"Dom Joaquim","rua":"Eberhardt Hort - Em frente 22"}},
{"type":"Feature","geometry":{"type":"Point","coordinates":[-48.95916,-27.14259]},"properties":{"cota":1.73,"ano":2023,"bairro":"Dom Joaquim","rua":"Carlos Hort - Muro Casa 179"}},
{"type":"Feature","geometry":{"type":"Point","coordinates":[-48.96031,-27.14317]},"properties":{"cota":0.25,"ano":2023,"bairro":"Dom Joaquim","rua":"Padre Vicente Schmidt - Muro casa 29"}},
{"type":"Feature","geometry":{"type":"Point","coordinates":[-48.94664,-27.10343]},"properties":{"cota":0.25,"ano":2023,"bairro":"Guarani","rua":"João Voss Junior - Muro casa 08"}},
{"type":"Feature","geometry":{"type":"Point","coordinates":[-48.94482,-27.10191]},"properties":{"cota":0.86,"ano":2023,"bairro":"Guarani","rua":"Osvaldo Hassmann"}},
{"type":"Feature","geometry":{"type":"Point","coordinates":[-48.94312,-27.10116]},"properties":{"cota":0.95,"ano":2023,"bairro":"Guarani","rua":"Godofredo Hassmann - Muro Casa 133"}},
{"type":"Feature","geometry":{"type":"Point","coordinates":[-48.94251,-27.10125]},"properties":{"cota":1.89,"ano":2023,"bairro":"Guarani","rua":"Ricardo Montibeller - Muro Casa 19"}},
{"type":"Feature","geometry":{"type":"Point","coordinates":[-48.94214,-27.09946]},"properties":{"cota":0.9,"ano":2023,"bairro":"Guarani","rua":"Ernesto Bianchini - Muro Casa 32"}},
{"type":"Feature","geometry":{"type":"Point","coordinates":[-48.94206,-27.10004]},"properties":{"cota":1,"ano":2023,"bairro":"Guarani","rua":"Ernesto Bianchini - Loja 40"}},
{"type":"Feature","geometry":{"type":"Point","coordinates":[-48.94268,-27.09994]},"properties":{"cota":0.25,"ano":2023,"bairro":"Guarani","rua":"Augusto Fischer - Entrada - Muro Casa 127"}},
{"type":"Feature","geometry":{"type":"Point","coordinates":[-48.94303,-27.10036]},"properties":{"cota":0.3,"ano":2023,"bairro":"Guarani","rua":"Augusto Fischer - Muro Casa 80"}},
{"type":"Feature","geometry":{"type":"Point","coordinates":[-48.94323,-27.10027]},"properties":{"cota":0.35,"ano":2023,"bairro":"Guarani","rua":"João Boos - Muro Casa 76"}},
{"type":"Feature","geometry":{"type":"Point","coordinates":[-48.94359,-27.1008]},"properties":{"cota":1.13,"ano":2023,"bairro":"Guarani","rua":"Júlio Schorner - Muro Casa 86"}},
{"type":"Feature","geometry":{"type":"Point","coordinates":[-48.9396,-27.09859]},"properties":{"cota":1.32,"ano":2023,"bairro":"Guarani","rua":"General Osório - Muro Casa 787"}},
{"type":"Feature","geometry":{"type":"Point","coordinates":[-48.93611,-27.09736]},"properties":{"cota":1.68,"ano":2023,"bairro":"Guarani","rua":"General Osório - Muro Comercio 547"}},
{"type":"Feature","geometry":{"type":"Point","coordinates":[-48.93086,-27.09618]},"properties":{"cota":1.05,"ano":2023,"bairro":"Guarani","rua":"General Osório - Muro casa 315"}},
{"type":"Feature","geometry":{"type":"Point","coordinates":[-48.95684,-27.1363]},"properties":{"cota":0.07,"ano":2023,"bairro":"Dom Joaquim","rua":"DJ-050 - Frente 315 - Boca de Lobo"}},
{"type":"Feature","geometry":{"type":"Point","coordinates":[-48.86663,-27.03643]},"properties":{"cota":2.1,"ano":2023,"bairro":"Limoeiro","rua":"José Laurentino Junior - Fundos rua Itajaí"}},
{"type":"Feature","geometry":{"type":"Point","coordinates":[-48.88231,-27.06071]},"properties":{"cota":0.84,"ano":2023,"bairro":"Santa Terezinha","rua":"Catarina Staack - poste Frente 225"}},
{"type":"Feature","geometry":{"type":"Point","coordinates":[-48.88906,-27.07512]},"properties":{"cota":1.23,"ano":2023,"bairro":"Santa Terezinha","rua":"George Boettger - Frente 38"}},
{"type":"Feature","geometry":{"type":"Point","coordinates":[-48.89282,-27.07323]},"properties":{"cota":0.72,"ano":2023,"bairro":"Santa Terezinha","rua":"João Habitzreuter"}},
{"type":"Feature","geometry":{"type":"Point","coordinates":[-48.93326,-27.11946]},"properties":{"cota":0.53,"ano":2023,"bairro":"Souza Cruz","rua":"Alberto Knopp"}},
{"type":"Feature","geometry":{"type":"Point","coordinates":[-48.93502,-27.12575]},"properties":{"cota":0.97,"ano":2023,"bairro":"Souza Cruz","rua":"Rua do Cedro - muro casa n 592"}},
{"type":"Feature","geometry":{"type":"Point","coordinates":[-48.9566,-27.13369]},"properties":{"cota":0.66,"ano":2023,"bairro":"Dom Joaquim","rua":"Beira Rio - Frente 459"}},
{"type":"Feature","geometry":{"type":"Point","coordinates":[-48.94083,-27.11698]},"properties":{"cota":0.6,"ano":2023,"bairro":"Rio Branco","rua":"Vilton Barbosa - Inicio da rua"}},
{"type":"Feature","geometry":{"type":"Point","coordinates":[-48.91532,-27.09994]},"properties":{"cota":0.13,"ano":2023,"bairro":"Centro","rua":"Rodrigues Alves - no poste em frente Mega Motos"}},
{"type":"Feature","geometry":{"type":"Point","coordinates":[-48.90939,-27.0968]},"properties":{"cota":0.65,"ano":2023,"bairro":"Centro","rua":"João Luis Gonzaga"}},
{"type":"Feature","geometry":{"type":"Point","coordinates":[-48.90944,-27.09601]},"properties":{"cota":1.16,"ano":2023,"bairro":"Centro","rua":"Arthur Olinger"}},
{"type":"Feature","geometry":{"type":"Point","coordinates":[-48.93526,-27.0971]},"properties":{"cota":1.58,"ano":2023,"bairro":"Guarani","rua":"Nelson Mattiolli - Poste entrada da rua"}},
{"type":"Feature","geometry":{"type":"Point","coordinates":[-48.93572,-27.09692]},"properties":{"cota":1.1,"ano":2023,"bairro":"Guarani","rua":"Gerson Venturelli - Poste frente casa 14"}},
{"type":"Feature","geometry":{"type":"Point","coordinates":[-48.939,-27.11866]},"properties":{"cota":0.63,"ano":2023,"bairro":"Rio Branco","rua":"Claudino Huber - Poste frente casa 98"}},
{"type":"Feature","geometry":{"type":"Point","coordinates":[-48.95614,-27.1351]},"properties":{"cota":0.97,"ano":2023,"bairro":"Dom Joaquim","rua":"Beira Rio - Muro casa 350"}},
{"type":"Feature","geometry":{"type":"Point","coordinates":[-48.94465,-27.11472]},"properties":{"cota":0.45,"ano":2023,"bairro":"Rio Branco","rua":"Ernesto Bianchini - Muro 765"}},
{"type":"Feature","geometry":{"type":"Point","coordinates":[-48.94535,-27.11274]},"properties":{"cota":2.73,"ano":2023,"bairro":"Rio Branco","rua":"Ernesto Bianchini"}},
{"type":"Feature","geometry":{"type":"Point","coordinates":[-48.91012,-27.0972]},"properties":{"cota":2.6,"ano":2023,"bairro":"Centro","rua":"Av. Arno Carlos Gracher - Poste frente 335"}},
{"type":"Feature","geometry":{"type":"Point","coordinates":[-48.9356,-27.10156]},"properties":{"cota":0.33,"ano":2023,"bairro":"Guarani","rua":"GU-19 - Calçada"}},
{"type":"Feature","geometry":{"type":"Point","coordinates":[-48.93675,-27.10096]},"properties":{"cota":0.11,"ano":2023,"bairro":"Guarani","rua":"Hercílio Paza - calçada"}},
{"type":"Feature","geometry":{"type":"Point","coordinates":[-48.94482,-27.10217]},"properties":{"cota":0.35,"ano":2023,"bairro":"Guarani","rua":"Osvaldo Hassmann"}},
{"type":"Feature","geometry":{"type":"Point","coordinates":[-48.95755,-27.1376]},"properties":{"cota":0.71,"ano":2023,"bairro":"Dom Joaquim","rua":"Leônidas Padilha - muro da casa 755"}},
{"type":"Feature","geometry":{"type":"Point","coordinates":[-48.948,-27.10226]},"properties":{"cota":0.2,"ano":2023,"bairro":"Guarani","rua":"Gabriel Siegel"}},
{"type":"Feature","geometry":{"type":"Point","coordinates":[-48.93527,-27.09691]},"properties":{"cota":1.37,"ano":2023,"bairro":"Guarani","rua":"Nelson Mattiolli"}},
{"type":"Feature","geometry":{"type":"Point","coordinates":[-48.94744,-27.10256]},"properties":{"cota":0.24,"ano":2023,"bairro":"Guarani","rua":"Gabriel Siegel - Poste em frente residência 99"}},
{"type":"Feature","geometry":{"type":"Point","coordinates":[-48.88591,-27.06458]},"properties":{"cota":1,"ano":2023,"bairro":"Santa Terezinha","rua":"Francisco Staack"}},
{"type":"Feature","geometry":{"type":"Point","coordinates":[-48.93558,-27.10104]},"properties":{"cota":0.27,"ano":2023,"bairro":"Guarani","rua":"GU-20"}},
{"type":"Feature","geometry":{"type":"Point","coordinates":[-48.93477,-27.12727]},"properties":{"cota":0.77,"ano":2023,"bairro":"Souza Cruz","rua":"SC - 22"}},
{"type":"Feature","geometry":{"type":"Point","coordinates":[-48.8833,-27.06418]},"properties":{"cota":0.65,"ano":2023,"bairro":"Santa Terezinha","rua":"Theodoro Heirich Staack"}},
{"type":"Feature","geometry":{"type":"Point","coordinates":[-48.88126,-27.04979]},"properties":{"cota":0.57,"ano":2023,"bairro":"Limoeiro","rua":"Juvenal Vechi"}},
{"type":"Feature","geometry":{"type":"Point","coordinates":[-48.88104,-27.04843]},"properties":{"cota":0.6,"ano":2023,"bairro":"Limoeiro","rua":"Maria Scarpa Formonte - n. 20, casa 1"}},
{"type":"Feature","geometry":{"type":"Point","coordinates":[-48.88111,-27.04782]},"properties":{"cota":0.66,"ano":2023,"bairro":"Limoeiro","rua":"Antônio Giraldi"}},
{"type":"Feature","geometry":{"type":"Point","coordinates":[-48.88199,-27.04748]},"properties":{"cota":0.6,"ano":2023,"bairro":"Limoeiro","rua":"Valdir Franzen"}},
{"type":"Feature","geometry":{"type":"Point","coordinates":[-48.8782,-27.04901]},"properties":{"cota":0.61,"ano":2023,"bairro":"Limoeiro","rua":"Horácio Anacleto da Silva"}},
{"type":"Feature","geometry":{"type":"Point","coordinates":[-48.87755,-27.04784]},"properties":{"cota":1.03,"ano":2023,"bairro":"Limoeiro","rua":"Lindolfo Hipólito Coelho"}},
{"type":"Feature","geometry":{"type":"Point","coordinates":[-48.86817,-27.03885]},"properties":{"cota":0.33,"ano":2023,"bairro":"Limoeiro","rua":"Itajaí"}},
{"type":"Feature","geometry":{"type":"Point","coordinates":[-48.86787,-27.03796]},"properties":{"cota":0.06,"ano":2023,"bairro":"Limoeiro","rua":"Itajaí"}},
{"type":"Feature","geometry":{"type":"Point","coordinates":[-48.86833,-27.03949]},"properties":{"cota":0.11,"ano":2023,"bairro":"Limoeiro","rua":"Itajaí"}},
{"type":"Feature","geometry":{"type":"Point","coordinates":[-48.87154,-27.04433]},"properties":{"cota":0.92,"ano":2023,"bairro":"Limoeiro","rua":"Itajaí"}},
{"type":"Feature","geometry":{"type":"Point","coordinates":[-48.87235,-27.04371]},"properties":{"cota":0.98,"ano":2023,"bairro":"Limoeiro","rua":"Lm 023"}},
{"type":"Feature","geometry":{"type":"Point","coordinates":[-48.87245,-27.0445]},"properties":{"cota":0.61,"ano":2023,"bairro":"Limoeiro","rua":"Pedro Winter"}},
{"type":"Feature","geometry":{"type":"Point","coordinates":[-48.87309,-27.0451]},"properties":{"cota":1.34,"ano":2023,"bairro":"Limoeiro","rua":"LM - 005"}},
{"type":"Feature","geometry":{"type":"Point","coordinates":[-48.87282,-27.0441]},"properties":{"cota":0.9,"ano":2023,"bairro":"Limoeiro","rua":"LM 023"}},
{"type":"Feature","geometry":{"type":"Point","coordinates":[-48.87331,-27.04454]},"properties":{"cota":1.13,"ano":2023,"bairro":"Limoeiro","rua":"LM 023"}},
{"type":"Feature","geometry":{"type":"Point","coordinates":[-48.87286,-27.04538]},"properties":{"cota":1.09,"ano":2023,"bairro":"Limoeiro","rua":"LM 005"}},
{"type":"Feature","geometry":{"type":"Point","coordinates":[-48.87753,-27.04646]},"properties":{"cota":0.63,"ano":2023,"bairro":"Limoeiro","rua":"Lindolfo Hipólito Coelho"}},
{"type":"Feature","geometry":{"type":"Point","coordinates":[-48.87759,-27.04862]},"properties":{"cota":0.92,"ano":2023,"bairro":"Limoeiro","rua":"Lindolfo Hipólito Coelho"}},
{"type":"Feature","geometry":{"type":"Point","coordinates":[-48.8776,-27.04953]},"properties":{"cota":1.09,"ano":2023,"bairro":"Limoeiro","rua":"Lindolfo Hipólito Coelho"}},
{"type":"Feature","geometry":{"type":"Point","coordinates":[-48.87758,-27.04896]},"properties":{"cota":1.15,"ano":2023,"bairro":"Limoeiro","rua":"Lindolfo Hipólito Coelho"}},
{"type":"Feature","geometry":{"type":"Point","coordinates":[-48.96039,-27.14317]},"properties":{"cota":0.19,"ano":2023,"bairro":"Dom Joaquim","rua":"Padre Vicente Schmitz"}},
{"type":"Feature","geometry":{"type":"Point","coordinates":[-48.9595,-27.14322]},"properties":{"cota":0.154,"ano":2023,"bairro":"Dom Joquim","rua":"Padre Vicente Scmitz"}},
{"type":"Feature","geometry":{"type":"Point","coordinates":[-48.95982,-27.14319]},"properties":{"cota":0.2,"ano":2023,"bairro":"Dom Joaquim","rua":"Padre Vicente Schmitz"}},
{"type":"Feature","geometry":{"type":"Point","coordinates":[-48.95929,-27.14268]},"properties":{"cota":0.9,"ano":2023,"bairro":"Dom Joaquim","rua":"Carlos Hort"}},
{"type":"Feature","geometry":{"type":"Point","coordinates":[-48.95945,-27.14259]},"properties":{"cota":0.84,"ano":2023,"bairro":"Joaquim","rua":"Carlos Hort"}},
{"type":"Feature","geometry":{"type":"Point","coordinates":[-48.95983,-27.14259]},"properties":{"cota":0.79,"ano":2023,"bairro":"Dom Joaquim","rua":"Carlos Hort"}},
{"type":"Feature","geometry":{"type":"Point","coordinates":[-48.95903,-27.1426]},"properties":{"cota":2.05,"ano":2023,"bairro":"Dom Joaquim","rua":"Carlos Hort"}},
{"type":"Feature","geometry":{"type":"Point","coordinates":[-48.95877,-27.14144]},"properties":{"cota":0.91,"ano":2023,"bairro":"Dom Joaquim","rua":"Eberhardt Hort"}},
{"type":"Feature","geometry":{"type":"Point","coordinates":[-48.95911,-27.14138]},"properties":{"cota":0.93,"ano":2023,"bairro":"Dom Joaquim","rua":"Eberhardt Hort"}},
{"type":"Feature","geometry":{"type":"Point","coordinates":[-48.95952,-27.14138]},"properties":{"cota":0.78,"ano":2023,"bairro":"Dom Joaquim","rua":"Eberhardt Hort"}},
{"type":"Feature","geometry":{"type":"Point","coordinates":[-48.95992,-27.14137]},"properties":{"cota":0.69,"ano":2023,"bairro":"Dom Joaquim","rua":"Eberhardt Hort"}},
{"type":"Feature","geometry":{"type":"Point","coordinates":[-48.95653,-27.14004]},"properties":{"cota":1.5,"ano":2023,"bairro":"Dom Joaquim","rua":"Irmã Josefina"}},
{"type":"Feature","geometry":{"type":"Point","coordinates":[-48.95648,-27.14014]},"properties":{"cota":1.31,"ano":2023,"bairro":"Dom Joaquim","rua":"Irmã Josefina"}},
{"type":"Feature","geometry":{"type":"Point","coordinates":[-48.95681,-27.14012]},"properties":{"cota":0.94,"ano":2023,"bairro":"Dom Joaquim","rua":"Irmã Josefina"}},
{"type":"Feature","geometry":{"type":"Point","coordinates":[-48.95682,-27.14001]},"properties":{"cota":0.86,"ano":2023,"bairro":"Dom Joaquim","rua":"Irmã Josefina"}},
{"type":"Feature","geometry":{"type":"Point","coordinates":[-48.95801,-27.14012]},"properties":{"cota":1.23,"ano":2023,"bairro":"Dom Joaquim","rua":"Irmã Josefina"}},
{"type":"Feature","geometry":{"type":"Point","coordinates":[-48.95832,-27.14011]},"properties":{"cota":0.96,"ano":2023,"bairro":"Dom Jaoquim","rua":"Irmã Josefina"}},
{"type":"Feature","geometry":{"type":"Point","coordinates":[-48.9575,-27.13784]},"properties":{"cota":0.84,"ano":2023,"bairro":"Dom Joaquim","rua":"Leônidas Padilha de Oliveira"}},
{"type":"Feature","geometry":{"type":"Point","coordinates":[-48.95756,-27.13817]},"properties":{"cota":0.96,"ano":2023,"bairro":"Dom Joaquim","rua":"Leônidas Padilha de Oliveira"}},
{"type":"Feature","geometry":{"type":"Point","coordinates":[-48.95739,-27.13713]},"properties":{"cota":0.4,"ano":2023,"bairro":"Dom Joaquim","rua":"Leônidas Padilha de Oliveira"}},
{"type":"Feature","geometry":{"type":"Point","coordinates":[-48.95897,-27.13323]},"properties":{"cota":0.97,"ano":2023,"bairro":"Dom Joaquim","rua":"Anna Heil"}},
{"type":"Feature","geometry":{"type":"Point","coordinates":[-48.95895,-27.13284]},"properties":{"cota":1.27,"ano":2023,"bairro":"Dom Joaquim","rua":"Anna Heil"}},
{"type":"Feature","geometry":{"type":"Point","coordinates":[-48.95678,-27.13751]},"properties":{"cota":0.9,"ano":2023,"bairro":"Dom Joaquim","rua":"DJ-050"}},
{"type":"Feature","geometry":{"type":"Point","coordinates":[-48.95679,-27.1379]},"properties":{"cota":0.89,"ano":2023,"bairro":"Dom Joaquim","rua":"DJ-050"}},
{"type":"Feature","geometry":{"type":"Point","coordinates":[-48.95678,-27.13713]},"properties":{"cota":0.71,"ano":2023,"bairro":"Dom Joaquim","rua":"DJ - 050"}},
{"type":"Feature","geometry":{"type":"Point","coordinates":[-48.9557,-27.13995]},"properties":{"cota":0.46,"ano":2023,"bairro":"Dom Joaquim","rua":"Beira Rio"}},
{"type":"Feature","geometry":{"type":"Point","coordinates":[-48.95557,-27.13923]},"properties":{"cota":1.23,"ano":2023,"bairro":"Dom Joaquim","rua":"Beira Rio"}},
{"type":"Feature","geometry":{"type":"Point","coordinates":[-48.95655,-27.13336]},"properties":{"cota":1.01,"ano":2023,"bairro":"Dom Joaquim","rua":"Beira Rio"}},
{"type":"Feature","geometry":{"type":"Point","coordinates":[-48.95664,-27.13309]},"properties":{"cota":1.29,"ano":2023,"bairro":"Dom Joaquim","rua":"Beira Rio"}},
{"type":"Feature","geometry":{"type":"Point","coordinates":[-48.93312,-27.11922]},"properties":{"cota":0.35,"ano":2023,"bairro":"Souza Cruz","rua":"Alberto Knop"}},
{"type":"Feature","geometry":{"type":"Point","coordinates":[-48.93345,-27.11979]},"properties":{"cota":0.68,"ano":2023,"bairro":"Souza Cruz","rua":"Alberto Knop"}},
{"type":"Feature","geometry":{"type":"Point","coordinates":[-48.93487,-27.12562]},"properties":{"cota":1.34,"ano":2023,"bairro":"Souza Cruz","rua":"Rua do Cedro"}},
{"type":"Feature","geometry":{"type":"Point","coordinates":[-48.93516,-27.12586]},"properties":{"cota":0.67,"ano":2023,"bairro":"Souza Cruz","rua":"Rua do Cedro"}},
{"type":"Feature","geometry":{"type":"Point","coordinates":[-48.93513,-27.12606]},"properties":{"cota":0.37,"ano":2023,"bairro":"Souza Cruz","rua":"SC-020"}},
{"type":"Feature","geometry":{"type":"Point","coordinates":[-48.93528,-27.12585]},"properties":{"cota":0.43,"ano":2023,"bairro":"Souza Cruz","rua":"Rua do Cedro"}},
{"type":"Feature","geometry":{"type":"Point","coordinates":[-48.9348,-27.12651]},"properties":{"cota":0.83,"ano":2023,"bairro":"Souza Cruz","rua":"SC-020"}},
{"type":"Feature","geometry":{"type":"Point","coordinates":[-48.93539,-27.12699]},"properties":{"cota":0.76,"ano":2023,"bairro":"Souza Cruz","rua":"Travessa Lagoa Dourada"}},
{"type":"Feature","geometry":{"type":"Point","coordinates":[-48.9355,-27.12676]},"properties":{"cota":0.16,"ano":2023,"bairro":"Souza Cruz","rua":"Travessa Lagoa Dourada"}},
{"type":"Feature","geometry":{"type":"Point","coordinates":[-48.93521,-27.12761]},"properties":{"cota":1.27,"ano":2023,"bairro":"Souza Cruz","rua":"Travessa Lagoa Dourada"}},
{"type":"Feature","geometry":{"type":"Point","coordinates":[-48.93489,-27.1274]},"properties":{"cota":1.34,"ano":2023,"bairro":"Souza Cruz","rua":"SC-022"}},
{"type":"Feature","geometry":{"type":"Point","coordinates":[-48.93504,-27.12748]},"properties":{"cota":1.26,"ano":2023,"bairro":"Souza Cruz","rua":"SC-022"}},
{"type":"Feature","geometry":{"type":"Point","coordinates":[-48.93473,-27.12725]},"properties":{"cota":0.82,"ano":2023,"bairro":"Souza Cruz","rua":"SC-022"}},
{"type":"Feature","geometry":{"type":"Point","coordinates":[-48.93266,-27.10093]},"properties":{"cota":1.73,"ano":2023,"bairro":"Jardim Maluche","rua":"Francisco Sassi"}},
{"type":"Feature","geometry":{"type":"Point","coordinates":[-48.9322,-27.10089]},"properties":{"cota":2.09,"ano":2023,"bairro":"Jardim Maluche","rua":"Bartolomeu Pruner"}},
{"type":"Feature","geometry":{"type":"Point","coordinates":[-48.93432,-27.10242]},"properties":{"cota":2.82,"ano":2023,"bairro":"Jardim Maluche","rua":"Francisco Sassi"}},
{"type":"Feature","geometry":{"type":"Point","coordinates":[-48.93394,-27.10179]},"properties":{"cota":2.15,"ano":2023,"bairro":"Jardim Maluche","rua":"Francisco Sassi"}},
{"type":"Feature","geometry":{"type":"Point","coordinates":[-48.9335,-27.10233]},"properties":{"cota":1.3,"ano":2023,"bairro":"Jardim Maluche","rua":"Prefeito Victor A. Gevaerd"}},
{"type":"Feature","geometry":{"type":"Point","coordinates":[-48.93331,-27.10236]},"properties":{"cota":1.25,"ano":2023,"bairro":"Jardim Maluche","rua":"Prefeito Victor A. Gevaerd"}},
{"type":"Feature","geometry":{"type":"Point","coordinates":[-48.93332,-27.10208]},"properties":{"cota":0.77,"ano":2023,"bairro":"Jardim Maluche","rua":"Bruni Maluche"}},
{"type":"Feature","geometry":{"type":"Point","coordinates":[-48.93299,-27.10181]},"properties":{"cota":0.91,"ano":2023,"bairro":"Jardim Maluche","rua":"Jacó Bauer"}},
{"type":"Feature","geometry":{"type":"Point","coordinates":[-48.93344,-27.10177]},"properties":{"cota":0.61,"ano":2023,"bairro":"Jardim Maluche","rua":"Jacó Bauer"}},
{"type":"Feature","geometry":{"type":"Point","coordinates":[-48.93264,-27.10182]},"properties":{"cota":1.25,"ano":2023,"bairro":"Jardim Maluche","rua":"João Paulo I"}},
{"type":"Feature","geometry":{"type":"Point","coordinates":[-48.8782,-27.0491]},"properties":{"cota":0.72,"ano":2023,"bairro":"Limoeiro","rua":"Horácio Anacleto da Silva"}},
{"type":"Feature","geometry":{"type":"Point","coordinates":[-48.87818,-27.04872]},"properties":{"cota":0.63,"ano":2023,"bairro":"Limoeiro","rua":"Horácio Anacleto da Silva"}},
{"type":"Feature","geometry":{"type":"Point","coordinates":[-48.87822,-27.04956]},"properties":{"cota":0.9,"ano":2023,"bairro":"Limoeiro","rua":"-27.0496 -48.8781"}},
{"type":"Feature","geometry":{"type":"Point","coordinates":[-48.87826,-27.05066]},"properties":{"cota":0.93,"ano":2023,"bairro":"Limoeiro","rua":"Horácio Anacleto da Silva"}},
{"type":"Feature","geometry":{"type":"Point","coordinates":[-48.88207,-27.04741]},"properties":{"cota":0.52,"ano":2023,"bairro":"Limoeiro","rua":"Valdir Franzen"}},
{"type":"Feature","geometry":{"type":"Point","coordinates":[-48.88242,-27.04756]},"properties":{"cota":0.67,"ano":2023,"bairro":"Limoeiro","rua":"Antônio Giraldi"}},
{"type":"Feature","geometry":{"type":"Point","coordinates":[-48.88221,-27.04825]},"properties":{"cota":0.53,"ano":2023,"bairro":"Limoeiro","rua":"Valdir Franzen"}},
{"type":"Feature","geometry":{"type":"Point","coordinates":[-48.88153,-27.04841]},"properties":{"cota":0.49,"ano":2023,"bairro":"Limoeiro","rua":"Maria Scarpa Formonte"}},
{"type":"Feature","geometry":{"type":"Point","coordinates":[-48.93248,-27.10145]},"properties":{"cota":1.77,"ano":2023,"bairro":"Jardim Maluche","rua":"João Paulo I"}},
{"type":"Feature","geometry":{"type":"Point","coordinates":[-48.93262,-27.10141]},"properties":{"cota":1.86,"ano":2023,"bairro":"Jardim Maluche","rua":"João Paulo I"}},
{"type":"Feature","geometry":{"type":"Point","coordinates":[-48.93258,-27.10103]},"properties":{"cota":1.85,"ano":2023,"bairro":"Jardim Maluche","rua":"João Paulo I"}},
{"type":"Feature","geometry":{"type":"Point","coordinates":[-48.93411,-27.10319]},"properties":{"cota":1.77,"ano":2023,"bairro":"Jardim Maluche","rua":"Osvaldo Maffezzolli"}},
{"type":"Feature","geometry":{"type":"Point","coordinates":[-48.93442,-27.10316]},"properties":{"cota":2.5,"ano":2023,"bairro":"Jardim Maluche","rua":"Osvaldo Maffezzolli"}},
{"type":"Feature","geometry":{"type":"Point","coordinates":[-48.93455,-27.10312]},"properties":{"cota":2.33,"ano":2023,"bairro":"Jardim Maluche","rua":"Francisco Sassi"}},
{"type":"Feature","geometry":{"type":"Point","coordinates":[-48.93036,-27.09651]},"properties":{"cota":1.54,"ano":2023,"bairro":"Guarani","rua":"General Osório"}},
{"type":"Feature","geometry":{"type":"Point","coordinates":[-48.92992,-27.09682]},"properties":{"cota":1,"ano":2023,"bairro":"Guarani","rua":"General Osório"}},
{"type":"Feature","geometry":{"type":"Point","coordinates":[-48.93085,-27.09631]},"properties":{"cota":1.17,"ano":2023,"bairro":"Guarani","rua":"General Osório"}},
{"type":"Feature","geometry":{"type":"Point","coordinates":[-48.93149,-27.09623]},"properties":{"cota":1.26,"ano":2023,"bairro":"Guarani","rua":"General Osório"}},
{"type":"Feature","geometry":{"type":"Point","coordinates":[-48.93581,-27.09664]},"properties":{"cota":0.7,"ano":2023,"bairro":"Guarani","rua":"Gerson Venturelli"}},
{"type":"Feature","geometry":{"type":"Point","coordinates":[-48.9356,-27.0972]},"properties":{"cota":1.46,"ano":2023,"bairro":"Guarani","rua":"Gerson Venturelli"}},
{"type":"Feature","geometry":{"type":"Point","coordinates":[-48.93556,-27.09731]},"properties":{"cota":1.83,"ano":2023,"bairro":"Guarani","rua":"General Osório"}},
{"type":"Feature","geometry":{"type":"Point","coordinates":[-48.93531,-27.09674]},"properties":{"cota":0.71,"ano":2023,"bairro":"Guarani","rua":"Nelson Mattiolli"}},
{"type":"Feature","geometry":{"type":"Point","coordinates":[-48.93489,-27.09708]},"properties":{"cota":1.36,"ano":2023,"bairro":"Guarani","rua":"General Osório"}},
{"type":"Feature","geometry":{"type":"Point","coordinates":[-48.93494,-27.09696]},"properties":{"cota":0.81,"ano":2023,"bairro":"Guarani","rua":"Euvaldo Deichmann"}},
{"type":"Feature","geometry":{"type":"Point","coordinates":[-48.93498,-27.09668]},"properties":{"cota":0.05,"ano":2023,"bairro":"Guarani","rua":"Euvaldo Deichmann"}},
{"type":"Feature","geometry":{"type":"Point","coordinates":[-48.93416,-27.09687]},"properties":{"cota":0.31,"ano":2023,"bairro":"Guarani","rua":"General Osório"}},
{"type":"Feature","geometry":{"type":"Point","coordinates":[-48.9363,-27.09752]},"properties":{"cota":1.5,"ano":2023,"bairro":"Guarani","rua":"General Osório"}},
{"type":"Feature","geometry":{"type":"Point","coordinates":[-48.93711,-27.09778]},"properties":{"cota":1.09,"ano":2023,"bairro":"Guarani","rua":"General Osório"}},
{"type":"Feature","geometry":{"type":"Point","coordinates":[-48.93787,-27.09799]},"properties":{"cota":0.82,"ano":2023,"bairro":"Guarani","rua":"General Osório"}},
{"type":"Feature","geometry":{"type":"Point","coordinates":[-48.93862,-27.09821]},"properties":{"cota":1.14,"ano":2023,"bairro":"Guarani","rua":"General Osório"}},
{"type":"Feature","geometry":{"type":"Point","coordinates":[-48.93897,-27.09838]},"properties":{"cota":1.18,"ano":2023,"bairro":"Guarani","rua":"General Osório"}},
{"type":"Feature","geometry":{"type":"Point","coordinates":[-48.87832,-27.05221]},"properties":{"cota":0.45,"ano":2023,"bairro":"Limoeiro","rua":"Horácio Anacleto da Silva"}},
{"type":"Feature","geometry":{"type":"Point","coordinates":[-48.87898,-27.04839]},"properties":{"cota":0.12,"ano":2023,"bairro":"Limoeiro","rua":"Afonso Belli"}},
{"type":"Feature","geometry":{"type":"Point","coordinates":[-48.88091,-27.04781]},"properties":{"cota":0.68,"ano":2023,"bairro":"Limoeiro","rua":"Antônio Giraldi"}},
{"type":"Feature","geometry":{"type":"Point","coordinates":[-48.88079,-27.0495]},"properties":{"cota":0.63,"ano":2023,"bairro":"Limoeiro","rua":"Valdir Franzen"}},
{"type":"Feature","geometry":{"type":"Point","coordinates":[-48.8804,-27.0501]},"properties":{"cota":0.62,"ano":2023,"bairro":"Limoeiro","rua":"Maria Scarpa Formonti"}},
{"type":"Feature","geometry":{"type":"Point","coordinates":[-48.88047,-27.0517]},"properties":{"cota":0.57,"ano":2023,"bairro":"Limoeiro","rua":"Maria Scarpa Formonti"}},
{"type":"Feature","geometry":{"type":"Point","coordinates":[-48.88036,-27.05277]},"properties":{"cota":1.48,"ano":2023,"bairro":"Limoeiro","rua":"Maria Scarpa Formonti"}},
{"type":"Feature","geometry":{"type":"Point","coordinates":[-48.88059,-27.05337]},"properties":{"cota":5.2,"ano":2023,"bairro":"Limoeiro","rua":"Av. Beira Rio / Maria Scarpa Formonti"}},
{"type":"Feature","geometry":{"type":"Point","coordinates":[-48.93994,-27.1157]},"properties":{"cota":1.86,"ano":2023,"bairro":"Rio Branco","rua":"Vilton Barbosa"}},
{"type":"Feature","geometry":{"type":"Point","coordinates":[-48.94017,-27.11609]},"properties":{"cota":2.25,"ano":2023,"bairro":"Rio Branco","rua":"Vilton Barbosa"}},
{"type":"Feature","geometry":{"type":"Point","coordinates":[-48.94014,-27.11721]},"properties":{"cota":0.76,"ano":2023,"bairro":"Rio Branco","rua":"RB - 003"}},
{"type":"Feature","geometry":{"type":"Point","coordinates":[-48.94209,-27.12839]},"properties":{"cota":2.67,"ano":2023,"bairro":"Rio Branco","rua":"Leonardo Pedro Voss"}},
{"type":"Feature","geometry":{"type":"Point","coordinates":[-48.94208,-27.1281]},"properties":{"cota":1.45,"ano":2023,"bairro":"Rio Branco","rua":"Leonardo Pedro Voss"}},
{"type":"Feature","geometry":{"type":"Point","coordinates":[-48.91013,-27.09738]},"properties":{"cota":2.86,"ano":2023,"bairro":"Centro I","rua":"Arno Carlos Gracher"}},
{"type":"Feature","geometry":{"type":"Point","coordinates":[-48.91081,-27.09715]},"properties":{"cota":1.29,"ano":2023,"bairro":"Centro I","rua":"Moritz Germano Hoffmann"}},
{"type":"Feature","geometry":{"type":"Point","coordinates":[-48.9112,-27.09714]},"properties":{"cota":0.83,"ano":2023,"bairro":"Centro I","rua":"Moritz Germando Hoffmann"}},
{"type":"Feature","geometry":{"type":"Point","coordinates":[-48.90944,-27.09679]},"properties":{"cota":0.6,"ano":2023,"bairro":"Centro I","rua":"João Luiz Gonzaga"}},
{"type":"Feature","geometry":{"type":"Point","coordinates":[-48.90976,-27.09684]},"properties":{"cota":0.3,"ano":2023,"bairro":"Centro I","rua":"João Luiz Gonzaga"}},
{"type":"Feature","geometry":{"type":"Point","coordinates":[-48.90946,-27.09695]},"properties":{"cota":1.34,"ano":2023,"bairro":"Centro I","rua":"Arno Carlos Gracher"}},
{"type":"Feature","geometry":{"type":"Point","coordinates":[-48.9089,-27.09644]},"properties":{"cota":0.45,"ano":2023,"bairro":"Centro I","rua":"Arno Carlos Gracher"}},
{"type":"Feature","geometry":{"type":"Point","coordinates":[-48.90964,-27.09635]},"properties":{"cota":0.66,"ano":2023,"bairro":"Centro I","rua":"Vicente Schaefer"}},
{"type":"Feature","geometry":{"type":"Point","coordinates":[-48.90934,-27.09622]},"properties":{"cota":1.12,"ano":2023,"bairro":"Centro I","rua":"Arthur Olinger"}},
{"type":"Feature","geometry":{"type":"Point","coordinates":[-48.90928,-27.096]},"properties":{"cota":1.1,"ano":2023,"bairro":"Centro I","rua":"Arthu Olinger"}},
{"type":"Feature","geometry":{"type":"Point","coordinates":[-48.91013,-27.09594]},"properties":{"cota":0.21,"ano":2023,"bairro":"Centro I","rua":"Arthur Olinger"}},
{"type":"Feature","geometry":{"type":"Point","coordinates":[-48.91531,-27.09978]},"properties":{"cota":0.27,"ano":2023,"bairro":"Centro I","rua":"Rodrigues Alves"}},
{"type":"Feature","geometry":{"type":"Point","coordinates":[-48.94652,-27.10271]},"properties":{"cota":0.31,"ano":2023,"bairro":"Guarani","rua":"Gabriel Siegel"}},
{"type":"Feature","geometry":{"type":"Point","coordinates":[-48.94653,-27.10297]},"properties":{"cota":0.55,"ano":2023,"bairro":"Guarani","rua":"João Vos Júnior"}},
{"type":"Feature","geometry":{"type":"Point","coordinates":[-48.94653,-27.1035]},"properties":{"cota":0.2,"ano":2023,"bairro":"Guarani","rua":"João Vos Júnior"}},
{"type":"Feature","geometry":{"type":"Point","coordinates":[-48.94705,-27.10264]},"properties":{"cota":0.27,"ano":2023,"bairro":"Guarani","rua":"Gabriel Siegel"}},
{"type":"Feature","geometry":{"type":"Point","coordinates":[-48.94771,-27.10247]},"properties":{"cota":0.11,"ano":2023,"bairro":"Guarani","rua":"Gabriel Siegel"}},
{"type":"Feature","geometry":{"type":"Point","coordinates":[-48.94805,-27.10224]},"properties":{"cota":0.18,"ano":2023,"bairro":"Guarani","rua":"Gabriel Siegel"}},
{"type":"Feature","geometry":{"type":"Point","coordinates":[-48.93858,-27.11867]},"properties":{"cota":0.4,"ano":2023,"bairro":"Rio Branco","rua":"Claudino Huber"}},
{"type":"Feature","geometry":{"type":"Point","coordinates":[-48.94545,-27.11194]},"properties":{"cota":1.35,"ano":2023,"bairro":"Rio Branco","rua":"Ernesto Bianchini"}},
{"type":"Feature","geometry":{"type":"Point","coordinates":[-48.94549,-27.1123]},"properties":{"cota":2.22,"ano":2023,"bairro":"Rio Branco","rua":"Ernesto Bianchini"}},
{"type":"Feature","geometry":{"type":"Point","coordinates":[-48.9453,-27.11326]},"properties":{"cota":2.2,"ano":2023,"bairro":"Rio Branco","rua":"Ernesto Bianchini"}},
{"type":"Feature","geometry":{"type":"Point","coordinates":[-48.94498,-27.11386]},"properties":{"cota":1.14,"ano":2023,"bairro":"Rio Branco","rua":"Ernesto Bianchini"}},
{"type":"Feature","geometry":{"type":"Point","coordinates":[-48.94481,-27.11435]},"properties":{"cota":0.75,"ano":2023,"bairro":"Rio Branco","rua":"Ernesto Bianchini"}},
{"type":"Feature","geometry":{"type":"Point","coordinates":[-48.90934,-27.08679]},"properties":{"cota":0.5,"ano":2023,"bairro":"Santa Rita","rua":"Alemanha"}},
{"type":"Feature","geometry":{"type":"Point","coordinates":[-48.90934,-27.08712]},"properties":{"cota":0.19,"ano":2023,"bairro":"Santa Rita","rua":"Inglaterra"}},
{"type":"Feature","geometry":{"type":"Point","coordinates":[-48.90663,-27.08547]},"properties":{"cota":0.17,"ano":2023,"bairro":"Santa Rita","rua":"Célia Zen"}},
{"type":"Feature","geometry":{"type":"Point","coordinates":[-48.88951,-27.07447]},"properties":{"cota":0.9,"ano":2023,"bairro":"Santa Terezinha","rua":"Joaquim Reis"}},
{"type":"Feature","geometry":{"type":"Point","coordinates":[-48.88953,-27.07502]},"properties":{"cota":1.04,"ano":2023,"bairro":"Santa Terezinha","rua":"Joaquim Reis"}},
{"type":"Feature","geometry":{"type":"Point","coordinates":[-48.8902,-27.07517]},"properties":{"cota":0.63,"ano":2023,"bairro":"Santa Terezinha","rua":"George Boettger"}},
{"type":"Feature","geometry":{"type":"Point","coordinates":[-48.89099,-27.07467]},"properties":{"cota":0.25,"ano":2023,"bairro":"Santa Terezinha","rua":"Luiz Boss"}},
{"type":"Feature","geometry":{"type":"Point","coordinates":[-48.89101,-27.07409]},"properties":{"cota":0.17,"ano":2023,"bairro":"Santa Terezinha","rua":"Luiz Boss"}},
{"type":"Feature","geometry":{"type":"Point","coordinates":[-48.89258,-27.07194]},"properties":{"cota":3.16,"ano":2023,"bairro":"São Luiz","rua":"Av. Governador Luiz Henrique da Silveira"}},
{"type":"Feature","geometry":{"type":"Point","coordinates":[-48.90782,-27.08359]},"properties":{"cota":0.83,"ano":2023,"bairro":"Santa Rita","rua":"Vitório Demarche"}},
{"type":"Feature","geometry":{"type":"Point","coordinates":[-48.88233,-27.05725]},"properties":{"cota":2.66,"ano":2023,"bairro":"Santa Terezinha","rua":"Maria Martha Benvenutti Pereira"}},
{"type":"Feature","geometry":{"type":"Point","coordinates":[-48.88273,-27.05728]},"properties":{"cota":3.55,"ano":2023,"bairro":"Santa Terezinha","rua":"Av. Beira Rio"}},
{"type":"Feature","geometry":{"type":"Point","coordinates":[-48.88402,-27.06417]},"properties":{"cota":1.12,"ano":2023,"bairro":"Santa Terezinha","rua":"Theodoro Heirich Staack"}},
{"type":"Feature","geometry":{"type":"Point","coordinates":[-48.88258,-27.06413]},"properties":{"cota":0.18,"ano":2023,"bairro":"Santa Terezinha","rua":"Theodoro Heirich Staack"}},
{"type":"Feature","geometry":{"type":"Point","coordinates":[-48.88532,-27.06418]},"properties":{"cota":1.22,"ano":2023,"bairro":"Santa Terezinha","rua":"Theodoro Heirich Staack"}},
{"type":"Feature","geometry":{"type":"Point","coordinates":[-48.88399,-27.0645]},"properties":{"cota":1.23,"ano":2023,"bairro":"Santa Terezinha","rua":"Mathias Moritz"}},
{"type":"Feature","geometry":{"type":"Point","coordinates":[-48.8853,-27.06458]},"properties":{"cota":1.02,"ano":2023,"bairro":"Santa Terezinha","rua":"Francisco Staack"}},
{"type":"Feature","geometry":{"type":"Point","coordinates":[-48.88574,-27.06459]},"properties":{"cota":0.74,"ano":2023,"bairro":"Santa Terezinha","rua":"Francisco Staack"}},
{"type":"Feature","geometry":{"type":"Point","coordinates":[-48.94312,-27.10109]},"properties":{"cota":1.15,"ano":2023,"bairro":"Guarani","rua":"Godofredo Hassmann"}},
{"type":"Feature","geometry":{"type":"Point","coordinates":[-48.9431,-27.10138]},"properties":{"cota":0.46,"ano":2023,"bairro":"Guarani","rua":"Godofredo Hassmann"}},
{"type":"Feature","geometry":{"type":"Point","coordinates":[-48.9425,-27.10101]},"properties":{"cota":1.68,"ano":2023,"bairro":"Guarani","rua":"Ricardo Montibeller"}},
{"type":"Feature","geometry":{"type":"Point","coordinates":[-48.94248,-27.10156]},"properties":{"cota":1.28,"ano":2023,"bairro":"Guarani","rua":"Ricardo Montibeller"}},
{"type":"Feature","geometry":{"type":"Point","coordinates":[-48.94476,-27.10202]},"properties":{"cota":0.56,"ano":2023,"bairro":"Guarani","rua":"Osvaldo Hassmann"}},
{"type":"Feature","geometry":{"type":"Point","coordinates":[-48.94134,-27.09896]},"properties":{"cota":0.87,"ano":2023,"bairro":"Guarani","rua":"GU-07"}},
{"type":"Feature","geometry":{"type":"Point","coordinates":[-48.94132,-27.09957]},"properties":{"cota":1.29,"ano":2023,"bairro":"Guarani","rua":"GU-07"}},
{"type":"Feature","geometry":{"type":"Point","coordinates":[-48.94132,-27.09932]},"properties":{"cota":1.21,"ano":2023,"bairro":"Guarani","rua":"GU-07"}},
{"type":"Feature","geometry":{"type":"Point","coordinates":[-48.94144,-27.09894]},"properties":{"cota":0.48,"ano":2023,"bairro":"Guarani","rua":"General Osório"}},
{"type":"Feature","geometry":{"type":"Point","coordinates":[-48.94036,-27.09897]},"properties":{"cota":1.09,"ano":2023,"bairro":"Guarani","rua":"General Osório"}},
{"type":"Feature","geometry":{"type":"Point","coordinates":[-48.93959,-27.09873]},"properties":{"cota":1.27,"ano":2023,"bairro":"Guarani","rua":"General Osório"}},
{"type":"Feature","geometry":{"type":"Point","coordinates":[-48.93344,-27.09805]},"properties":{"cota":0.66,"ano":2023,"bairro":"Guarani","rua":"GU-01"}},
{"type":"Feature","geometry":{"type":"Point","coordinates":[-48.93345,-27.09782]},"properties":{"cota":1.49,"ano":2023,"bairro":"Guarani","rua":"GU-01"}},
{"type":"Feature","geometry":{"type":"Point","coordinates":[-48.93332,-27.09846]},"properties":{"cota":0.21,"ano":2023,"bairro":"Guarani","rua":"Ayres Lourenço Penk"}},
{"type":"Feature","geometry":{"type":"Point","coordinates":[-48.93272,-27.09816]},"properties":{"cota":0.96,"ano":2023,"bairro":"Guarani","rua":"Ayres Lourenço Penk"}},
{"type":"Feature","geometry":{"type":"Point","coordinates":[-48.93593,-27.10149]},"properties":{"cota":0.31,"ano":2023,"bairro":"Guarani","rua":"GU-19"}},
{"type":"Feature","geometry":{"type":"Point","coordinates":[-48.93681,-27.10098]},"properties":{"cota":0.14,"ano":2023,"bairro":"Guarani","rua":"Hercilio Paza"}},
{"type":"Feature","geometry":{"type":"Point","coordinates":[-48.93428,-27.09878]},"properties":{"cota":0.43,"ano":2023,"bairro":"Guarani","rua":"Henrique Deichmann"}},
{"type":"Feature","geometry":{"type":"Point","coordinates":[-48.93424,-27.09753]},"properties":{"cota":0.45,"ano":2023,"bairro":"Guarani","rua":"Henrique Deichmann"}},
{"type":"Feature","geometry":{"type":"Point","coordinates":[-48.93427,-27.09816]},"properties":{"cota":1.04,"ano":2023,"bairro":"Guarani","rua":"Henrique Deichmann"}},
{"type":"Feature","geometry":{"type":"Point","coordinates":[-48.94219,-27.0988]},"properties":{"cota":0.04,"ano":2023,"bairro":"Guarani","rua":"General Osório"}},
{"type":"Feature","geometry":{"type":"Point","coordinates":[-48.94201,-27.09944]},"properties":{"cota":0.86,"ano":2023,"bairro":"Guarani","rua":"Ernesto Bianchini"}},
{"type":"Feature","geometry":{"type":"Point","coordinates":[-48.94185,-27.10024]},"properties":{"cota":0.89,"ano":2023,"bairro":"Guarani","rua":"Ernesto Bianchini"}},
{"type":"Feature","geometry":{"type":"Point","coordinates":[-48.94204,-27.10004]},"properties":{"cota":1.09,"ano":2023,"bairro":"Guarani","rua":"Augusto Fischer"}},
{"type":"Feature","geometry":{"type":"Point","coordinates":[-48.94229,-27.1001]},"properties":{"cota":0.59,"ano":2023,"bairro":"Guarani","rua":"Augusto Fischer"}},
{"type":"Feature","geometry":{"type":"Point","coordinates":[-48.94283,-27.10024]},"properties":{"cota":0.34,"ano":2023,"bairro":"Guarani","rua":"Augusto Fischer"}},
{"type":"Feature","geometry":{"type":"Point","coordinates":[-48.94317,-27.10064]},"properties":{"cota":1.43,"ano":2023,"bairro":"Guarani","rua":"João Boos"}},
{"type":"Feature","geometry":{"type":"Point","coordinates":[-48.94321,-27.10035]},"properties":{"cota":0.4,"ano":2023,"bairro":"Guarani","rua":"João Boos"}},
{"type":"Feature","geometry":{"type":"Point","coordinates":[-48.94378,-27.09985]},"properties":{"cota":0.33,"ano":2023,"bairro":"Guarani","rua":"Júlio Schorner"}},
{"type":"Feature","geometry":{"type":"Point","coordinates":[-48.94366,-27.10013]},"properties":{"cota":0.45,"ano":2023,"bairro":"Guarani","rua":"Júlio Schorner"}},
{"type":"Feature","geometry":{"type":"Point","coordinates":[-48.94361,-27.10055]},"properties":{"cota":0.4,"ano":2023,"bairro":"Guarani","rua":"Júlio Schorner"}},
{"type":"Feature","geometry":{"type":"Point","coordinates":[-48.90895,-27.0833]},"properties":{"cota":3.05,"ano":2023,"bairro":"São Luiz","rua":"Av. Luiz Henrique da Silveira"}},
{"type":"Feature","geometry":{"type":"Point","coordinates":[-48.91032,-27.08649]},"properties":{"cota":2.73,"ano":2023,"bairro":"São Luiz","rua":"Avenida Luiz Henrique da Silveira"}},
{"type":"Feature","geometry":{"type":"Point","coordinates":[-48.8835,-27.06036]},"properties":{"cota":4.1,"ano":2023,"bairro":"Santa Terezinha","rua":"Av. Bepe Rosa"}},
{"type":"Feature","geometry":{"type":"Point","coordinates":[-48.8859,-27.06414]},"properties":{"cota":3.65,"ano":2023,"bairro":"Santa Terezinha","rua":"Avenida Bepe Rosa"}},
{"type":"Feature","geometry":{"type":"Point","coordinates":[-48.90873,-27.09742]},"properties":{"cota":1.08,"ano":2023,"bairro":"Centro II","rua":"Avenida Bepe Rosa"}},
{"type":"Feature","geometry":{"type":"Point","coordinates":[-48.91546,-27.10081]},"properties":{"cota":2.9,"ano":2023,"bairro":"Centro I","rua":"Av. Bepe Rosa"}},
{"type":"Feature","geometry":{"type":"Point","coordinates":[-48.92051,-27.10299]},"properties":{"cota":3.02,"ano":2023,"bairro":"Centro II","rua":"Avenida Bepe Rosa"}},
{"type":"Feature","geometry":{"type":"Point","coordinates":[-48.93602,-27.10103]},"properties":{"cota":10.22,"ano":2023,"bairro":"Guarani","rua":"Hilário Mattioli"}},
{"type":"Feature","geometry":{"type":"Point","coordinates":[-48.93684,-27.10145]},"properties":{"cota":9.94,"ano":2023,"bairro":"Guarani","rua":"Hercílio Paza"}},
{"type":"Feature","geometry":{"type":"Point","coordinates":[-48.91729,-27.10263]},"properties":{"cota":9.83,"ano":2023,"bairro":"Centro II","rua":"Beco Pavesi"}},
{"type":"Feature","geometry":{"type":"Point","coordinates":[-48.91259,-27.10024]},"properties":{"cota":1.68,"ano":2023,"bairro":"Centro II","rua":"Avenida Bepe Rosa"}},
{"type":"Feature","geometry":{"type":"Point","coordinates":[-48.9367,-27.09764]},"properties":{"cota":1.3,"ano":2023,"bairro":"Guarani","rua":"General Osório"}},
{"type":"Feature","geometry":{"type":"Point","coordinates":[-48.93847,-27.09939]},"properties":{"cota":0.91,"ano":2023,"bairro":"Guarani","rua":"Orídes Schwatz"}},
{"type":"Feature","geometry":{"type":"Point","coordinates":[-48.95162,-27.13634]},"properties":{"cota":1.11,"ano":2023,"bairro":"Rio Branco","rua":"João Bianchini"}},
{"type":"Feature","geometry":{"type":"Point","coordinates":[-48.87876,-27.05739]},"properties":{"cota":9.13,"ano":2023,"bairro":"Santa Terezinha","rua":"Dorval Luz"}},
{"type":"Feature","geometry":{"type":"Point","coordinates":[-48.87521,-27.04387]},"properties":{"cota":8.99,"ano":2023,"bairro":"Volta Grande","rua":"Aires Cardoso"}},
{"type":"Feature","geometry":{"type":"Point","coordinates":[-48.89493,-27.07472]},"properties":{"cota":2.17,"ano":2023,"bairro":"Santa Terezinha","rua":"Leopoldo Heil"}},
{"type":"Feature","geometry":{"type":"Point","coordinates":[-48.88322,-27.06067]},"properties":{"cota":0.94,"ano":2023,"bairro":"Santa Terezinha","rua":"Catarina Staack"}},
{"type":"Feature","geometry":{"type":"Point","coordinates":[-48.8833,-27.06052]},"properties":{"cota":0.98,"ano":2023,"bairro":"Santa Terezinha","rua":"Catarina Staack"}},
{"type":"Feature","geometry":{"type":"Point","coordinates":[-48.88277,-27.0607]},"properties":{"cota":1.08,"ano":2023,"bairro":"Santa Terezinha","rua":"Catarina Staack"}},
{"type":"Feature","geometry":{"type":"Point","coordinates":[-48.88186,-27.06075]},"properties":{"cota":0.66,"ano":2023,"bairro":"Santa Terezinha","rua":"Catarina Staack"}},
{"type":"Feature","geometry":{"type":"Point","coordinates":[-48.88304,-27.06015]},"properties":{"cota":1.83,"ano":2023,"bairro":"Santa Terezinha","rua":"Júlio Orthmann"}},
{"type":"Feature","geometry":{"type":"Point","coordinates":[-48.88243,-27.06012]},"properties":{"cota":1.54,"ano":2023,"bairro":"Santa Terezinha","rua":"Júlio Orthmann"}},
{"type":"Feature","geometry":{"type":"Point","coordinates":[-48.88166,-27.06016]},"properties":{"cota":1,"ano":2023,"bairro":"Santa Terezinha","rua":"Júlio Orthamann"}},
{"type":"Feature","geometry":{"type":"Point","coordinates":[-48.89282,-27.07316]},"properties":{"cota":2.01,"ano":2023,"bairro":"Santa Terezinha","rua":"João Habitzreuter"}},
{"type":"Feature","geometry":{"type":"Point","coordinates":[-48.95607,-27.13533]},"properties":{"cota":1.26,"ano":2023,"bairro":"Dom Joaquim","rua":"Beira Rio"}},
{"type":"Feature","geometry":{"type":"Point","coordinates":[-48.95553,-27.13587]},"properties":{"cota":0.99,"ano":2023,"bairro":"Dom Joaquim","rua":"Beira Rio"}},
{"type":"Feature","geometry":{"type":"Point","coordinates":[-48.95632,-27.13489]},"properties":{"cota":0.5,"ano":2023,"bairro":"Dom Joaquim","rua":"Beira Rio"}},
{"type":"Feature","geometry":{"type":"Point","coordinates":[-48.95161,-27.13588]},"properties":{"cota":1.21,"ano":2023,"bairro":"Rio Branco","rua":"João Bianchini"}},
{"type":"Feature","geometry":{"type":"Point","coordinates":[-48.95159,-27.13489]},"properties":{"cota":8.99,"ano":2023,"bairro":"Rio  Branco","rua":"João Bianchini"}},
{"type":"Feature","geometry":{"type":"Point","coordinates":[-48.95163,-27.13673]},"properties":{"cota":0.88,"ano":2023,"bairro":"Rio Branco","rua":"João Bianchini"}},
{"type":"Feature","geometry":{"type":"Point","coordinates":[-48.93849,-27.09829]},"properties":{"cota":1.13,"ano":2023,"bairro":"Guarani","rua":"Orídes Schwatz"}},
{"type":"Feature","geometry":{"type":"Point","coordinates":[-48.93682,-27.09753]},"properties":{"cota":1.3,"ano":2023,"bairro":"Guarani","rua":"Gerson Venturelli"}},
{"type":"Feature","geometry":{"type":"Point","coordinates":[-48.93697,-27.09733]},"properties":{"cota":0.2,"ano":2023,"bairro":"Guarani","rua":"Gerson Venturelli"}},
{"type":"Feature","geometry":{"type":"Point","coordinates":[-48.88559,-27.0641]},"properties":{"cota":2.94,"ano":2023,"bairro":"Santa Terezinha","rua":"Avenida Bepe Rosa"}},
{"type":"Feature","geometry":{"type":"Point","coordinates":[-48.88588,-27.06432]},"properties":{"cota":3.66,"ano":2023,"bairro":"Santa Terezinha","rua":"Avenida Bepe Rosa"}},
{"type":"Feature","geometry":{"type":"Point","coordinates":[-48.90919,-27.09783]},"properties":{"cota":1.18,"ano":2023,"bairro":"Centro II","rua":"Manfredo Hoffmann"}},
{"type":"Feature","geometry":{"type":"Point","coordinates":[-48.91376,-27.10089]},"properties":{"cota":3.42,"ano":2023,"bairro":"Centro II","rua":"Avenida Bepe Rosa"}},
{"type":"Feature","geometry":{"type":"Point","coordinates":[-48.91932,-27.10256]},"properties":{"cota":3.19,"ano":2023,"bairro":"Centro II","rua":"Avenida Bepe Rosa"}},
{"type":"Feature","geometry":{"type":"Point","coordinates":[-48.87539,-27.04366]},"properties":{"cota":0.37,"ano":2023,"bairro":"Volta Grande","rua":"Aires Cardoso"}},
{"type":"Feature","geometry":{"type":"Point","coordinates":[-48.87578,-27.04311]},"properties":{"cota":0.12,"ano":2023,"bairro":"Volta Grande","rua":"Aires Cardoso"}},
{"type":"Feature","geometry":{"type":"Point","coordinates":[-48.8762,-27.04246]},"properties":{"cota":0.44,"ano":2023,"bairro":"Volta Grande","rua":"Aires Cardoso"}},
{"type":"Feature","geometry":{"type":"Point","coordinates":[-48.87631,-27.04225]},"properties":{"cota":0.25,"ano":2023,"bairro":"Volta Grande","rua":"Rua Abraão de Souza e Silva"}},
{"type":"Feature","geometry":{"type":"Point","coordinates":[-48.90926,-27.08486]},"properties":{"cota":2.85,"ano":2023,"bairro":"São Luiz","rua":"Avenida Luiz Henrique da Silveira"}},
{"type":"Feature","geometry":{"type":"Point","coordinates":[-48.90778,-27.09058]},"properties":{"cota":3.84,"ano":2023,"bairro":"Centro I","rua":"Av. Governador Luiz Henrique da Silveira"}},
{"type":"Feature","geometry":{"type":"Point","coordinates":[-48.88337,-27.06064]},"properties":{"cota":2.37,"ano":2023,"bairro":"Santa Terezinha","rua":"Catarina Staack"}},
{"type":"Feature","geometry":{"type":"Point","coordinates":[-48.88349,-27.06073]},"properties":{"cota":4.05,"ano":2023,"bairro":"Santa Terezinha","rua":"Av. Bepe Rosa"}},
{"type":"Feature","geometry":{"type":"Point","coordinates":[-48.90926,-27.09014]},"properties":{"cota":2.78,"ano":2023,"bairro":"Centro II","rua":"Av. Governador Luiz Henrique da Silveira"}},
{"type":"Feature","geometry":{"type":"Point","coordinates":[-48.88322,-27.06003]},"properties":{"cota":3.81,"ano":2023,"bairro":"Santa Terezinha","rua":"Av. Beira Rio"}},
{"type":"Feature","geometry":{"type":"Point","coordinates":[-48.90756,-27.09008]},"properties":{"cota":3.71,"ano":2023,"bairro":"Santa Rita","rua":"Av. Bepe Rosa"}},
{"type":"Feature","geometry":{"type":"Point","coordinates":[-48.88094,-27.05728]},"properties":{"cota":9,"ano":2023,"bairro":"Santa Terezinha","rua":"Maria Martha Benvenutti Pereira"}},
{"type":"Feature","geometry":{"type":"Point","coordinates":[-48.87989,-27.05727]},"properties":{"cota":9.11,"ano":2023,"bairro":"Santa Terezinha","rua":"Maria Martha Benvenutti Pereira"}},
{"type":"Feature","geometry":{"type":"Point","coordinates":[-48.91792,-27.10169]},"properties":{"cota":8.27,"ano":2023,"bairro":"Centro II","rua":"Beco Laguna"}},
{"type":"Feature","geometry":{"type":"Point","coordinates":[-48.91804,-27.10152]},"properties":{"cota":3.04,"ano":2023,"bairro":"CII","rua":"Av. Bepe Rosa"}},
{"type":"Feature","geometry":{"type":"Point","coordinates":[-48.91759,-27.1022]},"properties":{"cota":9.78,"ano":2023,"bairro":"Centro II","rua":"Beco Laguna"}},
{"type":"Feature","geometry":{"type":"Point","coordinates":[-48.9172,-27.10272]},"properties":{"cota":9.64,"ano":2023,"bairro":"Centro II","rua":"Pedro Werner"}},
{"type":"Feature","geometry":{"type":"Point","coordinates":[-48.91449,-27.10099]},"properties":{"cota":3.01,"ano":2023,"bairro":"Centro II","rua":"Av. Bepe Rosa"}},
{"type":"Feature","geometry":{"type":"Point","coordinates":[-49.00074,-27.14743]},"properties":{"cota":1.86,"ano":2023,"bairro":"Dom Joaquim","rua":"DJ 042"}},
{"type":"Feature","geometry":{"type":"Point","coordinates":[-48.93026,-27.09933]},"properties":{"cota":1.13,"ano":2023,"bairro":"Jardim Maluche","rua":"Pedro Guilherme Klann Krieger"}},
{"type":"Feature","geometry":{"type":"Point","coordinates":[-48.9302,-27.09879]},"properties":{"cota":1.44,"ano":2023,"bairro":"Jardim Maluche","rua":"Pedro Guilherme Klann Krieger"}},
{"type":"Feature","geometry":{"type":"Point","coordinates":[-48.9303,-27.09984]},"properties":{"cota":0.3,"ano":2023,"bairro":"Jardim Maluche","rua":"Francisco Sassi"}},
{"type":"Feature","geometry":{"type":"Point","coordinates":[-48.92832,-27.09909]},"properties":{"cota":1.44,"ano":2023,"bairro":"Jardim Maluche","rua":"Continuação Beira Rio"}},
{"type":"Feature","geometry":{"type":"Point","coordinates":[-48.92782,-27.09912]},"properties":{"cota":3.01,"ano":2023,"bairro":"Jardim Maluche","rua":"Continuação Beira Rio"}},
{"type":"Feature","geometry":{"type":"Point","coordinates":[-48.90533,-27.09223]},"properties":{"cota":0.56,"ano":2023,"bairro":"Centro II","rua":"Selma Carminatti Kohler"}},
{"type":"Feature","geometry":{"type":"Point","coordinates":[-48.90553,-27.09231]},"properties":{"cota":1.29,"ano":2023,"bairro":"Centro II","rua":"Av. Bepe Rosa"}},
{"type":"Feature","geometry":{"type":"Point","coordinates":[-48.90566,-27.09162]},"properties":{"cota":1.48,"ano":2023,"bairro":"Centro II","rua":"Av. Bepe Rosa"}},
{"type":"Feature","geometry":{"type":"Point","coordinates":[-49.00111,-27.14724]},"properties":{"cota":1.2,"ano":2023,"bairro":"Dom Joaquim","rua":"DJ-042"}},
{"type":"Feature","geometry":{"type":"Point","coordinates":[-49.00146,-27.14701]},"properties":{"cota":0.9,"ano":2023,"bairro":"Dom Joaquim","rua":"DJ-042"}},
{"type":"Feature","geometry":{"type":"Point","coordinates":[-48.96758,-27.1389]},"properties":{"cota":7.58,"ano":2023,"bairro":"Dom Joaquim","rua":"Beira Rio"}},
{"type":"Feature","geometry":{"type":"Point","coordinates":[-48.93451,-27.10277]},"properties":{"cota":1.1,"ano":2023,"bairro":"Maluche","rua":"Francisco Sassi"}},
{"type":"Feature","geometry":{"type":"Point","coordinates":[-48.91354,-27.10002]},"properties":{"cota":3.75,"ano":2023,"bairro":"Centro I","rua":"Avenida Arno Carlos Gracher"}},
{"type":"Feature","geometry":{"type":"Point","coordinates":[-48.90777,-27.09101]},"properties":{"cota":11.01,"ano":2023,"bairro":"Centro 1","rua":"Barão do Rio Branco"}},
{"type":"Feature","geometry":{"type":"Point","coordinates":[-48.9071,-27.09091]},"properties":{"cota":10.52,"ano":2023,"bairro":"Centro 1","rua":"Av. Arno Carlos Gracher"}},
{"type":"Feature","geometry":{"type":"Point","coordinates":[-48.87892,-27.04687]},"properties":{"cota":0.29,"ano":2023,"bairro":"Limoeiro","rua":"Afonso Belli"}},
{"type":"Feature","geometry":{"type":"Point","coordinates":[-48.87892,-27.04623]},"properties":{"cota":0.3,"ano":2023,"bairro":"Limoeiro","rua":"Afonso Belli"}},
{"type":"Feature","geometry":{"type":"Point","coordinates":[-48.87891,-27.04587]},"properties":{"cota":0.25,"ano":2023,"bairro":"Limoeiro","rua":"Afonso Belli"}},
{"type":"Feature","geometry":{"type":"Point","coordinates":[-48.87808,-27.04522]},"properties":{"cota":0.62,"ano":2023,"bairro":"Limoeiro","rua":"Horácio Anacleto da Silva"}},
{"type":"Feature","geometry":{"type":"Point","coordinates":[-48.87811,-27.0461]},"properties":{"cota":0.35,"ano":2023,"bairro":"Limoeiro","rua":"Horácio Anacleto da Silva"}},
{"type":"Feature","geometry":{"type":"Point","coordinates":[-48.87813,-27.047]},"properties":{"cota":0.42,"ano":2023,"bairro":"Limoeiro","rua":"Horácio Anacleto da Silva"}}
]}