{"type": "FeatureCollection", "name": "brusque_vizinhas", "crs": {"type": "name", "properties": {"name": "urn:ogc:def:crs:OGC:1.3:CRS84"}}, "features": [{"type": "Feature", "properties": {"nome": "Botuverá", "camada": "limite", "fonte": "OpenStreetMap (ODbL)"}, "geometry": {"type": "MultiPolygon", "coordinates": [[[[-49.2478, -27.2811028], [-49.2477693, -27.2810776], [-49.2477421, -27.2810485], [-49.247718, -27.2810205], [-49.2477059, -27.2810065], [-49.247661, -27.2809506], [-49.2475716, -27.2808122], [-49.2475517, -27.2807757], [-49.2475356, -27.2807425], [-49.2475262, -27.2807191], [-49.2475213, -27.2806983], [-49.2475213, -27.2806888], [-49.2475251, -27.2806799], [-49.2475387, -27.2806606], [-49.2476349, -27.2805221], [-49.247668, -27.2804455], [-49.2477127, -27.2802321], [-49.2477155, -27.2799798], [-49.2477156, -27.279978], [-49.2477164, -27.279963], [-49.2477243, -27.2798171], [-49.2477265, -27.2797797], [-49.2477324, -27.27973], [-49.2477634, -27.2794578], [-49.2477617, -27.2794237], [-49.247754, -27.2793905], [-49.2477354, -27.2793468], [-49.2476828, -27.2792857], [-49.2476789, -27.2792835], [-49.2474649, -27.2791639], [-49.2474562, -27.2791589], [-49.2472963, -27.2790682], [-49.2470917, -27.2789751], [-49.2468283, -27.2788708], [-49.2467488, -27.2788534], [-49.2466446, -27.2788401], [-49.2463462, -27.2788589], [-49.2463115, -27.2788587], [-49.246263, -27.2788506], [-49.246239, -27.2788387], [-49.2462158, -27.2788201], [-49.2462021, -27.2788066], [-49.2462003, -27.2788048], [-49.2461772, -27.2787604], [-49.2461706, -27.2787424], [-49.2461641, -27.2787206], [-49.2461561, -27.2785739], [-49.2461726, -27.278205], [-49.2461704, -27.278135], [-49.2461658, -27.2781029], [-49.2461483, -27.2780541], [-49.2460964, -27.2779843], [-49.2458159, -27.277683], [-49.2455963, -27.277447], [-49.245309, -27.2771212], [-49.2452233, -27.277024], [-49.2452223, -27.2770228], [-49.2450978, -27.2768706], [-49.2450821, -27.2768435], [-49.2450593, -27.2767864], [-49.245053, -27.2767644], [-49.2450469, -27.2767358], [-49.2450411, -27.2767009], [-49.2450258, -27.2766673], [-49.2450231, -27.2766642], [-49.2449884, -27.2766257], [-49.2449472, -27.2765912], [-49.2447574, -27.2764494], [-49.2445406, -27.2762784], [-49.2444566, -27.276204], [-49.2444185, -27.2761617], [-49.2443936, -27.2761188], [-49.2443658, -27.2760756], [-49.244293, -27.2759644], [-49.2442499, -27.2759118], [-49.2442119, -27.2758837], [-49.2441977, -27.2758732], [-49.2439688, -27.2757515], [-49.2439214, -27.2757218], [-49.2439011, -27.2757091], [-49.2438809, -27.2756964], [-49.2437744, -27.2756238], [-49.2437335, -27.2755876], [-49.2437267, -27.2755815], [-49.2437198, -27.275575], [-49.243711, -27.2755667], [-49.2436625, -27.2755212], [-49.2434923, -27.275369], [-49.2434393, -27.2753122], [-49.2434075, -27.2752781], [-49.2433841, -27.2752569], [-49.2433564, -27.2752327], [-49.2433518, -27.2752068], [-49.2433683, -27.2751706], [-49.2434266, -27.2750691], [-49.2434311, -27.275031], [-49.2434361, -27.274968], [-49.2434277, -27.27493], [-49.2434155, -27.2748721], [-49.2433971, -27.2747848], [-49.2432852, -27.2744447], [-49.2432611, -27.2743473], [-49.2432377, -27.274238], [-49.2432177, -27.2739512], [-49.2431978, -27.2737551], [-49.2431761, -27.2736824], [-49.2431202, -27.2736156], [-49.2430155, -27.2735095], [-49.2430112, -27.2735051], [-49.2428548, -27.2733984], [-49.2425073, -27.2731769], [-49.2424068, -27.27312], [-49.2423992, -27.2731177], [-49.242341, -27.2730994], [-49.2422861, -27.2730963], [-49.2420568, -27.2731181], [-49.2419204, -27.273116], [-49.241904, -27.2731145], [-49.2418925, -27.2731134], [-49.2418867, -27.2731121], [-49.2418596, -27.273106], [-49.2418247, -27.2730932], [-49.2417601, -27.2730621], [-49.2416193, -27.2729833], [-49.2415778, -27.2729643], [-49.2415341, -27.2729519], [-49.2414833, -27.2729367], [-49.241359, -27.272829], [-49.2412105, -27.2727009], [-49.241166, -27.2726537], [-49.2411566, -27.2726437], [-49.2411096, -27.2725938], [-49.2410149, -27.2724362], [-49.2409287, -27.2722929], [-49.2408226, -27.272181], [-49.2407439, -27.2721279], [-49.2406486, -27.2720749], [-49.240616, -27.2720568], [-49.2403597, -27.2719446], [-49.2401281, -27.2718327], [-49.2401218, -27.2718287], [-49.2399776, -27.271736], [-49.2396564, -27.2714729], [-49.239626, -27.2714402], [-49.2395208, -27.2713274], [-49.2394158, -27.2711507], [-49.2392347, -27.2708625], [-49.2391915, -27.2707988], [-49.2390722, -27.270693], [-49.2390416, -27.2706658], [-49.2388777, -27.2705381], [-49.2386748, -27.27038], [-49.2383465, -27.2701247], [-49.23802, -27.2698647], [-49.237926, -27.269775], [-49.2378049, -27.2696061], [-49.2376794, -27.2693822], [-49.237643, -27.2693173], [-49.23759, -27.2692226], [-49.2374911, -27.2690486], [-49.2373784, -27.2688503], [-49.237304, -27.2687467], [-49.2372085, -27.2686381], [-49.2371312, -27.2684981], [-49.2371097, -27.2684505], [-49.2371004, -27.2684298], [-49.237091, -27.2683538], [-49.2370982, -27.2682355], [-49.237115, -27.2681804], [-49.2372436, -27.2679845], [-49.237252, -27.2679603], [-49.237263, -27.2679288], [-49.237288, -27.2678571], [-49.2372938, -27.2677166], [-49.2372692, -27.2675963], [-49.2372342, -27.2674615], [-49.2371642, -27.2673043], [-49.2370847, -27.2671864], [-49.2369615, -27.2670395], [-49.23695, -27.2670275], [-49.2368346, -27.2669068], [-49.2364527, -27.2665734], [-49.2361753, -27.2663393], [-49.2360038, -27.2662265], [-49.2358953, -27.266162], [-49.2356374, -27.2660339], [-49.2354268, -27.2659381], [-49.2352178, -27.2658517], [-49.2349959, -27.2658031], [-49.2347726, -27.2657418], [-49.2347188, -27.2657271], [-49.2347002, -27.2657219], [-49.2345488, -27.2656805], [-49.2344594, -27.2656336], [-49.23443, -27.2655906], [-49.2344167, -27.2655399], [-49.2344229, -27.2654831], [-49.2344848, -27.2654183], [-49.234493, -27.2654097], [-49.2345265, -27.2653782], [-49.2346706, -27.2652429], [-49.234741, -27.2651475], [-49.2348778, -27.2648822], [-49.2349636, -27.2647095], [-49.2349714, -27.2646654], [-49.2349634, -27.2646147], [-49.2349188, -27.2644706], [-49.2348509, -27.2642515], [-49.234849, -27.2642452], [-49.2348401, -27.2642253], [-49.2347602, -27.2640467], [-49.2347096, -27.2640034], [-49.2345991, -27.2639498], [-49.2345447, -27.2639223], [-49.2345117, -27.2638871], [-49.2345018, -27.2638642], [-49.2344691, -27.2637886], [-49.2344034, -27.2636915], [-49.2342083, -27.2633999], [-49.2341798, -27.2633048], [-49.2341816, -27.2632419], [-49.2341837, -27.2631674], [-49.2342215, -27.2629025], [-49.2342202, -27.2628767], [-49.2342175, -27.2628187], [-49.2341957, -27.262741], [-49.23411, -27.2625725], [-49.2340967, -27.262517], [-49.234105, -27.2624445], [-49.23414, -27.2622427], [-49.2341769, -27.2620283], [-49.2341771, -27.2620159], [-49.234178, -27.2619636], [-49.2341648, -27.2619018], [-49.2341096, -27.2618174], [-49.2340613, -27.261741], [-49.2339835, -27.2615157], [-49.233951, -27.2614505], [-49.2338, -27.2612717], [-49.2337441, -27.2612203], [-49.2335404, -27.261033], [-49.2334321, -27.2609526], [-49.2333891, -27.2608763], [-49.2333682, -27.2607465], [-49.2333687, -27.2607107], [-49.2333691, -27.2606904], [-49.2333706, -27.2605917], [-49.2333936, -27.2604798], [-49.233455, -27.2604], [-49.2335359, -27.2603142], [-49.2335436, -27.2602748], [-49.2335401, -27.2602396], [-49.2335222, -27.2600581], [-49.2334917, -27.2598666], [-49.2334748, -27.2598142], [-49.2334281, -27.259752], [-49.2332743, -27.2596379], [-49.2330647, -27.2594821], [-49.2330335, -27.2594399], [-49.2330246, -27.2593872], [-49.2330282, -27.2593284], [-49.2330428, -27.2592833], [-49.2330598, -27.2592308], [-49.233096, -27.2591807], [-49.2331725, -27.2591438], [-49.2333166, -27.2590903], [-49.2333664, -27.2590672], [-49.2333847, -27.2590327], [-49.2334178, -27.258951], [-49.2334625, -27.2588015], [-49.2334986, -27.2586471], [-49.2334988, -27.2586434], [-49.2335058, -27.2585256], [-49.2334966, -27.2584354], [-49.2334448, -27.2582452], [-49.2333507, -27.2580466], [-49.2332601, -27.2578543], [-49.2332557, -27.2577989], [-49.2332618, -27.2577453], [-49.2332944, -27.2576999], [-49.2333702, -27.2576521], [-49.2333893, -27.2576437], [-49.2334033, -27.2576371], [-49.2336132, -27.257546], [-49.2341332, -27.2573013], [-49.2341781, -27.2572577], [-49.2341998, -27.2572248], [-49.2341973, -27.2571616], [-49.2341746, -27.25708], [-49.2341722, -27.2570712], [-49.2341141, -27.2569441], [-49.2340661, -27.2568519], [-49.2339982, -27.2567815], [-49.2338933, -27.2567138], [-49.2338723, -27.2567022], [-49.2338319, -27.2566799], [-49.2337903, -27.2566288], [-49.2337395, -27.2564892], [-49.2336639, -27.2562418], [-49.2336605, -27.2562237], [-49.2336508, -27.2561721], [-49.2336187, -27.2558573], [-49.2336194, -27.25581], [-49.2336527, -27.2557172], [-49.2337827, -27.2554297], [-49.2339223, -27.2552103], [-49.2339861, -27.2550863], [-49.2340693, -27.2549841], [-49.2341212, -27.2549285], [-49.2342458, -27.254761], [-49.234307, -27.2546892], [-49.2343947, -27.2546255], [-49.2344306, -27.254588], [-49.2344545, -27.2545283], [-49.23447, -27.2544464], [-49.2344653, -27.2543668], [-49.2344632, -27.2543314], [-49.234453, -27.2541792], [-49.2344265, -27.2540635], [-49.2344072, -27.2539981], [-49.2344064, -27.2539953], [-49.2343773, -27.2539349], [-49.2343237, -27.2538553], [-49.2342315, -27.2537506], [-49.2341605, -27.25367], [-49.2340285, -27.2535261], [-49.2337426, -27.2532698], [-49.2335724, -27.2530797], [-49.2335362, -27.2530223], [-49.2335108, -27.2529525], [-49.2335068, -27.2529406], [-49.233499, -27.2529177], [-49.233477, -27.2528526], [-49.2334591, -27.2527575], [-49.2334495, -27.2526813], [-49.2334402, -27.2526072], [-49.2334393, -27.2525417], [-49.2334161, -27.2523431], [-49.2333479, -27.2520753], [-49.2333376, -27.2519472], [-49.2333453, -27.2517909], [-49.2333532, -27.2517054], [-49.2333539, -27.2516978], [-49.2333665, -27.2516586], [-49.2333706, -27.2516459], [-49.233433, -27.2514982], [-49.2334367, -27.2514821], [-49.233442, -27.2514592], [-49.2334577, -27.2513911], [-49.2334756, -27.251335], [-49.2334953, -27.2512462], [-49.233507, -27.2511785], [-49.2335031, -27.2510884], [-49.2334815, -27.2510044], [-49.2334667, -27.2509807], [-49.2334177, -27.2509025], [-49.2332747, -27.2507288], [-49.2332547, -27.2507045], [-49.2331694, -27.2506181], [-49.2331564, -27.2505924], [-49.2331129, -27.2505068], [-49.2331066, -27.2504929], [-49.2330036, -27.2502638], [-49.2329505, -27.2501541], [-49.2328656, -27.2500028], [-49.2327665, -27.249872], [-49.2325977, -27.2496452], [-49.2324579, -27.2493898], [-49.2323421, -27.249174], [-49.2322724, -27.2490037], [-49.2322573, -27.2489668], [-49.232223, -27.2488367], [-49.2322066, -27.2487299], [-49.2321984, -27.248673], [-49.2321498, -27.2485496], [-49.232094, -27.2483126], [-49.2320578, -27.2481373], [-49.2320559, -27.2480979], [-49.2320551, -27.2480631], [-49.2320699, -27.2480297], [-49.2320991, -27.2479849], [-49.2321374, -27.2479414], [-49.2321458, -27.2478998], [-49.2321428, -27.247843], [-49.2321018, -27.2477359], [-49.2320636, -27.2476926], [-49.2320211, -27.2476735], [-49.2320111, -27.2476719], [-49.2319591, -27.2476635], [-49.2319114, -27.2476581], [-49.2318988, -27.247657], [-49.2318406, -27.2476368], [-49.2317882, -27.2476272], [-49.231756, -27.2476185], [-49.2317359, -27.2476048], [-49.2317195, -27.2475792], [-49.2316844, -27.2475459], [-49.2316328, -27.2475331], [-49.2315831, -27.247539], [-49.2315621, -27.2475409], [-49.2315443, -27.2475382], [-49.2315262, -27.2475278], [-49.231391, -27.247421], [-49.2311924, -27.247233], [-49.2311357, -27.2471751], [-49.2311148, -27.2471585], [-49.2310709, -27.2471432], [-49.2310355, -27.2471275], [-49.2310139, -27.2471129], [-49.2309403, -27.2469912], [-49.230918, -27.2469598], [-49.2308904, -27.2469317], [-49.2308417, -27.2468982], [-49.2308177, -27.2468805], [-49.2307883, -27.2468494], [-49.230754, -27.246829], [-49.2306939, -27.2467999], [-49.2306868, -27.2467995], [-49.2306563, -27.2467864], [-49.2305671, -27.2466915], [-49.2304783, -27.2465722], [-49.2304368, -27.2464906], [-49.2303688, -27.2463658], [-49.2303, -27.2462908], [-49.2302524, -27.2461871], [-49.2302025, -27.2461448], [-49.2301549, -27.2461245], [-49.2300921, -27.2460785], [-49.23, -27.2460009], [-49.2299716, -27.2459855], [-49.2298079, -27.2458982], [-49.2297446, -27.2458555], [-49.2297061, -27.2458275], [-49.2296778, -27.2458021], [-49.2296547, -27.2457712], [-49.2296242, -27.245695], [-49.2295938, -27.2456221], [-49.2295661, -27.2455733], [-49.229519, -27.245505], [-49.2294814, -27.2454545], [-49.2294231, -27.2453416], [-49.2293927, -27.2452801], [-49.2293739, -27.2452357], [-49.2293333, -27.2451592], [-49.229308, -27.2451169], [-49.2292689, -27.2450361], [-49.2292143, -27.2449636], [-49.2291588, -27.2448679], [-49.229149, -27.2448386], [-49.2291155, -27.2447388], [-49.229097, -27.2446807], [-49.2290628, -27.2446281], [-49.2290218, -27.2446021], [-49.2289988, -27.2445798], [-49.2289775, -27.2445332], [-49.2289716, -27.2444949], [-49.2289514, -27.2444611], [-49.2288987, -27.2444373], [-49.2288513, -27.2444184], [-49.2287888, -27.2443794], [-49.2287225, -27.2443273], [-49.2286901, -27.2442913], [-49.2286531, -27.2442326], [-49.2286253, -27.2441471], [-49.2286214, -27.2440854], [-49.2286326, -27.2439909], [-49.2286327, -27.2439231], [-49.2286142, -27.2438647], [-49.2285491, -27.2437685], [-49.2282768, -27.2435036], [-49.2280929, -27.2433365], [-49.2279816, -27.2432362], [-49.2278718, -27.2431854], [-49.2277183, -27.24313], [-49.2276086, -27.243073], [-49.2275144, -27.243024], [-49.2274596, -27.2429666], [-49.2274203, -27.2429082], [-49.2273943, -27.2428314], [-49.2273791, -27.2427281], [-49.2273729, -27.2426307], [-49.2273843, -27.2425626], [-49.2274069, -27.2425281], [-49.2274088, -27.2424934], [-49.2273931, -27.242419], [-49.2273912, -27.2423991], [-49.22739, -27.2423871], [-49.2273882, -27.2423685], [-49.2273853, -27.2423379], [-49.2273576, -27.2422842], [-49.2272961, -27.2422418], [-49.2272704, -27.2422311], [-49.2272214, -27.2422107], [-49.2271654, -27.2421521], [-49.2271045, -27.2420644], [-49.227072, -27.2420254], [-49.2268693, -27.2417823], [-49.2267893, -27.2416759], [-49.226753, -27.2416002], [-49.2267071, -27.2414675], [-49.2266428, -27.2412744], [-49.226604, -27.2411848], [-49.2265596, -27.2411263], [-49.2265265, -27.24109], [-49.2264248, -27.2410481], [-49.226328, -27.2410238], [-49.2262404, -27.2409914], [-49.2261797, -27.2409755], [-49.2259404, -27.240947], [-49.2257335, -27.2409212], [-49.2256546, -27.240911], [-49.2254898, -27.2409286], [-49.2253604, -27.2409154], [-49.2252335, -27.2409091], [-49.2249858, -27.2408388], [-49.2248856, -27.2407842], [-49.2248129, -27.2407103], [-49.2247402, -27.2406365], [-49.2245407, -27.2403919], [-49.2244372, -27.2402145], [-49.2243861, -27.2400876], [-49.2243763, -27.2399693], [-49.2243614, -27.239851], [-49.2243466, -27.2397199], [-49.2243192, -27.2395713], [-49.2243105, -27.2394658], [-49.2242847, -27.2393751], [-49.2242393, -27.2392935], [-49.2241696, -27.2391941], [-49.2240828, -27.2391131], [-49.2239005, -27.2390066], [-49.2237935, -27.2389693], [-49.2236901, -27.2389552], [-49.2235111, -27.2389657], [-49.223189, -27.2390103], [-49.2230411, -27.2390211], [-49.2229399, -27.2390291], [-49.2228933, -27.2390262], [-49.2228665, -27.239005], [-49.2228584, -27.2389859], [-49.2228667, -27.2388267], [-49.2228879, -27.238718], [-49.2228754, -27.2386878], [-49.2228396, -27.2386584], [-49.2228038, -27.2386255], [-49.2227892, -27.2385685], [-49.2227905, -27.2384875], [-49.2227912, -27.2384435], [-49.2227319, -27.2383408], [-49.2226942, -27.238265], [-49.2226791, -27.2381583], [-49.2226548, -27.2380549], [-49.22264, -27.2380049], [-49.2225958, -27.2379371], [-49.2224977, -27.2378282], [-49.222381, -27.2377549], [-49.2223245, -27.2377183], [-49.2222588, -27.2376931], [-49.2220217, -27.2376113], [-49.2216593, -27.2375013], [-49.2213948, -27.2374331], [-49.221199, -27.2373577], [-49.2210161, -27.2372905], [-49.2209325, -27.2372477], [-49.2208713, -27.2371855], [-49.2208246, -27.237112], [-49.2207975, -27.2370201], [-49.2207795, -27.2369284], [-49.220785, -27.2368277], [-49.2208153, -27.2366323], [-49.2208552, -27.2364996], [-49.220892, -27.2363773], [-49.2209233, -27.2361971], [-49.2209219, -27.2361264], [-49.2209041, -27.2360196], [-49.2209054, -27.235942], [-49.2209194, -27.2357905], [-49.2209175, -27.2357646], [-49.2209098, -27.2356641], [-49.2209096, -27.2355923], [-49.2209221, -27.2355426], [-49.2209562, -27.2355176], [-49.2210004, -27.2355042], [-49.221073, -27.2355052], [-49.221139, -27.2355118], [-49.2212559, -27.2355723], [-49.2213809, -27.2356179], [-49.2214478, -27.2356443], [-49.2215529, -27.2357174], [-49.2216768, -27.2358337], [-49.2217381, -27.2358877], [-49.2218013, -27.2359082], [-49.2219179, -27.2359097], [-49.222004, -27.2358749], [-49.2220706, -27.2358387], [-49.2221169, -27.2357813], [-49.2221436, -27.2357307], [-49.2221497, -27.2356752], [-49.2221505, -27.2356208], [-49.2221385, -27.2355639], [-49.2220579, -27.2354181], [-49.2219259, -27.2351592], [-49.221897, -27.2351021], [-49.2218432, -27.2349011], [-49.221782, -27.2346767], [-49.2217656, -27.2345642], [-49.2217724, -27.234467], [-49.2218075, -27.2343736], [-49.221906, -27.2342104], [-49.2220031, -27.2340529], [-49.2220338, -27.2339943], [-49.2220437, -27.2339446], [-49.2220455, -27.233911], [-49.2220409, -27.2338785], [-49.2220196, -27.2338319], [-49.2218428, -27.2335413], [-49.221686, -27.2332984], [-49.2216609, -27.2332448], [-49.2216551, -27.2332007], [-49.2216588, -27.2331312], [-49.2216852, -27.2329393], [-49.2216962, -27.232819], [-49.2217394, -27.2326261], [-49.2218321, -27.2322543], [-49.2218815, -27.2320024], [-49.221896, -27.2319076], [-49.2219097, -27.2318592], [-49.2219198, -27.2317134], [-49.2219109, -27.2316229], [-49.2219043, -27.2315845], [-49.2218919, -27.2315126], [-49.221881, -27.2313797], [-49.2200746, -27.2308377], [-49.219539, -27.2305864], [-49.2185611, -27.2303214], [-49.2183832, -27.2302973], [-49.2182597, -27.2301441], [-49.2182558, -27.2298059], [-49.2183549, -27.2295392], [-49.2192069, -27.2285956], [-49.2192532, -27.2285018], [-49.2192381, -27.2283499], [-49.2188542, -27.2280045], [-49.2177437, -27.2278262], [-49.2161156, -27.2284935], [-49.215515, -27.2294745], [-49.2154078, -27.2296344], [-49.2152175, -27.2297095], [-49.2144728, -27.2297905], [-49.2142959, -27.229791], [-49.2141195, -27.2296265], [-49.2130347, -27.2281512], [-49.2122034, -27.2271731], [-49.2123501, -27.2263417], [-49.2129125, -27.2256571], [-49.2130592, -27.2245812], [-49.2128647, -27.2237792], [-49.2127387, -27.2236219], [-49.2118031, -27.2230938], [-49.2115251, -27.2229822], [-49.2106964, -27.2228457], [-49.2099654, -27.2225824], [-49.2095846, -27.2220932], [-49.2095626, -27.221916], [-49.2100516, -27.2212802], [-49.2101739, -27.220889], [-49.209725, -27.2199912], [-49.209587, -27.2197153], [-49.2095137, -27.2188351], [-49.2090573, -27.2180092], [-49.2090226, -27.2179059], [-49.209009, -27.2178175], [-49.2090712, -27.2171945], [-49.2091285, -27.2170898], [-49.2098143, -27.2165383], [-49.2100731, -27.216125], [-49.2100875, -27.2160341], [-49.2100552, -27.2156534], [-49.209994, -27.2154276], [-49.2094932, -27.2148634], [-49.2085923, -27.2139566], [-49.2084654, -27.2139108], [-49.2076282, -27.2140379], [-49.2072073, -27.2140622], [-49.2062428, -27.2136829], [-49.2061419, -27.2136194], [-49.2058459, -27.2132356], [-49.2053324, -27.2125999], [-49.2047945, -27.2121353], [-49.2045923, -27.21199], [-49.2044111, -27.2119724], [-49.2041382, -27.2120365], [-49.2040956, -27.2121145], [-49.2040933, -27.2122183], [-49.2044274, -27.2125481], [-49.2044777, -27.2126464], [-49.2044619, -27.2128673], [-49.2042081, -27.2138595], [-49.2041487, -27.2139723], [-49.2037516, -27.2142888], [-49.2031617, -27.2144573], [-49.2028817, -27.2144939], [-49.2027471, -27.2145035], [-49.2018327, -27.2142174], [-49.2017375, -27.2141548], [-49.2016227, -27.2140749], [-49.2014935, -27.213798], [-49.2014446, -27.2125999], [-49.2011756, -27.2114017], [-49.2005154, -27.2100813], [-49.2004176, -27.2093967], [-49.2001676, -27.2085979], [-49.2000725, -27.2084455], [-49.1998015, -27.2081632], [-49.1992572, -27.2076522], [-49.1987566, -27.2073356], [-49.1986389, -27.2072701], [-49.1976561, -27.2070047], [-49.1967235, -27.2069507], [-49.1964995, -27.2070583], [-49.1963069, -27.2071834], [-49.1958179, -27.207686], [-49.1954596, -27.2082524], [-49.1951719, -27.2085952], [-49.194622, -27.2089], [-49.194498, -27.2089087], [-49.1944002, -27.2088867], [-49.1942, -27.2086368], [-49.1940073, -27.207515], [-49.1938156, -27.206707], [-49.1935956, -27.2054844], [-49.1934714, -27.2052694], [-49.1932671, -27.205083], [-49.1929354, -27.2046775], [-49.1922979, -27.2040588], [-49.1916021, -27.2037172], [-49.1914779, -27.2036999], [-49.1913504, -27.203664], [-49.1904043, -27.2036448], [-49.1901292, -27.2036865], [-49.1877043, -27.2043617], [-49.1874835, -27.2043596], [-49.1872251, -27.2042941], [-49.1870897, -27.2042321], [-49.1870554, -27.2040883], [-49.1870761, -27.2039318], [-49.187759, -27.20255], [-49.1884879, -27.2006185], [-49.1896891, -27.2000352], [-49.1904726, -27.1995505], [-49.191157, -27.1995352], [-49.1920839, -27.1991436], [-49.1930444, -27.1999663], [-49.1935278, -27.2001405], [-49.1946232, -27.199987], [-49.1961838, -27.1989741], [-49.1963376, -27.1986817], [-49.196847, -27.1977134], [-49.1972244, -27.1973444], [-49.1986621, -27.1965578], [-49.2015528, -27.195592], [-49.201766, -27.1951427], [-49.2014297, -27.1944593], [-49.2007299, -27.1941256], [-49.199404, -27.1942388], [-49.1988933, -27.1939485], [-49.1987258, -27.1935915], [-49.1987105, -27.1931722], [-49.19906, -27.1925348], [-49.1986563, -27.1914943], [-49.199338, -27.1906224], [-49.1993681, -27.1902992], [-49.1989717, -27.1900749], [-49.1982978, -27.1901285], [-49.197993, -27.1894651], [-49.197251, -27.1887517], [-49.1971574, -27.1882982], [-49.1976478, -27.1876962], [-49.1977161, -27.1871627], [-49.1980265, -27.1867068], [-49.1980659, -27.1859777], [-49.1972009, -27.1850494], [-49.1976272, -27.184175], [-49.1962312, -27.1834771], [-49.1962325, -27.1832349], [-49.1965222, -27.1828498], [-49.1968119, -27.1824648], [-49.1982298, -27.1789333], [-49.1982452, -27.1775856], [-49.1989032, -27.1769119], [-49.1990607, -27.1763256], [-49.1989331, -27.1758151], [-49.1993785, -27.1746829], [-49.2004849, -27.1731122], [-49.2008832, -27.1710292], [-49.201456, -27.1696104], [-49.2037832, -27.1663864], [-49.2044387, -27.1631755], [-49.204899, -27.1627544], [-49.2063827, -27.1623187], [-49.209466, -27.1606252], [-49.2101596, -27.1595636], [-49.2115981, -27.1585543], [-49.198, -27.158], [-49.193, -27.155], [-49.193, -27.139], [-49.185, -27.14], [-49.169, -27.13], [-49.162, -27.124], [-49.162, -27.12], [-49.1549349, -27.1191497], [-49.139, -27.132], [-49.139, -27.14], [-49.105, -27.138], [-49.097, -27.166], [-49.093, -27.17], [-49.08, -27.174], [-49.073, -27.171], [-49.066, -27.172], [-49.06, -27.166], [-49.045, -27.175], [-49.0308445, -27.1950107], [-49.0302853, -27.1945878], [-49.0298006, -27.1937256], [-49.0296608, -27.1923493], [-49.0296794, -27.191172], [-49.0294277, -27.1894807], [-49.0294837, -27.1880131], [-49.0292227, -27.1872752], [-49.0286541, -27.1869767], [-49.0275076, -27.1868109], [-49.0269204, -27.1865787], [-49.0256341, -27.1852853], [-49.0252333, -27.184481], [-49.0248604, -27.1831378], [-49.0247952, -27.1819355], [-49.0250934, -27.1813385], [-49.0260442, -27.1807581], [-49.0260162, -27.1802689], [-49.0253824, -27.1792905], [-49.024646, -27.1790334], [-49.0242639, -27.1785857], [-49.0243198, -27.1779389], [-49.0246274, -27.1767117], [-49.0247486, -27.1748211], [-49.0247113, -27.1742987], [-49.0244969, -27.1739338], [-49.0241054, -27.1738094], [-49.0235648, -27.1738177], [-49.0232479, -27.174307], [-49.0230708, -27.1746386], [-49.0225861, -27.1747216], [-49.0221293, -27.1746304], [-49.0217751, -27.1743401], [-49.0212532, -27.1742655], [-49.0209083, -27.1743899], [-49.0200787, -27.1749206], [-49.0194449, -27.175103], [-49.0184382, -27.1751611], [-49.0172078, -27.1752191], [-49.016341, -27.1751611], [-49.0157071, -27.1753766], [-49.0149242, -27.1755176], [-49.0143369, -27.1752274], [-49.0137218, -27.1744977], [-49.0131159, -27.1734694], [-49.0129388, -27.1730382], [-49.0124821, -27.1726817], [-49.011755, -27.1727148], [-49.0112983, -27.1732455], [-49.0110839, -27.1739587], [-49.0104314, -27.1741079], [-49.0099001, -27.1736602], [-49.0092383, -27.1726568], [-49.0092011, -27.1722007], [-49.0092383, -27.1715207], [-49.0088002, -27.1703598], [-49.0087723, -27.1698208], [-49.0091078, -27.1695223], [-49.0101704, -27.1695803], [-49.0108136, -27.1696135], [-49.0114847, -27.1691906], [-49.0119974, -27.1689335], [-49.0128829, -27.1689003], [-49.0136285, -27.1691076], [-49.0141878, -27.1690413], [-49.0150453, -27.1682535], [-49.0172265, -27.1671671], [-49.0173756, -27.1666779], [-49.0171892, -27.1660808], [-49.0172638, -27.1653427], [-49.0176459, -27.1638417], [-49.007, -27.164], [-49.005, -27.157], [-48.9932106, -27.1540527], [-48.989, -27.153], [-48.9767922, -27.1611244], [-48.987, -27.182], [-48.9952828, -27.1894943], [-49.008, -27.201], [-49.008, -27.232], [-49.023, -27.242], [-49.021, -27.256], [-49.026, -27.261], [-49.0300889, -27.2666338], [-49.037, -27.271], [-49.05, -27.272], [-49.065, -27.277], [-49.074, -27.276], [-49.075, -27.275], [-49.075, -27.27], [-49.087, -27.275], [-49.091, -27.276], [-49.101, -27.276], [-49.108, -27.275], [-49.111, -27.279], [-49.124, -27.277], [-49.128, -27.281], [-49.134, -27.28], [-49.138, -27.282], [-49.142, -27.283], [-49.154, -27.29], [-49.17, -27.293], [-49.175, -27.293], [-49.179, -27.291], [-49.205, -27.294], [-49.2216169, -27.3087774], [-49.2221024, -27.3079971], [-49.2222545, -27.3077818], [-49.2224104, -27.3071062], [-49.2228343, -27.3063704], [-49.2230678, -27.305616], [-49.2233363, -27.3053997], [-49.2235994, -27.3050839], [-49.2238621, -27.3048069], [-49.2241529, -27.3045979], [-49.2245495, -27.3044232], [-49.2248712, -27.3042326], [-49.2253351, -27.3040536], [-49.2256306, -27.3037816], [-49.2259126, -27.3033656], [-49.226115, -27.303124], [-49.2263317, -27.3027973], [-49.2266022, -27.3023443], [-49.2266861, -27.3021966], [-49.2268811, -27.3018615], [-49.226922, -27.3018079], [-49.2269812, -27.3017338], [-49.2270186, -27.3016881], [-49.2270602, -27.3016242], [-49.2271045, -27.3015549], [-49.2271441, -27.3014759], [-49.2271714, -27.301415], [-49.2272385, -27.3012515], [-49.2272692, -27.3011979], [-49.2273047, -27.3011388], [-49.227338, -27.3011015], [-49.2273509, -27.3010859], [-49.2275084, -27.3008255], [-49.227571, -27.3007412], [-49.2276044, -27.3007009], [-49.22762, -27.3006846], [-49.2276411, -27.3006653], [-49.2276818, -27.3006239], [-49.2277321, -27.300577], [-49.2278167, -27.3004954], [-49.2279859, -27.300391], [-49.2282669, -27.3002188], [-49.2284761, -27.3001084], [-49.2285389, -27.3000779], [-49.2285727, -27.300067], [-49.2286354, -27.3000476], [-49.2286892, -27.3000282], [-49.2287106, -27.3000203], [-49.2287322, -27.3000128], [-49.2287713, -27.2999978], [-49.2288065, -27.2999866], [-49.2288416, -27.2999754], [-49.2289072, -27.2999542], [-49.2289499, -27.2999408], [-49.2290706, -27.2999032], [-49.2291464, -27.2998851], [-49.2292173, -27.2998775], [-49.2292786, -27.2998716], [-49.2293323, -27.2998688], [-49.2293984, -27.2998654], [-49.2294763, -27.2998572], [-49.2295403, -27.2998464], [-49.2296079, -27.2998277], [-49.2296431, -27.2998118], [-49.22967, -27.2997966], [-49.2297059, -27.299774], [-49.2297612, -27.2997355], [-49.2298471, -27.2996399], [-49.229897, -27.2995743], [-49.2299413, -27.2995172], [-49.2299822, -27.2994645], [-49.2300058, -27.2994308], [-49.2300867, -27.2993088], [-49.2300997, -27.2992849], [-49.2301295, -27.2992447], [-49.2301735, -27.2992026], [-49.2302171, -27.2991726], [-49.2302534, -27.2991563], [-49.2302886, -27.2991447], [-49.2304505, -27.2991053], [-49.2305274, -27.2990858], [-49.2305567, -27.2990719], [-49.2305804, -27.2990559], [-49.2306073, -27.2990346], [-49.2306276, -27.2990166], [-49.2306604, -27.2989907], [-49.2307043, -27.2989654], [-49.230728, -27.298954], [-49.2307472, -27.2989457], [-49.2307841, -27.2989337], [-49.2308274, -27.2989109], [-49.2308424, -27.2989], [-49.2308574, -27.298889], [-49.230878, -27.2988664], [-49.2308952, -27.2988391], [-49.2309089, -27.2988153], [-49.2309564, -27.2987126], [-49.2309878, -27.2986785], [-49.2310164, -27.298665], [-49.2310565, -27.2986559], [-49.2311149, -27.2986527], [-49.231165, -27.298653], [-49.2312067, -27.2986513], [-49.2312265, -27.2986501], [-49.2313795, -27.2986617], [-49.2314073, -27.298664], [-49.2314576, -27.2986755], [-49.2314695, -27.2986783], [-49.2314986, -27.2986856], [-49.2315386, -27.298687], [-49.2315738, -27.2986804], [-49.2315947, -27.2986662], [-49.2316097, -27.2986516], [-49.2317335, -27.2985069], [-49.2319629, -27.2982977], [-49.2320004, -27.2982675], [-49.2320279, -27.2982398], [-49.2320386, -27.2982294], [-49.2320841, -27.2981767], [-49.2321035, -27.298153], [-49.2321228, -27.2981293], [-49.2321503, -27.2980848], [-49.2321785, -27.2980418], [-49.2323506, -27.297849], [-49.2323886, -27.2978273], [-49.2324469, -27.2977949], [-49.2325102, -27.2977664], [-49.2325608, -27.2977397], [-49.2326326, -27.2976943], [-49.232691, -27.2976488], [-49.2327023, -27.2976375], [-49.2327227, -27.2976182], [-49.2327573, -27.2975795], [-49.2329863, -27.2973641], [-49.2332154, -27.2971487], [-49.2332929, -27.2970832], [-49.2333162, -27.2970638], [-49.2334096, -27.2969996], [-49.2334319, -27.2969868], [-49.2335352, -27.2969507], [-49.2335885, -27.2969346], [-49.2337989, -27.2968827], [-49.23395, -27.2968257], [-49.233998, -27.2967883], [-49.2340284, -27.2967477], [-49.2340495, -27.2967013], [-49.2340738, -27.2966566], [-49.2340872, -27.2966378], [-49.2341006, -27.296619], [-49.2341438, -27.2965796], [-49.2341856, -27.296549], [-49.2343129, -27.2964588], [-49.2343854, -27.2964202], [-49.2344526, -27.2963879], [-49.2346755, -27.2963069], [-49.2347498, -27.2962816], [-49.2348508, -27.2962547], [-49.234933, -27.2962301], [-49.2350288, -27.2961869], [-49.2350993, -27.2961465], [-49.2351659, -27.2960985], [-49.2352131, -27.2960394], [-49.2352518, -27.2959739], [-49.2352775, -27.2959223], [-49.2352901, -27.2958758], [-49.2352911, -27.2958054], [-49.2352894, -27.2957479], [-49.235291, -27.2956897], [-49.2353095, -27.2956439], [-49.2353396, -27.2955975], [-49.2353926, -27.2955518], [-49.2354011, -27.2955465], [-49.2355088, -27.2955474], [-49.2355666, -27.2955463], [-49.2355919, -27.2955359], [-49.2356206, -27.2955167], [-49.2356313, -27.2954924], [-49.2356301, -27.2954553], [-49.2356158, -27.2954118], [-49.2355908, -27.2953587], [-49.2355436, -27.2950937], [-49.235542, -27.2950529], [-49.2355549, -27.2950039], [-49.2356329, -27.2948697], [-49.2357923, -27.2946837], [-49.2359851, -27.2945326], [-49.2361011, -27.2944508], [-49.2361799, -27.2944062], [-49.2362431, -27.294378], [-49.2363147, -27.2943542], [-49.2363967, -27.2943308], [-49.236476, -27.2943149], [-49.2365277, -27.2943097], [-49.2365652, -27.2943192], [-49.2365759, -27.2943312], [-49.2365967, -27.2943545], [-49.2366168, -27.2944196], [-49.2366616, -27.2946308], [-49.236718, -27.2946742], [-49.2368227, -27.2947386], [-49.236881, -27.2947734], [-49.2369715, -27.2948134], [-49.2370443, -27.2948253], [-49.2370968, -27.2948212], [-49.2371623, -27.2948022], [-49.2372358, -27.2947548], [-49.2374481, -27.2945876], [-49.2375208, -27.2945467], [-49.2376227, -27.2945016], [-49.2377663, -27.2944469], [-49.2378746, -27.2944152], [-49.2379608, -27.2944003], [-49.2380658, -27.2943851], [-49.2381573, -27.2943819], [-49.2382573, -27.2943804], [-49.2385348, -27.2943848], [-49.2385859, -27.2943839], [-49.2386464, -27.2943791], [-49.2387466, -27.2943578], [-49.2388891, -27.2943285], [-49.2390403, -27.2942768], [-49.2394146, -27.2940603], [-49.2395268, -27.2939971], [-49.2395466, -27.293987], [-49.2396803, -27.2939187], [-49.2400704, -27.2937255], [-49.240366, -27.2936092], [-49.2404525, -27.2935556], [-49.2405313, -27.2934935], [-49.2406042, -27.2934256], [-49.2406376, -27.2933946], [-49.2407336, -27.2932792], [-49.2409622, -27.2930256], [-49.2410888, -27.2928996], [-49.2410966, -27.2928949], [-49.2411497, -27.2928635], [-49.2412274, -27.2928342], [-49.2412994, -27.2928249], [-49.241821, -27.2929099], [-49.2419774, -27.2929464], [-49.2420372, -27.2929614], [-49.2420909, -27.2929668], [-49.2421576, -27.2929537], [-49.2421632, -27.2929515], [-49.242166, -27.2929504], [-49.2421985, -27.2929375], [-49.2422543, -27.2928935], [-49.2423204, -27.2928026], [-49.2424036, -27.2926211], [-49.2424219, -27.2925528], [-49.2424287, -27.292487], [-49.2424209, -27.292425], [-49.2423859, -27.2923736], [-49.242338, -27.2923404], [-49.2422459, -27.2922815], [-49.2422156, -27.2922456], [-49.2422029, -27.2922044], [-49.2422013, -27.2921993], [-49.2422008, -27.2921294], [-49.2421787, -27.2916682], [-49.2421713, -27.291514], [-49.2421819, -27.2914543], [-49.2422012, -27.2914041], [-49.242206, -27.2913919], [-49.242243, -27.2913366], [-49.2422897, -27.2913105], [-49.2423598, -27.2912923], [-49.2424394, -27.2912743], [-49.2425302, -27.2912546], [-49.2428343, -27.2911373], [-49.2430626, -27.2910024], [-49.2430913, -27.2909814], [-49.2431118, -27.2909656], [-49.2431268, -27.2909483], [-49.2431381, -27.290929], [-49.2432278, -27.2908306], [-49.2432372, -27.2908085], [-49.2432421, -27.2907807], [-49.2432419, -27.2907542], [-49.2432392, -27.2907267], [-49.2432308, -27.2907014], [-49.2432216, -27.2906858], [-49.2432068, -27.290674], [-49.2431779, -27.2906584], [-49.2431507, -27.2906446], [-49.2431293, -27.2906341], [-49.2431068, -27.2906219], [-49.2430766, -27.2906023], [-49.243066, -27.2905918], [-49.2430598, -27.2905831], [-49.2430574, -27.2905692], [-49.2430572, -27.2905512], [-49.2430622, -27.2905377], [-49.2430773, -27.2905182], [-49.2430944, -27.2905048], [-49.2431199, -27.2904992], [-49.2432166, -27.2904505], [-49.2434957, -27.2903015], [-49.2435543, -27.2902753], [-49.2435732, -27.2902582], [-49.2435991, -27.2901688], [-49.2436137, -27.2900973], [-49.2436298, -27.2900433], [-49.2436455, -27.2900016], [-49.2436866, -27.2899175], [-49.2437208, -27.2898799], [-49.2437433, -27.2898579], [-49.243759, -27.2898345], [-49.2437777, -27.2897938], [-49.2437873, -27.2897104], [-49.2437856, -27.2896659], [-49.2437722, -27.2895999], [-49.2437649, -27.2895759], [-49.2437613, -27.289554], [-49.2437648, -27.2895276], [-49.2437849, -27.2894885], [-49.2438483, -27.2893813], [-49.2438865, -27.2893169], [-49.2439119, -27.2892768], [-49.2440056, -27.2891287], [-49.244117, -27.2889624], [-49.2441367, -27.2889291], [-49.244152, -27.2888898], [-49.244156, -27.2888521], [-49.2441525, -27.2888141], [-49.244135, -27.2887717], [-49.2440378, -27.288488], [-49.243449, -27.2878425], [-49.2433263, -27.287708], [-49.2433119, -27.2876748], [-49.2432996, -27.2876314], [-49.2432878, -27.2874457], [-49.243307, -27.2873499], [-49.2433029, -27.2870309], [-49.2432732, -27.2863439], [-49.2432762, -27.2862417], [-49.243292, -27.2861702], [-49.2433175, -27.2860973], [-49.2433629, -27.2860099], [-49.2434295, -27.2859229], [-49.2437404, -27.2855946], [-49.2437837, -27.2855509], [-49.243822, -27.2855013], [-49.2438585, -27.2854044], [-49.2438684, -27.2853666], [-49.2438859, -27.2852576], [-49.2438896, -27.2852055], [-49.2438976, -27.2851596], [-49.2439153, -27.2850992], [-49.2440007, -27.2849315], [-49.2440742, -27.2848408], [-49.2440924, -27.2848218], [-49.2443461, -27.2845564], [-49.2443487, -27.2845542], [-49.2445381, -27.2842057], [-49.2446174, -27.2840819], [-49.2446534, -27.2838965], [-49.2446084, -27.2837736], [-49.2446039, -27.2836412], [-49.2446341, -27.2835987], [-49.2447498, -27.2836371], [-49.2449014, -27.2836351], [-49.2449857, -27.2835883], [-49.2450062, -27.2834978], [-49.2450606, -27.2834267], [-49.2450857, -27.2833526], [-49.2450852, -27.283297], [-49.2450603, -27.2831855], [-49.2449812, -27.2829873], [-49.2449649, -27.2828216], [-49.2449952, -27.282705], [-49.2451655, -27.2826513], [-49.2453668, -27.2826243], [-49.2454504, -27.2826256], [-49.2456256, -27.2826283], [-49.2457456, -27.2826367], [-49.2458018, -27.282625], [-49.2458644, -27.2825885], [-49.2458769, -27.2825813], [-49.2459235, -27.2825263], [-49.2459846, -27.2823991], [-49.2460274, -27.2822912], [-49.2460886, -27.2822201], [-49.2461477, -27.2821746], [-49.2461793, -27.2821566], [-49.2462277, -27.282129], [-49.2463157, -27.2821011], [-49.2465961, -27.2820494], [-49.2467055, -27.2820165], [-49.2468481, -27.2819513], [-49.2469977, -27.2818616], [-49.2470597, -27.2817891], [-49.2471023, -27.2817262], [-49.2471349, -27.2816504], [-49.2471706, -27.2815195], [-49.247194, -27.2814264], [-49.2472549, -27.2813477], [-49.2473467, -27.2812802], [-49.247545, -27.2811989], [-49.2477855, -27.2811307], [-49.2477965, -27.2811212], [-49.2477999, -27.2811128], [-49.2478, -27.2811028]]]]}}, {"type": "Feature", "properties": {"nome": "Canelinha", "camada": "limite", "fonte": "OpenStreetMap (ODbL)"}, "geometry": {"type": "MultiPolygon", "coordinates": [[[[-48.8929093, -27.2155354], [-48.886, -27.214], [-48.866, -27.22], [-48.862, -27.224], [-48.855, -27.223], [-48.837, -27.23], [-48.829, -27.239], [-48.828437, -27.2399384], [-48.823, -27.249], [-48.8155583, -27.2487157], [-48.8154011, -27.2489614], [-48.8150924, -27.2492434], [-48.8147558, -27.2494409], [-48.8140225, -27.2499907], [-48.8134293, -27.2506123], [-48.81324, -27.2509184], [-48.8131683, -27.2511187], [-48.8131337, -27.2513307], [-48.8130542, -27.2517662], [-48.8128933, -27.2521213], [-48.812855, -27.2522668], [-48.8128577, -27.252601], [-48.8130494, -27.2531772], [-48.8132188, -27.2535294], [-48.8135343, -27.2540778], [-48.8135573, -27.2542565], [-48.8135267, -27.2543697], [-48.8133279, -27.2545751], [-48.813276, -27.2546556], [-48.8132413, -27.2548045], [-48.8132582, -27.2548955], [-48.8132969, -27.2549867], [-48.8136692, -27.2554793], [-48.8137604, -27.2555984], [-48.8137951, -27.255709], [-48.8138155, -27.2558098], [-48.8138137, -27.255946], [-48.8137871, -27.2560333], [-48.8137538, -27.2560751], [-48.8136286, -27.2561345], [-48.8132916, -27.2561707], [-48.8131779, -27.256257], [-48.8131328, -27.2563668], [-48.8131275, -27.2564868], [-48.8132239, -27.2566046], [-48.8132344, -27.2566371], [-48.813207, -27.2567796], [-48.8131255, -27.2569019], [-48.8130616, -27.2570602], [-48.8132376, -27.2573001], [-48.8133287, -27.2574909], [-48.8134414, -27.2576721], [-48.8135862, -27.2578485], [-48.8137633, -27.2579868], [-48.8139242, -27.2581108], [-48.8141388, -27.2581966], [-48.8143748, -27.25823], [-48.8145894, -27.2583158], [-48.8147771, -27.2584398], [-48.8149273, -27.2585924], [-48.8150293, -27.2587784], [-48.8151044, -27.2589787], [-48.8151527, -27.2591837], [-48.8151956, -27.259384], [-48.8152599, -27.2595891], [-48.8153672, -27.2597703], [-48.8155121, -27.2599372], [-48.8155705, -27.2599708], [-48.8156795, -27.260027], [-48.8158625, -27.2600668], [-48.8160111, -27.2601325], [-48.8160544, -27.2601728], [-48.8162292, -27.2604222], [-48.8162717, -27.2605661], [-48.8164861, -27.2607988], [-48.8166278, -27.2610198], [-48.8166816, -27.2611389], [-48.8166455, -27.2613049], [-48.816565, -27.2613921], [-48.8164922, -27.2615278], [-48.8162791, -27.26178], [-48.8159517, -27.2620802], [-48.8159229, -27.2621283], [-48.8159727, -27.2627092], [-48.8159972, -27.2628837], [-48.8160389, -27.2631812], [-48.8161285, -27.2636456], [-48.8162153, -27.2643364], [-48.8157154, -27.2645703], [-48.8153242, -27.2647832], [-48.8149178, -27.2649312], [-48.8144741, -27.2650834], [-48.8143493, -27.2651399], [-48.8139677, -27.2654243], [-48.8138544, -27.2655535], [-48.8131653, -27.2664865], [-48.8130391, -27.2665964], [-48.8125001, -27.267092], [-48.8123552, -27.2672593], [-48.8121729, -27.2675145], [-48.8118478, -27.2680274], [-48.811626, -27.2685031], [-48.8116785, -27.2686214], [-48.8118293, -27.2687827], [-48.8119793, -27.2688979], [-48.8121802, -27.2690026], [-48.8122125, -27.2690376], [-48.8121915, -27.2692905], [-48.8121957, -27.2694467], [-48.8122935, -27.2702055], [-48.8123231, -27.2702774], [-48.8125001, -27.2705225], [-48.8125459, -27.2706518], [-48.8126186, -27.2709563], [-48.8127019, -27.2710894], [-48.8127748, -27.2712057], [-48.8128333, -27.2712169], [-48.812689, -27.2713957], [-48.8124733, -27.2717844], [-48.812232, -27.2722322], [-48.812045, -27.2725769], [-48.8119158, -27.2729302], [-48.8117006, -27.2736626], [-48.8115584, -27.2739783], [-48.8114327, -27.2741553], [-48.8112789, -27.2743073], [-48.8109939, -27.2745317], [-48.8107664, -27.274672], [-48.8104473, -27.2748114], [-48.8099079, -27.2749953], [-48.8096321, -27.2750605], [-48.8093906, -27.2750802], [-48.8091571, -27.2750435], [-48.8086631, -27.2748361], [-48.8078237, -27.2745801], [-48.8076147, -27.274547], [-48.806985, -27.2745049], [-48.8066487, -27.2744662], [-48.805357, -27.2742898], [-48.804377, -27.2742026], [-48.8039047, -27.2742208], [-48.8031256, -27.2743604], [-48.8027031, -27.274459], [-48.8022229, -27.2746021], [-48.8018067, -27.2747584], [-48.8014098, -27.2749452], [-48.8009822, -27.275188], [-48.8006676, -27.2754072], [-48.8004181, -27.2756309], [-48.800232, -27.2758471], [-48.8001041, -27.2760508], [-48.8000299, -27.2762483], [-48.800003, -27.2764518], [-48.8000134, -27.2766815], [-48.8000564, -27.2769472], [-48.8001145, -27.2771627], [-48.8003856, -27.2778753], [-48.800532, -27.2783887], [-48.8005756, -27.2787268], [-48.8005512, -27.2791529], [-48.8004996, -27.2793078], [-48.800412, -27.2794538], [-48.8002656, -27.2796277], [-48.8001051, -27.2797745], [-48.7999524, -27.2798802], [-48.7998264, -27.2799406], [-48.7994175, -27.2800464], [-48.7991901, -27.2800649], [-48.7989718, -27.2800293], [-48.7987049, -27.2799291], [-48.7984338, -27.2797886], [-48.7982188, -27.2796439], [-48.7980529, -27.2794957], [-48.7978501, -27.2792674], [-48.7976496, -27.2790079], [-48.7972917, -27.2785907], [-48.797264, -27.2784275], [-48.7971385, -27.2781661], [-48.7970432, -27.2778954], [-48.796948, -27.2774561], [-48.7968577, -27.2764001], [-48.7967477, -27.2756438], [-48.7966779, -27.2753695], [-48.7965925, -27.2751157], [-48.796396, -27.274649], [-48.7963098, -27.2745153], [-48.7961766, -27.2743739], [-48.7959696, -27.2742149], [-48.7956751, -27.2740315], [-48.7954202, -27.2739021], [-48.795226, -27.2738281], [-48.7950419, -27.273781], [-48.7947657, -27.2737379], [-48.7942829, -27.2737201], [-48.7940765, -27.2737415], [-48.7938663, -27.2737846], [-48.7935648, -27.2738911], [-48.7929814, -27.2741783], [-48.7926485, -27.2743723], [-48.7923951, -27.2745716], [-48.7917206, -27.2753286], [-48.7914628, -27.2755861], [-48.7912724, -27.2757462], [-48.7910704, -27.2758717], [-48.7908407, -27.2759739], [-48.7905097, -27.2760891], [-48.7901859, -27.2761758], [-48.7899848, -27.2762024], [-48.7896613, -27.2761991], [-48.7894123, -27.2761761], [-48.7892238, -27.2761353], [-48.7888852, -27.2760042], [-48.7878614, -27.2755022], [-48.7876412, -27.2754245], [-48.7874358, -27.2753802], [-48.7871048, -27.2753528], [-48.786723, -27.2753706], [-48.7864117, -27.2754272], [-48.7861613, -27.2755163], [-48.7859639, -27.2756502], [-48.7857439, -27.2759017], [-48.7856185, -27.2761202], [-48.7855507, -27.2763701], [-48.7855321, -27.276585], [-48.7855383, -27.2768376], [-48.7857117, -27.2783273], [-48.7859037, -27.2783848], [-48.7859309, -27.2783842], [-48.7863047, -27.2784412], [-48.7864516, -27.2784872], [-48.7868675, -27.2786592], [-48.7874015, -27.2786556], [-48.7876105, -27.278683], [-48.7877226, -27.2787312], [-48.7877853, -27.2789698], [-48.7878176, -27.279004], [-48.7878621, -27.2790201], [-48.7879376, -27.2790106], [-48.7880004, -27.2789778], [-48.788253, -27.2788061], [-48.7884504, -27.2786352], [-48.7884947, -27.2786267], [-48.7885445, -27.2786536], [-48.7887035, -27.2787829], [-48.7887433, -27.2788351], [-48.7887849, -27.2791892], [-48.7888586, -27.2793932], [-48.7890746, -27.2798557], [-48.7893195, -27.2802442], [-48.789348, -27.2803872], [-48.7893934, -27.2809314], [-48.7894338, -27.2810387], [-48.789754, -27.2814129], [-48.7900914, -27.2817656], [-48.790211, -27.2819555], [-48.7903304, -27.2820606], [-48.7903946, -27.2820965], [-48.7904482, -27.2821058], [-48.7906078, -27.2820202], [-48.7907059, -27.28201], [-48.7908432, -27.2820611], [-48.7908952, -27.2821028], [-48.7909122, -27.2821362], [-48.7908463, -27.2824966], [-48.7908579, -27.2825684], [-48.7908916, -27.2826355], [-48.7913096, -27.2830871], [-48.791366, -27.2831108], [-48.7916234, -27.2831544], [-48.7919184, -27.2833688], [-48.792001, -27.2834465], [-48.7925356, -27.2840848], [-48.7926115, -27.2841939], [-48.7927102, -27.2843887], [-48.7928572, -27.2848249], [-48.7928968, -27.2848971], [-48.7929776, -27.284934], [-48.7930962, -27.2849401], [-48.7932234, -27.284918], [-48.7933591, -27.2848435], [-48.7934641, -27.2848602], [-48.7935161, -27.284911], [-48.793538, -27.2849588], [-48.7935126, -27.2853029], [-48.793531, -27.2853783], [-48.7936062, -27.2854296], [-48.7940914, -27.2856535], [-48.7941602, -27.2856991], [-48.7942025, -27.2857531], [-48.7942343, -27.2858768], [-48.7942437, -27.28604], [-48.7942199, -27.2860935], [-48.794063, -27.2862944], [-48.7940587, -27.2863461], [-48.7940906, -27.2864761], [-48.7940584, -27.2865833], [-48.7939985, -27.2866643], [-48.7938597, -27.2867064], [-48.7938062, -27.2867394], [-48.7935977, -27.2869912], [-48.793505, -27.2871647], [-48.7933615, -27.2876109], [-48.7934109, -27.2876761], [-48.7935297, -27.2877505], [-48.7936191, -27.2877829], [-48.7938227, -27.2878194], [-48.7938931, -27.2878665], [-48.7945012, -27.2886086], [-48.7945953, -27.2887671], [-48.794757, -27.2891137], [-48.7948123, -27.2891934], [-48.7948905, -27.2892386], [-48.7952417, -27.2893586], [-48.7952909, -27.2893903], [-48.7952883, -27.2894395], [-48.7952395, -27.2895345], [-48.7951263, -27.2897262], [-48.7949103, -27.290024], [-48.7948214, -27.2902343], [-48.7948435, -27.2902951], [-48.7950859, -27.2905131], [-48.7950958, -27.2905598], [-48.795077, -27.2906436], [-48.7949759, -27.2909301], [-48.794749, -27.2913015], [-48.7947678, -27.2914158], [-48.794797, -27.2914811], [-48.7950403, -27.2916573], [-48.7950179, -27.2917053], [-48.7949263, -27.2917672], [-48.794924, -27.291809], [-48.7954793, -27.2921848], [-48.7958402, -27.2925944], [-48.7958511, -27.2926784], [-48.7958063, -27.2927123], [-48.795594, -27.2927496], [-48.7955645, -27.292774], [-48.7955654, -27.2928132], [-48.7956896, -27.292854], [-48.7957084, -27.2928784], [-48.7956476, -27.2931178], [-48.7956683, -27.2931609], [-48.7957319, -27.2931682], [-48.7959911, -27.293114], [-48.7960572, -27.2931171], [-48.7960792, -27.2931404], [-48.796074, -27.2933486], [-48.7961163, -27.2934283], [-48.7962111, -27.2934491], [-48.7966505, -27.2934188], [-48.7967549, -27.2934472], [-48.7967989, -27.293487], [-48.7968194, -27.2935283], [-48.796812, -27.293601], [-48.7965593, -27.2941698], [-48.7964593, -27.2944422], [-48.7964661, -27.2944983], [-48.7966039, -27.2946696], [-48.7966172, -27.2947159], [-48.7966113, -27.2948211], [-48.7965555, -27.2949655], [-48.7965621, -27.2950473], [-48.7966126, -27.295131], [-48.7967055, -27.2953573], [-48.7967296, -27.2953825], [-48.7967911, -27.2953934], [-48.7970349, -27.2953135], [-48.7971562, -27.2953368], [-48.7972319, -27.2953801], [-48.797569, -27.2957341], [-48.797576, -27.2957568], [-48.79757, -27.2958165], [-48.7973987, -27.2960799], [-48.7973135, -27.2962887], [-48.7971986, -27.2963779], [-48.7971339, -27.2964492], [-48.7970155, -27.2964628], [-48.7969338, -27.296448], [-48.7969085, -27.2964279], [-48.7968453, -27.2964248], [-48.7967508, -27.2965252], [-48.7967767, -27.2965954], [-48.7968478, -27.2966479], [-48.7969084, -27.2967263], [-48.7969541, -27.296829], [-48.7969174, -27.2971351], [-48.7967425, -27.2972997], [-48.7966814, -27.2973997], [-48.7966991, -27.2974229], [-48.7968304, -27.2974363], [-48.7968965, -27.297478], [-48.7969302, -27.2975502], [-48.7969307, -27.2976232], [-48.7968942, -27.2977242], [-48.7968501, -27.2977548], [-48.7968185, -27.2977534], [-48.7966532, -27.297648], [-48.7963651, -27.2977017], [-48.7962897, -27.2977097], [-48.7962488, -27.2977314], [-48.7962415, -27.2977921], [-48.7962731, -27.2978049], [-48.7963916, -27.2978944], [-48.7965512, -27.2978628], [-48.7965901, -27.2978982], [-48.7965622, -27.2979468], [-48.796054, -27.2981568], [-48.7960603, -27.2982041], [-48.7963576, -27.2984828], [-48.7963469, -27.2985224], [-48.796206, -27.2986065], [-48.7961989, -27.2986278], [-48.7962329, -27.2989499], [-48.7961779, -27.2991324], [-48.7961809, -27.2991645], [-48.796328, -27.2993918], [-48.7963381, -27.2994293], [-48.796308, -27.2994711], [-48.7962968, -27.2996255], [-48.796323, -27.2998334], [-48.7964018, -27.2999405], [-48.7964704, -27.2999578], [-48.7965164, -27.3000328], [-48.7965199, -27.3000751], [-48.7964518, -27.300218], [-48.7964062, -27.3004003], [-48.7964387, -27.3005797], [-48.7964909, -27.3006465], [-48.7965567, -27.3006599], [-48.7966338, -27.3006527], [-48.7968829, -27.3007705], [-48.7969311, -27.3007946], [-48.7969401, -27.3008305], [-48.7969375, -27.3008813], [-48.7968868, -27.3011425], [-48.7967341, -27.3014421], [-48.7964925, -27.3015929], [-48.796353, -27.3017931], [-48.7963128, -27.3019552], [-48.7963852, -27.3020577], [-48.7964872, -27.3020625], [-48.7966776, -27.3021483], [-48.7968519, -27.3022126], [-48.7970585, -27.3023389], [-48.797155, -27.3024557], [-48.7971362, -27.3025678], [-48.7971443, -27.3026965], [-48.7971813, -27.3028385], [-48.7972114, -27.302914], [-48.7973677, -27.3030449], [-48.7973931, -27.3030834], [-48.7974955, -27.3031406], [-48.7976632, -27.3031957], [-48.7980276, -27.3033682], [-48.7982144, -27.3034208], [-48.7983204, -27.3034031], [-48.7988032, -27.3031692], [-48.7988302, -27.3031561], [-48.7989249, -27.3031347], [-48.7990855, -27.3031398], [-48.7992057, -27.303216], [-48.7992633, -27.3033038], [-48.7993284, -27.3034496], [-48.7994038, -27.3036743], [-48.7995534, -27.3043814], [-48.7997144, -27.305021], [-48.7998495, -27.3054387], [-48.8001115, -27.3060758], [-48.8003302, -27.3063642], [-48.8005437, -27.3065925], [-48.800909, -27.3068703], [-48.8010769, -27.3069634], [-48.8011956, -27.3070657], [-48.8012953, -27.3072076], [-48.8013202, -27.3073223], [-48.8013208, -27.3074286], [-48.8012962, -27.3076006], [-48.8011695, -27.3078974], [-48.8011363, -27.3080596], [-48.8011423, -27.3081457], [-48.8013692, -27.3088448], [-48.8014054, -27.3090755], [-48.8013824, -27.30946], [-48.8012826, -27.3097902], [-48.801215, -27.3099272], [-48.8008884, -27.3103352], [-48.800771, -27.3104222], [-48.8006052, -27.3105055], [-48.8001358, -27.3106784], [-48.7999938, -27.3106959], [-48.7998856, -27.3106805], [-48.7995708, -27.3105148], [-48.799445, -27.3104728], [-48.7993107, -27.3104871], [-48.7989746, -27.3106111], [-48.7988336, -27.3106632], [-48.7987202, -27.3107702], [-48.7986202, -27.3111143], [-48.7985772, -27.3111957], [-48.7984684, -27.3113076], [-48.7982724, -27.3114297], [-48.7980644, -27.3115982], [-48.7979112, -27.3117623], [-48.7978317, -27.3119166], [-48.7978248, -27.3120551], [-48.7978807, -27.3124527], [-48.7979929, -27.3126715], [-48.7980187, -27.3128543], [-48.7979996, -27.3130723], [-48.7979338, -27.3133065], [-48.7977611, -27.3136736], [-48.7975896, -27.3138653], [-48.7973307, -27.3140591], [-48.7970466, -27.3142006], [-48.7966436, -27.3143415], [-48.7964664, -27.3144452], [-48.7963823, -27.3145276], [-48.7961143, -27.3150013], [-48.7961109, -27.3152024], [-48.7960457, -27.3158576], [-48.7959609, -27.3161283], [-48.7957356, -27.3165322], [-48.7955749, -27.3167701], [-48.7950354, -27.317425], [-48.7949865, -27.3175485], [-48.7949912, -27.3176656], [-48.7950616, -27.3180425], [-48.7950903, -27.3182998], [-48.7951539, -27.3185067], [-48.7952542, -27.3186686], [-48.7952942, -27.318802], [-48.7952912, -27.3188863], [-48.7952342, -27.3189679], [-48.7950577, -27.3190883], [-48.7944981, -27.3193507], [-48.7944112, -27.3194145], [-48.7943581, -27.3194871], [-48.7943353, -27.3195565], [-48.7943293, -27.3196226], [-48.7943486, -27.3197302], [-48.7943667, -27.3202987], [-48.7943917, -27.3204933], [-48.7944408, -27.3209415], [-48.7944463, -27.3211458], [-48.7945102, -27.3217766], [-48.7945129, -27.3220321], [-48.7945279, -27.3221733], [-48.7947143, -27.3226136], [-48.7947219, -27.3226977], [-48.7946793, -27.3228508], [-48.79448, -27.3233732], [-48.7944247, -27.32356], [-48.7944236, -27.3237675], [-48.7945156, -27.3241936], [-48.7945177, -27.324398], [-48.7944936, -27.3246658], [-48.7945607, -27.3247974], [-48.7947493, -27.3249733], [-48.794997, -27.3251636], [-48.7951718, -27.3253215], [-48.7952964, -27.3254647], [-48.7953686, -27.3256054], [-48.7954012, -27.3257792], [-48.7955606, -27.3265748], [-48.7957513, -27.3271023], [-48.7958931, -27.3273216], [-48.7960518, -27.3275086], [-48.796225, -27.3276514], [-48.7963673, -27.3277404], [-48.7967647, -27.3277587], [-48.797115, -27.3277956], [-48.7972503, -27.3278423], [-48.7974914, -27.32798], [-48.7976098, -27.3280678], [-48.7978166, -27.3282213], [-48.7983232, -27.3287338], [-48.7984476, -27.3288249], [-48.7985568, -27.3289049], [-48.7990277, -27.3292189], [-48.7992503, -27.3293673], [-48.7996205, -27.3299035], [-48.8001597, -27.330602], [-48.8002768, -27.3308659], [-48.8003567, -27.3312061], [-48.8004724, -27.3318585], [-48.8005, -27.3320141], [-48.8006305, -27.3323294], [-48.8010086, -27.3328179], [-48.8010987, -27.3329948], [-48.8011734, -27.3332262], [-48.8012124, -27.3334506], [-48.8012062, -27.3338024], [-48.8011519, -27.3340383], [-48.8010045, -27.3342729], [-48.8007998, -27.3345067], [-48.8002676, -27.3350365], [-48.7999376, -27.3354669], [-48.7998343, -27.3356382], [-48.7998316, -27.3357916], [-48.7998752, -27.3361633], [-48.8000024, -27.336664], [-48.799987, -27.3371202], [-48.7999785, -27.3372074], [-48.7998807, -27.3374747], [-48.79974, -27.337735], [-48.799489, -27.338288], [-48.7991816, -27.3389298], [-48.7988502, -27.3394558], [-48.7984993, -27.3398538], [-48.7984241, -27.3399688], [-48.7984088, -27.3400352], [-48.7983397, -27.3404361], [-48.7982513, -27.340831], [-48.7978745, -27.3418008], [-48.7977994, -27.3419098], [-48.7968966, -27.3423863], [-48.7967926, -27.3424811], [-48.7964072, -27.34324], [-48.7963355, -27.3434348], [-48.7962433, -27.3439907], [-48.796222, -27.3444473], [-48.7962709, -27.3448209], [-48.7963186, -27.3449513], [-48.7964533, -27.3452554], [-48.7966655, -27.3455232], [-48.7969076, -27.3457856], [-48.797351, -27.3463147], [-48.7974388, -27.3464831], [-48.7974556, -27.3465956], [-48.7974705, -27.3472246], [-48.7974556, -27.3481783], [-48.7975132, -27.3490748], [-48.7975233, -27.3491744], [-48.7975019, -27.3493974], [-48.7973462, -27.3506024], [-48.79737, -27.350883], [-48.7974068, -27.3511213], [-48.7975205, -27.351369], [-48.7977008, -27.3516126], [-48.7979077, -27.3518374], [-48.7981275, -27.3520233], [-48.7983929, -27.3521779], [-48.799617, -27.3527169], [-48.7997086, -27.3528059], [-48.7999263, -27.3532746], [-48.7999817, -27.3533524], [-48.8002042, -27.3535581], [-48.8003281, -27.3538259], [-48.8004075, -27.3540197], [-48.8004694, -27.3541141], [-48.8005747, -27.3542266], [-48.8009198, -27.3544861], [-48.803, -27.356], [-48.801, -27.359], [-48.793, -27.351], [-48.7590133, -27.3160373], [-48.7586828, -27.3161256], [-48.7585499, -27.3161205], [-48.7582422, -27.3160134], [-48.7572778, -27.3155837], [-48.7569599, -27.3152741], [-48.756456, -27.3148205], [-48.7559662, -27.3144864], [-48.7557911, -27.3143904], [-48.7552636, -27.31415], [-48.7547097, -27.3137659], [-48.7545781, -27.3136414], [-48.7537961, -27.3129753], [-48.7536213, -27.3128734], [-48.7534453, -27.3127953], [-48.7526976, -27.3125642], [-48.7525041, -27.3124377], [-48.7521792, -27.3120695], [-48.7514319, -27.3113445], [-48.7506806, -27.3105409], [-48.7500948, -27.3100325], [-48.7496141, -27.309657], [-48.7490149, -27.3092524], [-48.747942, -27.3085626], [-48.7466395, -27.3077707], [-48.7458404, -27.3073871], [-48.7455507, -27.3072517], [-48.7450782, -27.3070738], [-48.7445633, -27.3067855], [-48.7444615, -27.30671], [-48.7443751, -27.3066164], [-48.7442748, -27.3063812], [-48.7442196, -27.306155], [-48.7441439, -27.3059683], [-48.7440235, -27.3057853], [-48.7438438, -27.3056059], [-48.7428152, -27.3047733], [-48.7422577, -27.3044161], [-48.7420337, -27.3042228], [-48.7416322, -27.3037263], [-48.7413548, -27.3034748], [-48.7412001, -27.3032825], [-48.7409755, -27.3028461], [-48.7408211, -27.3026359], [-48.7407989, -27.3024988], [-48.74068, -27.3022364], [-48.7403831, -27.3017017], [-48.7403022, -27.3015282], [-48.7402564, -27.3013242], [-48.7402686, -27.3009311], [-48.7402551, -27.3005906], [-48.7402251, -27.3003338], [-48.7401143, -27.2999035], [-48.7398542, -27.2992501], [-48.7396865, -27.2988841], [-48.7394378, -27.2984348], [-48.7394342, -27.2983582], [-48.7394873, -27.298206], [-48.7398355, -27.2977306], [-48.7401286, -27.2972412], [-48.7401671, -27.2971246], [-48.7401881, -27.2969779], [-48.7401947, -27.2962861], [-48.7402755, -27.296115], [-48.7403811, -27.2959857], [-48.7409563, -27.2955447], [-48.7410613, -27.2954407], [-48.7412278, -27.2952297], [-48.7413976, -27.2949797], [-48.7419573, -27.2939224], [-48.7419931, -27.293808], [-48.742023, -27.2936039], [-48.7420149, -27.2934981], [-48.741939, -27.2933129], [-48.7415732, -27.2928357], [-48.741504, -27.2926989], [-48.7412478, -27.2920281], [-48.7412192, -27.2917931], [-48.7412707, -27.2912929], [-48.7412684, -27.2911549], [-48.7412402, -27.2910281], [-48.7411782, -27.2909155], [-48.7409828, -27.2907847], [-48.740778, -27.290609], [-48.7407178, -27.2905367], [-48.7405746, -27.2902447], [-48.7401342, -27.2898926], [-48.7400663, -27.2898203], [-48.7399273, -27.289572], [-48.7398144, -27.2894322], [-48.7397407, -27.2893919], [-48.7391869, -27.2893], [-48.7389027, -27.2891741], [-48.7387798, -27.2890772], [-48.7387423, -27.289026], [-48.7386926, -27.2889425], [-48.7386449, -27.2887601], [-48.7386032, -27.2886629], [-48.7385683, -27.2886094], [-48.7385074, -27.2885693], [-48.738428, -27.2885519], [-48.7382372, -27.2885717], [-48.7375069, -27.2886769], [-48.7373815, -27.2886426], [-48.7370631, -27.288488], [-48.7368768, -27.2884159], [-48.7367795, -27.2883959], [-48.7363942, -27.2883665], [-48.7359668, -27.2882583], [-48.7354344, -27.2882495], [-48.7351494, -27.2882218], [-48.7350445, -27.2881948], [-48.7349604, -27.2881566], [-48.734821, -27.2880532], [-48.7339335, -27.287171], [-48.7334999, -27.2870106], [-48.7332598, -27.2868665], [-48.733166, -27.2867465], [-48.7330608, -27.286732], [-48.7328793, -27.2866434], [-48.7328538, -27.2866249], [-48.7328596, -27.2865515], [-48.7328471, -27.286517], [-48.7327145, -27.2864219], [-48.7326568, -27.2862723], [-48.7325074, -27.2861769], [-48.73246, -27.2861722], [-48.7324546, -27.286202], [-48.7324845, -27.286294], [-48.7324613, -27.2863099], [-48.732428, -27.2863027], [-48.7322951, -27.286226], [-48.7319704, -27.286079], [-48.7317451, -27.2860085], [-48.7316013, -27.2860005], [-48.7313768, -27.2861136], [-48.7311734, -27.2861671], [-48.7310959, -27.2862239], [-48.7310043, -27.2864044], [-48.7309627, -27.2864546], [-48.7307381, -27.2865814], [-48.7306634, -27.2866675], [-48.7304482, -27.2868201], [-48.7302961, -27.2868809], [-48.7301033, -27.2869083], [-48.730065, -27.2868957], [-48.7300243, -27.2868472], [-48.7299605, -27.2868054], [-48.7299057, -27.2866329], [-48.7296838, -27.2864706], [-48.7294305, -27.2863724], [-48.7293169, -27.2864357], [-48.7292014, -27.286428], [-48.7287871, -27.2862436], [-48.7285019, -27.2862587], [-48.7284534, -27.2862296], [-48.7284216, -27.2860642], [-48.7283661, -27.2859582], [-48.7282561, -27.2859092], [-48.7282384, -27.2858838], [-48.7281957, -27.2857734], [-48.7281789, -27.2856585], [-48.7281305, -27.2856077], [-48.7280616, -27.2855681], [-48.7279667, -27.2855491], [-48.7279127, -27.2855624], [-48.727879, -27.2855943], [-48.7278314, -27.2857408], [-48.7277875, -27.2857703], [-48.7276383, -27.2857921], [-48.7274048, -27.2857674], [-48.7271181, -27.2856757], [-48.7270436, -27.2856729], [-48.7267344, -27.2855191], [-48.7266524, -27.2854955], [-48.7264318, -27.2854709], [-48.7262514, -27.2854043], [-48.7261734, -27.2853657], [-48.7260434, -27.2852661], [-48.7256878, -27.284855], [-48.7256139, -27.2848146], [-48.7255192, -27.2847853], [-48.7254237, -27.2847906], [-48.7250336, -27.2849566], [-48.724893, -27.2849635], [-48.7248307, -27.2849256], [-48.7247141, -27.284714], [-48.724591, -27.2845623], [-48.7242767, -27.2842636], [-48.7241938, -27.284217], [-48.7239071, -27.2841246], [-48.7235569, -27.28387], [-48.7229832, -27.2836143], [-48.7228346, -27.2835422], [-48.7226688, -27.2833892], [-48.7225341, -27.2832562], [-48.7224214, -27.2831023], [-48.7221592, -27.2825867], [-48.7221688, -27.2824993], [-48.7222775, -27.2823584], [-48.7223086, -27.28223], [-48.722242, -27.2817292], [-48.7221833, -27.2815809], [-48.7220635, -27.2813992], [-48.7219023, -27.2812238], [-48.7217748, -27.2811594], [-48.7216583, -27.2810631], [-48.7214804, -27.2809472], [-48.7212751, -27.2806697], [-48.7210259, -27.2803891], [-48.7209866, -27.280301], [-48.7207743, -27.2799842], [-48.7206528, -27.2797611], [-48.7205799, -27.2796746], [-48.7204932, -27.279634], [-48.720282, -27.2796281], [-48.7201392, -27.2795589], [-48.7200812, -27.2794957], [-48.7199641, -27.2792121], [-48.7198867, -27.2790245], [-48.7194955, -27.27905], [-48.7190785, -27.2791504], [-48.7187056, -27.279294], [-48.7181008, -27.279588], [-48.7178499, -27.2796748], [-48.7174593, -27.2797433], [-48.717321, -27.2797474], [-48.7171974, -27.2797307], [-48.7170166, -27.279636], [-48.7167733, -27.2794223], [-48.7165998, -27.2792155], [-48.7164233, -27.2789434], [-48.7162645, -27.278616], [-48.7161786, -27.2783703], [-48.7159564, -27.2774029], [-48.7158339, -27.2771489], [-48.7156832, -27.2769783], [-48.7155765, -27.2769074], [-48.7154701, -27.2768682], [-48.7153618, -27.2768573], [-48.7152479, -27.2768711], [-48.7150584, -27.2769302], [-48.7144834, -27.2771574], [-48.7140121, -27.277275], [-48.7137179, -27.2773105], [-48.713493, -27.2773131], [-48.7132668, -27.2772898], [-48.7130353, -27.2772391], [-48.7126033, -27.2770922], [-48.7113032, -27.2765412], [-48.7109123, -27.2764019], [-48.7105031, -27.2762855], [-48.7097685, -27.2761414], [-48.7081224, -27.2759467], [-48.7078827, -27.2758916], [-48.7076114, -27.2757714], [-48.7074551, -27.275655], [-48.7072036, -27.2754098], [-48.7058396, -27.2739231], [-48.7048841, -27.2728306], [-48.704586, -27.2725202], [-48.704283, -27.2722392], [-48.7038118, -27.271878], [-48.7034797, -27.2716775], [-48.7029447, -27.2714349], [-48.7019839, -27.271111], [-48.701, -27.265], [-48.705, -27.264], [-48.704, -27.268], [-48.712, -27.261], [-48.716, -27.263], [-48.716, -27.26], [-48.72, -27.261], [-48.717, -27.266], [-48.731, -27.263], [-48.741, -27.271], [-48.741, -27.265], [-48.747, -27.264], [-48.749, -27.261], [-48.744, -27.257], [-48.744, -27.251], [-48.744, -27.238], [-48.748, -27.231], [-48.754, -27.232], [-48.756, -27.227], [-48.764, -27.229], [-48.773, -27.211], [-48.789, -27.206], [-48.794, -27.197], [-48.804, -27.192], [-48.804, -27.1869876], [-48.804, -27.1862449], [-48.804, -27.186], [-48.799, -27.181], [-48.7990001, -27.1785177], [-48.799, -27.177], [-48.809, -27.174], [-48.803, -27.173], [-48.793, -27.162], [-48.799, -27.155], [-48.802, -27.145], [-48.8030804, -27.1439197], [-48.812, -27.135], [-48.821, -27.138], [-48.8235386, -27.1401761], [-48.823585, -27.1402159], [-48.842, -27.156], [-48.8476622, -27.1578017], [-48.864, -27.163], [-48.8655, -27.1645], [-48.867, -27.166], [-48.864, -27.168], [-48.872, -27.175], [-48.8723773, -27.1746772], [-48.8724977, -27.1742207], [-48.8727815, -27.17398], [-48.8728507, -27.1739213], [-48.8729114, -27.1739517], [-48.879, -27.177], [-48.882, -27.183], [-48.895, -27.21], [-48.895, -27.2142758], [-48.895, -27.216], [-48.8929093, -27.2155354]]]]}}, {"type": "Feature", "properties": {"nome": "Camboriú", "camada": "limite", "fonte": "OpenStreetMap (ODbL)"}, "geometry": {"type": "MultiPolygon", "coordinates": [[[[-48.812, -27.135], [-48.803, -27.127], [-48.806, -27.12], [-48.8023736, -27.1169781], [-48.794, -27.11], [-48.7943446, -27.1094832], [-48.7977306, -27.1044041], [-48.798, -27.104], [-48.79, -27.096], [-48.786, -27.095], [-48.784, -27.084], [-48.779, -27.079], [-48.777, -27.077], [-48.7763745, -27.0581998], [-48.767, -27.055], [-48.763, -27.05], [-48.765, -27.046], [-48.753, -27.037], [-48.754, -27.03], [-48.747, -27.023], [-48.721, -27.015], [-48.714745, -27.0068674], [-48.711, -27.002], [-48.712, -26.995], [-48.7047995, -26.9887], [-48.6936272, -26.9789241], [-48.692012, -26.9775107], [-48.688, -26.974], [-48.688, -26.973], [-48.685, -26.971], [-48.6829778, -26.9728497], [-48.682923, -26.9728998], [-48.6823862, -26.976352], [-48.6822496, -26.9769677], [-48.6821773, -26.9772146], [-48.6820909, -26.977476], [-48.6819886, -26.9777411], [-48.6818918, -26.9779529], [-48.6817566, -26.9782069], [-48.681626, -26.9784071], [-48.6814568, -26.9786553], [-48.6812898, -26.9788669], [-48.681109, -26.979084], [-48.6809245, -26.9792858], [-48.680739, -26.9794661], [-48.680566, -26.9796183], [-48.6802728, -26.9798536], [-48.6800347, -26.9800237], [-48.6798354, -26.9801567], [-48.6795504, -26.9803199], [-48.679231, -26.9804847], [-48.6789798, -26.9805963], [-48.6787233, -26.980699], [-48.6692056, -26.9842274], [-48.668931, -26.984345], [-48.6686315, -26.984495], [-48.668388, -26.9846238], [-48.6681149, -26.984783], [-48.6678796, -26.9849379], [-48.6677149, -26.985053], [-48.6674691, -26.9852388], [-48.6672695, -26.9854134], [-48.6670399, -26.985633], [-48.6668283, -26.9858581], [-48.6666305, -26.9860846], [-48.6627206, -26.9910138], [-48.661881, -26.9920314], [-48.6617088, -26.9922267], [-48.6615063, -26.9924318], [-48.6613121, -26.9926163], [-48.6610842, -26.9928228], [-48.6608666, -26.9930178], [-48.6606369, -26.9932037], [-48.6594806, -26.9940993], [-48.6580599, -26.9951842], [-48.6578037, -26.9953691], [-48.6576176, -26.9954994], [-48.6573697, -26.9956623], [-48.6571329, -26.9958006], [-48.6568341, -26.9959588], [-48.656568, -26.9960931], [-48.6563271, -26.9962035], [-48.6560589, -26.9963193], [-48.6557229, -26.9964492], [-48.6554474, -26.9965472], [-48.6551326, -26.9966507], [-48.6546618, -26.996799], [-48.6542894, -26.9969162], [-48.6540907, -26.9969759], [-48.6538953, -26.9970322], [-48.653357, -26.9971668], [-48.6530118, -26.9972565], [-48.6526155, -26.9973647], [-48.6507664, -26.9979071], [-48.6510087, -26.9987013], [-48.6509007, -26.9987655], [-48.6504972, -26.9988928], [-48.6499335, -26.9990747], [-48.6498639, -26.9991026], [-48.6498271, -26.9991321], [-48.6497837, -26.999185], [-48.6497708, -26.9992424], [-48.6497131, -26.9993018], [-48.6496152, -26.9994763], [-48.6494275, -26.9996053], [-48.6492853, -26.999689], [-48.6491539, -26.9996914], [-48.6489044, -26.9996699], [-48.648604, -26.9996364], [-48.6479871, -26.9996149], [-48.6476143, -26.9996197], [-48.6473622, -26.9996077], [-48.6471744, -26.9995719], [-48.6469679, -26.9995814], [-48.6466138, -26.9996459], [-48.6461824, -26.9997379], [-48.6457153, -26.9998849], [-48.6454954, -27.000002], [-48.6453478, -27.0001215], [-48.6452486, -27.0002506], [-48.6452084, -27.0003796], [-48.6451544, -27.0007002], [-48.6452354, -27.0008323], [-48.6452808, -27.000906], [-48.6452926, -27.0009261], [-48.6452935, -27.0009275], [-48.6453305, -27.0009855], [-48.645352, -27.0010236], [-48.6454187, -27.0011778], [-48.6454196, -27.0012786], [-48.6453414, -27.0016036], [-48.6453544, -27.0017141], [-48.6454113, -27.0018111], [-48.645761, -27.0021602], [-48.6458109, -27.0022933], [-48.6457667, -27.0027808], [-48.6457553, -27.0028923], [-48.6458776, -27.0030822], [-48.6459629, -27.0032367], [-48.6459373, -27.0034039], [-48.6453431, -27.0040828], [-48.645218, -27.0042626], [-48.6452294, -27.0044526], [-48.6454398, -27.0048122], [-48.645744, -27.0053847], [-48.646105, -27.0057798], [-48.6462528, -27.0060179], [-48.6463381, -27.0063016], [-48.646486, -27.0065853], [-48.6466025, -27.0071907], [-48.6466894, -27.0072997], [-48.6468698, -27.0074754], [-48.6469226, -27.0075769], [-48.6469892, -27.007834], [-48.6470489, -27.007991], [-48.6471768, -27.0082266], [-48.6472309, -27.0085216], [-48.6472059, -27.0090209], [-48.647092, -27.0093779], [-48.646887, -27.0098541], [-48.6468194, -27.0099731], [-48.6468069, -27.0099949], [-48.6466837, -27.0102214], [-48.6463638, -27.0106709], [-48.6462136, -27.0108574], [-48.6461297, -27.010963], [-48.6455441, -27.0110796], [-48.6448379, -27.0114316], [-48.6439212, -27.0118068], [-48.6438629, -27.0122022], [-48.6448185, -27.0124446], [-48.6450582, -27.0128054], [-48.6449351, -27.0131806], [-48.6443326, -27.0131806], [-48.6434742, -27.012791], [-48.6415338, -27.0127361], [-48.6405284, -27.0132956], [-48.6399265, -27.0133735], [-48.6385873, -27.0135426], [-48.6369286, -27.0144802], [-48.6365524, -27.0146928], [-48.6352911, -27.0155008], [-48.6347275, -27.0163435], [-48.6345137, -27.0170823], [-48.63395, -27.0171516], [-48.6332503, -27.0169149], [-48.631961, -27.0158587], [-48.6303676, -27.0154432], [-48.6294999, -27.0149451], [-48.6291398, -27.0144733], [-48.6288365, -27.0134867], [-48.6286767, -27.0132183], [-48.6285237, -27.0131339], [-48.6283084, -27.0154771], [-48.6284296, -27.0185565], [-48.62838, -27.0187516], [-48.6282889, -27.0188872], [-48.6265445, -27.0192853], [-48.6259408, -27.0198798], [-48.6257658, -27.0204585], [-48.6256654, -27.0207906], [-48.6256139, -27.0234776], [-48.6255182, -27.0284779], [-48.625444, -27.0290015], [-48.6251978, -27.0295557], [-48.6245068, -27.030211], [-48.6232872, -27.0307427], [-48.6209537, -27.0309377], [-48.6160467, -27.0313479], [-48.6152546, -27.0316946], [-48.6149146, -27.0323647], [-48.6158498, -27.0352287], [-48.6156695, -27.0373097], [-48.6148576, -27.0393053], [-48.6134492, -27.0420794], [-48.6105708, -27.0462671], [-48.6142874, -27.0537369], [-48.617, -27.06], [-48.6156691, -27.0639927], [-48.614, -27.069], [-48.621, -27.071], [-48.6220008, -27.0716092], [-48.644, -27.085], [-48.6468577, -27.0840475], [-48.659, -27.08], [-48.668, -27.093], [-48.676, -27.098], [-48.673, -27.112], [-48.665, -27.114], [-48.66, -27.124], [-48.686, -27.136], [-48.689, -27.142], [-48.691, -27.14], [-48.698, -27.138], [-48.716, -27.145], [-48.721, -27.143], [-48.736, -27.149], [-48.749, -27.149], [-48.754, -27.135], [-48.772, -27.134], [-48.774, -27.136], [-48.772, -27.145], [-48.781, -27.151], [-48.799, -27.155], [-48.802, -27.145], [-48.8030804, -27.1439197], [-48.812, -27.135]]]]}}, {"type": "Feature", "properties": {"nome": "Itajaí", "camada": "limite", "fonte": "OpenStreetMap (ODbL)"}, "geometry": {"type": "MultiPolygon", "coordinates": [[[[-48.866, -27.003], [-48.869, -27.012], [-48.855, -27.025], [-48.8519741, -27.0266265], [-48.8524435, -27.0269834], [-48.8529612, -27.0276395], [-48.8533045, -27.0280887], [-48.8537444, -27.028471], [-48.8540662, -27.0287864], [-48.8544042, -27.0290755], [-48.855182, -27.0298568], [-48.8554234, -27.0302486], [-48.8558365, -27.0307073], [-48.8561476, -27.0310132], [-48.8563729, -27.0312425], [-48.8565124, -27.0315292], [-48.8565661, -27.031835], [-48.8566519, -27.0322077], [-48.8566733, -27.0324945], [-48.8569067, -27.0329183], [-48.8571132, -27.0332877], [-48.8572849, -27.0334214], [-48.8578321, -27.033517], [-48.8585938, -27.0335457], [-48.8596962, -27.0333292], [-48.8602434, -27.0332241], [-48.8607905, -27.0331285], [-48.8611446, -27.0331476], [-48.8614262, -27.0331443], [-48.8622175, -27.0331476], [-48.8627861, -27.0332145], [-48.8631616, -27.0333101], [-48.8637092, -27.0334486], [-48.8637543, -27.033597], [-48.8637567, -27.0337141], [-48.8638165, -27.0338548], [-48.8638261, -27.0339357], [-48.8637567, -27.0340167], [-48.8635941, -27.0340401], [-48.8634529, -27.0340465], [-48.8632066, -27.0341552], [-48.8630385, -27.0342627], [-48.8629668, -27.0344054], [-48.8628822, -27.034611], [-48.8627419, -27.034855], [-48.8627371, -27.0350617], [-48.8627656, -27.0353232], [-48.8629246, -27.0356727], [-48.8628772, -27.0357481], [-48.8628772, -27.0358776], [-48.8628738, -27.0361397], [-48.8629753, -27.0363718], [-48.8630607, -27.0365863], [-48.8630956, -27.0367439], [-48.8631763, -27.0376933], [-48.8638035, -27.0378484], [-48.8641583, -27.0379895], [-48.8641013, -27.0380629], [-48.8640189, -27.0381555], [-48.8640126, -27.0382147], [-48.8640395, -27.0383445], [-48.8641298, -27.0383817], [-48.8641393, -27.0384212], [-48.8641067, -27.0386574], [-48.8640999, -27.0387925], [-48.8641234, -27.0389743], [-48.8639784, -27.0391203], [-48.8638094, -27.039266], [-48.8636027, -27.0394357], [-48.8633144, -27.0394385], [-48.8631607, -27.0394464], [-48.8631012, -27.0394732], [-48.8630262, -27.0395457], [-48.8630104, -27.0396388], [-48.8630009, -27.0398025], [-48.8628583, -27.0399661], [-48.8626936, -27.040031], [-48.862532, -27.0400846], [-48.8625415, -27.040347], [-48.8626699, -27.0436197], [-48.8626794, -27.0436621], [-48.8626446, -27.0436931], [-48.8624767, -27.0436874], [-48.8619414, -27.0436169], [-48.8616119, -27.043569], [-48.8615517, -27.0435901], [-48.8614773, -27.0435845], [-48.8613849, -27.0436503], [-48.8609969, -27.0438943], [-48.8609256, -27.0439598], [-48.8608232, -27.0439921], [-48.8606616, -27.0439357], [-48.8605856, -27.0438539], [-48.8604621, -27.0439019], [-48.8603829, -27.0438116], [-48.8602214, -27.0438708], [-48.8601422, -27.0438849], [-48.8600281, -27.0438342], [-48.8599584, -27.0438821], [-48.8598381, -27.0438483], [-48.8596829, -27.0438624], [-48.8596195, -27.0439498], [-48.8596581, -27.0440402], [-48.859636, -27.0442941], [-48.8596233, -27.0444887], [-48.8595948, -27.0445536], [-48.8594997, -27.0446467], [-48.8592938, -27.0447596], [-48.8590848, -27.0448583], [-48.8589676, -27.0448894], [-48.8586825, -27.0448329], [-48.8585051, -27.044816], [-48.8584259, -27.0448922], [-48.8582707, -27.0451404], [-48.8582105, -27.0452815], [-48.858163, -27.0453944], [-48.8579254, -27.0456088], [-48.8577956, -27.0456906], [-48.8576784, -27.045857], [-48.8575928, -27.0459981], [-48.8569783, -27.045874], [-48.856789, -27.0458577], [-48.8566367, -27.0458378], [-48.8564888, -27.0458418], [-48.8563903, -27.045746], [-48.8561887, -27.0456902], [-48.8560185, -27.0458178], [-48.8558438, -27.0459216], [-48.8555123, -27.0462088], [-48.8553934, -27.0463239], [-48.8554003, -27.0464442], [-48.8553689, -27.0465879], [-48.8552973, -27.0467036], [-48.8551763, -27.0468432], [-48.8551405, -27.0470267], [-48.8550016, -27.0471385], [-48.8549702, -27.0473539], [-48.8549299, -27.0474936], [-48.8548403, -27.0476172], [-48.8548179, -27.0477688], [-48.8547361, -27.047807], [-48.8547582, -27.0479875], [-48.8547234, -27.0481004], [-48.8547677, -27.0482302], [-48.8549673, -27.0483345], [-48.8551444, -27.0483773], [-48.8553952, -27.0483289], [-48.8555375, -27.0484333], [-48.8556072, -27.0485066], [-48.855623, -27.0487154], [-48.855623, -27.0489637], [-48.8557054, -27.0490539], [-48.8558796, -27.0490116], [-48.8559873, -27.0490962], [-48.8559176, -27.0492994], [-48.8557814, -27.0493896], [-48.8556705, -27.0493755], [-48.8554931, -27.0494912], [-48.8554013, -27.0494686], [-48.8553062, -27.0493727], [-48.8552302, -27.049336], [-48.8551479, -27.0493868], [-48.8551479, -27.0495307], [-48.8551985, -27.0497677], [-48.8550465, -27.0499539], [-48.8548944, -27.0499369], [-48.8547519, -27.0499228], [-48.8546189, -27.0499821], [-48.8545333, -27.0501401], [-48.8545682, -27.0502219], [-48.8546157, -27.0502755], [-48.8545808, -27.0503827], [-48.8546442, -27.0503996], [-48.8546759, -27.0503686], [-48.8547107, -27.0504278], [-48.8547076, -27.0505096], [-48.8548374, -27.0506422], [-48.8549103, -27.0507353], [-48.8549039, -27.0509018], [-48.85498, -27.0510372], [-48.8550085, -27.0511274], [-48.8549705, -27.0512403], [-48.855037, -27.051308], [-48.8550085, -27.0514293], [-48.8549388, -27.0515365], [-48.8548818, -27.0516606], [-48.8548818, -27.0517481], [-48.8548976, -27.0518327], [-48.8548754, -27.0519681], [-48.8547994, -27.0520104], [-48.8547836, -27.0521402], [-48.8548754, -27.0521628], [-48.85498, -27.0520838], [-48.8550497, -27.0520923], [-48.855075, -27.0521769], [-48.8550908, -27.0523123], [-48.8550592, -27.0524082], [-48.854961, -27.0524223], [-48.8548818, -27.0524421], [-48.8547741, -27.0524392], [-48.8546189, -27.0523659], [-48.8544446, -27.0523687], [-48.8543845, -27.0524787], [-48.8542071, -27.0525464], [-48.8540297, -27.0525972], [-48.8539093, -27.0526819], [-48.8537288, -27.0527693], [-48.853545, -27.0528652], [-48.8534896, -27.0529104], [-48.8534342, -27.0529555], [-48.853362, -27.0529873], [-48.8532489, -27.0530644], [-48.8531952, -27.0531322], [-48.8530765, -27.053204], [-48.8530272, -27.0532858], [-48.85296, -27.0533277], [-48.852893, -27.0533636], [-48.8527606, -27.0534115], [-48.8526935, -27.0535232], [-48.852633, -27.0537147], [-48.8524784, -27.0539401], [-48.8524695, -27.053996], [-48.8524004, -27.053996], [-48.8523086, -27.0540977], [-48.8522145, -27.0541077], [-48.8520532, -27.0541037], [-48.8520308, -27.0541715], [-48.8519368, -27.0542054], [-48.8518203, -27.0542253], [-48.8517262, -27.0543151], [-48.8517195, -27.0544527], [-48.8517195, -27.0545465], [-48.8518225, -27.0545485], [-48.8518965, -27.0545565], [-48.8519368, -27.0546622], [-48.8518315, -27.0547599], [-48.8517329, -27.0549155], [-48.8517105, -27.0550093], [-48.851715, -27.055135], [-48.8517218, -27.0552649], [-48.8516569, -27.0553185], [-48.8515618, -27.0553538], [-48.8515143, -27.0553453], [-48.8514985, -27.0554031], [-48.8514399, -27.0554215], [-48.8512783, -27.0555625], [-48.8512118, -27.0556302], [-48.8510677, -27.0557882], [-48.8510598, -27.0558742], [-48.8509806, -27.0559264], [-48.8508761, -27.0559701], [-48.8508033, -27.0560366], [-48.8508212, -27.0561383], [-48.8508369, -27.0562121], [-48.8507652, -27.0562181], [-48.8507406, -27.056244], [-48.8506936, -27.056228], [-48.8506309, -27.0563417], [-48.8505659, -27.0564395], [-48.8505592, -27.0565412], [-48.8506398, -27.0566928], [-48.8506309, -27.0567447], [-48.8505278, -27.0567447], [-48.8504539, -27.0567786], [-48.8504158, -27.0568644], [-48.8504584, -27.0569781], [-48.8504427, -27.0570319], [-48.8503083, -27.0570638], [-48.850165, -27.0570219], [-48.8500395, -27.05699], [-48.8499477, -27.057014], [-48.8498111, -27.0570918], [-48.8497976, -27.0571436], [-48.8497551, -27.0571476], [-48.8496968, -27.0571835], [-48.849605, -27.0572354], [-48.8495154, -27.0573271], [-48.8495154, -27.057395], [-48.8494773, -27.0575106], [-48.8493945, -27.0575366], [-48.8493004, -27.0575226], [-48.8492981, -27.0575825], [-48.8483744, -27.0595617], [-48.8476756, -27.0607744], [-48.847138, -27.0616999], [-48.8465646, -27.0632956], [-48.8458299, -27.0638701], [-48.8456866, -27.0651147], [-48.844934, -27.0675081], [-48.8436166, -27.0678539], [-48.841507, -27.068426], [-48.839429, -27.0700281], [-48.8385167, -27.0705697], [-48.8378072, -27.0714723], [-48.837, -27.073], [-48.8257235, -27.073], [-48.824, -27.073], [-48.808, -27.089], [-48.8047409, -27.0902675], [-48.79, -27.096], [-48.786, -27.095], [-48.784, -27.084], [-48.779, -27.079], [-48.777, -27.077], [-48.7763745, -27.0581998], [-48.767, -27.055], [-48.763, -27.05], [-48.765, -27.046], [-48.753, -27.037], [-48.754, -27.03], [-48.747, -27.023], [-48.721, -27.015], [-48.714745, -27.0068674], [-48.711, -27.002], [-48.712, -26.995], [-48.7047995, -26.9887], [-48.6936272, -26.9789241], [-48.692012, -26.9775107], [-48.688, -26.974], [-48.688, -26.973], [-48.685, -26.971], [-48.6829778, -26.9728497], [-48.682923, -26.9728998], [-48.6828722, -26.9728727], [-48.6750706, -26.9687199], [-48.6641406, -26.9627789], [-48.6623573, -26.9648683], [-48.6620968, -26.9666542], [-48.6611651, -26.9674042], [-48.6601376, -26.9676131], [-48.6599063, -26.9674527], [-48.6596831, -26.9672728], [-48.6595145, -26.9671376], [-48.6594163, -26.9670628], [-48.6592861, -26.9671622], [-48.6591208, -26.9670327], [-48.6590356, -26.9668452], [-48.6590913, -26.9666515], [-48.6591314, -26.9664729], [-48.6591063, -26.9662631], [-48.6590256, -26.9661219], [-48.658803, -26.9660003], [-48.6586645, -26.9659299], [-48.6585547, -26.965921], [-48.6584846, -26.9660282], [-48.6584495, -26.9661219], [-48.6585347, -26.9663586], [-48.6584195, -26.9664166], [-48.6582892, -26.9662603], [-48.658174, -26.9661755], [-48.6579636, -26.966171], [-48.6578885, -26.9662648], [-48.6577232, -26.9662157], [-48.6574877, -26.9660371], [-48.6574827, -26.9659523], [-48.6574226, -26.9658183], [-48.6572523, -26.9655505], [-48.6572673, -26.9653451], [-48.6573325, -26.9651219], [-48.6572817, -26.9649541], [-48.657145, -26.9647642], [-48.6569412, -26.964728], [-48.6565907, -26.9648492], [-48.6563937, -26.9648702], [-48.6559132, -26.96473], [-48.6553581, -26.9648157], [-48.6552293, -26.9646923], [-48.6552083, -26.9646132], [-48.6552296, -26.9644269], [-48.6551446, -26.9643543], [-48.6549958, -26.9643228], [-48.6547727, -26.964206], [-48.6545353, -26.9641049], [-48.6542839, -26.9637166], [-48.6542059, -26.9635619], [-48.6540394, -26.9634483], [-48.6536038, -26.9632399], [-48.65354, -26.9630915], [-48.6533806, -26.9628737], [-48.6532814, -26.9627695], [-48.6533165, -26.9625367], [-48.6531663, -26.9624072], [-48.6532013, -26.9622778], [-48.6531472, -26.9621349], [-48.6529766, -26.9620372], [-48.652797, -26.961953], [-48.6526143, -26.9618526], [-48.6524742, -26.9617956], [-48.6522154, -26.9617251], [-48.6518104, -26.9615487], [-48.6516856, -26.9614347], [-48.6515547, -26.9613804], [-48.6513811, -26.9612257], [-48.6512502, -26.9610737], [-48.6509883, -26.960976], [-48.6508726, -26.9608729], [-48.6505224, -26.9604414], [-48.6502941, -26.9602894], [-48.6500261, -26.9599365], [-48.6498739, -26.959828], [-48.6498185, -26.9596726], [-48.6496635, -26.9596304], [-48.6494094, -26.9595306], [-48.6492242, -26.9593617], [-48.6490692, -26.9593694], [-48.6489142, -26.9593003], [-48.6487453, -26.9592693], [-48.6484926, -26.959158], [-48.6484134, -26.958816], [-48.6484012, -26.9586261], [-48.6482459, -26.9585229], [-48.6481014, -26.9585419], [-48.6479723, -26.9584805], [-48.6478237, -26.9585573], [-48.6477268, -26.9585899], [-48.6476794, -26.9585266], [-48.6475804, -26.9585112], [-48.6475029, -26.958565], [-48.6473931, -26.9585074], [-48.647307, -26.9584153], [-48.6471928, -26.9584249], [-48.6470271, -26.958517], [-48.6468957, -26.9586206], [-48.6466546, -26.9585419], [-48.6465189, -26.9586091], [-48.646267, -26.9584191], [-48.6461809, -26.9582829], [-48.6460948, -26.9581696], [-48.6459613, -26.958089], [-48.6457783, -26.9580833], [-48.6455371, -26.9581581], [-48.6454445, -26.958256], [-48.6453477, -26.9583539], [-48.6451151, -26.9584038], [-48.6448472, -26.9581011], [-48.6445584, -26.9578163], [-48.6444555, -26.9577119], [-48.6441267, -26.9575517], [-48.6438983, -26.9575002], [-48.6435329, -26.957454], [-48.6434081, -26.9573726], [-48.6434081, -26.9571093], [-48.6434612, -26.9564089], [-48.6434629, -26.9559423], [-48.6434416, -26.9558581], [-48.6433685, -26.9558744], [-48.643198, -26.9559884], [-48.6430305, -26.9560536], [-48.6429361, -26.9559938], [-48.642927, -26.955831], [-48.6429879, -26.9556682], [-48.6428691, -26.95547], [-48.6426316, -26.955337], [-48.6425525, -26.9552312], [-48.6423667, -26.9552203], [-48.6421871, -26.9552339], [-48.6421201, -26.9553018], [-48.6418795, -26.9553397], [-48.6416938, -26.9553669], [-48.6410666, -26.955508], [-48.6407773, -26.9554673], [-48.6405002, -26.9556112], [-48.6399577, -26.9559254], [-48.6398518, -26.9559625], [-48.6397943, -26.9559818], [-48.6397366, -26.9560017], [-48.6397233, -26.9560063], [-48.6396899, -26.9560178], [-48.6395546, -26.9560655], [-48.6391513, -26.9561187], [-48.6388407, -26.9559477], [-48.638655, -26.9557903], [-48.6386693, -26.9556253], [-48.6386777, -26.9554474], [-48.6387555, -26.9549869], [-48.6386032, -26.9547481], [-48.638314, -26.9545174], [-48.6381039, -26.954341], [-48.6378968, -26.9542351], [-48.637638, -26.9542215], [-48.63737, -26.9542351], [-48.6372482, -26.9541917], [-48.637026, -26.9542161], [-48.6365083, -26.9542812], [-48.6354761, -26.9544658], [-48.6349585, -26.9544278], [-48.6346113, -26.9544414], [-48.6341211, -26.9546042], [-48.633771, -26.9545798], [-48.6335669, -26.9545445], [-48.6333355, -26.9546449], [-48.6330676, -26.9545961], [-48.6329762, -26.9545527], [-48.6328544, -26.9546585], [-48.6325895, -26.9548756], [-48.6326078, -26.9552068], [-48.6325134, -26.9555107], [-48.6325134, -26.9557794], [-48.6324277, -26.956156], [-48.6323835, -26.9563739], [-48.6323307, -26.9565909], [-48.6321358, -26.9573265], [-48.6319988, -26.9579914], [-48.6319449, -26.9582451], [-48.6318255, -26.9584894], [-48.6316889, -26.9586846], [-48.6315329, -26.9588735], [-48.631064, -26.9591883], [-48.6306408, -26.9594027], [-48.6302541, -26.959514], [-48.6299465, -26.9596008], [-48.6294959, -26.9597989], [-48.6292858, -26.9598451], [-48.6290331, -26.9598559], [-48.6288199, -26.9599184], [-48.628622, -26.9600432], [-48.628415, -26.9601029], [-48.628259, -26.9600791], [-48.6280161, -26.9601002], [-48.6278182, -26.9600242], [-48.6277584, -26.959995], [-48.6282862, -26.9590646], [-48.6287853, -26.9576197], [-48.6290738, -26.9565515], [-48.6292867, -26.9553202], [-48.6291398, -26.9528637], [-48.628946, -26.9499095], [-48.628516, -26.9455752], [-48.627912, -26.941705], [-48.6278716, -26.9409249], [-48.6277649, -26.9404105], [-48.6276609, -26.9397849], [-48.6276153, -26.9396964], [-48.6276032, -26.939596], [-48.6275938, -26.9393736], [-48.6275254, -26.9390329], [-48.6274436, -26.9386886], [-48.627335, -26.9382259], [-48.627221, -26.9377751], [-48.6271539, -26.9374774], [-48.627107, -26.9371714], [-48.6270989, -26.9368617], [-48.6271217, -26.936509], [-48.6271097, -26.9363607], [-48.6270708, -26.9362053], [-48.6269715, -26.9358825], [-48.6268428, -26.9353038], [-48.6266899, -26.934474], [-48.6266041, -26.9339671], [-48.6264512, -26.9333741], [-48.6263452, -26.9328492], [-48.6263117, -26.9326615], [-48.6263131, -26.9325963], [-48.6263198, -26.9325371], [-48.625896, -26.9320584], [-48.6258002, -26.9318128], [-48.6256766, -26.9314818], [-48.6255766, -26.9313017], [-48.6252847, -26.930952], [-48.6248698, -26.9305906], [-48.6247466, -26.930804], [-48.6245969, -26.9309989], [-48.6244262, -26.9310737], [-48.6242195, -26.931055], [-48.6241417, -26.9309429], [-48.6241237, -26.9308467], [-48.6241417, -26.9307506], [-48.6241746, -26.9306705], [-48.6242075, -26.9303822], [-48.6241237, -26.9302487], [-48.6241926, -26.9302006], [-48.6241534, -26.930018], [-48.6242614, -26.930001], [-48.6243482, -26.9300312], [-48.6244435, -26.9298632], [-48.624579, -26.9298405], [-48.6247887, -26.9298934], [-48.6248755, -26.9298009], [-48.6248819, -26.9296763], [-48.6248437, -26.9295347], [-48.6247611, -26.9294667], [-48.624723, -26.9293515], [-48.6246818, -26.9292594], [-48.6246669, -26.929199], [-48.6247228, -26.9291755], [-48.6247421, -26.9290853], [-48.6244393, -26.9289834], [-48.6243164, -26.9287417], [-48.6242, -26.928702], [-48.6240898, -26.9285661], [-48.6243757, -26.9285416], [-48.6244647, -26.9284792], [-48.6244943, -26.9283905], [-48.6243461, -26.9282244], [-48.6242106, -26.9281507], [-48.6241237, -26.927977], [-48.6237193, -26.9278524], [-48.6233889, -26.9277202], [-48.6230649, -26.9275484], [-48.622995, -26.927437], [-48.6225863, -26.9272803], [-48.6225736, -26.9272218], [-48.6225207, -26.9271482], [-48.6222327, -26.9269669], [-48.6221776, -26.9268196], [-48.6218578, -26.9266346], [-48.6216122, -26.9263703], [-48.6216079, -26.9262419], [-48.6214449, -26.9261607], [-48.6214639, -26.9260587], [-48.6213686, -26.9260436], [-48.6213454, -26.9259568], [-48.621447, -26.9259209], [-48.6214724, -26.9258416], [-48.6214639, -26.9255924], [-48.6216101, -26.9255414], [-48.6217138, -26.9255943], [-48.6218091, -26.9255999], [-48.6218663, -26.925515], [-48.6219298, -26.9254734], [-48.6219997, -26.9254904], [-48.6221077, -26.9254055], [-48.6220759, -26.9253639], [-48.6221395, -26.9253148], [-48.6222411, -26.9252941], [-48.6225418, -26.9254281], [-48.6225778, -26.9254942], [-48.6227282, -26.9255414], [-48.6228362, -26.925532], [-48.6228701, -26.9255962], [-48.6230352, -26.9256622], [-48.6231496, -26.925734], [-48.623175, -26.9258133], [-48.6234058, -26.9260153], [-48.6233931, -26.9261097], [-48.6235138, -26.9262419], [-48.6237426, -26.9264043], [-48.624092, -26.9265874], [-48.6245451, -26.9268026], [-48.624579, -26.9268008], [-48.6248416, -26.9269103], [-48.6249666, -26.9269575], [-48.6250216, -26.9270066], [-48.6250597, -26.9270179], [-48.6251254, -26.9270632], [-48.6251804, -26.9270689], [-48.6252249, -26.9270368], [-48.6253202, -26.9270613], [-48.6253562, -26.9270462], [-48.6254833, -26.9271217], [-48.6254155, -26.9271878], [-48.6254176, -26.9272577], [-48.6255722, -26.9273993], [-48.6256463, -26.9273898], [-48.625784, -26.9274899], [-48.625784, -26.9275522], [-48.6258369, -26.9276145], [-48.6259492, -26.9276561], [-48.6262393, -26.9277844], [-48.6262988, -26.9278558], [-48.6261927, -26.9278977], [-48.6262245, -26.9281205], [-48.6262903, -26.9284134], [-48.6264913, -26.9285057], [-48.6266628, -26.9285397], [-48.6267306, -26.928585], [-48.6269953, -26.9286492], [-48.6271344, -26.9286242], [-48.6274383, -26.9287497], [-48.6274503, -26.928703], [-48.6275357, -26.9286789], [-48.6276674, -26.9287911], [-48.6278232, -26.9288338], [-48.6279385, -26.9288939], [-48.6280253, -26.9289233], [-48.6281152, -26.9287817], [-48.6279834, -26.9287056], [-48.6279996, -26.9286731], [-48.6280133, -26.9286456], [-48.6280642, -26.9286015], [-48.6280433, -26.9285615], [-48.627934, -26.9285174], [-48.6280305, -26.928484], [-48.6281211, -26.9285414], [-48.6282065, -26.9285454], [-48.6282379, -26.9286189], [-48.6284012, -26.928687], [-48.628497, -26.9286402], [-48.6288309, -26.928743], [-48.6289612, -26.9287417], [-48.6290361, -26.9288378], [-48.6290945, -26.9289019], [-48.6291963, -26.92895], [-48.6293685, -26.9290755], [-48.6294464, -26.9291062], [-48.6294733, -26.9290755], [-48.6296395, -26.9290982], [-48.6297803, -26.9290901], [-48.6298611, -26.9291943], [-48.629933, -26.9291903], [-48.6300438, -26.9291008], [-48.6301561, -26.9291008], [-48.6302984, -26.9291529], [-48.6303388, -26.929201], [-48.6303887, -26.9292072], [-48.6304165, -26.9292322], [-48.6309327, -26.9290698], [-48.6309766, -26.929056], [-48.6315424, -26.9287843], [-48.63286, -26.9274942], [-48.6337325, -26.9261743], [-48.6338503, -26.9259625], [-48.6343997, -26.9249609], [-48.6346415, -26.9242827], [-48.6344024, -26.9242021], [-48.6343233, -26.9241527], [-48.634283, -26.9241288], [-48.6343552, -26.9240649], [-48.6343285, -26.9240411], [-48.6343131, -26.9240374], [-48.6343244, -26.9240155], [-48.6343747, -26.9240155], [-48.6344414, -26.9240301], [-48.6344065, -26.9239926], [-48.6343983, -26.9239743], [-48.6344258, -26.923968], [-48.6344732, -26.9239871], [-48.6345594, -26.9239908], [-48.6347185, -26.9240283], [-48.6348221, -26.9240521], [-48.6349011, -26.9240878], [-48.6349596, -26.9240814], [-48.6350459, -26.924058], [-48.6350437, -26.9238668], [-48.635013, -26.9237922], [-48.6350233, -26.9237519], [-48.6350561, -26.9237025], [-48.6351218, -26.9236586], [-48.635169, -26.9235982], [-48.6352655, -26.9235488], [-48.6354358, -26.9235323], [-48.6355261, -26.9234848], [-48.6356062, -26.9234573], [-48.6356247, -26.9234006], [-48.6356401, -26.923299], [-48.635561, -26.9232789], [-48.6355754, -26.9232404], [-48.6355877, -26.9231883], [-48.6355836, -26.9231261], [-48.6355877, -26.9230785], [-48.6355487, -26.9229559], [-48.6355426, -26.9228204], [-48.6355775, -26.9226887], [-48.6356247, -26.9225752], [-48.6356657, -26.9225221], [-48.6357129, -26.9224544], [-48.6358833, -26.9223775], [-48.6360154, -26.9223184], [-48.636171, -26.9221762], [-48.6367778, -26.9220931], [-48.6368484, -26.9218761], [-48.6369869, -26.9218075], [-48.637069, -26.921851], [-48.637093, -26.9220221], [-48.6371649, -26.922031], [-48.6374134, -26.9218312], [-48.637577, -26.9216036], [-48.6376153, -26.92153], [-48.6375607, -26.9214164], [-48.6376519, -26.9212849], [-48.6378559, -26.9213022], [-48.6380421, -26.9213961], [-48.6385477, -26.9215396], [-48.6388089, -26.9217171], [-48.6390435, -26.9216263], [-48.639356, -26.9215187], [-48.6398347, -26.9210844], [-48.639854, -26.9210329], [-48.6398322, -26.9209775], [-48.6397791, -26.9209028], [-48.6398569, -26.9208586], [-48.639903, -26.9208666], [-48.6399103, -26.920833], [-48.6398776, -26.92074], [-48.6398302, -26.9206495], [-48.6397833, -26.9206324], [-48.6397112, -26.9205746], [-48.6397131, -26.9205339], [-48.6399056, -26.9205251], [-48.6400194, -26.9205628], [-48.6402423, -26.9206489], [-48.640372, -26.920705], [-48.6404159, -26.9207239], [-48.6404899, -26.920621], [-48.6405297, -26.9205507], [-48.640475, -26.9205187], [-48.640213, -26.9203846], [-48.6401701, -26.920308], [-48.6402117, -26.9202423], [-48.640323, -26.9201837], [-48.6405898, -26.9203021], [-48.6408748, -26.9202697], [-48.6410083, -26.9196054], [-48.6410673, -26.9191988], [-48.6411692, -26.9187732], [-48.6412389, -26.9182422], [-48.6412784, -26.9180066], [-48.6411746, -26.9176682], [-48.6412121, -26.9172234], [-48.6410887, -26.9167163], [-48.6410136, -26.9162524], [-48.6408581, -26.9158171], [-48.6406327, -26.9153698], [-48.640504, -26.9149226], [-48.6404743, -26.9146117], [-48.6360616, -26.9151845], [-48.6353146, -26.9152288], [-48.6344415, -26.91523], [-48.6338058, -26.9151893], [-48.6333284, -26.9150936], [-48.6331943, -26.9150231], [-48.6331084, -26.9149143], [-48.6331031, -26.9147959], [-48.6332204, -26.9146627], [-48.6339476, -26.9137352], [-48.6360026, -26.9138091], [-48.6377879, -26.9136719], [-48.6395082, -26.9134912], [-48.6417397, -26.9130638], [-48.6437626, -26.9126556], [-48.6456177, -26.9117854], [-48.6475704, -26.9106948], [-48.6495015, -26.9089727], [-48.649845, -26.9086472], [-48.6507034, -26.9075551], [-48.6516044, -26.9064087], [-48.6537716, -26.9039403], [-48.6555612, -26.9022793], [-48.6569688, -26.901223], [-48.6587284, -26.9004384], [-48.6602304, -26.9000558], [-48.6663243, -26.8989267], [-48.6680612, -26.898278], [-48.6687383, -26.8977881], [-48.6697147, -26.8965347], [-48.6699268, -26.8960671], [-48.6704871, -26.8948315], [-48.6704013, -26.893846], [-48.670058, -26.8928987], [-48.669307, -26.8920567], [-48.6687565, -26.8915866], [-48.66821, -26.8911548], [-48.667285, -26.8905617], [-48.6664316, -26.8900281], [-48.6653939, -26.889252], [-48.6648438, -26.8884014], [-48.6646077, -26.8873105], [-48.664715, -26.8860665], [-48.6651871, -26.8846886], [-48.6664316, -26.8830427], [-48.6679766, -26.881856], [-48.6694313, -26.8814412], [-48.6708948, -26.8812819], [-48.6725256, -26.8813585], [-48.6743281, -26.8817795], [-48.6757443, -26.8824302], [-48.6806574, -26.8855824], [-48.6816237, -26.8862005], [-48.6836622, -26.8868129], [-48.6856148, -26.8868512], [-48.6875889, -26.8865067], [-48.6889193, -26.8855115], [-48.6899493, -26.8842675], [-48.6909363, -26.8826407], [-48.6913869, -26.8813967], [-48.6915157, -26.8799996], [-48.6914695, -26.8792843], [-48.6912582, -26.8785067], [-48.6904213, -26.8765736], [-48.6891982, -26.8737025], [-48.6884258, -26.8718268], [-48.6882112, -26.8704486], [-48.6884258, -26.8686494], [-48.6892626, -26.8671755], [-48.6908287, -26.8656057], [-48.6924169, -26.8643808], [-48.6940906, -26.8636343], [-48.6965582, -26.8634237], [-48.6989186, -26.8637491], [-48.7006566, -26.8642468], [-48.7023732, -26.8649934], [-48.7040469, -26.8661419], [-48.705549, -26.8673669], [-48.7067721, -26.8691279], [-48.7083385, -26.8718651], [-48.7099478, -26.8738174], [-48.7109594, -26.8747971], [-48.7114498, -26.875272], [-48.7132523, -26.8764396], [-48.7153981, -26.8771478], [-48.7176726, -26.8776837], [-48.7194965, -26.8776837], [-48.7212131, -26.8770138], [-48.722758, -26.8758845], [-48.7244532, -26.8740279], [-48.7256119, -26.8719416], [-48.7261913, -26.869951], [-48.7265131, -26.8681134], [-48.7265346, -26.8661419], [-48.7261269, -26.8647828], [-48.7253115, -26.8634237], [-48.7240026, -26.8615478], [-48.722286, -26.8591932], [-48.7206161, -26.8565783], [-48.7195614, -26.8547326], [-48.7189815, -26.8526079], [-48.7186811, -26.8505404], [-48.7183592, -26.8484536], [-48.7185534, -26.8470197], [-48.71896, -26.8457542], [-48.7196217, -26.8445322], [-48.7200115, -26.8438014], [-48.7203224, -26.8434051], [-48.7213633, -26.8420783], [-48.7215062, -26.8419424], [-48.7226722, -26.8408338], [-48.724818, -26.8394361], [-48.7266633, -26.8383831], [-48.728101, -26.8379236], [-48.7300966, -26.8378087], [-48.7311694, -26.8381342], [-48.732414, -26.8389958], [-48.7335942, -26.8400679], [-48.7338418, -26.8405966], [-48.734195, -26.8413507], [-48.7346027, -26.8429398], [-48.7349674, -26.8454479], [-48.7355253, -26.8479941], [-48.7362335, -26.8498129], [-48.7372634, -26.851555], [-48.7397311, -26.8543117], [-48.7418339, -26.855824], [-48.7441728, -26.8570684], [-48.7457607, -26.8575278], [-48.7493012, -26.8573364], [-48.7513717, -26.85697], [-48.7518976, -26.8568769], [-48.7544725, -26.8559581], [-48.7578628, -26.8551349], [-48.7594292, -26.8551732], [-48.760545, -26.8554603], [-48.7616393, -26.8560729], [-48.7623045, -26.8572024], [-48.7626908, -26.8589252], [-48.762562, -26.8615669], [-48.7621114, -26.8647828], [-48.7620256, -26.8679603], [-48.7622187, -26.8715588], [-48.7626017, -26.8762476], [-48.7623689, -26.8803823], [-48.7620256, -26.8826407], [-48.7619397, -26.8846312], [-48.7626264, -26.8865641], [-48.7635491, -26.888076], [-48.765094, -26.8894157], [-48.7665686, -26.8904156], [-48.7665995, -26.891537], [-48.7665975, -26.8917623], [-48.7664592, -26.8918553], [-48.7664031, -26.8919393], [-48.766418, -26.892056], [-48.7664552, -26.892667], [-48.7665254, -26.8928297], [-48.7668722, -26.8931176], [-48.7671569, -26.8932499], [-48.7672711, -26.8934651], [-48.7675378, -26.8937291], [-48.7678506, -26.8940188], [-48.7678265, -26.8941654], [-48.768039, -26.8943263], [-48.7682235, -26.8944193], [-48.7683959, -26.8946875], [-48.7685282, -26.8952096], [-48.7686645, -26.8953741], [-48.768861, -26.8953526], [-48.7690575, -26.895299], [-48.769274, -26.8952561], [-48.7694945, -26.8951953], [-48.7699196, -26.8954527], [-48.7699877, -26.8954921], [-48.770529, -26.8958068], [-48.7709621, -26.8959319], [-48.7711345, -26.896032], [-48.7714873, -26.8963432], [-48.7717359, -26.8963861], [-48.7719083, -26.8963896], [-48.7722353, -26.8967011], [-48.7772234, -26.9008991], [-48.7776083, -26.9013997], [-48.7788994, -26.9036739], [-48.7800542, -26.9057549], [-48.7822996, -26.9097739], [-48.7851884, -26.9134916], [-48.7859943, -26.9145392], [-48.7863803, -26.9155787], [-48.7823345, -26.9166697], [-48.7803967, -26.9183899], [-48.7779881, -26.9196735], [-48.7768789, -26.9217267], [-48.7647461, -26.9320608], [-48.7590268, -26.9359042], [-48.7590344, -26.9360317], [-48.7590466, -26.9370155], [-48.7593164, -26.9383271], [-48.7602482, -26.9417265], [-48.7605608, -26.9423167], [-48.7610513, -26.9428304], [-48.763048, -26.9446312], [-48.7671327, -26.9487326], [-48.7676922, -26.9493451], [-48.7682362, -26.9499075], [-48.7690209, -26.9503501], [-48.7699895, -26.9504868], [-48.7712831, -26.9506726], [-48.7720371, -26.9510606], [-48.7726134, -26.9516999], [-48.7734655, -26.9527382], [-48.7746977, -26.9537], [-48.7751514, -26.95423], [-48.7757399, -26.9546344], [-48.776825, -26.9547054], [-48.7781248, -26.9546661], [-48.7806995, -26.9541754], [-48.7816191, -26.9537437], [-48.7824099, -26.9537054], [-48.7837947, -26.9536759], [-48.7848376, -26.9539295], [-48.785892, -26.9542901], [-48.7863518, -26.9545743], [-48.7868055, -26.9551371], [-48.7874921, -26.9560224], [-48.7880508, -26.9566637], [-48.7883442, -26.9570005], [-48.7900914, -26.958995], [-48.7920409, -26.961279], [-48.7923474, -26.9617872], [-48.7927949, -26.9626396], [-48.7932976, -26.9633937], [-48.7941253, -26.9639619], [-48.7947506, -26.9642679], [-48.7954311, -26.9644919], [-48.7961115, -26.9649236], [-48.7985274, -26.9661473], [-48.7994381, -26.9665237], [-48.8004111, -26.9669594], [-48.802082, -26.9678624], [-48.814, -26.965], [-48.829, -26.965], [-48.8410737, -26.965], [-48.844, -26.965], [-48.85, -26.977], [-48.855, -26.991], [-48.8555755, -26.9916279], [-48.866, -27.003]]]]}}, {"type": "Feature", "properties": {"nome": "Guabiruba", "camada": "limite", "fonte": "OpenStreetMap (ODbL)"}, "geometry": {"type": "MultiPolygon", "coordinates": [[[[-49.139, -27.132], [-49.139, -27.14], [-49.105, -27.138], [-49.097, -27.166], [-49.093, -27.17], [-49.08, -27.174], [-49.073, -27.171], [-49.066, -27.172], [-49.06, -27.166], [-49.045, -27.175], [-49.0308445, -27.1950107], [-49.0302853, -27.1945878], [-49.0298006, -27.1937256], [-49.0296608, -27.1923493], [-49.0296794, -27.191172], [-49.0294277, -27.1894807], [-49.0294837, -27.1880131], [-49.0292227, -27.1872752], [-49.0286541, -27.1869767], [-49.0275076, -27.1868109], [-49.0269204, -27.1865787], [-49.0256341, -27.1852853], [-49.0252333, -27.184481], [-49.0248604, -27.1831378], [-49.0247952, -27.1819355], [-49.0250934, -27.1813385], [-49.0260442, -27.1807581], [-49.0260162, -27.1802689], [-49.0253824, -27.1792905], [-49.024646, -27.1790334], [-49.0242639, -27.1785857], [-49.0243198, -27.1779389], [-49.0246274, -27.1767117], [-49.0247486, -27.1748211], [-49.0247113, -27.1742987], [-49.0244969, -27.1739338], [-49.0241054, -27.1738094], [-49.0235648, -27.1738177], [-49.0232479, -27.174307], [-49.0230708, -27.1746386], [-49.0225861, -27.1747216], [-49.0221293, -27.1746304], [-49.0217751, -27.1743401], [-49.0212532, -27.1742655], [-49.0209083, -27.1743899], [-49.0200787, -27.1749206], [-49.0194449, -27.175103], [-49.0184382, -27.1751611], [-49.0172078, -27.1752191], [-49.016341, -27.1751611], [-49.0157071, -27.1753766], [-49.0149242, -27.1755176], [-49.0143369, -27.1752274], [-49.0137218, -27.1744977], [-49.0131159, -27.1734694], [-49.0129388, -27.1730382], [-49.0124821, -27.1726817], [-49.011755, -27.1727148], [-49.0112983, -27.1732455], [-49.0110839, -27.1739587], [-49.0104314, -27.1741079], [-49.0099001, -27.1736602], [-49.0092383, -27.1726568], [-49.0092011, -27.1722007], [-49.0092383, -27.1715207], [-49.0088002, -27.1703598], [-49.0087723, -27.1698208], [-49.0091078, -27.1695223], [-49.0101704, -27.1695803], [-49.0108136, -27.1696135], [-49.0114847, -27.1691906], [-49.0119974, -27.1689335], [-49.0128829, -27.1689003], [-49.0136285, -27.1691076], [-49.0141878, -27.1690413], [-49.0150453, -27.1682535], [-49.0172265, -27.1671671], [-49.0173756, -27.1666779], [-49.0171892, -27.1660808], [-49.0172638, -27.1653427], [-49.0176459, -27.1638417], [-49.0185594, -27.1625314], [-49.0194728, -27.161387], [-49.0202092, -27.1612626], [-49.0214676, -27.1611713], [-49.0222785, -27.1608562], [-49.0224369, -27.1604001], [-49.0221293, -27.1599025], [-49.0213837, -27.1595044], [-49.020377, -27.1592307], [-49.0197432, -27.1587165], [-49.019622, -27.1581692], [-49.0196686, -27.1577047], [-49.0202931, -27.1572818], [-49.022148, -27.1563114], [-49.0226554, -27.1557601], [-49.0230335, -27.1553494], [-49.0233318, -27.1547688], [-49.0231919, -27.1543873], [-49.0228682, -27.1540821], [-49.0222878, -27.1537819], [-49.0215235, -27.1535994], [-49.0203677, -27.153475], [-49.0199109, -27.1535331], [-49.0197245, -27.1540141], [-49.0198364, -27.1552416], [-49.0197338, -27.1555235], [-49.0191186, -27.1556977], [-49.0184009, -27.1556645], [-49.0177485, -27.1553245], [-49.0170494, -27.1545698], [-49.0161918, -27.1534584], [-49.01553, -27.1521563], [-49.01553, -27.1515425], [-49.0153995, -27.1511195], [-49.0147191, -27.1506966], [-49.014514, -27.1502902], [-49.0145327, -27.1499252], [-49.014803, -27.149552], [-49.0162384, -27.1486728], [-49.0170494, -27.148001], [-49.0178976, -27.147495], [-49.0197245, -27.1469725], [-49.0205821, -27.1467817], [-49.0210667, -27.1464085], [-49.0213743, -27.1454961], [-49.0214023, -27.1449238], [-49.0209829, -27.1446418], [-49.0203211, -27.1442934], [-49.0189695, -27.1440031], [-49.018424, -27.1441573], [-49.0179628, -27.1443266], [-49.0164715, -27.1446916], [-49.0160054, -27.1449155], [-49.0154089, -27.1446335], [-49.0139175, -27.1436216], [-49.0130879, -27.142817], [-49.012277, -27.1423442], [-49.0112424, -27.1422115], [-49.010478, -27.1424272], [-49.0092477, -27.1423857], [-49.0088748, -27.1427092], [-49.0086418, -27.1432732], [-49.0076444, -27.1437294], [-49.006992, -27.1438787], [-49.005976, -27.1438124], [-49.0052396, -27.1437211], [-49.0045126, -27.1432981], [-49.003944, -27.1431239], [-49.0035245, -27.1432317], [-49.0030678, -27.1436796], [-49.0024433, -27.144169], [-49.0017722, -27.1452141], [-49.0012316, -27.1461099], [-49.0002435, -27.1469891], [-48.9989101, -27.1474974], [-48.9980717, -27.1472213], [-48.9974099, -27.1465827], [-48.9967429, -27.1459554], [-48.9957012, -27.1456475], [-48.9944865, -27.1454268], [-48.9931782, -27.1455376], [-48.992713, -27.1455939], [-48.9921941, -27.1458889], [-48.9917614, -27.1460684], [-48.9910343, -27.1461597], [-48.9899786, -27.1460752], [-48.9892383, -27.1459702], [-48.9884444, -27.1457028], [-48.9880474, -27.1454164], [-48.9879126, -27.1452203], [-48.9879401, -27.144414], [-48.9882727, -27.1438125], [-48.9884825, -27.1435572], [-48.9884506, -27.143279], [-48.9878764, -27.1429667], [-48.9871426, -27.1424045], [-48.986613, -27.1418481], [-48.9861269, -27.141397], [-48.9856549, -27.1408624], [-48.9852901, -27.1405569], [-48.984847, -27.1401885], [-48.9843606, -27.139744], [-48.9838852, -27.1393047], [-48.9833144, -27.139158], [-48.9829384, -27.1392016], [-48.9827342, -27.1394362], [-48.9829019, -27.1398127], [-48.9827305, -27.1402865], [-48.9821143, -27.1411584], [-48.981447, -27.1414963], [-48.9807814, -27.1418765], [-48.98035, -27.1423009], [-48.9804336, -27.1427444], [-48.980715, -27.143067], [-48.9812594, -27.1434501], [-48.9814942, -27.1437635], [-48.9813679, -27.1441971], [-48.981007, -27.1443979], [-48.9804655, -27.144438], [-48.9792473, -27.1441088], [-48.9787641, -27.1440603], [-48.9784352, -27.1440847], [-48.9781555, -27.1442012], [-48.978125, -27.1442863], [-48.9780201, -27.1445785], [-48.9781194, -27.1448917], [-48.9782367, -27.1452812], [-48.9782954, -27.1455582], [-48.9782367, -27.145771], [-48.9780374, -27.1460179], [-48.9774967, -27.1461885], [-48.9768894, -27.1462566], [-48.976235, -27.146247], [-48.9759672, -27.1460641], [-48.9758183, -27.1458272], [-48.9757236, -27.1455622], [-48.9758636, -27.1451005], [-48.9762515, -27.1448717], [-48.9766777, -27.1447112], [-48.97731, -27.1441396], [-48.9773579, -27.1437528], [-48.9771326, -27.1435129], [-48.9771084, -27.1419578], [-48.977, -27.135], [-48.982, -27.121], [-48.971, -27.117], [-48.9691994, -27.1160131], [-48.9657799, -27.1128361], [-48.9611609, -27.111819], [-48.9581343, -27.1109592], [-48.9571211, -27.1097655], [-48.956632, -27.1079942], [-48.95501, -27.1062161], [-48.953, -27.103], [-48.9494451, -27.0961883], [-48.9511747, -27.0880355], [-48.9510243, -27.0857157], [-48.9507832, -27.085181], [-48.9493881, -27.0846776], [-48.9476749, -27.0846466], [-48.9464638, -27.0841422], [-48.9463575, -27.0838674], [-48.9475152, -27.0824599], [-48.9483099, -27.0818097], [-48.9497122, -27.0809306], [-48.9508725, -27.0799273], [-48.9520315, -27.0770426], [-48.9522022, -27.0761832], [-48.9520056, -27.0751634], [-48.951348, -27.0745291], [-48.9505852, -27.073239], [-48.9506517, -27.0721003], [-48.9507031, -27.0710758], [-48.950896, -27.0704653], [-48.9506593, -27.0694948], [-48.9498499, -27.0686098], [-48.9494046, -27.0683068], [-48.946317, -27.0674612], [-48.9450337, -27.0662928], [-48.944837, -27.066439], [-48.9438692, -27.0654323], [-48.9422681, -27.0636728], [-48.9417494, -27.0632747], [-48.9393983, -27.061559], [-48.9382725, -27.0610409], [-48.936254, -27.060725], [-48.9358328, -27.0606536], [-48.9354209, -27.0604325], [-48.9351019, -27.060073], [-48.9349697, -27.0595804], [-48.9349483, -27.0592154], [-48.939, -27.054], [-48.935, -27.049], [-48.93, -27.05], [-48.9277911, -27.0482329], [-48.925, -27.046], [-48.935, -27.033], [-48.935, -27.028], [-48.9384055, -27.0267698], [-48.9397574, -27.0266169], [-48.9407015, -27.0270374], [-48.9417744, -27.0274197], [-48.9428044, -27.0275726], [-48.9439416, -27.0281651], [-48.9461732, -27.028318], [-48.947568, -27.0281843], [-48.9487267, -27.0273241], [-48.9494348, -27.0265787], [-48.9508724, -27.026139], [-48.9523959, -27.0260243], [-48.9544559, -27.0258141], [-48.9555288, -27.0250686], [-48.9573312, -27.0238261], [-48.9584899, -27.0229277], [-48.9608717, -27.021972], [-48.9629531, -27.0208251], [-48.9634896, -27.0209398], [-48.9641977, -27.0213794], [-48.9646697, -27.0222778], [-48.966794, -27.0243231], [-48.9688111, -27.026636], [-48.9699054, -27.0274006], [-48.9716435, -27.0277829], [-48.9729095, -27.0285665], [-48.9743471, -27.0291782], [-48.975699, -27.0289488], [-48.9773298, -27.0284327], [-48.9790035, -27.0280696], [-48.9811492, -27.028471], [-48.9833164, -27.0291591], [-48.986, -27.03], [-48.9874149, -27.0310131], [-48.9884019, -27.0325995], [-48.9884019, -27.0341477], [-48.99, -27.038], [-48.9908266, -27.0382761], [-48.991642, -27.0378747], [-48.9927578, -27.0374733], [-48.9941311, -27.0370529], [-48.9948607, -27.0364795], [-48.9958048, -27.035543], [-48.9967275, -27.0350269], [-48.998251, -27.0344726], [-48.9994097, -27.033689], [-49.0005255, -27.0335934], [-49.0013194, -27.0342815], [-49.0027142, -27.0347402], [-49.0047741, -27.0357341], [-49.0062862, -27.0369468], [-49.0122414, -27.038945], [-49.0142155, -27.0404739], [-49.0157175, -27.0427674], [-49.018, -27.045], [-49.0181174, -27.0451058], [-49.0206957, -27.0474305], [-49.0229702, -27.0488447], [-49.025631, -27.0494562], [-49.0271759, -27.0489594], [-49.0288067, -27.0486154], [-49.0311242, -27.0485772], [-49.0334845, -27.0477363], [-49.0355444, -27.0480803], [-49.0370036, -27.0476216], [-49.0379477, -27.0469145], [-49.0387523, -27.0458921], [-49.0392888, -27.0452997], [-49.0400827, -27.0449174], [-49.0406191, -27.0448123], [-49.0412521, -27.0448314], [-49.0419495, -27.0453952], [-49.0428078, -27.0466565], [-49.0442884, -27.0494181], [-49.0452647, -27.0513673], [-49.0463591, -27.0525712], [-49.0477538, -27.0535458], [-49.0492988, -27.0541574], [-49.0513802, -27.0550746], [-49.0540409, -27.057062], [-49.0556288, -27.0580939], [-49.0579248, -27.0599857], [-49.0588689, -27.0611704], [-49.0572596, -27.0639602], [-49.0582895, -27.0665207], [-49.0600491, -27.0678582], [-49.061, -27.07], [-49.0614224, -27.0712975], [-49.0610361, -27.0731126], [-49.0605097, -27.082648], [-49.0604782, -27.0832195], [-49.0608645, -27.0843657], [-49.0611649, -27.0856457], [-49.0613151, -27.0872505], [-49.060843, -27.089008], [-49.0600062, -27.0899632], [-49.0589547, -27.0909375], [-49.0587187, -27.0917781], [-49.0584612, -27.093249], [-49.059, -27.098], [-49.0596843, -27.099018], [-49.0611112, -27.099486], [-49.062345, -27.0995528], [-49.0634287, -27.0995146], [-49.0650058, -27.0999349], [-49.0665508, -27.1013675], [-49.0681172, -27.1021698], [-49.0683961, -27.1036406], [-49.068954, -27.1057035], [-49.0677309, -27.10769], [-49.0674949, -27.1085495], [-49.0677738, -27.1092753], [-49.069469, -27.110555], [-49.072237, -27.1125987], [-49.0738893, -27.1139739], [-49.0788675, -27.119398], [-49.0812063, -27.1205439], [-49.0834594, -27.1212315], [-49.0863776, -27.1217662], [-49.0881372, -27.1214034], [-49.0903259, -27.1198564], [-49.0920425, -27.118806], [-49.0937591, -27.1167433], [-49.0957761, -27.1147761], [-49.0972781, -27.1151581], [-49.0985012, -27.1159411], [-49.0999174, -27.1163422], [-49.1012049, -27.1160366], [-49.1031575, -27.1151008], [-49.104, -27.115], [-49.11, -27.121], [-49.1122771, -27.1214033], [-49.1146374, -27.1212505], [-49.1194869, -27.1218235], [-49.1226626, -27.1227784], [-49.1253663, -27.123084], [-49.13, -27.122], [-49.1314173, -27.1231222], [-49.1320181, -27.1246118], [-49.1335631, -27.1263688], [-49.135108, -27.1275528], [-49.1349364, -27.1290042], [-49.135, -27.131], [-49.139, -27.132]]]]}}, {"type": "Feature", "properties": {"nome": "Nova Trento", "camada": "limite", "fonte": "OpenStreetMap (ODbL)"}, "geometry": {"type": "MultiPolygon", "coordinates": [[[[-49.2240821, -27.3212307], [-49.2235698, -27.3220031], [-49.2232122, -27.322262], [-49.2219846, -27.3227287], [-49.2203114, -27.322919], [-49.2195133, -27.3231035], [-49.2183111, -27.3237338], [-49.2178799, -27.3238719], [-49.2153983, -27.3246138], [-49.2150683, -27.3246869], [-49.2148416, -27.3247884], [-49.2146313, -27.3249416], [-49.2142757, -27.3256561], [-49.2138071, -27.3267237], [-49.2136455, -27.3271495], [-49.2134756, -27.3277827], [-49.2130369, -27.328552], [-49.2127152, -27.3290881], [-49.2118631, -27.3300445], [-49.2112508, -27.3303488], [-49.2107227, -27.3304902], [-49.2102158, -27.3303535], [-49.2097929, -27.3301045], [-49.2094632, -27.3299374], [-49.2090126, -27.3298568], [-49.2078159, -27.3300169], [-49.207477, -27.3299129], [-49.206905, -27.3298859], [-49.2064964, -27.3298013], [-49.2060532, -27.329851], [-49.205697, -27.3298747], [-49.2055072, -27.3298179], [-49.2051945, -27.3295589], [-49.2048793, -27.3293798], [-49.2046048, -27.3291386], [-49.204349, -27.3289236], [-49.2040142, -27.3286573], [-49.2036318, -27.328489], [-49.2032522, -27.3283388], [-49.2022926, -27.3281955], [-49.201999, -27.3283054], [-49.2017476, -27.3286823], [-49.2016478, -27.3290458], [-49.2013878, -27.3293408], [-49.2010463, -27.3296339], [-49.2007078, -27.3301972], [-49.2004202, -27.3305696], [-49.2002146, -27.3308366], [-49.1998623, -27.3312103], [-49.19923, -27.3316953], [-49.199014, -27.3318771], [-49.198793, -27.3319812], [-49.1985736, -27.3319524], [-49.1983107, -27.3318231], [-49.1981293, -27.3316739], [-49.1979037, -27.3314639], [-49.197686, -27.3312617], [-49.1974915, -27.3310051], [-49.197196, -27.3306084], [-49.1968771, -27.3304217], [-49.1965504, -27.3301417], [-49.1962082, -27.3299084], [-49.1959516, -27.3298618], [-49.195726, -27.3299006], [-49.1955471, -27.329924], [-49.1952593, -27.3300329], [-49.194832, -27.3301484], [-49.1943398, -27.3301324], [-49.1941087, -27.3302342], [-49.1939208, -27.3304194], [-49.1938381, -27.3305717], [-49.1938178, -27.3309014], [-49.1938724, -27.331241], [-49.1940003, -27.3318115], [-49.1941166, -27.3322051], [-49.194123, -27.3325504], [-49.1940679, -27.3328958], [-49.1939522, -27.3333855], [-49.19389, -27.3336301], [-49.1936896, -27.3340628], [-49.1934787, -27.3343458], [-49.1927858, -27.3346922], [-49.191885, -27.3349001], [-49.1907774, -27.3352357], [-49.1907074, -27.3353286], [-49.1906167, -27.3354566], [-49.1905514, -27.3355628], [-49.1904729, -27.3356768], [-49.1903837, -27.3357862], [-49.1902611, -27.3359135], [-49.190174, -27.3360158], [-49.1901158, -27.3361178], [-49.1900545, -27.3362606], [-49.190016, -27.3363665], [-49.1899184, -27.3366118], [-49.1898536, -27.336775], [-49.1898095, -27.3369101], [-49.1897867, -27.3370253], [-49.1897701, -27.3372099], [-49.1897465, -27.3373971], [-49.1896945, -27.3375685], [-49.1896426, -27.3378147], [-49.18958, -27.3380473], [-49.1894996, -27.3382413], [-49.1893967, -27.3384544], [-49.1893375, -27.3386738], [-49.1892917, -27.3388165], [-49.1892458, -27.3389591], [-49.1891805, -27.3392237], [-49.1891661, -27.3394795], [-49.1891081, -27.3397727], [-49.1890653, -27.3400111], [-49.1890199, -27.3401343], [-49.1889619, -27.3402271], [-49.188904, -27.3403198], [-49.1887569, -27.3405139], [-49.1886796, -27.3406376], [-49.1886279, -27.3408079], [-49.1886132, -27.3409827], [-49.1885847, -27.3412163], [-49.1885603, -27.3414499], [-49.1884775, -27.3415884], [-49.1884505, -27.3416337], [-49.1883033, -27.3418351], [-49.1881845, -27.342052], [-49.1881014, -27.3422419], [-49.1880017, -27.3424351], [-49.1879223, -27.3425403], [-49.1879185, -27.3425637], [-49.1879435, -27.342614], [-49.1880065, -27.3426961], [-49.1881519, -27.3428748], [-49.1881729, -27.342971], [-49.1883523, -27.3432529], [-49.1883611, -27.3432964], [-49.1883514, -27.343339], [-49.1882911, -27.3433467], [-49.1881934, -27.3433938], [-49.1880276, -27.3434913], [-49.1876586, -27.3437953], [-49.1875001, -27.3439409], [-49.1870967, -27.3441934], [-49.1868411, -27.3443697], [-49.1866597, -27.3445593], [-49.1862452, -27.3450113], [-49.1860398, -27.3452263], [-49.1857714, -27.3453884], [-49.1855706, -27.3454539], [-49.1853819, -27.3454417], [-49.1849908, -27.345375], [-49.1849299, -27.345372], [-49.1848559, -27.3453589], [-49.1847563, -27.3452985], [-49.1846417, -27.3453872], [-49.1843678, -27.3455927], [-49.1842856, -27.3456802], [-49.184211, -27.3457262], [-49.1840711, -27.3457887], [-49.1833506, -27.3458652], [-49.1832647, -27.345916], [-49.1831926, -27.3459679], [-49.183142, -27.3460101], [-49.1830967, -27.3460558], [-49.1830464, -27.3461201], [-49.1829922, -27.346211], [-49.18294, -27.3463259], [-49.182906, -27.3464192], [-49.1828263, -27.3466741], [-49.182768, -27.3468905], [-49.1827248, -27.3470507], [-49.1827222, -27.3471471], [-49.1827197, -27.3472382], [-49.1827343, -27.3472984], [-49.1827646, -27.3473601], [-49.1827985, -27.3474038], [-49.1828486, -27.3474487], [-49.1829207, -27.3474932], [-49.1829974, -27.3475355], [-49.1830957, -27.347579], [-49.1831689, -27.3476171], [-49.1832096, -27.3476606], [-49.1832162, -27.3477154], [-49.183204, -27.3477697], [-49.183182, -27.3478067], [-49.1831724, -27.3478229], [-49.1831297, -27.3478722], [-49.1830817, -27.3479161], [-49.1828003, -27.348141], [-49.1827378, -27.3482039], [-49.18271, -27.3482499], [-49.1827011, -27.3482802], [-49.1827022, -27.3483084], [-49.182719, -27.3483502], [-49.1827477, -27.3483898], [-49.1828922, -27.3485623], [-49.1829561, -27.3486458], [-49.1829987, -27.3487112], [-49.1830325, -27.3487664], [-49.183049, -27.3488037], [-49.1830989, -27.3489312], [-49.1832607, -27.3495581], [-49.1832762, -27.3495918], [-49.1833082, -27.349635], [-49.18335, -27.3496745], [-49.1833959, -27.3497111], [-49.1834421, -27.3497444], [-49.1838207, -27.3500302], [-49.1839093, -27.350112], [-49.1839405, -27.3501545], [-49.1839554, -27.3501913], [-49.1839592, -27.3502108], [-49.1839588, -27.3503712], [-49.1839674, -27.3503948], [-49.1839779, -27.3504154], [-49.1839974, -27.3504306], [-49.1840301, -27.350444], [-49.1840676, -27.3504595], [-49.1840878, -27.3504673], [-49.1841046, -27.3504789], [-49.1841101, -27.3504914], [-49.1841078, -27.3504984], [-49.1841032, -27.3505025], [-49.1840737, -27.3505193], [-49.184039, -27.3505378], [-49.1840155, -27.3505514], [-49.1839998, -27.3505665], [-49.1839929, -27.3505776], [-49.1839931, -27.350587], [-49.1839983, -27.3505976], [-49.1840087, -27.3506104], [-49.1840242, -27.350628], [-49.1840341, -27.3506478], [-49.1840313, -27.3506612], [-49.1840191, -27.3506763], [-49.1840048, -27.3506875], [-49.1839479, -27.3507177], [-49.1839106, -27.350727], [-49.1838757, -27.3507306], [-49.183851, -27.3507289], [-49.1838264, -27.3507232], [-49.183803, -27.3507145], [-49.1836017, -27.3506135], [-49.1835763, -27.350599], [-49.1835533, -27.3505899], [-49.1835387, -27.3505861], [-49.1834111, -27.3505765], [-49.1833481, -27.3505758], [-49.1833089, -27.3505821], [-49.1832789, -27.3505938], [-49.1832557, -27.3506063], [-49.1832275, -27.3506274], [-49.1831444, -27.3506967], [-49.1831179, -27.3507068], [-49.1830975, -27.3507103], [-49.183084, -27.3507101], [-49.1829202, -27.3506907], [-49.182803, -27.3506743], [-49.1827304, -27.350667], [-49.1825573, -27.350673], [-49.1825213, -27.3506722], [-49.1824917, -27.3506714], [-49.1824692, -27.3506678], [-49.1824548, -27.3506638], [-49.1824278, -27.3506603], [-49.1824023, -27.3506602], [-49.1823725, -27.3506644], [-49.1822847, -27.350686], [-49.1822557, -27.3506988], [-49.182238, -27.3507088], [-49.1822217, -27.3507213], [-49.1822052, -27.3507381], [-49.1821745, -27.3507641], [-49.1821658, -27.3507692], [-49.1817801, -27.3509109], [-49.1813004, -27.351005], [-49.1812588, -27.3510191], [-49.1812369, -27.351033], [-49.1812203, -27.3510519], [-49.1811712, -27.3512425], [-49.1811624, -27.3512635], [-49.1811449, -27.3512789], [-49.1811274, -27.3512886], [-49.1811053, -27.3512955], [-49.1808423, -27.351385], [-49.1808072, -27.3513873], [-49.1807831, -27.3513849], [-49.1807716, -27.3513798], [-49.1807619, -27.3513757], [-49.1807542, -27.3513751], [-49.1807411, -27.3513813], [-49.1807326, -27.3513914], [-49.1807283, -27.351405], [-49.1807098, -27.3514833], [-49.180696, -27.3515284], [-49.1806827, -27.3515593], [-49.1806734, -27.3515736], [-49.180659, -27.3515856], [-49.1806442, -27.3515949], [-49.1806299, -27.3516017], [-49.1806153, -27.3516067], [-49.1804019, -27.3516693], [-49.1803668, -27.3516878], [-49.1803511, -27.351701], [-49.180342, -27.3517118], [-49.1803329, -27.3517271], [-49.1802793, -27.3518919], [-49.1802308, -27.3520162], [-49.1801929, -27.3520778], [-49.1801744, -27.3521018], [-49.1801624, -27.3521156], [-49.1801392, -27.3521353], [-49.1801077, -27.3521554], [-49.1800667, -27.3521805], [-49.180049, -27.3521868], [-49.1800138, -27.35221], [-49.1799485, -27.3522604], [-49.1798831, -27.3523109], [-49.1798471, -27.352347], [-49.1798324, -27.3523651], [-49.1798232, -27.3523892], [-49.1798207, -27.3524061], [-49.1798257, -27.3524258], [-49.179838, -27.3524459], [-49.1798494, -27.3524684], [-49.1798506, -27.3524904], [-49.1798395, -27.3525094], [-49.1798148, -27.3525299], [-49.1797163, -27.3525876], [-49.179547, -27.3526644], [-49.1795069, -27.352672], [-49.1794764, -27.3526725], [-49.1794452, -27.3526713], [-49.1794142, -27.3526738], [-49.1793503, -27.352698], [-49.1792956, -27.3527273], [-49.1792638, -27.3527525], [-49.1792345, -27.3527852], [-49.1792143, -27.352824], [-49.1791507, -27.3529539], [-49.179045, -27.3531423], [-49.1789994, -27.3531967], [-49.1789607, -27.3532253], [-49.1789138, -27.3532548], [-49.1788753, -27.3532752], [-49.1788366, -27.3532969], [-49.1787952, -27.3533193], [-49.1786536, -27.3534308], [-49.1785996, -27.3534757], [-49.1785374, -27.3535313], [-49.178519, -27.3535532], [-49.1784761, -27.3536075], [-49.1784459, -27.3536463], [-49.1784155, -27.3537011], [-49.1783971, -27.3537487], [-49.1783859, -27.3537911], [-49.1783825, -27.3538625], [-49.1781809, -27.3539773], [-49.1781305, -27.354013], [-49.1781136, -27.3540276], [-49.1780941, -27.3540478], [-49.178082, -27.3540718], [-49.1780788, -27.3540896], [-49.1780798, -27.3541114], [-49.1780798, -27.3541359], [-49.1780793, -27.3541549], [-49.178055, -27.3542046], [-49.1780349, -27.3542224], [-49.1780005, -27.3542403], [-49.1779815, -27.3542452], [-49.1779619, -27.3542491], [-49.1779427, -27.3542545], [-49.1779297, -27.3542665], [-49.1779129, -27.3542912], [-49.1778949, -27.3543218], [-49.1778854, -27.3543444], [-49.177884, -27.354365], [-49.177896, -27.3544873], [-49.1778961, -27.3545114], [-49.1778939, -27.3545277], [-49.1778877, -27.3545428], [-49.1778799, -27.3545532], [-49.1778218, -27.3546017], [-49.1777953, -27.3546308], [-49.177775, -27.3546572], [-49.1777697, -27.3546763], [-49.1777707, -27.3546954], [-49.1777796, -27.3547146], [-49.1777899, -27.3547288], [-49.177804, -27.3547438], [-49.1778157, -27.3547613], [-49.1778184, -27.3547761], [-49.1778184, -27.3547973], [-49.1778146, -27.3548143], [-49.1777732, -27.3548858], [-49.1777575, -27.3549153], [-49.1777566, -27.3549363], [-49.1777657, -27.3549668], [-49.1777744, -27.355], [-49.17778, -27.3550289], [-49.1777802, -27.3550586], [-49.1777745, -27.3550931], [-49.1777675, -27.3551119], [-49.1777597, -27.3551254], [-49.1777388, -27.3551539], [-49.1775014, -27.3554609], [-49.1772689, -27.3556522], [-49.177221, -27.3556787], [-49.1771591, -27.3557014], [-49.1770968, -27.3557221], [-49.1770093, -27.3557425], [-49.1765736, -27.3558247], [-49.1761045, -27.3558913], [-49.1757247, -27.3559511], [-49.1755363, -27.3559993], [-49.175063, -27.3560735], [-49.1750418, -27.3560767], [-49.1750217, -27.3560797], [-49.1749891, -27.3560899], [-49.1749175, -27.3561229], [-49.1742377, -27.3565796], [-49.1741496, -27.3566419], [-49.1740801, -27.356703], [-49.1738796, -27.3569963], [-49.1738268, -27.3570768], [-49.1736919, -27.3572014], [-49.1736185, -27.3572536], [-49.1733515, -27.3573966], [-49.1730345, -27.3575482], [-49.1729268, -27.3575966], [-49.1728526, -27.3576604], [-49.1728179, -27.3577052], [-49.172792, -27.3577604], [-49.1727687, -27.3578388], [-49.1725553, -27.3585574], [-49.1725052, -27.3586577], [-49.1723228, -27.3589331], [-49.1722669, -27.3589876], [-49.1722161, -27.3590358], [-49.1721662, -27.3590701], [-49.1721137, -27.3590978], [-49.1720576, -27.359122], [-49.1718516, -27.3591673], [-49.1717695, -27.3591803], [-49.1716917, -27.3592088], [-49.1716079, -27.3592567], [-49.171568, -27.3593003], [-49.1715442, -27.3593263], [-49.1715195, -27.3593699], [-49.1715062, -27.3594127], [-49.1715032, -27.3594539], [-49.1715043, -27.3595149], [-49.1715096, -27.3595565], [-49.171518, -27.3595949], [-49.1715315, -27.3596388], [-49.1716805, -27.3599063], [-49.1717063, -27.3599626], [-49.1717143, -27.3600097], [-49.1717053, -27.3600478], [-49.1716565, -27.3601056], [-49.1716172, -27.3601598], [-49.1713934, -27.3602606], [-49.1713597, -27.3602685], [-49.1711047, -27.3602809], [-49.1710283, -27.3602837], [-49.1709432, -27.3603195], [-49.1705807, -27.3604961], [-49.1704926, -27.3605434], [-49.1704227, -27.3606011], [-49.170402, -27.3606278], [-49.1703967, -27.3606347], [-49.1703822, -27.3606698], [-49.1703023, -27.3608254], [-49.1701963, -27.3611143], [-49.1701245, -27.3612918], [-49.1701019, -27.3613569], [-49.1700778, -27.3614083], [-49.1700341, -27.3614633], [-49.1699848, -27.3615415], [-49.1699669, -27.3615996], [-49.169888, -27.3617786], [-49.1698697, -27.3617934], [-49.1698248, -27.3618297], [-49.169743, -27.3618774], [-49.169655, -27.3619138], [-49.169582, -27.3619438], [-49.1694856, -27.3619928], [-49.1694041, -27.3620564], [-49.1693591, -27.3621162], [-49.1693063, -27.3622178], [-49.1692039, -27.3625178], [-49.1692159, -27.3629922], [-49.1692056, -27.3630719], [-49.1691305, -27.3632494], [-49.1690375, -27.3634034], [-49.1688449, -27.3636969], [-49.1687826, -27.3638479], [-49.1687886, -27.3638938], [-49.1689911, -27.3641154], [-49.1690249, -27.3642033], [-49.1690179, -27.3642676], [-49.1689726, -27.3643108], [-49.1689103, -27.3643323], [-49.1688158, -27.3643136], [-49.1685036, -27.3641307], [-49.1683985, -27.3641129], [-49.1680739, -27.364194], [-49.1679797, -27.3642708], [-49.1679025, -27.3643654], [-49.167859, -27.3644726], [-49.16785, -27.3646043], [-49.1678255, -27.3646845], [-49.1677805, -27.3647569], [-49.167562, -27.3648682], [-49.1674041, -27.3649277], [-49.1672531, -27.3649486], [-49.1671222, -27.3649919], [-49.1667636, -27.3649481], [-49.1664749, -27.3650273], [-49.1663528, -27.3651527], [-49.1662649, -27.3651662], [-49.1661056, -27.3651488], [-49.1659791, -27.3651529], [-49.1657809, -27.365234], [-49.1656284, -27.3653223], [-49.1655092, -27.3654492], [-49.1654324, -27.3656067], [-49.1654151, -27.3657725], [-49.1654437, -27.3659754], [-49.1654939, -27.3662493], [-49.165489, -27.3663768], [-49.1654492, -27.3664879], [-49.1653534, -27.3665884], [-49.1652037, -27.3666953], [-49.1649448, -27.3668312], [-49.1646726, -27.3670921], [-49.1645901, -27.3672084], [-49.1644268, -27.3675021], [-49.1642141, -27.3677977], [-49.1638002, -27.3680443], [-49.1636885, -27.3681281], [-49.1635803, -27.3682368], [-49.1635022, -27.3683517], [-49.1633756, -27.3686068], [-49.1628475, -27.3693239], [-49.1627349, -27.3695454], [-49.1627149, -27.3696856], [-49.1627121, -27.370028], [-49.1626945, -27.3701211], [-49.162654, -27.3701966], [-49.1625948, -27.3702376], [-49.1623485, -27.3702532], [-49.162298, -27.3702913], [-49.1622524, -27.3704486], [-49.1622049, -27.3705301], [-49.1619404, -27.3707513], [-49.1614455, -27.3711033], [-49.1614036, -27.3711713], [-49.1613919, -27.3712277], [-49.1613912, -27.371279], [-49.1614313, -27.3713906], [-49.1615083, -27.3715509], [-49.1616556, -27.3717336], [-49.1619319, -27.3719343], [-49.1622042, -27.3723539], [-49.1623208, -27.3725608], [-49.1625285, -27.372827], [-49.1625954, -27.3730335], [-49.1626986, -27.3731202], [-49.1630166, -27.3735017], [-49.1633242, -27.3737762], [-49.1693892, -27.3807173], [-49.1699191, -27.381152], [-49.1704204, -27.3814414], [-49.170697, -27.3816173], [-49.1709025, -27.3818457], [-49.1712976, -27.3825013], [-49.1716478, -27.3827139], [-49.1719696, -27.3827279], [-49.1723007, -27.3827855], [-49.172508, -27.3829188], [-49.1726623, -27.3832115], [-49.1727329, -27.3834395], [-49.1728073, -27.3835642], [-49.1729271, -27.3836358], [-49.1730656, -27.3836686], [-49.1733307, -27.3836883], [-49.1736245, -27.3837513], [-49.1741363, -27.3839643], [-49.1743645, -27.3839986], [-49.1745847, -27.3839901], [-49.1750461, -27.3838576], [-49.1752601, -27.3838148], [-49.1755066, -27.3838297], [-49.1759442, -27.3840059], [-49.1763922, -27.3840851], [-49.1769073, -27.3841074], [-49.1776443, -27.3840599], [-49.1781179, -27.3840293], [-49.1788868, -27.3840491], [-49.1791908, -27.3840346], [-49.1799841, -27.3840629], [-49.180308, -27.3842205], [-49.1806875, -27.3845083], [-49.1809344, -27.38481], [-49.1810418, -27.3848789], [-49.1811235, -27.3849528], [-49.1811585, -27.3850306], [-49.1811624, -27.3851239], [-49.1811235, -27.3852211], [-49.1811174, -27.3852286], [-49.1810379, -27.3853261], [-49.1809562, -27.3854895], [-49.1809135, -27.3856917], [-49.1809135, -27.3857656], [-49.1809407, -27.3858628], [-49.1810146, -27.3860145], [-49.181069, -27.3861292], [-49.1811351, -27.3862303], [-49.1811589, -27.3862724], [-49.1812362, -27.3864092], [-49.1812829, -27.3865531], [-49.1812868, -27.3866814], [-49.1812479, -27.3867786], [-49.1810924, -27.3870119], [-49.1809368, -27.3872064], [-49.1807501, -27.3875622], [-49.1806179, -27.3877839], [-49.1804763, -27.3879349], [-49.1804429, -27.3879705], [-49.1802874, -27.3881416], [-49.1802368, -27.3882428], [-49.1802368, -27.3883244], [-49.1802524, -27.3883847], [-49.1803263, -27.3884352], [-49.1804699, -27.3884439], [-49.1805966, -27.3884753], [-49.1808615, -27.3886183], [-49.1809884, -27.3887297], [-49.1810267, -27.388889], [-49.181064, -27.3890607], [-49.1810319, -27.3892189], [-49.1809096, -27.3894048], [-49.1808754, -27.389576], [-49.1808833, -27.3896476], [-49.1809303, -27.3897094], [-49.1810735, -27.3899279], [-49.1811406, -27.3901177], [-49.1812274, -27.3902873], [-49.1812387, -27.3904188], [-49.1811774, -27.3906471], [-49.181045, -27.3908185], [-49.1809444, -27.3910459], [-49.1808891, -27.3912917], [-49.1808565, -27.3914523], [-49.1808921, -27.3916392], [-49.1809022, -27.3918206], [-49.1810676, -27.3921091], [-49.1814153, -27.3923752], [-49.1816797, -27.3927357], [-49.1818866, -27.3928355], [-49.1820266, -27.3928549], [-49.1821861, -27.3928549], [-49.1823922, -27.3928238], [-49.1826372, -27.3927499], [-49.1828744, -27.3926955], [-49.1831272, -27.3926099], [-49.1832827, -27.3925788], [-49.1834227, -27.3925749], [-49.1835588, -27.3925749], [-49.1836911, -27.3926235], [-49.1839011, -27.3927518], [-49.1841927, -27.3929307], [-49.1843327, -27.3931252], [-49.1843833, -27.3931952], [-49.1844241, -27.3933449], [-49.1844435, -27.3934266], [-49.1844049, -27.3940159], [-49.1843605, -27.3945106], [-49.1843321, -27.3946773], [-49.1842443, -27.3950612], [-49.1841687, -27.3952655], [-49.1841596, -27.3954982], [-49.184189, -27.3955912], [-49.1842528, -27.3956677], [-49.1844639, -27.3957895], [-49.1846334, -27.3958736], [-49.184706, -27.3959526], [-49.1847811, -27.3961125], [-49.1848253, -27.39635], [-49.184906, -27.3965004], [-49.1849828, -27.3966296], [-49.1851174, -27.3967373], [-49.1852831, -27.3967808], [-49.1854369, -27.3968149], [-49.1857457, -27.3968171], [-49.1860056, -27.3969047], [-49.1862318, -27.3970363], [-49.1864647, -27.3971979], [-49.1865531, -27.3974437], [-49.1865978, -27.3976901], [-49.1866785, -27.3982155], [-49.1867007, -27.3985839], [-49.1867013, -27.3991867], [-49.1867424, -27.3993191], [-49.186831, -27.3994264], [-49.1869785, -27.3995097], [-49.1871535, -27.3995964], [-49.1874799, -27.3997309], [-49.1877031, -27.3998626], [-49.1878441, -27.4000351], [-49.187931, -27.4002549], [-49.1879763, -27.4004644], [-49.1879492, -27.4006661], [-49.1878072, -27.4011555], [-49.1877479, -27.4014489], [-49.1877387, -27.4020083], [-49.1877851, -27.4033246], [-49.1878632, -27.4041762], [-49.188002, -27.4047849], [-49.1880967, -27.4052231], [-49.1882412, -27.4056822], [-49.1886027, -27.4060499], [-49.1886864, -27.4063015], [-49.1888715, -27.4064498], [-49.1890579, -27.4065567], [-49.1891001, -27.4066017], [-49.1891173, -27.4066726], [-49.1891029, -27.4067614], [-49.1889915, -27.4069128], [-49.1888306, -27.4070181], [-49.188576, -27.4071053], [-49.1883181, -27.4071616], [-49.1881751, -27.4071912], [-49.1880643, -27.4072629], [-49.1880342, -27.4073914], [-49.1880727, -27.4075768], [-49.163, -27.42], [-49.146, -27.421], [-49.142, -27.425], [-49.13, -27.42], [-49.122, -27.412], [-49.125, -27.408], [-49.118, -27.396], [-49.097, -27.396], [-49.087, -27.4], [-49.0862973, -27.4005622], [-49.082, -27.404], [-49.08, -27.4], [-49.063, -27.397], [-49.058, -27.387], [-49.046, -27.384], [-49.039, -27.375], [-49.015, -27.371], [-49.008, -27.376], [-49.0, -27.362], [-48.9756138, -27.3504193], [-48.9707422, -27.3452391], [-48.9714933, -27.341732], [-48.9686823, -27.3379961], [-48.9424137, -27.3385603], [-48.943, -27.337], [-48.937, -27.329], [-48.922, -27.329], [-48.899, -27.306], [-48.883, -27.306], [-48.8845307, -27.2911697], [-48.885, -27.286], [-48.893, -27.264], [-48.899, -27.249], [-48.889, -27.246], [-48.881, -27.234], [-48.875, -27.235], [-48.876, -27.224], [-48.8757624, -27.223802], [-48.87, -27.219], [-48.866, -27.22], [-48.886, -27.214], [-48.8929093, -27.2155354], [-48.895, -27.216], [-48.895, -27.2142758], [-48.895, -27.21], [-48.882, -27.183], [-48.894, -27.182], [-48.898, -27.19], [-48.906, -27.189], [-48.914, -27.197], [-48.931, -27.201], [-48.934, -27.203], [-48.932, -27.205], [-48.934, -27.212], [-48.935, -27.212], [-48.9351694, -27.212081], [-48.958, -27.223], [-48.971, -27.237], [-48.986, -27.247], [-48.9954547, -27.247], [-48.996, -27.247], [-49.004, -27.253], [-49.021, -27.256], [-49.026, -27.261], [-49.0300889, -27.2666338], [-49.037, -27.271], [-49.05, -27.272], [-49.065, -27.277], [-49.074, -27.276], [-49.075, -27.275], [-49.075, -27.27], [-49.087, -27.275], [-49.091, -27.276], [-49.101, -27.276], [-49.108, -27.275], [-49.111, -27.279], [-49.124, -27.277], [-49.128, -27.281], [-49.134, -27.28], [-49.138, -27.282], [-49.142, -27.283], [-49.154, -27.29], [-49.17, -27.293], [-49.175, -27.293], [-49.179, -27.291], [-49.205, -27.294], [-49.2216169, -27.3087774], [-49.2223995, -27.3093931], [-49.2225362, -27.3100994], [-49.2235759, -27.3117899], [-49.2242361, -27.3129869], [-49.2244846, -27.3133285], [-49.2246941, -27.3135057], [-49.224975, -27.3136037], [-49.2251412, -27.3136514], [-49.2252591, -27.3137531], [-49.2256218, -27.3142152], [-49.2260358, -27.3147946], [-49.2261881, -27.3151293], [-49.226276, -27.3159013], [-49.2263215, -27.3165005], [-49.2262773, -27.3167898], [-49.2261573, -27.3170627], [-49.2259929, -27.3173707], [-49.225806, -27.3176408], [-49.2257081, -27.3179547], [-49.2257047, -27.3182476], [-49.2257917, -27.3185107], [-49.22582, -27.3187977], [-49.2257686, -27.3190551], [-49.2257031, -27.3192175], [-49.2252079, -27.3200285], [-49.2251161, -27.320122], [-49.2246805, -27.3205086], [-49.2243988, -27.3206757], [-49.2242173, -27.3207987], [-49.2241049, -27.3209289], [-49.224056, -27.3210925], [-49.2240821, -27.3212307]]]]}}, {"type": "Feature", "properties": {"nome": "Gaspar", "camada": "limite", "fonte": "OpenStreetMap (ODbL)"}, "geometry": {"type": "MultiPolygon", "coordinates": [[[[-49.0588689, -27.0611704], [-49.059577, -27.0601576], [-49.061358, -27.0591258], [-49.0627313, -27.0575015], [-49.064, -27.055], [-49.066, -27.041], [-49.055, -27.034], [-49.054, -27.027], [-49.06, -27.016], [-49.055, -27.01], [-49.054, -27.001], [-49.055, -27.001], [-49.056, -26.993], [-49.046, -26.989], [-49.042, -26.985], [-49.042, -26.978], [-49.0421593, -26.9776616], [-49.0430442, -26.9757813], [-49.0446558, -26.9723568], [-49.05, -26.961], [-49.051202, -26.9604146], [-49.0531964, -26.9596593], [-49.054009, -26.9584431], [-49.0543616, -26.9571313], [-49.0562167, -26.9557101], [-49.0568299, -26.9553684], [-49.0569219, -26.9549995], [-49.056, -26.954], [-49.0547151, -26.9518684], [-49.0547151, -26.9496651], [-49.0549319, -26.9488147], [-49.0544766, -26.9485635], [-49.0538482, -26.9485748], [-49.0496416, -26.9463022], [-49.0496633, -26.9449879], [-49.049, -26.944], [-49.0443297, -26.9406004], [-49.0413053, -26.9401564], [-49.0391695, -26.940813], [-49.0380589, -26.9404231], [-49.0373916, -26.9391894], [-49.032, -26.936], [-49.028, -26.935], [-49.031, -26.929], [-49.030266, -26.925442], [-49.0300273, -26.9226758], [-49.0296657, -26.9219104], [-49.0285326, -26.9204919], [-49.0278543, -26.9204135], [-49.0270379, -26.9210407], [-49.0253547, -26.9212199], [-49.0239605, -26.9207383], [-49.0195904, -26.9175296], [-49.0190241, -26.9161688], [-49.0185912, -26.9156831], [-49.0177681, -26.9147912], [-49.0174415, -26.91422], [-49.0174917, -26.9118679], [-49.016, -26.909], [-49.0136226, -26.9087519], [-49.0096552, -26.9059545], [-49.0122365, -26.9044527], [-49.0122776, -26.9042518], [-49.0122973, -26.9040664], [-49.0123357, -26.9039181], [-49.0124189, -26.9038418], [-49.0126337, -26.9035487], [-49.0126916, -26.9033304], [-49.0129141, -26.9031796], [-49.0130861, -26.9029408], [-49.0131047, -26.9026479], [-49.0130179, -26.9024544], [-49.013, -26.902], [-49.0132258, -26.9018956], [-49.0133639, -26.9018194], [-49.0134406, -26.9017002], [-49.0135282, -26.9016846], [-49.0135939, -26.9016123], [-49.013579, -26.9015483], [-49.0136246, -26.9012398], [-49.0136814, -26.9011908], [-49.013751, -26.9011593], [-49.0138114, -26.9009092], [-49.0137572, -26.9008056], [-49.0138083, -26.9006522], [-49.0140463, -26.900496], [-49.015114, -26.9002906], [-49.015761, -26.8999763], [-49.0164712, -26.8994599], [-49.0169289, -26.8988574], [-49.0174686, -26.8984767], [-49.0191094, -26.8971693], [-49.0283607, -26.8897972], [-49.038967, -26.8814369], [-49.0394596, -26.8810486], [-49.0413863, -26.8795298], [-49.0416146, -26.8793499], [-49.0418441, -26.8791547], [-49.0423731, -26.8787048], [-49.0427034, -26.8784722], [-49.0434342, -26.8779577], [-49.0436997, -26.8777707], [-49.0440809, -26.8771601], [-49.044235, -26.8764945], [-49.0441766, -26.8758694], [-49.0439819, -26.8752183], [-49.0433298, -26.8742112], [-49.043166, -26.873618], [-49.043398, -26.8728568], [-49.0442155, -26.8715806], [-49.044235, -26.8709815], [-49.0440779, -26.8704791], [-49.0419202, -26.8658735], [-49.0414903, -26.8649821], [-49.0407717, -26.8644843], [-49.0401666, -26.864218], [-49.0398297, -26.8636285], [-49.0397763, -26.8628407], [-49.0399002, -26.8623841], [-49.0404306, -26.8618382], [-49.0409426, -26.8612144], [-49.0412401, -26.8605701], [-49.0412297, -26.8600382], [-49.04092, -26.8592592], [-49.0395564, -26.8587728], [-49.0391249, -26.8580769], [-49.0392731, -26.8576141], [-49.0395461, -26.8573306], [-49.0401747, -26.8571443], [-49.0408013, -26.8564531], [-49.0413071, -26.8556235], [-49.0414263, -26.8554186], [-49.0420336, -26.854082], [-49.04259, -26.8523772], [-49.0426812, -26.8496225], [-49.0429432, -26.8487483], [-49.0428976, -26.8479148], [-49.0426128, -26.8473354], [-49.0422596, -26.846939], [-49.0421343, -26.8454447], [-49.0419634, -26.8443773], [-49.0416102, -26.84393], [-49.0412342, -26.8426695], [-49.0413026, -26.8417851], [-49.0410519, -26.8414801], [-49.0402088, -26.8409109], [-49.0396278, -26.8401993], [-49.0389328, -26.8398943], [-49.0387961, -26.8394775], [-49.039024, -26.8385016], [-49.039662, -26.8377493], [-49.039981, -26.837424], [-49.0401861, -26.8370479], [-49.0398443, -26.8365294], [-49.0395253, -26.8360211], [-49.0393658, -26.8353908], [-49.0397759, -26.834852], [-49.040562, -26.8344352], [-49.0408013, -26.833937], [-49.0408469, -26.8334389], [-49.0400835, -26.8331644], [-49.0388531, -26.8326459], [-49.038546, -26.8320141], [-49.038, -26.831], [-49.0376953, -26.8296285], [-49.0381966, -26.8279815], [-49.0387663, -26.8276155], [-49.0420703, -26.8281238], [-49.0428834, -26.8280779], [-49.0436627, -26.828034], [-49.0452575, -26.8274561], [-49.0464637, -26.827196], [-49.0478641, -26.8255706], [-49.0482203, -26.8239163], [-49.0485846, -26.8219369], [-49.0483499, -26.820362], [-49.047257, -26.8191771], [-49.0464556, -26.8178767], [-49.0452575, -26.8166124], [-49.0446503, -26.8144233], [-49.0455327, -26.8137586], [-49.0460913, -26.8126749], [-49.0471275, -26.8118368], [-49.0486575, -26.8100884], [-49.0494857, -26.8084447], [-49.0500982, -26.8072748], [-49.0496689, -26.8057421], [-49.0492567, -26.8046385], [-49.0500982, -26.8029882], [-49.0505733, -26.8018795], [-49.0524623, -26.8011182], [-49.0528458, -26.8003365], [-49.0521932, -26.7966935], [-49.0526913, -26.7953446], [-49.0525424, -26.7943124], [-49.052007, -26.7930348], [-49.0519242, -26.7929022], [-49.0502069, -26.7901838], [-49.0500123, -26.7887377], [-49.0504874, -26.7865251], [-49.0514663, -26.7855593], [-49.0526455, -26.7848133], [-49.0537731, -26.7835766], [-49.0546432, -26.7823655], [-49.0545345, -26.7814662], [-49.0533372, -26.781298], [-49.0522936, -26.7809555], [-49.0517172, -26.7807665], [-49.0500858, -26.7803986], [-49.0490669, -26.7795196], [-49.0473382, -26.7782881], [-49.0466513, -26.7770514], [-49.0459129, -26.7767703], [-49.0436747, -26.776617], [-49.0424555, -26.7770309], [-49.0396735, -26.7778179], [-49.0380135, -26.7777719], [-49.0345618, -26.7780939], [-49.0320431, -26.7786509], [-49.0314364, -26.7783852], [-49.0303535, -26.7785233], [-49.030136, -26.7802812], [-49.027915, -26.7830612], [-49.0269533, -26.7851869], [-49.0257742, -26.7863316], [-49.0242973, -26.7872003], [-49.0203705, -26.7887537], [-49.0170962, -26.7888048], [-49.015711, -26.7894997], [-49.014051, -26.7899392], [-49.0128718, -26.7898983], [-49.0102615, -26.7887946], [-49.0080291, -26.7858001], [-49.0057966, -26.7839912], [-49.0052242, -26.7838686], [-49.0021446, -26.7847066], [-48.9990192, -26.786771], [-48.9986757, -26.7875273], [-48.9991108, -26.7885186], [-49.0022598, -26.7922442], [-49.0023544, -26.7930077], [-49.0022654, -26.7932805], [-49.0011944, -26.7947832], [-48.9998664, -26.7962241], [-48.9987215, -26.7965102], [-48.998401, -26.7976138], [-49.0004159, -26.8012313], [-49.0003701, -26.8028356], [-48.9951611, -26.8071272], [-48.993959, -26.8068411], [-48.9921845, -26.8075258], [-48.9905702, -26.8074236], [-48.9877425, -26.8084352], [-48.9858993, -26.8079856], [-48.9864145, -26.8088847], [-48.9864717, -26.8115005], [-48.9873647, -26.8139834], [-48.9869983, -26.8150971], [-48.9847767, -26.8179326], [-48.983048, -26.8188419], [-48.9809872, -26.8190156], [-48.9796586, -26.8195408], [-48.9792356, -26.8197308], [-48.9779086, -26.8199923], [-48.9775362, -26.8204836], [-48.9775524, -26.8210688], [-48.9786857, -26.8218129], [-48.9805476, -26.8224558], [-48.9816243, -26.8233227], [-48.9830401, -26.824341], [-48.9832396, -26.8249404], [-48.9832272, -26.82549], [-48.981681, -26.8283651], [-48.9798757, -26.8303734], [-48.9774634, -26.8315364], [-48.9752291, -26.8313991], [-48.9738286, -26.831233], [-48.9728167, -26.8315364], [-48.9723714, -26.8333423], [-48.9707605, -26.8343247], [-48.9691415, -26.8368164], [-48.9689665, -26.8369921], [-48.967239, -26.8380664], [-48.9655714, -26.838182], [-48.9641305, -26.8375753], [-48.9624466, -26.8376403], [-48.9603985, -26.8367301], [-48.9587876, -26.8362462], [-48.9547723, -26.8358344], [-48.9537766, -26.836889], [-48.9524166, -26.8384998], [-48.9497371, -26.8388032], [-48.9480533, -26.8399445], [-48.9466528, -26.8415408], [-48.9359879, -26.8420054], [-48.931944, -26.8478877], [-48.9249879, -26.8580054], [-48.9195102, -26.8609933], [-48.914, -26.864], [-48.9108879, -26.8700498], [-48.9107837, -26.8726471], [-48.9084613, -26.8738849], [-48.9070022, -26.8751194], [-48.90535, -26.8756745], [-48.9045882, -26.8755022], [-48.903923, -26.8757893], [-48.9034402, -26.8764975], [-48.9023352, -26.8768803], [-48.9016593, -26.8774258], [-48.9014232, -26.8782201], [-48.9011443, -26.8797703], [-48.9006508, -26.8809474], [-48.9002001, -26.8815407], [-48.8996798, -26.8823781], [-48.8991165, -26.8829283], [-48.898564, -26.8832441], [-48.8982099, -26.8834068], [-48.8980919, -26.8836747], [-48.8978934, -26.88389], [-48.8979203, -26.8842537], [-48.8978881, -26.8846269], [-48.8980919, -26.8852728], [-48.8982046, -26.8856316], [-48.8981134, -26.8861484], [-48.8978612, -26.8864498], [-48.8978076, -26.8867034], [-48.8973731, -26.8875119], [-48.8969547, -26.8878947], [-48.8969815, -26.8882105], [-48.8968688, -26.8883971], [-48.8965201, -26.8885023], [-48.8961661, -26.8889234], [-48.8958228, -26.8890382], [-48.8953078, -26.8898085], [-48.8942617, -26.8904065], [-48.8934839, -26.8904448], [-48.8898307, -26.8907175], [-48.8875508, -26.8909328], [-48.8871985, -26.8909732], [-48.8870597, -26.8910091], [-48.88684, -26.8911816], [-48.8865745, -26.8912534], [-48.8861641, -26.891433], [-48.8860451, -26.8915257], [-48.8859817, -26.8916236], [-48.8859308, -26.891727], [-48.8858798, -26.8918036], [-48.8839808, -26.8931336], [-48.883785, -26.8931264], [-48.883549, -26.893014], [-48.8828087, -26.8929757], [-48.8811135, -26.8933106], [-48.8808078, -26.8946885], [-48.8796705, -26.8957027], [-48.879295, -26.8956692], [-48.8790911, -26.8956214], [-48.8771814, -26.8957553], [-48.8767791, -26.8958606], [-48.8745475, -26.896229], [-48.8740115, -26.8970025], [-48.8739798, -26.897039], [-48.8731076, -26.8977313], [-48.8730438, -26.8977845], [-48.8729606, -26.8978538], [-48.8717687, -26.8988411], [-48.8711126, -26.8997312], [-48.8710583, -26.899817], [-48.8709748, -26.899951], [-48.8680458, -26.902075], [-48.8661361, -26.9026874], [-48.8658129, -26.902691], [-48.8657069, -26.9027711], [-48.8657404, -26.9030557], [-48.8660556, -26.903338], [-48.8660932, -26.9035867], [-48.8660502, -26.9043091], [-48.8663775, -26.9048688], [-48.8659988, -26.9066981], [-48.8659839, -26.9067656], [-48.8659711, -26.9068505], [-48.8659215, -26.9070717], [-48.8657042, -26.9072487], [-48.8654307, -26.907208], [-48.8652858, -26.9070956], [-48.865149, -26.9071148], [-48.8650283, -26.9072607], [-48.8649774, -26.9075979], [-48.8650632, -26.9078156], [-48.86509, -26.9080093], [-48.8650149, -26.9082628], [-48.8650712, -26.9083418], [-48.8652563, -26.9083489], [-48.865326, -26.9084637], [-48.8652429, -26.9086575], [-48.8651893, -26.908789], [-48.8652322, -26.9090043], [-48.8651919, -26.9093224], [-48.8644952, -26.9099559], [-48.8590926, -26.9096142], [-48.8546133, -26.9088919], [-48.8460856, -26.9068084], [-48.8464747, -26.9077925], [-48.8466601, -26.9084417], [-48.846671, -26.9084838], [-48.8467077, -26.9086126], [-48.8468704, -26.9088969], [-48.8469018, -26.9093617], [-48.8469988, -26.9096265], [-48.8470957, -26.9105995], [-48.8472776, -26.9107995], [-48.84755, -26.9108903], [-48.8478591, -26.9108146], [-48.8492048, -26.91042], [-48.8501565, -26.9101605], [-48.8506294, -26.9101822], [-48.8509143, -26.9103605], [-48.8510961, -26.9110416], [-48.8517755, -26.9136731], [-48.8523671, -26.9148808], [-48.85307, -26.915844], [-48.8534386, -26.9161115], [-48.853653, -26.9162873], [-48.8537644, -26.9168071], [-48.8539606, -26.9207375], [-48.8513445, -26.929016], [-48.8509601, -26.9303951], [-48.8488063, -26.9410809], [-48.8446053, -26.9619739], [-48.8445335, -26.9623328], [-48.844, -26.965], [-48.85, -26.977], [-48.855, -26.991], [-48.8555755, -26.9916279], [-48.866, -27.003], [-48.871, -26.999], [-48.8788872, -26.998907], [-48.8818755, -26.9998942], [-48.883, -27.001], [-48.888, -27.002], [-48.8884388, -27.0025725], [-48.8889664, -27.0032579], [-48.895, -27.011], [-48.909, -27.011], [-48.913, -27.02], [-48.918, -27.02], [-48.926, -27.019], [-48.9269966, -27.0199967], [-48.935, -27.028], [-48.9384055, -27.0267698], [-48.9397574, -27.0266169], [-48.9407015, -27.0270374], [-48.9417744, -27.0274197], [-48.9428044, -27.0275726], [-48.9439416, -27.0281651], [-48.9461732, -27.028318], [-48.947568, -27.0281843], [-48.9487267, -27.0273241], [-48.9494348, -27.0265787], [-48.9508724, -27.026139], [-48.9523959, -27.0260243], [-48.9544559, -27.0258141], [-48.9555288, -27.0250686], [-48.9573312, -27.0238261], [-48.9584899, -27.0229277], [-48.9608717, -27.021972], [-48.9629531, -27.0208251], [-48.9634896, -27.0209398], [-48.9641977, -27.0213794], [-48.9646697, -27.0222778], [-48.966794, -27.0243231], [-48.9688111, -27.026636], [-48.9699054, -27.0274006], [-48.9716435, -27.0277829], [-48.9729095, -27.0285665], [-48.9743471, -27.0291782], [-48.975699, -27.0289488], [-48.9773298, -27.0284327], [-48.9790035, -27.0280696], [-48.9811492, -27.028471], [-48.9833164, -27.0291591], [-48.986, -27.03], [-48.9874149, -27.0310131], [-48.9884019, -27.0325995], [-48.9884019, -27.0341477], [-48.99, -27.038], [-48.9908266, -27.0382761], [-48.991642, -27.0378747], [-48.9927578, -27.0374733], [-48.9941311, -27.0370529], [-48.9948607, -27.0364795], [-48.9958048, -27.035543], [-48.9967275, -27.0350269], [-48.998251, -27.0344726], [-48.9994097, -27.033689], [-49.0005255, -27.0335934], [-49.0013194, -27.0342815], [-49.0027142, -27.0347402], [-49.0047741, -27.0357341], [-49.0062862, -27.0369468], [-49.0122414, -27.038945], [-49.0142155, -27.0404739], [-49.0157175, -27.0427674], [-49.018, -27.045], [-49.0181174, -27.0451058], [-49.0206957, -27.0474305], [-49.0229702, -27.0488447], [-49.025631, -27.0494562], [-49.0271759, -27.0489594], [-49.0288067, -27.0486154], [-49.0311242, -27.0485772], [-49.0334845, -27.0477363], [-49.0355444, -27.0480803], [-49.0370036, -27.0476216], [-49.0379477, -27.0469145], [-49.0387523, -27.0458921], [-49.0392888, -27.0452997], [-49.0400827, -27.0449174], [-49.0406191, -27.0448123], [-49.0412521, -27.0448314], [-49.0419495, -27.0453952], [-49.0428078, -27.0466565], [-49.0442884, -27.0494181], [-49.0452647, -27.0513673], [-49.0463591, -27.0525712], [-49.0477538, -27.0535458], [-49.0492988, -27.0541574], [-49.0513802, -27.0550746], [-49.0540409, -27.057062], [-49.0556288, -27.0580939], [-49.0579248, -27.0599857], [-49.0588689, -27.0611704]]]]}}]}