{"type": "FeatureCollection", "features": [{"type": "Feature", "geometry": {"type": "LineString", "coordinates": [[-48.6816237, -26.8862005], [-48.6817758, -26.8864232], [-48.682575, -26.8879509], [-48.6836649, -26.8892639], [-48.6872586, -26.8922574], [-48.6885296, -26.8936282], [-48.688866, -26.8948105], [-48.6888599, -26.8953828], [-48.6885971, -26.895699], [-48.6881448, -26.8958843], [-48.6875641, -26.8958135], [-48.6867698, -26.8954388], [-48.6857791, -26.8947467], [-48.684943, -26.894008], [-48.6844408, -26.893368], [-48.6841458, -26.8927177], [-48.6839531, -26.8924962], [-48.6836973, -26.8924082], [-48.6834185, -26.8924258], [-48.6831892, -26.8925138], [-48.6830321, -26.8926509], [-48.6828821, -26.8928511], [-48.682691, -26.893325], [-48.6826184, -26.8935444], [-48.6824864, -26.8944115], [-48.6824421, -26.8958348], [-48.6824479, -26.897266], [-48.6827583, -26.8983519], [-48.6831881, -26.8992356], [-48.6835462, -26.8997572], [-48.6836005, -26.8997968], [-48.6840715, -26.9001405], [-48.6847878, -26.9004706], [-48.6854683, -26.9006196], [-48.6859566, -26.9006233], [-48.6864233, -26.9007686], [-48.6866501, -26.901088], [-48.6867695, -26.9016416], [-48.6866575, -26.9019361], [-48.6866553, -26.9019417], [-48.6865427, -26.9022378], [-48.6862681, -26.9026956], [-48.685516, -26.9035367], [-48.6846803, -26.9042393], [-48.6834507, -26.9047184], [-48.6831164, -26.9048461], [-48.6829971, -26.9052081], [-48.6833433, -26.9055062], [-48.6842625, -26.9057617], [-48.685719, -26.9057723], [-48.6862655, -26.9059638], [-48.6866979, -26.906262], [-48.6868739, -26.9065747], [-48.686918, -26.9068974], [-48.6868214, -26.9072384], [-48.6866532, -26.9075235], [-48.6858503, -26.9084125], [-48.685325, -26.9088383], [-48.6849191, -26.9094877], [-48.6847809, -26.9102802], [-48.6847373, -26.9105912], [-48.6847022, -26.9109139], [-48.6844893, -26.9120745], [-48.6837611, -26.9133626], [-48.6833552, -26.914129], [-48.6832426, -26.9148431], [-48.6835805, -26.9156587], [-48.6839402, -26.9163964], [-48.6845848, -26.916918], [-48.685516, -26.9174289], [-48.6872948, -26.9180037], [-48.687626, -26.9182137], [-48.6879722, -26.9184332], [-48.6884674, -26.9189025], [-48.6884766, -26.9192038], [-48.6882795, -26.9195516], [-48.6876898, -26.92001], [-48.6869285, -26.9205268], [-48.6865901, -26.9207538], [-48.6861982, -26.9210685], [-48.6859836, -26.9212558], [-48.6857464, -26.9215797], [-48.6853167, -26.9219605], [-48.6840531, -26.9229772], [-48.6837574, -26.9233081], [-48.6837415, -26.9235185], [-48.6838327, -26.9237198], [-48.6842864, -26.9239753], [-48.6853011, -26.9240817], [-48.6862988, -26.9242916], [-48.687, -26.9245791], [-48.6875374, -26.9247107], [-48.6878445, -26.924708], [-48.6880145, -26.9246338], [-48.688219, -26.9244883], [-48.6884209, -26.9240707], [-48.6883935, -26.923608], [-48.6882705, -26.9230807], [-48.6880333, -26.9226437], [-48.6877452, -26.9222789], [-48.6874235, -26.9220167], [-48.6873544, -26.921872], [-48.6874004, -26.9217179], [-48.6875728, -26.9215355], [-48.6877771, -26.9214225], [-48.6882171, -26.9212502], [-48.6886677, -26.9211758], [-48.6896347, -26.9211226], [-48.6902913, -26.9215271], [-48.6906786, -26.9220537], [-48.6907688, -26.9221764], [-48.6911031, -26.9231557], [-48.6911796, -26.9235452], [-48.6910792, -26.923922], [-48.6909105, -26.9242518], [-48.6906357, -26.9245468], [-48.690272, -26.9248061], [-48.6899791, -26.925059], [-48.6896815, -26.9254335], [-48.6895543, -26.9258878], [-48.6895617, -26.926279], [-48.6891109, -26.9265392], [-48.6885912, -26.9267629], [-48.6875267, -26.9270866], [-48.6873216, -26.9271715], [-48.687166, -26.927288], [-48.6870308, -26.9274392], [-48.6869416, -26.9276094], [-48.6868858, -26.927965], [-48.6868969, -26.9281997], [-48.6869433, -26.9283901], [-48.6871025, -26.9288937], [-48.6872118, -26.9290954], [-48.6873396, -26.9293311], [-48.6881341, -26.9306577], [-48.6885508, -26.9310819], [-48.6887498, -26.9312159], [-48.6889966, -26.9313046], [-48.6893012, -26.93132], [-48.6895703, -26.9312117], [-48.6898394, -26.9310755], [-48.6900745, -26.9309104], [-48.6903684, -26.9307525], [-48.6906346, -26.9306936], [-48.6910117, -26.9311166], [-48.6911585, -26.9317405], [-48.6912713, -26.9327676], [-48.6915161, -26.9332717], [-48.6920634, -26.9337657], [-48.6925753, -26.9342834], [-48.6931636, -26.9345082], [-48.6937977, -26.9343447], [-48.6944624, -26.9341131], [-48.6949242, -26.9339787], [-48.69525, -26.9339092], [-48.6954187, -26.9338911], [-48.6958337, -26.9338844], [-48.6962856, -26.9338838], [-48.6965122, -26.9338632], [-48.6967412, -26.9338239], [-48.6968848, -26.9337569], [-48.6969876, -26.933692], [-48.6970901, -26.9335327], [-48.6971286, -26.9334093], [-48.697118, -26.9332683], [-48.6970461, -26.9330447], [-48.6969136, -26.9328607], [-48.6967074, -26.9326355], [-48.6965304, -26.9324727], [-48.6964473, -26.932385], [-48.6963899, -26.9323171], [-48.6963435, -26.9322249], [-48.6963414, -26.9321505], [-48.6963699, -26.9320359], [-48.6964482, -26.9319457], [-48.6965849, -26.931893], [-48.6967523, -26.9318994], [-48.6969524, -26.93196], [-48.6973079, -26.932114], [-48.6976133, -26.9322543], [-48.6979187, -26.9323406], [-48.6982544, -26.9324043], [-48.6986228, -26.932441], [-48.6997782, -26.9324872], [-48.7011696, -26.9326055], [-48.7019864, -26.932867], [-48.7023217, -26.9329998], [-48.70262, -26.9331179], [-48.7037527, -26.9336959], [-48.7043218, -26.9341717], [-48.7050509, -26.9344378], [-48.7054436, -26.9343036], [-48.7055894, -26.9338777], [-48.7055907, -26.9336834], [-48.7055025, -26.9335217], [-48.7053801, -26.9332993], [-48.7052374, -26.9330516], [-48.7051836, -26.9328591], [-48.7052396, -26.9326323], [-48.7053018, -26.9324988], [-48.7054046, -26.9323871], [-48.7055355, -26.9322758], [-48.7056949, -26.9322261], [-48.7059203, -26.9321991], [-48.7061498, -26.9322192], [-48.7064657, -26.9322145], [-48.7070743, -26.9320902], [-48.7074388, -26.931982], [-48.7077735, -26.9318337], [-48.7080757, -26.9316781], [-48.7082745, -26.9315016], [-48.7084204, -26.9313324], [-48.7085863, -26.9311498], [-48.7087684, -26.9309962], [-48.7090349, -26.9308592], [-48.7091864, -26.9308216], [-48.709338, -26.9308129], [-48.7095469, -26.9308366], [-48.7097111, -26.9309074], [-48.7098303, -26.9310072], [-48.7098818, -26.9311787], [-48.7098724, -26.9313538], [-48.7093249, -26.9324453], [-48.7090958, -26.9326872], [-48.7089453, -26.9328856], [-48.7089926, -26.9330353], [-48.7090968, -26.9331379], [-48.7093315, -26.9332241], [-48.7096598, -26.9332555], [-48.7099271, -26.9331891], [-48.7105293, -26.9332533], [-48.7111052, -26.9335159], [-48.7118121, -26.9342219], [-48.7126237, -26.9352781], [-48.7129998, -26.935876], [-48.7133767, -26.9361559], [-48.7137723, -26.9363359], [-48.7141772, -26.9364343], [-48.7146195, -26.9364161], [-48.7150939, -26.9363409], [-48.7154142, -26.9361824], [-48.7155688, -26.93617], [-48.7157515, -26.9362055], [-48.7158601, -26.9363251], [-48.7159456, -26.9366881], [-48.716021, -26.9371051], [-48.7160502, -26.9378393], [-48.7161135, -26.9385509], [-48.7161893, -26.9390322], [-48.7162623, -26.9394681], [-48.7162813, -26.9399419], [-48.7163411, -26.9401993], [-48.716586, -26.9403131], [-48.7167961, -26.9402764], [-48.7169325, -26.9401684], [-48.7170618, -26.9399123], [-48.7171956, -26.9396357], [-48.7173409, -26.9393806], [-48.7175833, -26.939135], [-48.7179633, -26.9388184], [-48.7190306, -26.937795], [-48.7191648, -26.9377023], [-48.7200354, -26.9373693], [-48.7204113, -26.9373229], [-48.7208148, -26.9373012], [-48.7212184, -26.9373401], [-48.7217605, -26.9374676], [-48.7224082, -26.9376253], [-48.7247662, -26.9383286], [-48.725731, -26.938671], [-48.7271059, -26.9391151], [-48.7274549, -26.9390892], [-48.727618, -26.938989], [-48.7277531, -26.9388535], [-48.7280378, -26.9381587], [-48.7282615, -26.9373308], [-48.7280501, -26.9369879], [-48.7276718, -26.9367266], [-48.7271351, -26.9365397], [-48.7269656, -26.9362942], [-48.7271774, -26.9360204], [-48.7279641, -26.9358849], [-48.7284368, -26.9358859], [-48.7287554, -26.9359826], [-48.729049, -26.9361273], [-48.7293146, -26.9364157], [-48.7294309, -26.936898], [-48.7294938, -26.93711], [-48.7295893, -26.9372595], [-48.7296772, -26.9373457], [-48.7299075, -26.9373221], [-48.7300775, -26.9372076], [-48.730292, -26.9370233], [-48.7304784, -26.9369083], [-48.7306647, -26.9368432], [-48.7307904, -26.9368224], [-48.7309161, -26.9368317], [-48.7310003, -26.9368749], [-48.7310495, -26.9369567], [-48.7311405, -26.9371374], [-48.731249, -26.9373765], [-48.7314146, -26.9376318], [-48.7315175, -26.9377275], [-48.7316507, -26.9378149], [-48.7318137, -26.9378638], [-48.7319428, -26.9378544], [-48.7320971, -26.9377804], [-48.7322188, -26.9376689], [-48.7325343, -26.9373845], [-48.732907, -26.9370732], [-48.7330545, -26.9369915], [-48.7331899, -26.9369601], [-48.7332731, -26.9369581], [-48.7333562, -26.9369872], [-48.7334729, -26.9370801], [-48.7336191, -26.9372473], [-48.7338417, -26.9375402], [-48.7341298, -26.9377848], [-48.7344876, -26.9380163], [-48.7353172, -26.9383068], [-48.7358571, -26.9384311], [-48.7363943, -26.9385029], [-48.7367237, -26.938505], [-48.7369557, -26.9384486], [-48.7370616, -26.9383929], [-48.7371245, -26.93833], [-48.737168, -26.938221], [-48.7372501, -26.9378497], [-48.7373376, -26.937519], [-48.7373851, -26.9372535], [-48.7373766, -26.9371231], [-48.7373172, -26.9370453], [-48.7372193, -26.937031], [-48.7371033, -26.9370502], [-48.7369957, -26.9371052], [-48.7368694, -26.9371973], [-48.7367419, -26.937281], [-48.7365749, -26.9373724], [-48.7363231, -26.9374241], [-48.7361062, -26.9374387], [-48.7358244, -26.9373876], [-48.735646, -26.9373508], [-48.7355064, -26.9372984], [-48.7354414, -26.9372292], [-48.7353951, -26.9371529], [-48.7353529, -26.9370753], [-48.7353267, -26.9369799], [-48.7353434, -26.9369164], [-48.7353761, -26.9368517], [-48.7354352, -26.9368034], [-48.7355239, -26.9367475], [-48.7356048, -26.9366966], [-48.735734, -26.9365848], [-48.7358521, -26.9364612], [-48.7359114, -26.9363445], [-48.7359344, -26.9362507], [-48.7359529, -26.9360723], [-48.7359735, -26.9358423], [-48.7359964, -26.9356885], [-48.7360365, -26.9355745], [-48.7360838, -26.9354587], [-48.7361473, -26.9353601], [-48.7361866, -26.9353129], [-48.7362474, -26.9352705], [-48.7363179, -26.9352387], [-48.7364126, -26.9352117], [-48.7365483, -26.9351913], [-48.7367121, -26.9351899], [-48.7368652, -26.9352148], [-48.7370209, -26.9352747], [-48.7371444, -26.9353466], [-48.7373699, -26.9354926], [-48.737532, -26.9356357], [-48.7376848, -26.9357716], [-48.7378681, -26.9359108], [-48.7380177, -26.9360073], [-48.7381373, -26.936045], [-48.7382689, -26.9360325], [-48.7383604, -26.9359913], [-48.7384411, -26.9359237], [-48.7385161, -26.9358065], [-48.7386205, -26.9356413], [-48.7387036, -26.9355121], [-48.7388188, -26.9353733], [-48.7389423, -26.9352593], [-48.7390647, -26.9351517], [-48.7392651, -26.9350012], [-48.7393829, -26.9349251], [-48.7395098, -26.9348599], [-48.7396452, -26.9347964], [-48.7398008, -26.9347202], [-48.7399704, -26.9346412], [-48.7400551, -26.9346099], [-48.7401267, -26.9345958], [-48.7401953, -26.9345918], [-48.7402812, -26.9345942], [-48.740455, -26.934608], [-48.7407741, -26.9346611], [-48.741296, -26.9346611], [-48.7420145, -26.9343771], [-48.7425364, -26.9342985], [-48.743065, -26.9342502], [-48.7433429, -26.934087], [-48.743431, -26.9339239], [-48.7432616, -26.9337487], [-48.7421161, -26.9337426], [-48.7416027, -26.9337922], [-48.7414872, -26.9337787], [-48.7413846, -26.9337413], [-48.7413356, -26.9337006], [-48.7413169, -26.9336307], [-48.741322, -26.9335555], [-48.7413494, -26.9334969], [-48.7414018, -26.9334069], [-48.7414739, -26.9333309], [-48.7415562, -26.9332808], [-48.7416735, -26.9332193], [-48.7418988, -26.9331109], [-48.7423108, -26.9329096], [-48.7429295, -26.9325401], [-48.7430341, -26.9324849], [-48.743148, -26.9324463], [-48.7432801, -26.9324066], [-48.743439, -26.9323596], [-48.7436131, -26.9323043], [-48.7437764, -26.9322426], [-48.7438813, -26.9321878], [-48.7439454, -26.9321424], [-48.7440077, -26.9320558], [-48.744047, -26.9319563], [-48.7440864, -26.9318047], [-48.7441066, -26.9316606], [-48.7441331, -26.9315303], [-48.7441701, -26.9314333], [-48.7442364, -26.9313547], [-48.7443223, -26.9312788], [-48.7444165, -26.9312192], [-48.7445061, -26.931193], [-48.744582, -26.9311809], [-48.7446602, -26.9311833], [-48.7447411, -26.9311973], [-48.7448104, -26.9312237], [-48.744918, -26.9313087], [-48.7450138, -26.9313981], [-48.7450851, -26.9314812], [-48.7452649, -26.9317339], [-48.7453665, -26.9318666], [-48.7454658, -26.9319857], [-48.7455653, -26.9320864], [-48.7456719, -26.93216], [-48.7457922, -26.9322313], [-48.7459256, -26.9322771], [-48.7460534, -26.932306], [-48.7462067, -26.932324], [-48.7463912, -26.9323293], [-48.7465427, -26.9323234], [-48.7466884, -26.9322988], [-48.746889, -26.9322506], [-48.747152, -26.9322032], [-48.7473764, -26.932163], [-48.7476007, -26.9321336], [-48.7477342, -26.93213], [-48.7478779, -26.9321272], [-48.7480067, -26.932129], [-48.7481037, -26.9321452], [-48.7482163, -26.9321704], [-48.7483258, -26.9321927], [-48.748416, -26.9322205], [-48.7484636, -26.9322474], [-48.7484928, -26.9322666], [-48.748516, -26.9322912], [-48.7485379, -26.9323236], [-48.7485456, -26.9323597], [-48.7485437, -26.932411], [-48.7485377, -26.9324605], [-48.7485304, -26.9325018], [-48.748513, -26.9325413], [-48.7484779, -26.9325944], [-48.7484308, -26.9326337], [-48.748388, -26.9326533], [-48.7483451, -26.9326675], [-48.7481373, -26.932738], [-48.7479897, -26.9328067], [-48.7478895, -26.9328665], [-48.7478231, -26.9329172], [-48.7477852, -26.9329743], [-48.7477613, -26.9330402], [-48.7477483, -26.9331094], [-48.747754, -26.9331766], [-48.747775, -26.9332484], [-48.7478102, -26.9333511], [-48.7478552, -26.9334487], [-48.7479123, -26.9335383], [-48.7479317, -26.9335789], [-48.7479752, -26.9336516], [-48.7480558, -26.9337305], [-48.7481307, -26.9337672], [-48.7482076, -26.9337913], [-48.7483067, -26.9338143], [-48.7484071, -26.9338186], [-48.7485111, -26.9338062], [-48.7486262, -26.9337502], [-48.7486965, -26.9336797], [-48.7487604, -26.9335908], [-48.748832, -26.9334784], [-48.7489542, -26.9333153], [-48.7490306, -26.933202], [-48.7491114, -26.9331363], [-48.7491789, -26.9330578], [-48.7492784, -26.9329926], [-48.7493766, -26.9329511], [-48.7494962, -26.9329361], [-48.749602, -26.9329456], [-48.7496954, -26.9329622], [-48.749816, -26.9329963], [-48.7499262, -26.9330495], [-48.7500247, -26.9331039], [-48.7501291, -26.9331594], [-48.750252, -26.9332217], [-48.7503987, -26.9332629], [-48.7505767, -26.9332902], [-48.7507825, -26.9332947], [-48.7509795, -26.933282], [-48.7510868, -26.9332685], [-48.7511834, -26.9332096], [-48.7512908, -26.933099], [-48.751409, -26.9329208], [-48.7516941, -26.9324298], [-48.7518071, -26.9321807], [-48.7518934, -26.9319221], [-48.751951, -26.9317462], [-48.7519764, -26.9315441], [-48.7520044, -26.9311864], [-48.7520435, -26.9308143], [-48.7528734, -26.930928], [-48.7537376, -26.9311838], [-48.754835, -26.9317085], [-48.7560059, -26.932572], [-48.7582772, -26.9345334], [-48.7587524, -26.9349386], [-48.7589352, -26.9354073], [-48.7590268, -26.9359042], [-48.7590344, -26.9360317], [-48.7590466, -26.9370155], [-48.7593164, -26.9383271], [-48.7602482, -26.9417265], [-48.7605608, -26.9423167], [-48.7610513, -26.9428304], [-48.763048, -26.9446312], [-48.7671327, -26.9487326], [-48.7676922, -26.9493451], [-48.7682362, -26.9499075], [-48.7690209, -26.9503501], [-48.7699895, -26.9504868], [-48.7712831, -26.9506726], [-48.7720371, -26.9510606], [-48.7726134, -26.9516999], [-48.7734655, -26.9527382], [-48.7746977, -26.9537], [-48.7751514, -26.95423], [-48.7757399, -26.9546344], [-48.776825, -26.9547054], [-48.7781248, -26.9546661], [-48.7806995, -26.9541754], [-48.7816191, -26.9537437], [-48.7824099, -26.9537054], [-48.7837947, -26.9536759], [-48.7848376, -26.9539295], [-48.785892, -26.9542901], [-48.7863518, -26.9545743], [-48.7868055, -26.9551371], [-48.7874921, -26.9560224], [-48.7880508, -26.9566637], [-48.7883442, -26.9570005], [-48.7900914, -26.958995], [-48.7920409, -26.961279], [-48.7923474, -26.9617872], [-48.7927949, -26.9626396], [-48.7932976, -26.9633937], [-48.7941253, -26.9639619], [-48.7947506, -26.9642679], [-48.7954311, -26.9644919], [-48.7961115, -26.9649236], [-48.7985274, -26.9661473], [-48.7994381, -26.9665237], [-48.8004111, -26.9669594], [-48.802082, -26.9678624], [-48.8024578, -26.9685236], [-48.8040627, -26.9713474], [-48.805086, -26.974017], [-48.8081018, -26.9768283], [-48.8108733, -26.9794118], [-48.8132774, -26.9816282], [-48.8134047, -26.9833109], [-48.8149989, -26.9843173], [-48.8166868, -26.9854296], [-48.817951, -26.9870503], [-48.818787, -26.989568], [-48.8194159, -26.9908111], [-48.821007, -26.9916597], [-48.8215241, -26.9920012], [-48.8216528, -26.9940551], [-48.8228501, -26.9965541], [-48.8248087, -27.0002116], [-48.8293819, -27.0039756], [-48.8300642, -27.0047001], [-48.8309691, -27.0051392], [-48.8321293, -27.0058616], [-48.833303, -27.0067357], [-48.8338092, -27.0073942], [-48.8338943, -27.0078532], [-48.833845, -27.0085197], [-48.8336377, -27.0092526], [-48.8330559, -27.010428], [-48.83241, -27.0113817], [-48.8321096, -27.0116923], [-48.8320452, -27.0119265], [-48.8320613, -27.0122611], [-48.8321847, -27.0126625], [-48.8329977, -27.0136353], [-48.8334618, -27.0141596], [-48.8339202, -27.0145556], [-48.8355523, -27.0154125], [-48.8364804, -27.0161413], [-48.8372601, -27.0165547], [-48.8380695, -27.0167726], [-48.8389058, -27.0169894], [-48.8396568, -27.0172025], [-48.8403092, -27.0174737], [-48.8409636, -27.0176648], [-48.841492, -27.0178144], [-48.8425971, -27.0178526], [-48.8432838, -27.0176615], [-48.8439463, -27.0174832], [-48.8441501, -27.0175692], [-48.8448153, -27.0177222], [-48.84529, -27.0177188], [-48.8457514, -27.0174608], [-48.8459955, -27.0171487], [-48.8462878, -27.0169064], [-48.8469718, -27.0168524], [-48.8475082, -27.0170244], [-48.8479052, -27.0171774], [-48.8484551, -27.0175659], [-48.8487125, -27.0178717], [-48.8489486, -27.0183305], [-48.8490666, -27.0187989], [-48.8489379, -27.0193245], [-48.848852, -27.0196782], [-48.8487769, -27.0203377], [-48.848852, -27.0207009], [-48.8488306, -27.0214655], [-48.8488306, -27.0220389], [-48.8487662, -27.0226602], [-48.8489486, -27.0229565], [-48.8490854, -27.0233325], [-48.8492999, -27.0236384], [-48.8495816, -27.0239887], [-48.8498605, -27.0243614], [-48.8501395, -27.0248297], [-48.8505981, -27.025072], [-48.8510192, -27.0254987], [-48.8513948, -27.0258332], [-48.8519741, -27.0266265], [-48.8524435, -27.0269834], [-48.8529612, -27.0276395], [-48.8533045, -27.0280887], [-48.8537444, -27.028471], [-48.8540662, -27.0287864], [-48.8544042, -27.0290755], [-48.855182, -27.0298568], [-48.8554234, -27.0302486], [-48.8558365, -27.0307073], [-48.8561476, -27.0310132], [-48.8563729, -27.0312425], [-48.8565124, -27.0315292], [-48.8565661, -27.031835], [-48.8566519, -27.0322077], [-48.8566733, -27.0324945], [-48.8569067, -27.0329183], [-48.8571132, -27.0332877], [-48.8572849, -27.0334214], [-48.8578321, -27.033517], [-48.8585938, -27.0335457], [-48.8596962, -27.0333292], [-48.8602434, -27.0332241], [-48.8607905, -27.0331285], [-48.8611446, -27.0331476], [-48.8614262, -27.0331443], [-48.8622175, -27.0331476], [-48.8627861, -27.0332145], [-48.8631616, -27.0333101], [-48.8637092, -27.0334486], [-48.8641287, -27.0335661], [-48.8645612, -27.0337902], [-48.8646836, -27.0338535], [-48.8649667, -27.0340426], [-48.8654924, -27.0343962], [-48.8659538, -27.0348263], [-48.8662971, -27.0352085], [-48.8666726, -27.0357246], [-48.8670481, -27.0362788], [-48.8674022, -27.0366611], [-48.8678286, -27.0370085], [-48.8686809, -27.0376052], [-48.8688864, -27.0379878], [-48.8693548, -27.0384863], [-48.8697062, -27.0391968], [-48.870138, -27.0396522], [-48.8705779, -27.0401682], [-48.8710285, -27.0405505], [-48.8713504, -27.0408945], [-48.8715757, -27.0413149], [-48.8718546, -27.0417258], [-48.8721551, -27.042089], [-48.8724769, -27.0426145], [-48.8727988, -27.0430732], [-48.8731206, -27.0434746], [-48.8736115, -27.043927], [-48.8740406, -27.044185], [-48.8746334, -27.0443728], [-48.8752986, -27.0444206], [-48.8757941, -27.044303], [-48.8762508, -27.0441946], [-48.8765591, -27.0440936], [-48.8769535, -27.0440336], [-48.8774417, -27.0440513], [-48.878013, -27.0442772], [-48.878528, -27.0446212], [-48.8791073, -27.0449939], [-48.8795231, -27.0451215], [-48.8801588, -27.0451564], [-48.880824, -27.0451181], [-48.881465, -27.045045], [-48.8823045, -27.0454239], [-48.8827551, -27.0457775], [-48.8831494, -27.0460962], [-48.883313, -27.0464846], [-48.8833183, -27.047163], [-48.8833344, -27.0474927], [-48.8834938, -27.0476979], [-48.8836643, -27.0478558], [-48.8836992, -27.0480301], [-48.8836375, -27.0483694], [-48.8835087, -27.0485748], [-48.8827658, -27.0491935], [-48.8824412, -27.0494491], [-48.8819423, -27.0498003], [-48.8816178, -27.0503736], [-48.8814757, -27.0506732], [-48.8813282, -27.0511858], [-48.8812316, -27.0516253], [-48.8811458, -27.0523611], [-48.8810358, -27.0526702], [-48.8811244, -27.0533357], [-48.8812853, -27.0539185], [-48.8815642, -27.0543867], [-48.88198, -27.0549251], [-48.8822911, -27.0554889], [-48.882444, -27.0558008], [-48.8827015, -27.056355], [-48.8828732, -27.0566894], [-48.8831387, -27.0571036], [-48.8834311, -27.0575589], [-48.8834525, -27.0582755], [-48.8834311, -27.0586863], [-48.8834372, -27.0591312], [-48.8835056, -27.059594], [-48.8836, -27.0600273], [-48.8837315, -27.0603488], [-48.883946, -27.0607883], [-48.8840855, -27.0610558], [-48.884107, -27.061629], [-48.8841749, -27.0618278], [-48.8842572, -27.0620685], [-48.8843993, -27.0622869], [-48.8847668, -27.0627182], [-48.8850672, -27.0630574], [-48.8856895, -27.0634539], [-48.8861026, -27.0638121], [-48.8863037, -27.064126], [-48.8864379, -27.0643219], [-48.8865907, -27.0644809], [-48.8868724, -27.0648521], [-48.887154, -27.0653169], [-48.887154, -27.0657086], [-48.8871969, -27.0660143], [-48.8872613, -27.0665494], [-48.8872934, -27.066922], [-48.8873364, -27.0672468], [-48.8875777, -27.0677006], [-48.8877441, -27.0680875], [-48.8879238, -27.0684157], [-48.8881625, -27.0687276], [-48.8883851, -27.0691035], [-48.8887847, -27.0695301], [-48.8891871, -27.0699552], [-48.8895288, -27.0702632], [-48.889753, -27.0704711], [-48.8904799, -27.0709631], [-48.8909627, -27.0713262], [-48.8915099, -27.071737], [-48.8920141, -27.0721], [-48.8925077, -27.0724152], [-48.8932737, -27.0730029], [-48.8942457, -27.0737909], [-48.8946749, -27.074173], [-48.8954366, -27.0747271], [-48.8958551, -27.0750997], [-48.8963298, -27.0755391], [-48.8970594, -27.0760884], [-48.8975716, -27.076695], [-48.8979043, -27.0770294], [-48.8979945, -27.0771304], [-48.8981134, -27.0772634], [-48.8985051, -27.0774019], [-48.898945, -27.0776121], [-48.8994492, -27.0778223], [-48.8999401, -27.0780931], [-48.9007152, -27.0783859], [-48.9013453, -27.0786149], [-48.901598, -27.0786862], [-48.9022388, -27.0788563], [-48.9028489, -27.0790045], [-48.90362, -27.0792299], [-48.9040412, -27.0793794], [-48.9048029, -27.0795895], [-48.9055539, -27.0797424], [-48.9058838, -27.0798795], [-48.9061655, -27.079943], [-48.9066885, -27.0799559], [-48.9069673, -27.0800791], [-48.9075252, -27.0803895], [-48.9077076, -27.0805328], [-48.9079249, -27.0808146], [-48.9081181, -27.0811657], [-48.9082576, -27.0816529], [-48.9084051, -27.0829936], [-48.9084507, -27.0833246], [-48.9085043, -27.0836685], [-48.9086224, -27.0842225], [-48.9087913, -27.0846748], [-48.908912, -27.085044], [-48.9091159, -27.0855025], [-48.9093841, -27.0858941], [-48.9096523, -27.0861902], [-48.9099313, -27.086601], [-48.9101351, -27.0868876], [-48.9103738, -27.0872481], [-48.9105214, -27.0876899], [-48.9104248, -27.0881866], [-48.9102639, -27.0885878], [-48.9099635, -27.0890845], [-48.909427, -27.0895334], [-48.9091105, -27.0897818], [-48.9085258, -27.0900588], [-48.9080645, -27.0902498], [-48.9075413, -27.0903342], [-48.9070463, -27.0904732], [-48.906195, -27.0907413], [-48.9060678, -27.0908342], [-48.9059836, -27.0909964], [-48.9059225, -27.0913317], [-48.9059187, -27.0918068], [-48.9059254, -27.0919416], [-48.9059402, -27.0922366], [-48.9060367, -27.0928001], [-48.9061118, -27.093335], [-48.9062728, -27.0938412], [-48.90654, -27.0942615], [-48.9068034, -27.0946409], [-48.9071203, -27.0952166], [-48.9080758, -27.0962656], [-48.9090208, -27.0970651], [-48.9100079, -27.097798], [-48.9111821, -27.0986649], [-48.9121872, -27.0993653], [-48.9123204, -27.0994642], [-48.912443, -27.0995656], [-48.9125588, -27.0996812], [-48.9126907, -27.0998207], [-48.9128516, -27.0999718], [-48.9129928, -27.1000951], [-48.9131463, -27.1002231], [-48.9132128, -27.1002723], [-48.9132864, -27.100312], [-48.9134458, -27.1003868], [-48.9137206, -27.100497], [-48.9139159, -27.1005787], [-48.914031, -27.1006075], [-48.9141741, -27.1006322], [-48.91433, -27.1006362], [-48.9145093, -27.1006235], [-48.9148633, -27.100594], [-48.9152407, -27.1005479], [-48.9159814, -27.1004847], [-48.9162791, -27.1004754], [-48.9165722, -27.1004828], [-48.9170332, -27.1005292], [-48.9171762, -27.1005814], [-48.9172815, -27.1006384], [-48.9173762, -27.1007099], [-48.9175056, -27.1008028], [-48.9177582, -27.1009636], [-48.9180275, -27.1011548], [-48.9186231, -27.1016314], [-48.9190824, -27.1019842], [-48.9193954, -27.1022068], [-48.9198431, -27.1024013], [-48.9203233, -27.1025741], [-48.9213957, -27.1028436], [-48.9218725, -27.1028547], [-48.9223382, -27.1028328], [-48.9232887, -27.102827], [-48.9241443, -27.1028227], [-48.9246861, -27.1025242], [-48.9250992, -27.1022401], [-48.9267103, -27.0998247], [-48.9274127, -27.0990145], [-48.9279607, -27.0984746], [-48.9282511, -27.0982771], [-48.9290175, -27.0977852], [-48.9293926, -27.097699], [-48.9298327, -27.0978433], [-48.9301186, -27.098033], [-48.9307125, -27.0982826], [-48.9313348, -27.0985119], [-48.9319034, -27.0988393], [-48.9323209, -27.0992718], [-48.9329098, -27.0995842], [-48.9335512, -27.0999109], [-48.9337367, -27.0999863], [-48.9342127, -27.1000725], [-48.9347128, -27.1003382], [-48.9349804, -27.1005782], [-48.935165, -27.1008423], [-48.935221, -27.1013436], [-48.9352452, -27.1018571], [-48.9351686, -27.1024854], [-48.9350678, -27.1028912], [-48.9350516, -27.103279], [-48.9351646, -27.1037026], [-48.9353461, -27.1041407], [-48.9355881, -27.1044674], [-48.9360447, -27.1049396], [-48.936657, -27.1054046], [-48.9370854, -27.1056745], [-48.9377828, -27.1060947], [-48.9383833, -27.1064781], [-48.9388557, -27.1067919], [-48.9392949, -27.1070454], [-48.9396925, -27.1072885], [-48.9402612, -27.1075463], [-48.9408599, -27.1078102], [-48.9414156, -27.1081166], [-48.9418383, -27.1083963], [-48.9422782, -27.1087306], [-48.9427194, -27.1092069], [-48.9428888, -27.1094367], [-48.9430948, -27.109767], [-48.9432881, -27.1101117], [-48.9435304, -27.1105999], [-48.944033, -27.1114302], [-48.9441202, -27.1116921], [-48.9441557, -27.112159], [-48.9441078, -27.1125048], [-48.9439765, -27.1129516], [-48.9437564, -27.11337], [-48.9435697, -27.1136689], [-48.943248, -27.1140469], [-48.9429726, -27.1143218], [-48.9424487, -27.1147307], [-48.9418642, -27.115203], [-48.9412601, -27.1155076], [-48.9410496, -27.1155504], [-48.9408021, -27.1155439], [-48.9405946, -27.1155147], [-48.940307, -27.1153977], [-48.9400251, -27.1151672], [-48.9397548, -27.1148082], [-48.9395273, -27.1144241], [-48.9393961, -27.1142007], [-48.9391883, -27.1138971], [-48.9389522, -27.1136393], [-48.9386411, -27.1134865], [-48.9382552, -27.1134188], [-48.9377703, -27.1135508], [-48.9374224, -27.1138453], [-48.9371942, -27.1141296], [-48.9370174, -27.1143327], [-48.9366637, -27.1147084], [-48.936464, -27.1149877], [-48.9362986, -27.1153431], [-48.936253, -27.1155767], [-48.9362872, -27.1158356], [-48.9364355, -27.1162316], [-48.9365952, -27.1166277], [-48.9366466, -27.1169018], [-48.9366289, -27.1170751], [-48.9366124, -27.1172369], [-48.9364983, -27.117572], [-48.9363614, -27.1180087], [-48.936156, -27.1183489], [-48.9360857, -27.1185298], [-48.9359963, -27.1187601], [-48.9359621, -27.1192171], [-48.9359278, -27.119542], [-48.9359564, -27.1198415], [-48.936099, -27.1201969], [-48.9363386, -27.1207046], [-48.9365952, -27.1210956], [-48.9369352, -27.1215749], [-48.9372249, -27.1219377], [-48.9374281, -27.1223496], [-48.9376862, -27.1228067], [-48.9378958, -27.1231721], [-48.938169, -27.1235324], [-48.9382743, -27.1236706], [-48.9383234, -27.1238542], [-48.9382844, -27.1240457], [-48.9381461, -27.1242662], [-48.9379408, -27.124494], [-48.9378004, -27.124704], [-48.9376814, -27.1249188], [-48.9376049, -27.1251876], [-48.9376049, -27.1255379], [-48.937622, -27.1259847], [-48.9378673, -27.1265127], [-48.9382495, -27.1268275], [-48.9386304, -27.1271418], [-48.9389093, -27.1274569], [-48.9392312, -27.1277911], [-48.9395745, -27.1280681], [-48.9400478, -27.1284026], [-48.9403284, -27.1285855], [-48.9406903, -27.1288797], [-48.940862, -27.1290134], [-48.9411838, -27.1293189], [-48.9413421, -27.1293786], [-48.9415855, -27.1293735], [-48.941908, -27.1292592], [-48.9422938, -27.1290308], [-48.9425005, -27.1289286], [-48.9427479, -27.1288647], [-48.9428955, -27.1288575], [-48.9430713, -27.1288695], [-48.9432171, -27.1289222], [-48.9433549, -27.1289964], [-48.9435012, -27.1291326], [-48.9436729, -27.1292712], [-48.9441772, -27.129634], [-48.9445205, -27.1299014], [-48.9447694, -27.130034], [-48.9450749, -27.130132], [-48.9453404, -27.1301858], [-48.9456306, -27.130238], [-48.9460011, -27.1302995], [-48.946168, -27.1303587], [-48.946295, -27.1304301], [-48.9464011, -27.1305339], [-48.9464623, -27.1306378], [-48.9464906, -27.1307298], [-48.9465244, -27.1308812], [-48.9465392, -27.1311584], [-48.9465766, -27.1313699], [-48.9466063, -27.1316402], [-48.9466468, -27.1318835], [-48.9466861, -27.1320311], [-48.946787, -27.1322193], [-48.946946, -27.1323781], [-48.9471892, -27.1325695], [-48.947379, -27.1327274], [-48.9475446, -27.1328912], [-48.9477292, -27.1331512], [-48.9478918, -27.1333828], [-48.9480869, -27.1337012], [-48.9482577, -27.1340991], [-48.9483917, -27.1344373], [-48.9485343, -27.1347521], [-48.9487347, -27.1350329], [-48.9489281, -27.1352594], [-48.9491264, -27.1355477], [-48.9491889, -27.135644], [-48.9492373, -27.1357601], [-48.9492588, -27.1359524], [-48.949308, -27.13612], [-48.9494112, -27.1362977], [-48.9495436, -27.1364781], [-48.9497368, -27.1367673], [-48.9498595, -27.1368896], [-48.9500608, -27.1370271], [-48.950345, -27.1372074], [-48.9506228, -27.1373905], [-48.9507738, -27.1375365], [-48.9510556, -27.1377675], [-48.9513757, -27.1379195], [-48.9518129, -27.1381177], [-48.952277, -27.1382013], [-48.9524635, -27.1382059], [-48.952634, -27.1381724], [-48.9528475, -27.1380813], [-48.9529015, -27.1380435], [-48.952929, -27.1379742], [-48.9529574, -27.1378924], [-48.9529589, -27.1378236], [-48.9529353, -27.1376874], [-48.9528517, -27.137385], [-48.9527527, -27.1370895], [-48.9526746, -27.1367676], [-48.9526686, -27.1364152], [-48.9526854, -27.1356362], [-48.9528258, -27.1352044], [-48.952953, -27.1348058], [-48.9534558, -27.1344634], [-48.9546966, -27.1342149], [-48.9550312, -27.1337711], [-48.9549919, -27.1333483], [-48.9547489, -27.1330266], [-48.9546057, -27.1326569], [-48.9543904, -27.1322872], [-48.9542893, -27.1319822], [-48.9542626, -27.1316095], [-48.9543259, -27.1315101], [-48.9544187, -27.1314108], [-48.9545501, -27.1313536], [-48.9546815, -27.1313393], [-48.9550069, -27.1313973], [-48.9551896, -27.1314715], [-48.9553555, -27.1315884], [-48.9556584, -27.1317958], [-48.9557683, -27.131879], [-48.9561659, -27.1320195], [-48.9563875, -27.1320259], [-48.9565124, -27.1319893], [-48.9567246, -27.1319359], [-48.9568335, -27.1318616], [-48.9569419, -27.1316658], [-48.9569318, -27.1315109], [-48.9568915, -27.1312139], [-48.9569383, -27.130735], [-48.9570876, -27.1303515], [-48.9573584, -27.130022], [-48.9576741, -27.1297963], [-48.9580358, -27.1295881], [-48.9585297, -27.1294502], [-48.9589243, -27.1293326], [-48.9593169, -27.1291574], [-48.959637, -27.1289743], [-48.9599593, -27.128746], [-48.9601953, -27.128493], [-48.9606245, -27.1280871], [-48.9608981, -27.1278293], [-48.9611395, -27.1276145], [-48.9613702, -27.1274761], [-48.9615593, -27.1274403], [-48.9617591, -27.1274808], [-48.9620622, -27.1276957], [-48.9623518, -27.1279917], [-48.9625342, -27.1283163], [-48.9629383, -27.1287573], [-48.9633246, -27.1290392], [-48.9635266, -27.1291208], [-48.9637127, -27.1292344], [-48.964047, -27.1297295], [-48.9641007, -27.1299968], [-48.9640595, -27.130278], [-48.9639708, -27.1306802], [-48.9639611, -27.131009], [-48.9641114, -27.1315055], [-48.9642616, -27.1320354], [-48.9644118, -27.1324842], [-48.9645406, -27.1328041], [-48.9648087, -27.1331191], [-48.965077, -27.1333101], [-48.9655168, -27.1334438], [-48.9660855, -27.1336825], [-48.966737, -27.1338098], [-48.9669057, -27.1340549], [-48.9669545, -27.1343317], [-48.9667946, -27.1347805], [-48.9665892, -27.1351915], [-48.9665767, -27.1356633], [-48.966659, -27.1359814], [-48.9668687, -27.1362509], [-48.9671584, -27.1367569], [-48.9675124, -27.1370624], [-48.9679737, -27.137368], [-48.9683153, -27.1374882], [-48.9684051, -27.1376629], [-48.9683642, -27.1378455], [-48.9680912, -27.1385028], [-48.9680713, -27.1388433], [-48.9680165, -27.1391019], [-48.9681788, -27.1394506], [-48.9684458, -27.1397835], [-48.9686385, -27.1401332], [-48.9689101, -27.1403939], [-48.9691861, -27.1405378], [-48.9695874, -27.1408112], [-48.9699567, -27.1410032], [-48.970356, -27.1412188], [-48.9706774, -27.1415689], [-48.9707847, -27.141884], [-48.9709456, -27.1421608], [-48.9711173, -27.1424091], [-48.971289, -27.1427337], [-48.9713962, -27.1430201], [-48.9713094, -27.1433903], [-48.9711948, -27.1437627], [-48.971179, -27.1441275], [-48.9713839, -27.1447184], [-48.9716967, -27.1449868], [-48.9719971, -27.14513], [-48.9724048, -27.145321], [-48.972909, -27.1454355], [-48.9735165, -27.1455199], [-48.9738356, -27.1454535], [-48.9740785, -27.1452159], [-48.9741106, -27.144729], [-48.9738092, -27.1443616], [-48.9734978, -27.1440261], [-48.9733882, -27.1434788], [-48.9735671, -27.1432368], [-48.9740141, -27.1431633], [-48.9742716, -27.1431538], [-48.9746042, -27.143228], [-48.9750899, -27.1433603], [-48.9752859, -27.1433675], [-48.9755113, -27.1432974], [-48.9760872, -27.1431639], [-48.9767639, -27.1433637], [-48.9771326, -27.1435129], [-48.9773579, -27.1437528], [-48.97731, -27.1441396], [-48.9766777, -27.1447112], [-48.9762515, -27.1448717], [-48.9758636, -27.1451005], [-48.9757236, -27.1455622], [-48.9758183, -27.1458272], [-48.9759672, -27.1460641], [-48.976235, -27.146247], [-48.9768894, -27.1462566], [-48.9774967, -27.1461885], [-48.9780374, -27.1460179], [-48.9782367, -27.145771], [-48.9782954, -27.1455582], [-48.9782367, -27.1452812], [-48.9781194, -27.1448917], [-48.9780201, -27.1445785], [-48.978125, -27.1442863], [-48.9781555, -27.1442012], [-48.9784352, -27.1440847], [-48.9787641, -27.1440603], [-48.9792473, -27.1441088], [-48.9804655, -27.144438], [-48.981007, -27.1443979], [-48.9813679, -27.1441971], [-48.9814942, -27.1437635], [-48.9812594, -27.1434501], [-48.980715, -27.143067], [-48.9804336, -27.1427444], [-48.98035, -27.1423009], [-48.9807814, -27.1418765], [-48.981447, -27.1414963], [-48.9821143, -27.1411584], [-48.9827305, -27.1402865], [-48.9829019, -27.1398127], [-48.9827342, -27.1394362], [-48.9829384, -27.1392016], [-48.9833144, -27.139158], [-48.9838852, -27.1393047], [-48.9843606, -27.139744], [-48.984847, -27.1401885], [-48.9852901, -27.1405569], [-48.9856549, -27.1408624], [-48.9861269, -27.141397], [-48.986613, -27.1418481], [-48.9871426, -27.1424045], [-48.9878764, -27.1429667], [-48.9884506, -27.143279], [-48.9884825, -27.1435572], [-48.9882727, -27.1438125], [-48.9879401, -27.144414], [-48.9879126, -27.1452203], [-48.9880474, -27.1454164], [-48.9884444, -27.1457028], [-48.9892383, -27.1459702], [-48.9899786, -27.1460752], [-48.9910343, -27.1461597], [-48.9917614, -27.1460684], [-48.9921941, -27.1458889], [-48.992713, -27.1455939], [-48.9931782, -27.1455376], [-48.9944865, -27.1454268], [-48.9957012, -27.1456475], [-48.9967429, -27.1459554], [-48.9974099, -27.1465827], [-48.9980717, -27.1472213], [-48.9989101, -27.1474974], [-49.0002435, -27.1469891], [-49.0012316, -27.1461099], [-49.0017722, -27.1452141], [-49.0024433, -27.144169], [-49.0030678, -27.1436796], [-49.0035245, -27.1432317], [-49.003944, -27.1431239], [-49.0045126, -27.1432981], [-49.0052396, -27.1437211], [-49.005976, -27.1438124], [-49.006992, -27.1438787], [-49.0076444, -27.1437294], [-49.0086418, -27.1432732], [-49.0088748, -27.1427092], [-49.0092477, -27.1423857], [-49.010478, -27.1424272], [-49.0112424, -27.1422115], [-49.012277, -27.1423442], [-49.0130879, -27.142817], [-49.0139175, -27.1436216], [-49.0154089, -27.1446335], [-49.0160054, -27.1449155], [-49.0164715, -27.1446916], [-49.0179628, -27.1443266], [-49.018424, -27.1441573], [-49.0189695, -27.1440031], [-49.0203211, -27.1442934], [-49.0209829, -27.1446418], [-49.0214023, -27.1449238], [-49.0213743, -27.1454961], [-49.0210667, -27.1464085], [-49.0205821, -27.1467817], [-49.0197245, -27.1469725], [-49.0178976, -27.147495], [-49.0170494, -27.148001], [-49.0162384, -27.1486728], [-49.014803, -27.149552], [-49.0145327, -27.1499252], [-49.014514, -27.1502902], [-49.0147191, -27.1506966], [-49.0153995, -27.1511195], [-49.01553, -27.1515425], [-49.01553, -27.1521563], [-49.0161918, -27.1534584], [-49.0170494, -27.1545698], [-49.0177485, -27.1553245], [-49.0184009, -27.1556645], [-49.0191186, -27.1556977], [-49.0197338, -27.1555235], [-49.0198364, -27.1552416], [-49.0197245, -27.1540141], [-49.0199109, -27.1535331], [-49.0203677, -27.153475], [-49.0215235, -27.1535994], [-49.0222878, -27.1537819], [-49.0228682, -27.1540821], [-49.0231919, -27.1543873], [-49.0233318, -27.1547688], [-49.0230335, -27.1553494], [-49.0226554, -27.1557601], [-49.022148, -27.1563114], [-49.0202931, -27.1572818], [-49.0196686, -27.1577047], [-49.019622, -27.1581692], [-49.0197432, -27.1587165], [-49.020377, -27.1592307], [-49.0213837, -27.1595044], [-49.0221293, -27.1599025], [-49.0224369, -27.1604001], [-49.0222785, -27.1608562], [-49.0214676, -27.1611713], [-49.0202092, -27.1612626], [-49.0194728, -27.161387], [-49.0185594, -27.1625314], [-49.0176459, -27.1638417], [-49.0172638, -27.1653427], [-49.0171892, -27.1660808], [-49.0173756, -27.1666779], [-49.0172265, -27.1671671], [-49.0150453, -27.1682535], [-49.0141878, -27.1690413], [-49.0136285, -27.1691076], [-49.0128829, -27.1689003], [-49.0119974, -27.1689335], [-49.0114847, -27.1691906], [-49.0108136, -27.1696135], [-49.0101704, -27.1695803], [-49.0091078, -27.1695223], [-49.0087723, -27.1698208], [-49.0088002, -27.1703598], [-49.0092383, -27.1715207], [-49.0092011, -27.1722007], [-49.0092383, -27.1726568], [-49.0099001, -27.1736602], [-49.0104314, -27.1741079], [-49.0110839, -27.1739587], [-49.0112983, -27.1732455], [-49.011755, -27.1727148], [-49.0124821, -27.1726817], [-49.0129388, -27.1730382], [-49.0131159, -27.1734694], [-49.0137218, -27.1744977], [-49.0143369, -27.1752274], [-49.0149242, -27.1755176], [-49.0157071, -27.1753766], [-49.016341, -27.1751611], [-49.0172078, -27.1752191], [-49.0184382, -27.1751611], [-49.0194449, -27.175103], [-49.0200787, -27.1749206], [-49.0209083, -27.1743899], [-49.0212532, -27.1742655], [-49.0217751, -27.1743401], [-49.0221293, -27.1746304], [-49.0225861, -27.1747216], [-49.0230708, -27.1746386], [-49.0232479, -27.174307], [-49.0235648, -27.1738177], [-49.0241054, -27.1738094], [-49.0244969, -27.1739338], [-49.0247113, -27.1742987], [-49.0247486, -27.1748211], [-49.0246274, -27.1767117], [-49.0243198, -27.1779389], [-49.0242639, -27.1785857], [-49.024646, -27.1790334], [-49.0253824, -27.1792905], [-49.0260162, -27.1802689], [-49.0260442, -27.1807581], [-49.0250934, -27.1813385], [-49.0247952, -27.1819355], [-49.0248604, -27.1831378], [-49.0252333, -27.184481], [-49.0256341, -27.1852853], [-49.0269204, -27.1865787], [-49.0275076, -27.1868109], [-49.0286541, -27.1869767], [-49.0292227, -27.1872752], [-49.0294837, -27.1880131], [-49.0294277, -27.1894807], [-49.0296794, -27.191172], [-49.0296608, -27.1923493], [-49.0298006, -27.1937256], [-49.0302853, -27.1945878], [-49.0308445, -27.1950107], [-49.0308708, -27.1957361], [-49.0305292, -27.1958574], [-49.029401, -27.1958299], [-49.0286365, -27.1959647], [-49.028183, -27.196339], [-49.0273842, -27.1969027], [-49.0265339, -27.19804], [-49.0261055, -27.19957], [-49.0260462, -27.2005373], [-49.0265208, -27.2013931], [-49.0272085, -27.2019892], [-49.0276346, -27.2021317], [-49.0281685, -27.20195], [-49.0289924, -27.2012231], [-49.0298624, -27.2004962], [-49.0305215, -27.1992828], [-49.0316485, -27.1989897], [-49.0325186, -27.1989779], [-49.0329536, -27.1993531], [-49.0337247, -27.1998162], [-49.0350099, -27.2006721], [-49.0357811, -27.2008304], [-49.0363215, -27.2006486], [-49.0367421, -27.2004573], [-49.0371455, -27.200306], [-49.037732, -27.1999628], [-49.0381077, -27.1995173], [-49.0380945, -27.1987493], [-49.0375738, -27.1975182], [-49.0374486, -27.1969848], [-49.0385954, -27.1957302], [-49.0394457, -27.1949857], [-49.0401839, -27.1950209], [-49.0406848, -27.1953844], [-49.0414032, -27.1959941], [-49.0423523, -27.1965392], [-49.0434793, -27.1968558], [-49.0447844, -27.1971606], [-49.0458257, -27.1973013], [-49.0464387, -27.1970434], [-49.0468473, -27.1964982], [-49.0471439, -27.1958827], [-49.0471637, -27.1951381], [-49.0468803, -27.1947219], [-49.0460301, -27.1944581], [-49.0452391, -27.1941064], [-49.0448503, -27.193567], [-49.044916, -27.1932994], [-49.045081, -27.1930335], [-49.0459418, -27.1925827], [-49.0465705, -27.1924062], [-49.0476448, -27.1924121], [-49.0486071, -27.1925411], [-49.0492267, -27.1925528], [-49.0495241, -27.1922831], [-49.0496551, -27.1918552], [-49.0498462, -27.1911634], [-49.0498331, -27.1901257], [-49.0494705, -27.1894456], [-49.048996, -27.1881676], [-49.0484951, -27.1873116], [-49.0476712, -27.1863442], [-49.0470385, -27.1856759], [-49.0471769, -27.1852655], [-49.0476743, -27.1849092], [-49.0484489, -27.1845267], [-49.0493453, -27.1847202], [-49.0497007, -27.1848347], [-49.0498509, -27.1849978], [-49.0503406, -27.1857462], [-49.0510985, -27.1867546], [-49.0527265, -27.1880562], [-49.0532208, -27.1882731], [-49.0537547, -27.1884079], [-49.0541831, -27.1882145], [-49.0545917, -27.1877865], [-49.0548949, -27.1870595], [-49.0552582, -27.1864719], [-49.0555493, -27.1862957], [-49.0558357, -27.1863174], [-49.0561283, -27.1864322], [-49.0563593, -27.1867522], [-49.056457, -27.1872354], [-49.0566218, -27.1878158], [-49.0568788, -27.1888125], [-49.0574654, -27.1905361], [-49.0578502, -27.1908511], [-49.0580621, -27.190964], [-49.0582986, -27.1909344], [-49.0585661, -27.1906533], [-49.0591, -27.1901667], [-49.0593908, -27.1900609], [-49.0597309, -27.1900756], [-49.0603753, -27.1902073], [-49.0611761, -27.1900671], [-49.061565, -27.190155], [-49.0618814, -27.1907706], [-49.0619539, -27.191222], [-49.061565, -27.1917614], [-49.0616507, -27.1924649], [-49.0619868, -27.1928342], [-49.0624811, -27.1928518], [-49.0628964, -27.1925763], [-49.0636016, -27.192031], [-49.0644402, -27.1915337], [-49.0652419, -27.1911679], [-49.065874, -27.1909778], [-49.0665886, -27.1908363], [-49.0669924, -27.1907633], [-49.0674969, -27.1903309], [-49.0680241, -27.1901022], [-49.0683867, -27.1901902], [-49.0686701, -27.190624], [-49.0687655, -27.1910989], [-49.068848, -27.1914624], [-49.0690265, -27.1916228], [-49.069353, -27.1916298], [-49.0699983, -27.1914709], [-49.0703391, -27.1913613], [-49.0709796, -27.1911896], [-49.0720644, -27.1908175], [-49.0726972, -27.1909406], [-49.0733716, -27.1912901], [-49.0736924, -27.1917086], [-49.0737322, -27.1918801], [-49.0738242, -27.1922773], [-49.0737816, -27.1929526], [-49.0736331, -27.1953082], [-49.0735935, -27.1967327], [-49.0744504, -27.1980634], [-49.0745007, -27.1981197], [-49.074681, -27.1983214], [-49.0750172, -27.1983038], [-49.0754192, -27.1980927], [-49.0764474, -27.196803], [-49.0769022, -27.1963751], [-49.0774427, -27.1954664], [-49.0777097, -27.1951453], [-49.0780384, -27.1950535], [-49.0784379, -27.1951381], [-49.0789975, -27.1952952], [-49.0792528, -27.1954398], [-49.0794397, -27.1955895], [-49.0795343, -27.1956971], [-49.0801515, -27.1963986], [-49.0804613, -27.1964337], [-49.080889, -27.1961801], [-49.0812034, -27.1959013], [-49.0815093, -27.1955016], [-49.0816192, -27.1951446], [-49.0818, -27.1948255], [-49.0819787, -27.1945263], [-49.0822786, -27.1944087], [-49.0825277, -27.1943751], [-49.0827484, -27.1944171], [-49.0830233, -27.1945767], [-49.0831776, -27.1948364], [-49.083325, -27.1951216], [-49.0835267, -27.1956351], [-49.0835525, -27.1957009], [-49.0836443, -27.1961801], [-49.0836653, -27.1966593], [-49.0837236, -27.1981303], [-49.0837947, -27.1985391], [-49.0839678, -27.1988477], [-49.0842019, -27.1992077], [-49.084528, -27.1995362], [-49.0848858, -27.1995268], [-49.0853189, -27.1993414], [-49.0860109, -27.1987602], [-49.0869468, -27.1976824], [-49.0879025, -27.1964865], [-49.0883562, -27.1961213], [-49.0888878, -27.1957876], [-49.0892172, -27.1955127], [-49.0893996, -27.1953627], [-49.089582, -27.1952504], [-49.0899866, -27.1951316], [-49.0901962, -27.1950854], [-49.0908685, -27.1949154], [-49.0911519, -27.194586], [-49.0912961, -27.194175], [-49.0912285, -27.193792], [-49.0909706, -27.1933091], [-49.0906839, -27.1929339], [-49.090459, -27.1927317], [-49.0901633, -27.1925672], [-49.0899447, -27.1924653], [-49.0897744, -27.1921248], [-49.0898642, -27.1918232], [-49.0900531, -27.1915972], [-49.0906616, -27.1912833], [-49.0910141, -27.1911095], [-49.0911189, -27.1910579], [-49.0916594, -27.1909406], [-49.0925294, -27.1909992], [-49.0931753, -27.1907882], [-49.0940453, -27.1901785], [-49.0944427, -27.1896678], [-49.0949681, -27.1891466], [-49.0950356, -27.1888652], [-49.0950323, -27.1885838], [-49.094889, -27.1881148], [-49.094733, -27.1872931], [-49.094599, -27.1870712], [-49.0941903, -27.1867429], [-49.0936994, -27.1867259], [-49.0933467, -27.1866139], [-49.0931457, -27.1863785], [-49.09311, -27.186144], [-49.0932017, -27.1859221], [-49.0939135, -27.1848199], [-49.0943762, -27.1843888], [-49.0948626, -27.1841984], [-49.0956629, -27.1841539], [-49.0962781, -27.1841197], [-49.0969717, -27.1840812], [-49.0973321, -27.1841301], [-49.0977495, -27.1841867], [-49.0984349, -27.1844329], [-49.0986864, -27.1848003], [-49.0988589, -27.185649], [-49.0989754, -27.1868133], [-49.0992258, -27.1872354], [-49.0999377, -27.1878217], [-49.1004386, -27.1882438], [-49.1005386, -27.1884949], [-49.1004518, -27.1887128], [-49.0999904, -27.1889473], [-49.0997004, -27.1891701], [-49.0996345, -27.1895101], [-49.0998586, -27.1907061], [-49.0996323, -27.1909728], [-49.0993313, -27.1911399], [-49.0990099, -27.1915425], [-49.0990341, -27.191862], [-49.0996042, -27.1921023], [-49.1007385, -27.1924126], [-49.1015195, -27.1927345], [-49.1020731, -27.1926525], [-49.10264, -27.1923711], [-49.1029827, -27.1919021], [-49.10322, -27.1912689], [-49.1032991, -27.1899088], [-49.10351, -27.1890411], [-49.1039845, -27.188619], [-49.104815, -27.1885486], [-49.1051841, -27.1888066], [-49.1055159, -27.1893259], [-49.1057559, -27.1898707], [-49.1064495, -27.190624], [-49.1070823, -27.1909523], [-49.1075173, -27.1908585], [-49.1078205, -27.190284], [-49.10786, -27.1897095], [-49.1079419, -27.1891437], [-49.1079814, -27.1883796], [-49.1077282, -27.1873761], [-49.1071042, -27.1868695], [-49.1064627, -27.1867664], [-49.1057641, -27.1864732], [-49.1052368, -27.1857931], [-49.1053686, -27.1851834], [-49.1055333, -27.1850476], [-49.1059091, -27.1847378], [-49.1061897, -27.1846039], [-49.10699, -27.1842219], [-49.1077861, -27.1838043], [-49.1090464, -27.1831431], [-49.1100359, -27.1828173], [-49.1110764, -27.1824747], [-49.1126833, -27.1824867], [-49.1130273, -27.1826975], [-49.1132251, -27.1833424], [-49.1132251, -27.1838818], [-49.1129482, -27.1841984], [-49.1129087, -27.1849489], [-49.1132514, -27.1858166], [-49.1137392, -27.1864498], [-49.1145301, -27.186567], [-49.1157033, -27.1859221], [-49.116046, -27.1851482], [-49.1165469, -27.1846909], [-49.1172456, -27.1847378], [-49.117641, -27.1851248], [-49.1179049, -27.1853796], [-49.1181024, -27.1855703], [-49.1182474, -27.1864498], [-49.1184056, -27.1872237], [-49.118946, -27.1876575], [-49.1195788, -27.1880093], [-49.1198556, -27.1880093], [-49.1201456, -27.1876106], [-49.1202115, -27.1868953], [-49.1203433, -27.1865084], [-49.1209497, -27.1860159], [-49.1216352, -27.1859573], [-49.1225447, -27.1860745], [-49.1228479, -27.1858635], [-49.123507, -27.1850309], [-49.1240475, -27.1848668], [-49.1246934, -27.1851717], [-49.1253525, -27.1857345], [-49.1261038, -27.1857462], [-49.126803, -27.1857727], [-49.1273429, -27.1857931], [-49.1278307, -27.185969], [-49.1279478, -27.1861059], [-49.128292, -27.1865084], [-49.1284898, -27.1871298], [-49.1283843, -27.187763], [-49.128147, -27.1883141], [-49.1275934, -27.1886893], [-49.1270661, -27.1888535], [-49.1269738, -27.1894046], [-49.1271584, -27.189686], [-49.1282984, -27.1898853], [-49.1287007, -27.1899557], [-49.1290295, -27.1900697], [-49.1294784, -27.1902254], [-49.1301375, -27.190155], [-49.1304886, -27.1903724], [-49.1306252, -27.1905419], [-49.1311921, -27.1912924], [-49.1316666, -27.1914565], [-49.13247, -27.1919679], [-49.1327036, -27.1921811], [-49.1327306, -27.1923669], [-49.1326818, -27.1925008], [-49.1321412, -27.1930511], [-49.131693, -27.1931801], [-49.1309153, -27.1935201], [-49.1302957, -27.1938719], [-49.1300057, -27.1942471], [-49.1296761, -27.1945988], [-49.1297289, -27.1953257], [-49.1298211, -27.1959354], [-49.1302166, -27.1962754], [-49.1306252, -27.1964279], [-49.1309812, -27.1962285], [-49.1316007, -27.1963223], [-49.1328553, -27.1966053], [-49.133054, -27.1967122], [-49.1332485, -27.1968968], [-49.1334333, -27.1971596], [-49.1333803, -27.1973307], [-49.1331957, -27.197741], [-49.1334594, -27.1983741], [-49.1341053, -27.1990307], [-49.1358321, -27.1993355], [-49.1371083, -27.1995085], [-49.1379587, -27.1996729], [-49.1385496, -27.1997532], [-49.1388584, -27.2000237], [-49.1392759, -27.2005876], [-49.1396594, -27.2011417], [-49.1401278, -27.2009773], [-49.1403126, -27.2004402], [-49.1403619, -27.1998592], [-49.1404235, -27.1993112], [-49.1407193, -27.19907], [-49.1412493, -27.1990591], [-49.1419641, -27.1989275], [-49.1423708, -27.1989385], [-49.1425926, -27.1990371], [-49.1428884, -27.199366], [-49.1436155, -27.200495], [-49.1441331, -27.2011965], [-49.145193, -27.2017775], [-49.1457244, -27.2020212], [-49.1457846, -27.2020488], [-49.1459817, -27.2021392], [-49.1463567, -27.2022789], [-49.1471246, -27.2025649], [-49.1474237, -27.2026763], [-49.1480399, -27.203027], [-49.1486068, -27.2030599], [-49.1491244, -27.2028078], [-49.1497406, -27.2023584], [-49.1506896, -27.2019748], [-49.1516509, -27.2019528], [-49.1529203, -27.2022488], [-49.1533763, -27.2026653], [-49.1539062, -27.2036518], [-49.1538323, -27.2043095], [-49.1536351, -27.2050438], [-49.1536474, -27.2057563], [-49.1539062, -27.2061947], [-49.1543499, -27.2062824], [-49.1558165, -27.2055809], [-49.1569626, -27.2053288], [-49.1576651, -27.2054713], [-49.1578376, -27.2059426], [-49.1580225, -27.2066989], [-49.1580964, -27.2071483], [-49.1585278, -27.2074004], [-49.1595014, -27.2074881], [-49.1604134, -27.2075867], [-49.1609556, -27.2078279], [-49.1615102, -27.2078498], [-49.1622743, -27.2075319], [-49.1638765, -27.2072031], [-49.164468, -27.2068962], [-49.1649364, -27.2062495], [-49.1652445, -27.2059974], [-49.167204, -27.20557], [-49.1685227, -27.2053398], [-49.1692252, -27.2052411], [-49.1702234, -27.2051754], [-49.1707041, -27.2048794], [-49.171308, -27.2046493], [-49.1719242, -27.2045944], [-49.1725404, -27.2045396], [-49.1729717, -27.2043972], [-49.1734154, -27.2036518], [-49.1737851, -27.2034107], [-49.1745862, -27.2035203], [-49.1752764, -27.2034435], [-49.1759912, -27.2032572], [-49.1765334, -27.2034107], [-49.1773345, -27.2037724], [-49.1781232, -27.2038929], [-49.1785669, -27.2040245], [-49.1790722, -27.204441], [-49.1792571, -27.2052083], [-49.1790229, -27.2061728], [-49.178912, -27.2069729], [-49.1790969, -27.2074333], [-49.1796391, -27.2074004], [-49.1801198, -27.2070168], [-49.1805388, -27.2062824], [-49.1806127, -27.2053507], [-49.1806127, -27.2044629], [-49.1807606, -27.2036847], [-49.1813399, -27.2029174], [-49.1821533, -27.202479], [-49.1826709, -27.2020844], [-49.182905, -27.2012294], [-49.1833364, -27.2004402], [-49.183683, -27.2002802], [-49.1839579, -27.2001533], [-49.18431, -27.1999908], [-49.1847095, -27.1998804], [-49.1853182, -27.1999119], [-49.1858505, -27.2001442], [-49.1864298, -27.2002867], [-49.1867009, -27.2001771], [-49.1872308, -27.1995414], [-49.1875389, -27.1992673], [-49.1880935, -27.1992673], [-49.1884386, -27.1995085], [-49.1884879, -27.2001004], [-49.1884879, -27.2006185], [-49.187759, -27.20255], [-49.1870761, -27.2039318], [-49.1870554, -27.2040883], [-49.1870897, -27.2042321], [-49.1872251, -27.2042941], [-49.1874835, -27.2043596], [-49.1877043, -27.2043617], [-49.1901292, -27.2036865], [-49.1904043, -27.2036448], [-49.1913504, -27.203664], [-49.1914779, -27.2036999], [-49.1916021, -27.2037172], [-49.1922979, -27.2040588], [-49.1929354, -27.2046775], [-49.1932671, -27.205083], [-49.1934714, -27.2052694], [-49.1935956, -27.2054844], [-49.1938156, -27.206707], [-49.1940073, -27.207515], [-49.1942, -27.2086368], [-49.1944002, -27.2088867], [-49.194498, -27.2089087], [-49.194622, -27.2089], [-49.1951719, -27.2085952], [-49.1954596, -27.2082524], [-49.1958179, -27.207686], [-49.1963069, -27.2071834], [-49.1964995, -27.2070583], [-49.1967235, -27.2069507], [-49.1976561, -27.2070047], [-49.1986389, -27.2072701], [-49.1987566, -27.2073356], [-49.1992572, -27.2076522], [-49.1998015, -27.2081632], [-49.2000725, -27.2084455], [-49.2001676, -27.2085979], [-49.2004176, -27.2093967], [-49.2005154, -27.2100813], [-49.2011756, -27.2114017], [-49.2014446, -27.2125999], [-49.2014935, -27.213798], [-49.2016227, -27.2140749], [-49.2017375, -27.2141548], [-49.2018327, -27.2142174], [-49.2027471, -27.2145035], [-49.2028817, -27.2144939], [-49.2031617, -27.2144573], [-49.2037516, -27.2142888], [-49.2041487, -27.2139723], [-49.2042081, -27.2138595], [-49.2044619, -27.2128673], [-49.2044777, -27.2126464], [-49.2044274, -27.2125481], [-49.2040933, -27.2122183], [-49.2040956, -27.2121145], [-49.2041382, -27.2120365], [-49.2044111, -27.2119724], [-49.2045923, -27.21199], [-49.2047945, -27.2121353], [-49.2053324, -27.2125999], [-49.2058459, -27.2132356], [-49.2061419, -27.2136194], [-49.2062428, -27.2136829], [-49.2072073, -27.2140622], [-49.2076282, -27.2140379], [-49.2084654, -27.2139108], [-49.2085923, -27.2139566], [-49.2094932, -27.2148634], [-49.209994, -27.2154276], [-49.2100552, -27.2156534], [-49.2100875, -27.2160341], [-49.2100731, -27.216125], [-49.2098143, -27.2165383], [-49.2091285, -27.2170898], [-49.2090712, -27.2171945], [-49.209009, -27.2178175], [-49.2090226, -27.2179059], [-49.2090573, -27.2180092], [-49.2095137, -27.2188351], [-49.209587, -27.2197153], [-49.209725, -27.2199912], [-49.2101739, -27.220889], [-49.2100516, -27.2212802], [-49.2095626, -27.221916], [-49.2095846, -27.2220932], [-49.2099654, -27.2225824], [-49.2106964, -27.2228457], [-49.2115251, -27.2229822], [-49.2118031, -27.2230938], [-49.2127387, -27.2236219], [-49.2128647, -27.2237792], [-49.2130592, -27.2245812], [-49.2129125, -27.2256571], [-49.2123501, -27.2263417], [-49.2122034, -27.2271731], [-49.2130347, -27.2281512], [-49.2141195, -27.2296265], [-49.2142959, -27.229791], [-49.2144728, -27.2297905], [-49.2152175, -27.2297095], [-49.2154078, -27.2296344], [-49.215515, -27.2294745], [-49.2161156, -27.2284935], [-49.2177437, -27.2278262], [-49.2188542, -27.2280045], [-49.2192381, -27.2283499], [-49.2192532, -27.2285018], [-49.2192069, -27.2285956], [-49.2183549, -27.2295392], [-49.2182558, -27.2298059], [-49.2182597, -27.2301441], [-49.2183832, -27.2302973], [-49.2185611, -27.2303214], [-49.219539, -27.2305864], [-49.2200746, -27.2308377], [-49.221881, -27.2313797], [-49.222185, -27.2313836], [-49.2227943, -27.2313193], [-49.2235377, -27.2313484], [-49.2243352, -27.2314338], [-49.2246603, -27.2314936], [-49.2248389, -27.2315548], [-49.2249399, -27.2316577], [-49.2250768, -27.2318068], [-49.2252571, -27.2319892], [-49.2254228, -27.232083], [-49.2255295, -27.2321434], [-49.2258391, -27.2322619], [-49.2261604, -27.2323348], [-49.2263431, -27.2323666], [-49.2265738, -27.2323728], [-49.2268415, -27.2323631], [-49.2271798, -27.2322887], [-49.2275182, -27.2322078], [-49.227967, -27.2320956], [-49.2281987, -27.2320429], [-49.2285071, -27.2320042], [-49.2287795, -27.2319257], [-49.2290552, -27.2318735], [-49.2292641, -27.2318664], [-49.2294513, -27.2318491], [-49.229573, -27.2318015], [-49.2296522, -27.2317473], [-49.2296952, -27.2317179], [-49.2298038, -27.2315686], [-49.2299285, -27.2313343], [-49.2299819, -27.2312431], [-49.2300753, -27.2310839], [-49.2301988, -27.230925], [-49.2303659, -27.230783], [-49.230529, -27.2306638], [-49.2307247, -27.2305681], [-49.2309566, -27.2305055], [-49.2310574, -27.2304983], [-49.231228, -27.230486], [-49.2314745, -27.2305025], [-49.2315904, -27.2305102], [-49.2318605, -27.2305758], [-49.2321177, -27.2306647], [-49.2322541, -27.2307118], [-49.2327583, -27.2308066], [-49.2331786, -27.2308775], [-49.2334019, -27.2308901], [-49.2337163, -27.2309334], [-49.2339647, -27.2309856], [-49.2340376, -27.2309521], [-49.2341547, -27.2309164], [-49.2342067, -27.230915], [-49.2342354, -27.2309216], [-49.2343007, -27.2309492], [-49.2343628, -27.2309644], [-49.234412, -27.2309898], [-49.2344313, -27.2310127], [-49.2344638, -27.2310678], [-49.2344826, -27.2311272], [-49.2344935, -27.231162], [-49.2345086, -27.2312272], [-49.2345096, -27.231284], [-49.2345743, -27.2313635], [-49.23466, -27.2315054], [-49.2347088, -27.2316632], [-49.2347127, -27.2318827], [-49.2346475, -27.2320686], [-49.2345797, -27.2321857], [-49.2345003, -27.2323419], [-49.2339227, -27.2329504], [-49.2338004, -27.2330896], [-49.2337063, -27.2331966], [-49.2336016, -27.2333263], [-49.2335486, -27.2334338], [-49.2335213, -27.2335382], [-49.2335302, -27.2336694], [-49.2335937, -27.2338307], [-49.2336205, -27.2339882], [-49.2336653, -27.2341657], [-49.2336848, -27.2343264], [-49.2338033, -27.2344786], [-49.2341952, -27.2347194], [-49.2342711, -27.2347203], [-49.2343967, -27.2347219], [-49.2346587, -27.2346073], [-49.234956, -27.2343457], [-49.2354486, -27.233782], [-49.2356528, -27.233611], [-49.2359111, -27.2334996], [-49.2360838, -27.2334723], [-49.2362164, -27.2334248], [-49.2364686, -27.2332315], [-49.2366159, -27.2331173], [-49.2367098, -27.2330445], [-49.2368018, -27.2330162], [-49.2369334, -27.2330375], [-49.2371663, -27.233142], [-49.2375323, -27.2333988], [-49.237853, -27.2337468], [-49.2380389, -27.2340439], [-49.2381194, -27.2342808], [-49.2382805, -27.2347577], [-49.2383437, -27.2349289], [-49.2384716, -27.235186], [-49.2385656, -27.235269], [-49.2386733, -27.235408], [-49.2387118, -27.2355264], [-49.2387197, -27.235723], [-49.2387099, -27.2357968], [-49.2387072, -27.2358178], [-49.238687, -27.2359322], [-49.2387153, -27.2359981], [-49.2387585, -27.236051], [-49.2388749, -27.2361016], [-49.2389881, -27.2361293], [-49.2391131, -27.2361046], [-49.2392161, -27.2360764], [-49.2394159, -27.2359578], [-49.2395309, -27.2358675], [-49.2396908, -27.2357188], [-49.2401204, -27.2352001], [-49.2402572, -27.23512], [-49.2404629, -27.2350898], [-49.2406792, -27.2350827], [-49.2411229, -27.2350653], [-49.241789, -27.2351163], [-49.2420165, -27.2350995], [-49.2425175, -27.2349322], [-49.2431432, -27.2347566], [-49.2436347, -27.2347267], [-49.2437026, -27.2347377], [-49.2439198, -27.2347729], [-49.2441786, -27.234858], [-49.2444694, -27.2350091], [-49.2445926, -27.2351393], [-49.2447109, -27.2352643], [-49.244892, -27.2356334], [-49.2449612, -27.2358651], [-49.2449758, -27.2361855], [-49.245026, -27.2363026], [-49.2451787, -27.2365374], [-49.245359, -27.2366736], [-49.2455661, -27.2367578], [-49.2458457, -27.2367962], [-49.2464207, -27.2366811], [-49.246845, -27.2366282], [-49.2472158, -27.236662], [-49.2474825, -27.2366886], [-49.2477697, -27.2366514], [-49.2480637, -27.2366027], [-49.2483902, -27.2365485], [-49.2486115, -27.236563], [-49.2488979, -27.2365782], [-49.2491441, -27.2366254], [-49.2491902, -27.2366343], [-49.2494622, -27.2367367], [-49.2500001, -27.2370154], [-49.2505041, -27.2372644], [-49.2509796, -27.237507], [-49.2511662, -27.2375783], [-49.2513568, -27.2376076], [-49.2515584, -27.2375772], [-49.2518379, -27.2374968], [-49.2520762, -27.2374758], [-49.2521798, -27.237498], [-49.252303, -27.2375505], [-49.2523862, -27.2375875], [-49.2525469, -27.2376015], [-49.2527813, -27.2376164], [-49.2529338, -27.2377262], [-49.2530485, -27.2378924], [-49.2530603, -27.2379974], [-49.2530589, -27.2380903], [-49.2530302, -27.2382068], [-49.2528995, -27.2384239], [-49.2524474, -27.2390355], [-49.2523136, -27.2392224], [-49.2522624, -27.2392939], [-49.251845, -27.239834], [-49.2517148, -27.2400091], [-49.2516269, -27.2402717], [-49.2515934, -27.24049], [-49.2515937, -27.2406818], [-49.2516061, -27.2409606], [-49.251574, -27.241083], [-49.2515571, -27.2413105], [-49.2515585, -27.2414304], [-49.2515902, -27.2415507], [-49.2516488, -27.2416622], [-49.25172, -27.2418249], [-49.2518112, -27.2422066], [-49.2519089, -27.2426063], [-49.2519574, -27.2427178], [-49.2520495, -27.2428358], [-49.2521211, -27.2429685], [-49.2521395, -27.2430796], [-49.252101, -27.243184], [-49.2520561, -27.2432674], [-49.2518672, -27.2435586], [-49.2518321, -27.2436601], [-49.2518541, -27.2437532], [-49.2518928, -27.2438526], [-49.2519412, -27.243973], [-49.2520162, -27.2441088], [-49.2520889, -27.2441726], [-49.2522126, -27.2441922], [-49.2524705, -27.2442104], [-49.2527856, -27.2442083], [-49.2530034, -27.244217], [-49.2531869, -27.2442702], [-49.2534605, -27.2443575], [-49.2537569, -27.2444811], [-49.2540971, -27.2445932], [-49.2545061, -27.2448051], [-49.2548251, -27.2449888], [-49.2551569, -27.2452087], [-49.2554894, -27.2453806], [-49.255692, -27.2454743], [-49.2557823, -27.2455161], [-49.2561283, -27.2456882], [-49.2563518, -27.2457599], [-49.256522, -27.245804], [-49.256703, -27.2458062], [-49.2567833, -27.2457989], [-49.2568776, -27.2457904], [-49.2569818, -27.2457737], [-49.2571291, -27.2457876], [-49.2572492, -27.245822], [-49.2573751, -27.2459195], [-49.2574665, -27.2460764], [-49.2574974, -27.2462476], [-49.2574943, -27.2464423], [-49.2573773, -27.2466386], [-49.2570514, -27.2471169], [-49.2569555, -27.2472476], [-49.2569117, -27.2474718], [-49.2569104, -27.2475556], [-49.2569389, -27.2476639], [-49.2569768, -27.2478112], [-49.2570123, -27.2479015], [-49.2570145, -27.2479734], [-49.2570604, -27.2480429], [-49.2571771, -27.2480803], [-49.2572878, -27.2480817], [-49.2576642, -27.2480175], [-49.2578127, -27.2479564], [-49.258081, -27.247735], [-49.258298, -27.2475759], [-49.258399, -27.2475472], [-49.2585325, -27.2475848], [-49.2586453, -27.2476641], [-49.258778, -27.2477527], [-49.2589113, -27.2478053], [-49.2590386, -27.2478098], [-49.2592266, -27.2477942], [-49.2593205, -27.2477924], [-49.2595179, -27.2478188], [-49.2597586, -27.2478578], [-49.2599928, -27.2478876], [-49.2601142, -27.2478442], [-49.2602058, -27.2477764], [-49.2603185, -27.24764], [-49.260523, -27.2474238], [-49.2606686, -27.2473327], [-49.2607998, -27.2473014], [-49.2609375, -27.2472851], [-49.2611079, -27.2473232], [-49.2613341, -27.2474369], [-49.2616956, -27.2476871], [-49.2620605, -27.2479343], [-49.2621883, -27.2480106], [-49.2623438, -27.2481035], [-49.2627315, -27.2483351], [-49.2630677, -27.2484921], [-49.2632244, -27.248545], [-49.2633518, -27.2485466], [-49.2634864, -27.2485123], [-49.2636718, -27.2484487], [-49.2638684, -27.2483103], [-49.2642444, -27.2480603], [-49.2645219, -27.2478899], [-49.2646814, -27.2478415], [-49.2648352, -27.2477949], [-49.2651041, -27.2477473], [-49.2652736, -27.2477494], [-49.2654728, -27.2477519], [-49.2658865, -27.2478829], [-49.2663263, -27.2480531], [-49.2666456, -27.2482189], [-49.2667193, -27.2482423], [-49.2668224, -27.248275], [-49.267044, -27.2483484], [-49.2672214, -27.2484867], [-49.2672961, -27.2486404], [-49.2673411, -27.2487668], [-49.2674232, -27.2488787], [-49.2677294, -27.249236], [-49.2679642, -27.2494457], [-49.2682938, -27.2495936], [-49.2684812, -27.2496169], [-49.268587, -27.2496129], [-49.2686623, -27.2496101], [-49.2688775, -27.2495738], [-49.2690459, -27.249522], [-49.2692014, -27.249437], [-49.2693177, -27.2492857], [-49.2694321, -27.2490474], [-49.2695692, -27.2486356], [-49.2696574, -27.248352], [-49.2697236, -27.2479723], [-49.269736, -27.2478226], [-49.2697334, -27.2475559], [-49.2697122, -27.2474118], [-49.2696749, -27.2472226], [-49.2695612, -27.2469845], [-49.2694938, -27.2469113], [-49.269496, -27.2467681], [-49.2694435, -27.2465975], [-49.2693674, -27.2464081], [-49.2693365, -27.2463235], [-49.2693135, -27.2462329], [-49.269304, -27.2461956], [-49.2692928, -27.2460248], [-49.2692906, -27.2458747], [-49.2693212, -27.2456798], [-49.2693745, -27.2455016], [-49.269453, -27.245338], [-49.2695567, -27.2451749], [-49.2696154, -27.2450995], [-49.2696546, -27.2449741], [-49.2697472, -27.2449313], [-49.2701248, -27.2447952], [-49.2704202, -27.2447659], [-49.270685, -27.2447662], [-49.2708958, -27.2447957], [-49.2712769, -27.2448634], [-49.2715937, -27.2449751], [-49.2718832, -27.2451105], [-49.2720886, -27.2452689], [-49.2722272, -27.2454114], [-49.2723446, -27.2456256], [-49.2724384, -27.2458455], [-49.2725406, -27.2459576], [-49.272743, -27.246095], [-49.2729498, -27.2461634], [-49.2731776, -27.2461692], [-49.2734703, -27.2461039], [-49.273952, -27.2459541], [-49.2746461, -27.2457289], [-49.27498, -27.2455952], [-49.27525, -27.2454787], [-49.275391, -27.2454684], [-49.2754846, -27.2454845], [-49.2755978, -27.2455309], [-49.2757995, -27.2457132], [-49.2759444, -27.2458827], [-49.2760799, -27.2460072], [-49.2762292, -27.246111], [-49.2763449, -27.2462143], [-49.2763667, -27.2463224], [-49.2763918, -27.2464366], [-49.2763699, -27.2465502], [-49.2763077, -27.2467097], [-49.2762966, -27.246738], [-49.276204, -27.2468747], [-49.2761226, -27.2469396], [-49.2759973, -27.247016], [-49.2757475, -27.2471298], [-49.275633, -27.2471613], [-49.275452, -27.2471591], [-49.2751809, -27.2471348], [-49.2750267, -27.2471299], [-49.2748487, -27.2471516], [-49.2747074, -27.2471889], [-49.2745853, -27.2472772], [-49.2744766, -27.2473688], [-49.2743265, -27.2475347], [-49.2741862, -27.2477248], [-49.274103, -27.2479005], [-49.2740568, -27.2480677], [-49.2740297, -27.2483041], [-49.2740219, -27.2485917], [-49.2740299, -27.2487266], [-49.2741127, -27.2490093], [-49.274231, -27.2493793], [-49.274312, -27.2495601], [-49.274413, -27.2497561], [-49.2744962, -27.2500033], [-49.2745326, -27.2500903], [-49.2745655, -27.2501655], [-49.2746284, -27.2503047], [-49.2747496, -27.2504862], [-49.274801, -27.2505671], [-49.2748115, -27.2506919], [-49.2748096, -27.2508165], [-49.2747973, -27.2510102], [-49.2747759, -27.2511927], [-49.2747202, -27.2513887], [-49.2747185, -27.2514966], [-49.2747357, -27.2515882], [-49.2747802, -27.2517134], [-49.2748621, -27.2518307], [-49.2750059, -27.2519488], [-49.2751094, -27.2520664], [-49.2752192, -27.2521813], [-49.2753883, -27.2522665], [-49.2755213, -27.252282], [-49.2756494, -27.2522143], [-49.2758087, -27.2521332], [-49.2759968, -27.2519915], [-49.2761758, -27.2518359], [-49.2764204, -27.2514484], [-49.2765646, -27.2513422], [-49.2766833, -27.2512771], [-49.2768353, -27.2512707], [-49.276984, -27.2512725], [-49.2772379, -27.251284], [-49.2774947, -27.2513065], [-49.2776319, -27.2513105], [-49.2778323, -27.2513162], [-49.2781174, -27.2513142], [-49.2782837, -27.2513855], [-49.2784183, -27.2514951], [-49.2785376, -27.2515963], [-49.2786661, -27.2516888], [-49.2787215, -27.2517287], [-49.2788182, -27.2518905], [-49.2788613, -27.2521098], [-49.2788588, -27.2522732], [-49.278806, -27.2524803], [-49.2787599, -27.2526542], [-49.2786795, -27.2528443], [-49.2786389, -27.2530681], [-49.2785428, -27.2532746], [-49.278479, -27.2533901], [-49.278388, -27.2534638], [-49.2783128, -27.2535155], [-49.2782154, -27.2536057], [-49.2780899, -27.2537094], [-49.2779613, -27.2538047], [-49.2778481, -27.2539141], [-49.2778289, -27.2539374], [-49.2777534, -27.2540293], [-49.2777004, -27.2542502], [-49.277686, -27.2543774], [-49.2777234, -27.2545662], [-49.2778086, -27.2546669], [-49.2778755, -27.2547383], [-49.2778848, -27.2547481], [-49.2779925, -27.2547966], [-49.2781101, -27.2548118], [-49.2782714, -27.2547972], [-49.27839, -27.2547433], [-49.2785244, -27.2546674], [-49.2787181, -27.2545673], [-49.2789683, -27.2544153], [-49.2791084, -27.2542817], [-49.2791633, -27.2542294], [-49.2793075, -27.2541204], [-49.279426, -27.254072], [-49.2796377, -27.2540109], [-49.2797787, -27.2540022], [-49.2798176, -27.2539993], [-49.2800004, -27.2539987], [-49.2802603, -27.2540268], [-49.2804888, -27.2540795], [-49.2806548, -27.2541646], [-49.2807959, -27.2542578], [-49.2809735, -27.2543984], [-49.2811353, -27.2545165], [-49.2811818, -27.2545505], [-49.2812861, -27.2546238], [-49.2814052, -27.2547388], [-49.2819237, -27.2552741], [-49.2821979, -27.2555794], [-49.2823282, -27.255772], [-49.282448, -27.2560421], [-49.2825263, -27.2561871], [-49.2827211, -27.2564221], [-49.2828651, -27.2565291], [-49.2830157, -27.2566058], [-49.283255, -27.2567666], [-49.2836068, -27.2570644], [-49.2841568, -27.2576458], [-49.2842196, -27.25772], [-49.2842815, -27.2579229], [-49.2843149, -27.2581726], [-49.2843196, -27.258344], [-49.2843051, -27.2586072], [-49.2842636, -27.2588864], [-49.284271, -27.2590112], [-49.2842907, -27.2590826], [-49.2843062, -27.259139], [-49.2844309, -27.2592956], [-49.2846441, -27.2595364], [-49.2851611, -27.2599747], [-49.2854579, -27.2602193], [-49.2856464, -27.260457], [-49.2857393, -27.2606631], [-49.2857984, -27.2608494], [-49.2858919, -27.2610167], [-49.2860262, -27.261154], [-49.2861617, -27.2612083], [-49.2862611, -27.2611957], [-49.2863643, -27.2611332], [-49.286509, -27.260991], [-49.2865824, -27.2609222], [-49.286748, -27.2607668], [-49.28702, -27.2604101], [-49.2872393, -27.2600528], [-49.2873847, -27.2598635], [-49.2875738, -27.2596553], [-49.2879401, -27.2594161], [-49.2886834, -27.2590375], [-49.2889315, -27.2589618], [-49.2891286, -27.2589017], [-49.2892758, -27.2588745], [-49.289481, -27.2588365], [-49.289831, -27.2587718], [-49.2906141, -27.2586263], [-49.2912601, -27.2585345], [-49.2920503, -27.2583281], [-49.2927244, -27.25822], [-49.2928135, -27.2581923], [-49.2929642, -27.2581454], [-49.2932424, -27.2579882], [-49.2934039, -27.2579652], [-49.2935802, -27.257984], [-49.2939721, -27.2580968], [-49.2947602, -27.2584332], [-49.2949362, -27.2584769], [-49.2950447, -27.2584782], [-49.2951655, -27.2584769], [-49.2952929, -27.2584535], [-49.2954644, -27.2583891], [-49.2956385, -27.2583497], [-49.2958661, -27.2582583], [-49.2962518, -27.2579611], [-49.2964176, -27.2578579], [-49.2966005, -27.2578574], [-49.2967856, -27.2579095], [-49.2969943, -27.2580394], [-49.2972765, -27.2582312], [-49.2975671, -27.2584784], [-49.2978025, -27.258689], [-49.2978942, -27.258776], [-49.2980117, -27.258794], [-49.2980676, -27.2587808], [-49.2981794, -27.2587683], [-49.2983002, -27.2587698], [-49.2983841, -27.258757], [-49.2984533, -27.2586886], [-49.2984827, -27.2585893], [-49.2984792, -27.2584147], [-49.2985228, -27.2579943], [-49.2985756, -27.2577817], [-49.2986554, -27.2576304], [-49.2987079, -27.2574344], [-49.2987416, -27.2573496], [-49.2987659, -27.2572883], [-49.2988684, -27.2570735], [-49.2992042, -27.2567896], [-49.2996369, -27.2566203], [-49.299781, -27.256564], [-49.2999153, -27.2565196], [-49.3004755, -27.2563342], [-49.301259, -27.2561637], [-49.3017718, -27.2560647], [-49.3022311, -27.2558155], [-49.302368, -27.2557784], [-49.3025073, -27.2557912], [-49.3028399, -27.2558756], [-49.3031765, -27.2560042], [-49.3033792, -27.2561202], [-49.3034785, -27.2563181], [-49.3036013, -27.2565965], [-49.3037799, -27.2570833], [-49.3038632, -27.2575163], [-49.3039457, -27.2577943], [-49.3040056, -27.2579307], [-49.3040878, -27.2581251], [-49.3041765, -27.2583667], [-49.3042291, -27.2584839], [-49.3042497, -27.2585918], [-49.3042794, -27.2587468], [-49.3043421, -27.2589523], [-49.3043545, -27.2589931], [-49.3044573, -27.2592032], [-49.3045946, -27.2595786], [-49.3045957, -27.2595814], [-49.304718, -27.2597553], [-49.3047976, -27.2598595], [-49.3048439, -27.2602755], [-49.3048665, -27.2606247], [-49.3048359, -27.2608071], [-49.3047936, -27.2609395], [-49.3047504, -27.2611329], [-49.3046707, -27.2612787], [-49.3045886, -27.2613802], [-49.3044512, -27.2614477], [-49.304345, -27.2615018], [-49.3041915, -27.2616108], [-49.3039571, -27.2617381], [-49.303658, -27.261848], [-49.3034277, -27.2619089], [-49.3031952, -27.2619144], [-49.3029746, -27.261956], [-49.3026847, -27.2620633], [-49.3024822, -27.2621328], [-49.302307, -27.2622415], [-49.3020836, -27.2624631], [-49.3019343, -27.262705], [-49.3018696, -27.262887], [-49.3016879, -27.2632171], [-49.3014772, -27.2636244], [-49.301227, -27.2641808], [-49.3010346, -27.2646077], [-49.3009472, -27.2648504], [-49.3009368, -27.264902], [-49.3008936, -27.2651156], [-49.3008216, -27.2653667], [-49.300772, -27.2655711], [-49.3007401, -27.2658366], [-49.3006758, -27.2659853], [-49.3005266, -27.2662217], [-49.3002731, -27.2665842], [-49.3002091, -27.2667191], [-49.3001193, -27.2669174], [-49.3000068, -27.2673868], [-49.2999278, -27.2676905], [-49.299857, -27.2678641], [-49.2997903, -27.2679658], [-49.2996877, -27.2680141], [-49.2996192, -27.2681659], [-49.2996208, -27.2684268], [-49.299635, -27.2685379], [-49.2996454, -27.2686191], [-49.2997099, -27.2687233], [-49.2998793, -27.268814], [-49.3005239, -27.2688169], [-49.301768, -27.2685268], [-49.3022269, -27.2684191], [-49.3024964, -27.2684519], [-49.3026292, -27.2684141], [-49.3029356, -27.2681963], [-49.3032917, -27.2679643], [-49.3035082, -27.2678537], [-49.303697, -27.2677624], [-49.303945, -27.2677556], [-49.3041551, -27.267794], [-49.3042375, -27.2678312], [-49.3044597, -27.2679637], [-49.304711, -27.2681095], [-49.3049554, -27.2683389], [-49.3050189, -27.268512], [-49.3051713, -27.2686369], [-49.3051966, -27.2686713], [-49.3052739, -27.268776], [-49.3053097, -27.2689586], [-49.3052577, -27.2691156], [-49.3050029, -27.2692011], [-49.3046718, -27.2692365], [-49.3044186, -27.2692236], [-49.3040522, -27.2690419], [-49.3037127, -27.2689048], [-49.3034818, -27.2688676], [-49.3032664, -27.2689043], [-49.3030768, -27.2690547], [-49.3029586, -27.2692157], [-49.3029161, -27.2694761], [-49.3028304, -27.2696769], [-49.3027432, -27.2699811], [-49.302723, -27.2702172], [-49.3027568, -27.2705231], [-49.3027738, -27.270783], [-49.3027986, -27.2709827], [-49.3027971, -27.2710844], [-49.3027553, -27.2712314], [-49.3027412, -27.2713932], [-49.3027553, -27.2715367], [-49.3027981, -27.2716286], [-49.3028393, -27.2716686], [-49.3028845, -27.2717543], [-49.3029105, -27.2718771], [-49.3029224, -27.2720047], [-49.3029641, -27.2721627], [-49.3031096, -27.2723762], [-49.3033987, -27.2725668], [-49.3034942, -27.2725889], [-49.3036238, -27.2726188], [-49.3038561, -27.2725625], [-49.3041105, -27.2725016], [-49.3044301, -27.2723954], [-49.3051682, -27.2721501], [-49.3054888, -27.2720801], [-49.3057478, -27.2720783], [-49.3059835, -27.2721599], [-49.3065187, -27.2724717], [-49.3067164, -27.2725184], [-49.3069212, -27.2724519], [-49.3071539, -27.2723661], [-49.3080848, -27.2720229], [-49.308934, -27.2716147], [-49.309161, -27.2715386], [-49.3093867, -27.2715512], [-49.309697, -27.2718011], [-49.3099867, -27.2723216], [-49.3100085, -27.2723802], [-49.3101084, -27.272648], [-49.3101484, -27.2729193], [-49.3101391, -27.2731703], [-49.3100641, -27.2733958], [-49.3100112, -27.2735477], [-49.3098301, -27.2738079], [-49.3097028, -27.2739289], [-49.3096063, -27.2740046], [-49.3096056, -27.274071], [-49.3096027, -27.2741473], [-49.3095658, -27.2742311], [-49.3093841, -27.2743641], [-49.3093244, -27.2744301], [-49.3092592, -27.2745025], [-49.3091349, -27.2745908], [-49.3090798, -27.2746982], [-49.3090201, -27.2748034], [-49.3090112, -27.2749169], [-49.3090966, -27.2751001], [-49.3091518, -27.2751345], [-49.3092658, -27.2752056], [-49.3094632, -27.275267], [-49.3097877, -27.2753103], [-49.3102397, -27.2752961], [-49.3104653, -27.2753136], [-49.3106857, -27.2753163], [-49.311115, -27.2753461], [-49.3113353, -27.2753536], [-49.3117372, -27.2753733], [-49.3119513, -27.27543], [-49.3121043, -27.2755155], [-49.3121595, -27.2756287], [-49.3122058, -27.2757235], [-49.3122514, -27.275985], [-49.3122025, -27.2763045], [-49.3121206, -27.2769878], [-49.3120665, -27.2772875], [-49.3119109, -27.2777386], [-49.3115247, -27.2784971], [-49.31134, -27.279052], [-49.3111532, -27.2797431], [-49.3111254, -27.2798259], [-49.3110609, -27.2800177], [-49.3110287, -27.2803275], [-49.3109489, -27.2804989], [-49.3108205, -27.2806105], [-49.310592, -27.280785], [-49.3103621, -27.2810481], [-49.310077, -27.2813155], [-49.3100201, -27.2814329], [-49.3099846, -27.281595], [-49.3099583, -27.2818753], [-49.3098674, -27.2820564], [-49.309865, -27.2822139], [-49.3100051, -27.2824218], [-49.3101497, -27.2825811], [-49.3104018, -27.2827505], [-49.3106824, -27.2829814], [-49.3110302, -27.2833007], [-49.3112908, -27.2834254], [-49.3118189, -27.2836166], [-49.3125001, -27.2838873], [-49.3128329, -27.2840087], [-49.3133284, -27.2842339], [-49.3139372, -27.2845873], [-49.3142486, -27.2848035], [-49.3143725, -27.28499], [-49.3144853, -27.2854826], [-49.3145206, -27.2856038], [-49.314545, -27.285672], [-49.3145913, -27.285739], [-49.3146702, -27.2857762], [-49.314731, -27.2857845], [-49.3147767, -27.2857805], [-49.3148175, -27.2857629], [-49.3149255, -27.285669], [-49.3151126, -27.2854856], [-49.3153207, -27.2853245], [-49.315644, -27.285191], [-49.3159206, -27.2851249], [-49.3162186, -27.2851028], [-49.3163925, -27.2851079], [-49.316444, -27.285114], [-49.3165512, -27.2851355], [-49.3166414, -27.2851771], [-49.3167808, -27.2852711], [-49.3169406, -27.2854516], [-49.3169636, -27.2855018], [-49.3170258, -27.2856372], [-49.31708, -27.2859302], [-49.3170621, -27.286823], [-49.3170503, -27.2874137], [-49.3170246, -27.2875789], [-49.3170005, -27.2876407], [-49.3169339, -27.2877053], [-49.3167739, -27.2877837], [-49.3153831, -27.2883392], [-49.3143086, -27.2888267], [-49.313453, -27.2892266], [-49.3131584, -27.2893024], [-49.3128991, -27.2893406], [-49.3125, -27.2893651], [-49.3122942, -27.289329], [-49.3119915, -27.2892332], [-49.3117807, -27.2891675], [-49.3115802, -27.289136], [-49.3114272, -27.2891972], [-49.3112504, -27.2893989], [-49.3112216, -27.2895053], [-49.3112132, -27.2897041], [-49.3114053, -27.2899297], [-49.3116029, -27.2901504], [-49.311764, -27.2902688], [-49.3118344, -27.29029], [-49.3119154, -27.2903143], [-49.3121054, -27.2903166], [-49.3125, -27.2902971], [-49.3132865, -27.2901747], [-49.3136462, -27.2901862], [-49.3139055, -27.2902214], [-49.3141, -27.2903166], [-49.3141749, -27.2903853], [-49.314241, -27.290511], [-49.3142475, -27.290611], [-49.3142383, -27.2906894], [-49.3141768, -27.2907886], [-49.3140551, -27.2909085], [-49.3136085, -27.2913564], [-49.3134983, -27.2915049], [-49.3134772, -27.2915832], [-49.3134851, -27.2916669], [-49.3136534, -27.2920317], [-49.3140571, -27.2927842], [-49.3142412, -27.2931952], [-49.3142676, -27.2932632], [-49.314294, -27.2933312], [-49.314286, -27.2934348], [-49.3142222, -27.2935961], [-49.3138974, -27.294171], [-49.313377, -27.2948658], [-49.3128656, -27.2954096], [-49.3125, -27.2957401], [-49.3122314, -27.2959163], [-49.3119606, -27.2961385], [-49.3119363, -27.2961855], [-49.3118994, -27.2962571], [-49.3118834, -27.2963338], [-49.3118913, -27.2964002], [-49.3119282, -27.2965094], [-49.3120385, -27.2966865], [-49.3122428, -27.296925], [-49.3125001, -27.297173], [-49.3127023, -27.2973129], [-49.3127811, -27.2973905], [-49.3128419, -27.2974839], [-49.3128808, -27.2976536], [-49.3128768, -27.2979765], [-49.3128105, -27.2984769], [-49.312761, -27.2986485], [-49.3127371, -27.2987511], [-49.3127386, -27.2988294], [-49.3127418, -27.2988751], [-49.312766, -27.298921], [-49.3128193, -27.2989485], [-49.3128598, -27.298956], [-49.3129031, -27.2989495], [-49.3129546, -27.2989236], [-49.3133924, -27.2985265], [-49.3137017, -27.2981341], [-49.3138246, -27.2977704], [-49.3139197, -27.2970061], [-49.3139882, -27.2964993], [-49.3140429, -27.2963884], [-49.314124, -27.2962812], [-49.3141966, -27.2962381], [-49.3143752, -27.2962031], [-49.314515, -27.2962217], [-49.314624, -27.2962771], [-49.3147282, -27.2964034], [-49.3147898, -27.2965834], [-49.3147795, -27.2968259], [-49.3147781, -27.2968605], [-49.3146704, -27.297476], [-49.3146438, -27.2977326], [-49.3146792, -27.2978954], [-49.3147937, -27.2981088], [-49.3153247, -27.2988151], [-49.3154502, -27.299033], [-49.315455, -27.2992156], [-49.3153808, -27.2993635], [-49.3151243, -27.299534], [-49.3142466, -27.2999664], [-49.314055, -27.3001128], [-49.3140238, -27.3001733], [-49.3140037, -27.3002508], [-49.3140141, -27.3003152], [-49.3140696, -27.3004038], [-49.3142046, -27.3004899], [-49.314394, -27.3005586], [-49.3156505, -27.3008712], [-49.3160499, -27.3009559], [-49.3160734, -27.3009609], [-49.3161937, -27.3010164], [-49.3162944, -27.3011224], [-49.3165598, -27.3017853], [-49.316695, -27.3021228], [-49.316712, -27.3022499], [-49.316706, -27.3023386], [-49.3166431, -27.3024266], [-49.3165327, -27.302534], [-49.3156958, -27.3032062], [-49.3156164, -27.3032898], [-49.315548, -27.3034243], [-49.3155196, -27.3035804], [-49.3155291, -27.3037391], [-49.3155397, -27.3038195], [-49.3155742, -27.3038897], [-49.3156303, -27.3039369], [-49.3156937, -27.3039694], [-49.315826, -27.3039921], [-49.3163045, -27.3039915], [-49.3168347, -27.3039542], [-49.3170804, -27.3039369], [-49.3181773, -27.303917], [-49.3187809, -27.3039423], [-49.318993, -27.303972], [-49.3191672, -27.3040554], [-49.319237, -27.3041255], [-49.3192897, -27.3042105], [-49.3192922, -27.3042292], [-49.3193018, -27.304304], [-49.3192353, -27.3044628], [-49.3190049, -27.3047408], [-49.3184093, -27.305279], [-49.3180364, -27.305616], [-49.3179458, -27.3058076], [-49.3178216, -27.3059669], [-49.3175006, -27.3062191], [-49.3172292, -27.3065441], [-49.3170911, -27.3067513], [-49.3170928, -27.3068658], [-49.3171352, -27.3069597], [-49.3172079, -27.3070629], [-49.3174119, -27.3071829], [-49.3176644, -27.307222], [-49.3180223, -27.3072053], [-49.3183057, -27.3072087], [-49.3185854, -27.3072495], [-49.3188442, -27.3073218], [-49.3189812, -27.3074078], [-49.3190799, -27.3075777], [-49.3191436, -27.3078284], [-49.3191276, -27.3079939], [-49.319018, -27.308101], [-49.3187737, -27.3081945], [-49.3182505, -27.3082062], [-49.3180176, -27.3082065], [-49.3178344, -27.3082735], [-49.3173506, -27.3086349], [-49.3171505, -27.3087844], [-49.3168544, -27.3089525], [-49.3163076, -27.3091899], [-49.3160626, -27.3093255], [-49.3158907, -27.3094874], [-49.3156688, -27.3098237], [-49.3147357, -27.311238], [-49.3143805, -27.3118694], [-49.3142631, -27.3123213], [-49.3141802, -27.3128194], [-49.3141274, -27.3129539], [-49.3137234, -27.3139838], [-49.3137021, -27.3142615], [-49.313737, -27.3144422], [-49.3138001, -27.3145682], [-49.3138574, -27.3146269], [-49.3139455, -27.314689], [-49.314082, -27.3147151], [-49.314188, -27.3147225], [-49.3143563, -27.3146818], [-49.3145528, -27.3145864], [-49.3148888, -27.3143153], [-49.3156162, -27.3136509], [-49.3161123, -27.3131571], [-49.3161938, -27.3130402], [-49.3162306, -27.3128433], [-49.3162524, -27.3124513], [-49.3163063, -27.3121396], [-49.3163792, -27.3119842], [-49.3164202, -27.3119162], [-49.316467, -27.311862], [-49.3165107, -27.3118187], [-49.3165944, -27.3117648], [-49.3167769, -27.3116766], [-49.3169377, -27.3115991], [-49.3170857, -27.3115597], [-49.3171931, -27.311561], [-49.3172633, -27.3115893], [-49.3173239, -27.3116393], [-49.3173804, -27.3117634], [-49.3173834, -27.3118023], [-49.3174394, -27.3125314], [-49.3174748, -27.31304], [-49.3175087, -27.313235], [-49.3177214, -27.3136416], [-49.3180023, -27.3141786], [-49.318162, -27.3146061], [-49.3182153, -27.3148449], [-49.3182032, -27.3150673], [-49.3180947, -27.3153002], [-49.3178994, -27.3155301], [-49.3177691, -27.3157589], [-49.317723, -27.3159145], [-49.3177073, -27.3160822], [-49.3177133, -27.3162658], [-49.3177336, -27.3163714], [-49.317806, -27.3165012], [-49.3179012, -27.3165726], [-49.3181128, -27.3166037], [-49.3192813, -27.3165631], [-49.3197809, -27.3165027], [-49.3202599, -27.3163562], [-49.3204921, -27.3163317], [-49.3207018, -27.3163459], [-49.3208411, -27.3163944], [-49.3209038, -27.3164562], [-49.3209002, -27.3165318], [-49.3208828, -27.3168205], [-49.3206797, -27.3172358], [-49.3205655, -27.3174468], [-49.3202966, -27.3179437], [-49.3198791, -27.3188606], [-49.3198389, -27.3189683], [-49.3198183, -27.3190566], [-49.3198202, -27.3191131], [-49.319866, -27.319185], [-49.3198989, -27.3192094], [-49.3199368, -27.3192375], [-49.3201096, -27.3192838], [-49.3202635, -27.3193102], [-49.3204181, -27.3193101], [-49.320584, -27.3192728], [-49.3207303, -27.3192524], [-49.3208845, -27.3192518], [-49.3210379, -27.3193077], [-49.3211551, -27.3193952], [-49.3212225, -27.3194894], [-49.3212481, -27.31962], [-49.3212271, -27.3202446], [-49.3212154, -27.320658], [-49.3211908, -27.3208186], [-49.3210542, -27.3212784], [-49.3206989, -27.3222036], [-49.3205741, -27.322765], [-49.3205802, -27.3229111], [-49.320609, -27.3230254], [-49.3207066, -27.3231801], [-49.3208164, -27.3232557], [-49.320938, -27.3232868], [-49.3210515, -27.3233006], [-49.3211403, -27.3232992], [-49.3212379, -27.3232706], [-49.3213246, -27.3232197], [-49.3215887, -27.3230025], [-49.3217441, -27.3228162], [-49.3219356, -27.3224396], [-49.3221115, -27.3222487], [-49.3222152, -27.3221781], [-49.3224466, -27.3220788], [-49.322581, -27.3220742], [-49.3229806, -27.3221504], [-49.3232006, -27.3221671], [-49.3233079, -27.3221457], [-49.3234608, -27.322067], [-49.3235841, -27.3219955], [-49.3237209, -27.321955], [-49.3237853, -27.321955], [-49.3239109, -27.3219876], [-49.3240529, -27.3221036], [-49.3241646, -27.3222362], [-49.3242613, -27.3224478], [-49.3244947, -27.3233511], [-49.3245536, -27.3237559], [-49.3245727, -27.3238869], [-49.3246322, -27.3240331], [-49.3248009, -27.3242255], [-49.324998, -27.3244036], [-49.325043, -27.3245453], [-49.3250178, -27.324748], [-49.3249181, -27.3249201], [-49.324702, -27.3250693], [-49.3246342, -27.3251502], [-49.3245907, -27.3252785], [-49.3246107, -27.3254198], [-49.3249504, -27.3261546], [-49.3250226, -27.3264295], [-49.3250162, -27.326627], [-49.3249145, -27.3268116], [-49.3246955, -27.3269576], [-49.3244909, -27.3270635], [-49.32415, -27.3271245], [-49.3239001, -27.3271277], [-49.3235527, -27.3270053], [-49.3228745, -27.3264824], [-49.3227458, -27.3264342], [-49.3225865, -27.3264368], [-49.3224489, -27.3264862], [-49.3223476, -27.3266005], [-49.3222958, -27.3267332], [-49.3222699, -27.3270267], [-49.3222569, -27.3275138], [-49.3222808, -27.3277451], [-49.3223497, -27.3279636], [-49.322587, -27.328418], [-49.3226349, -27.3285474], [-49.3226435, -27.3286341], [-49.3226183, -27.3287202], [-49.3221816, -27.3293045], [-49.3221153, -27.3294683], [-49.3221202, -27.3296108], [-49.3221477, -27.329668], [-49.3222001, -27.3297225], [-49.3222811, -27.3297551], [-49.3223873, -27.329769], [-49.3225504, -27.3297678], [-49.3227083, -27.3297427], [-49.323143, -27.3296695], [-49.3233429, -27.3295802], [-49.3234899, -27.3294743], [-49.3235732, -27.3293582], [-49.3236396, -27.329185], [-49.3236382, -27.3290793], [-49.3235087, -27.3284923], [-49.3235291, -27.3283185], [-49.3235818, -27.3281135], [-49.3237022, -27.3278871], [-49.3238817, -27.3277405], [-49.32405, -27.3276318], [-49.3242857, -27.3275207], [-49.3244851, -27.3274661], [-49.3246269, -27.3274646], [-49.3247861, -27.3274919], [-49.325001, -27.327583], [-49.3251231, -27.3277142], [-49.3251807, -27.3278985], [-49.3251602, -27.3280818], [-49.3250173, -27.328387], [-49.3248538, -27.3286509], [-49.3248344, -27.3287582], [-49.3248455, -27.3289465], [-49.3248194, -27.3290503], [-49.3248313, -27.3291233], [-49.3250732, -27.3292741], [-49.3252048, -27.3293284], [-49.3258983, -27.329558], [-49.3261551, -27.3296971], [-49.3263229, -27.3298574], [-49.3264679, -27.3301154], [-49.3265226, -27.330269], [-49.3265275, -27.3304115], [-49.3264965, -27.3305915], [-49.3264028, -27.3308344], [-49.3259792, -27.3315177], [-49.3258504, -27.3318826], [-49.3258278, -27.3319797], [-49.3258361, -27.3321321], [-49.325891, -27.3322531], [-49.3259603, -27.3323246], [-49.3260996, -27.3324189], [-49.3263195, -27.3325377], [-49.3271678, -27.3328568], [-49.3273371, -27.3329035], [-49.3274691, -27.3329036], [-49.3275362, -27.332884], [-49.3277518, -27.3327467], [-49.3279237, -27.3326655], [-49.3280775, -27.3326187], [-49.3282664, -27.3325739], [-49.3284426, -27.3325587], [-49.3287082, -27.3325666], [-49.3292843, -27.3326621], [-49.3294331, -27.332711], [-49.3295256, -27.3327623], [-49.3295914, -27.3328306], [-49.3296275, -27.3328876], [-49.3296476, -27.3329585], [-49.3296475, -27.3330825], [-49.3296059, -27.3333361], [-49.3295904, -27.3336844], [-49.3295657, -27.3338562], [-49.3295325, -27.3339507], [-49.3294509, -27.3340471], [-49.3290944, -27.3341737], [-49.3289139, -27.3343011], [-49.3287072, -27.3344789], [-49.3286364, -27.3346309], [-49.3286401, -27.3348473], [-49.3286771, -27.3349654], [-49.3287954, -27.3351619], [-49.3288477, -27.3352174], [-49.3289683, -27.3352874], [-49.3291526, -27.3353071], [-49.3294374, -27.3352998], [-49.3295624, -27.3353165], [-49.3297464, -27.3353745], [-49.3298708, -27.3354268], [-49.3304665, -27.3357957], [-49.331073, -27.33613], [-49.3312584, -27.3362907], [-49.3313653, -27.3364345], [-49.3314469, -27.3365781], [-49.3315058, -27.3367178], [-49.3315358, -27.3369822], [-49.3315454, -27.3373487], [-49.331528, -27.3374475], [-49.3314801, -27.3375762], [-49.3314233, -27.3376618], [-49.3312202, -27.3378623], [-49.3308811, -27.3380341], [-49.330482, -27.3381654], [-49.3301849, -27.3382], [-49.330041, -27.3381672], [-49.3299136, -27.3380963], [-49.3296938, -27.3380555], [-49.3292838, -27.3380589], [-49.3291198, -27.3381008], [-49.3290556, -27.3381496], [-49.3288279, -27.3383059], [-49.3287586, -27.3384721], [-49.3287076, -27.3385953], [-49.3287266, -27.3387059], [-49.3288292, -27.3389203], [-49.3290258, -27.3390579], [-49.3291641, -27.3391189], [-49.3294099, -27.3391278], [-49.3300477, -27.3390793], [-49.3304739, -27.339069], [-49.33098, -27.3391395], [-49.3313354, -27.3392362], [-49.3318884, -27.3394741], [-49.3321329, -27.3395978], [-49.3323357, -27.3397651], [-49.3327707, -27.3402714], [-49.3330084, -27.3404948], [-49.3333118, -27.3406651], [-49.3335611, -27.3407287], [-49.3337756, -27.3409132], [-49.3338567, -27.3409958], [-49.333926, -27.3411089], [-49.3339701, -27.3412353], [-49.3339844, -27.3413718], [-49.3339731, -27.3415169], [-49.3339405, -27.3416318], [-49.3338989, -27.3417335], [-49.3338056, -27.3418867], [-49.3336409, -27.3421677], [-49.3333279, -27.3425194], [-49.3331269, -27.3430347], [-49.3327826, -27.3434938], [-49.3325689, -27.3438901], [-49.3324859, -27.3441227], [-49.3324696, -27.3442422], [-49.3324908, -27.3443455], [-49.3325543, -27.3444594], [-49.332676, -27.344515], [-49.3329288, -27.3445931], [-49.3336846, -27.3447954], [-49.3338936, -27.3448292], [-49.3341809, -27.3448282], [-49.3344413, -27.3447908], [-49.3345817, -27.3448195], [-49.3352405, -27.3453269], [-49.3353479, -27.3454338], [-49.3355951, -27.3458752], [-49.3357265, -27.3461873], [-49.3356782, -27.3463351], [-49.335655, -27.3464297], [-49.3356854, -27.3465091], [-49.335721, -27.3467036], [-49.3357405, -27.3467727], [-49.3357509, -27.3468095], [-49.3357666, -27.3468653], [-49.3358097, -27.3470808], [-49.3358552, -27.3472833], [-49.3358955, -27.3474739], [-49.3359411, -27.3477169], [-49.3359706, -27.3478979], [-49.335992, -27.3481862], [-49.336035, -27.3484388], [-49.3361154, -27.3486151], [-49.3361664, -27.3487866], [-49.3361905, -27.3491392], [-49.33622, -27.349406], [-49.3362951, -27.3495632], [-49.3364753, -27.3498364], [-49.3365597, -27.3499762], [-49.3366757, -27.3501159], [-49.3368085, -27.350291], [-49.3372206, -27.3509999], [-49.3373367, -27.3512703], [-49.3375391, -27.3518665], [-49.3375925, -27.3519709], [-49.3376838, -27.3520832], [-49.3379183, -27.3522919], [-49.3381049, -27.3525399], [-49.3382281, -27.3527447], [-49.3383282, -27.3530035], [-49.3385112, -27.3533944], [-49.3386052, -27.3535196], [-49.3387901, -27.3536672], [-49.3392324, -27.3538099], [-49.3395238, -27.3538861], [-49.3398729, -27.353954], [-49.3400891, -27.3539915], [-49.3404722, -27.354039], [-49.3413825, -27.3539835], [-49.3417611, -27.3540009], [-49.3420885, -27.3540817], [-49.3422855, -27.3542188], [-49.3424152, -27.3543751], [-49.3424854, -27.3544957], [-49.3425129, -27.3545816], [-49.3425039, -27.3546956], [-49.3424714, -27.3547893], [-49.3424367, -27.3548616], [-49.3423372, -27.3549808], [-49.3421074, -27.3552158], [-49.3419394, -27.3553083], [-49.341813, -27.3554222], [-49.3417574, -27.3554494], [-49.3414455, -27.3557069], [-49.3411794, -27.3558264], [-49.3409022, -27.3559104], [-49.340868, -27.3559549], [-49.3407236, -27.3563171], [-49.3404927, -27.3567964], [-49.3402299, -27.3573069], [-49.3400953, -27.3576159], [-49.3399179, -27.3578122], [-49.3398152, -27.3580038], [-49.3396915, -27.3583393], [-49.3395241, -27.3587221], [-49.3395043, -27.3588335], [-49.3395067, -27.3589434], [-49.3395317, -27.3590284], [-49.339595, -27.3591192], [-49.3399553, -27.3594351], [-49.3400982, -27.3596281], [-49.3403915, -27.3599553], [-49.3409221, -27.3604595], [-49.3413931, -27.3609004], [-49.3414869, -27.361041], [-49.3415873, -27.3612749], [-49.3416351, -27.3613434], [-49.3417208, -27.3613825], [-49.3421737, -27.3613561], [-49.3423097, -27.3613835], [-49.3424571, -27.3614793], [-49.342663, -27.3616716], [-49.3428359, -27.3619287], [-49.3430768, -27.3624346], [-49.3432042, -27.3627177], [-49.3433122, -27.3629383], [-49.3437661, -27.3635152], [-49.344131, -27.3639184], [-49.3445462, -27.3642858], [-49.3446744, -27.3643667], [-49.34543, -27.3648195], [-49.3457474, -27.3649546], [-49.3461514, -27.365104], [-49.3469122, -27.3655059], [-49.3473333, -27.365593], [-49.3474211, -27.3655921], [-49.3474925, -27.3655725], [-49.3476086, -27.3655011], [-49.3477762, -27.3653574], [-49.3480927, -27.3650274], [-49.3482224, -27.3649346], [-49.3483846, -27.3648582], [-49.3485274, -27.3648133], [-49.3488938, -27.3647241], [-49.349142, -27.3647352], [-49.3493082, -27.3648129], [-49.3495243, -27.3650591], [-49.3497871, -27.365471], [-49.3498375, -27.3655846], [-49.3499258, -27.365802], [-49.3501989, -27.3660908], [-49.3503705, -27.3663588], [-49.3506059, -27.3664735], [-49.3506433, -27.3665155], [-49.35067, -27.3665724], [-49.3506775, -27.3666366], [-49.3506244, -27.3668051], [-49.3505183, -27.3670803], [-49.3504859, -27.3671936], [-49.3504711, -27.3673402], [-49.3504796, -27.3674981], [-49.3505321, -27.3678023], [-49.350579, -27.3678868], [-49.3506826, -27.3679895], [-49.3511806, -27.3682459], [-49.3515024, -27.3685426], [-49.3516153, -27.3686084], [-49.3519518, -27.3687386], [-49.3521003, -27.3688534], [-49.3522231, -27.3690007], [-49.3523407, -27.3692129], [-49.3524995, -27.3695281], [-49.3525394, -27.3696615], [-49.3525469, -27.369732], [-49.3525677, -27.3699575], [-49.3525926, -27.3700575], [-49.3526622, -27.3701843], [-49.3527554, -27.3703057], [-49.3533547, -27.3709892], [-49.3534067, -27.3710668], [-49.353471, -27.3712138], [-49.3535385, -27.3714316], [-49.3535491, -27.3715329], [-49.3535187, -27.3715757], [-49.3534331, -27.3716212], [-49.3524998, -27.3719207], [-49.352396, -27.3719695], [-49.3522823, -27.372082], [-49.3522063, -27.3722199], [-49.3521228, -27.3725626], [-49.3521039, -27.3727815], [-49.3520949, -27.3732378], [-49.3521186, -27.3737208], [-49.3521587, -27.3740391], [-49.3522309, -27.3742757], [-49.3525815, -27.3752329], [-49.3527656, -27.3757061], [-49.3530455, -27.3763119], [-49.3533951, -27.3770825], [-49.3534764, -27.377188], [-49.3535852, -27.3772739], [-49.35409, -27.3775766], [-49.3543756, -27.3777751], [-49.3544763, -27.3779006], [-49.3547188, -27.3783055], [-49.3549928, -27.3786896], [-49.3550162, -27.3787406], [-49.3550172, -27.3788026], [-49.3549917, -27.3788592], [-49.3549253, -27.3789385], [-49.3546368, -27.3791523], [-49.3541141, -27.3795657], [-49.3539462, -27.37966], [-49.3536076, -27.3797929], [-49.3532333, -27.3798867], [-49.3530109, -27.3799693], [-49.3529131, -27.3800421], [-49.3528534, -27.3801285], [-49.3528353, -27.380211], [-49.3528337, -27.3803314], [-49.3528738, -27.380449], [-49.3529874, -27.3806145], [-49.3533856, -27.3809979], [-49.3538649, -27.3817984], [-49.3539577, -27.3818725], [-49.3544043, -27.3821398], [-49.354649, -27.3822925], [-49.3548854, -27.3824705], [-49.3554149, -27.3830337], [-49.3555218, -27.3831285], [-49.3556775, -27.3832289], [-49.3558355, -27.3833009], [-49.3559331, -27.3833315], [-49.3560772, -27.3833508], [-49.3564729, -27.3833408], [-49.3569022, -27.3832614], [-49.3573773, -27.3831384], [-49.3575602, -27.3831404], [-49.3576361, -27.3831673], [-49.3577069, -27.3832231], [-49.3579795, -27.3835578], [-49.3580588, -27.3836209], [-49.358338, -27.3837503], [-49.3585284, -27.3838055], [-49.3586472, -27.3838667], [-49.3587485, -27.3839268], [-49.3588508, -27.3840176], [-49.3589852, -27.3842905], [-49.3590493, -27.384553], [-49.3590718, -27.3847766], [-49.3590535, -27.3848511], [-49.3589976, -27.3849694], [-49.3588566, -27.385121], [-49.3587553, -27.3852055], [-49.3586412, -27.3852721], [-49.3580114, -27.3855713], [-49.3576032, -27.385787], [-49.3571661, -27.3859427], [-49.3570715, -27.3860038], [-49.3569873, -27.3860841], [-49.3568978, -27.3862623], [-49.3568503, -27.3864486], [-49.3567479, -27.3877965], [-49.3567199, -27.3880876], [-49.3566766, -27.3883263], [-49.3566313, -27.3884649], [-49.3565548, -27.3885995], [-49.3564695, -27.3886932], [-49.3563834, -27.3887565], [-49.3557868, -27.3890831], [-49.3557351, -27.3891358], [-49.3557121, -27.3891923], [-49.3557028, -27.389374], [-49.3557496, -27.3895535], [-49.3558333, -27.3897059], [-49.356089, -27.3900782], [-49.3562773, -27.3905605], [-49.3563754, -27.3907119], [-49.3564827, -27.3907716], [-49.3567928, -27.3908049], [-49.3569866, -27.3908008], [-49.3572758, -27.3907665], [-49.3574493, -27.3907753], [-49.3575072, -27.3908032], [-49.357562, -27.3908557], [-49.3576371, -27.3910067], [-49.3579101, -27.3916629], [-49.3581051, -27.3920232], [-49.3582358, -27.3921817], [-49.358959, -27.392916], [-49.3590769, -27.3929871], [-49.3592218, -27.3930286], [-49.3597863, -27.3930131], [-49.3598591, -27.3930243], [-49.3599781, -27.3930739], [-49.360598, -27.3934414], [-49.3613472, -27.3940118], [-49.3617414, -27.3942713], [-49.3621614, -27.3945363], [-49.3621838, -27.394604], [-49.362161, -27.3946353], [-49.3620006, -27.3947513], [-49.3610813, -27.3952986], [-49.3609167, -27.3953671], [-49.3604712, -27.3955053], [-49.3603215, -27.3955777], [-49.3602103, -27.3956759], [-49.3601111, -27.3959011], [-49.3599515, -27.3962357], [-49.3597959, -27.3966397], [-49.3596941, -27.3969827], [-49.3596707, -27.3972659], [-49.3596252, -27.397382], [-49.3595812, -27.3974506], [-49.3595325, -27.3974918], [-49.3593106, -27.3975788], [-49.3575538, -27.3981765], [-49.357351, -27.3982742], [-49.3572155, -27.398372], [-49.3568271, -27.3987033], [-49.3567818, -27.3987777], [-49.35677, -27.3988467], [-49.3567998, -27.3991544], [-49.3567921, -27.3999986], [-49.3568034, -27.4004795], [-49.3567591, -27.4007137], [-49.3566406, -27.4011593], [-49.3566048, -27.4013066], [-49.3564723, -27.4020295], [-49.356348, -27.4023348], [-49.3561932, -27.4028709], [-49.3560999, -27.4030486], [-49.3560201, -27.4031342], [-49.3558595, -27.4032422], [-49.3553106, -27.4034687], [-49.3551343, -27.4035619], [-49.3549246, -27.4037044], [-49.3546966, -27.4039031], [-49.3543115, -27.404321], [-49.3541765, -27.4044316], [-49.352345, -27.4052089], [-49.3517729, -27.4054685], [-49.3515422, -27.4056225], [-49.3512911, -27.4058592], [-49.3508494, -27.4064281], [-49.3507826, -27.4065436], [-49.3505266, -27.4072665], [-49.3504677, -27.4073046], [-49.3503973, -27.40731], [-49.3502882, -27.4071979], [-49.3500656, -27.406911], [-49.349993, -27.4068459], [-49.3498741, -27.4067901], [-49.3497349, -27.4067887], [-49.3495642, -27.4068552], [-49.3494266, -27.4069371], [-49.3485699, -27.4075751], [-49.3481783, -27.4078375], [-49.3475281, -27.4082066], [-49.3469445, -27.4083366], [-49.3463766, -27.4085017], [-49.3462655, -27.4085566], [-49.3459854, -27.4087549], [-49.3458504, -27.4088154], [-49.3452144, -27.4088811], [-49.3450993, -27.4089159], [-49.3450499, -27.4089746], [-49.3449126, -27.4093237], [-49.3449047, -27.4094152], [-49.3449373, -27.4094957], [-49.3449839, -27.4095374], [-49.3453441, -27.409672], [-49.3454232, -27.4097245], [-49.3454724, -27.4097901], [-49.3454851, -27.4098662], [-49.3454764, -27.4099531], [-49.3452679, -27.41067], [-49.3452789, -27.4107719], [-49.3453605, -27.4108726], [-49.3457723, -27.4112856], [-49.3463304, -27.4117542], [-49.3463299, -27.4119302], [-49.346301, -27.4120429], [-49.3457486, -27.4128605], [-49.3456374, -27.4130672], [-49.3455534, -27.413266], [-49.3455405, -27.4133286], [-49.3455968, -27.4135625], [-49.3455852, -27.4136927], [-49.3455367, -27.4139205], [-49.3454336, -27.4141895], [-49.3452208, -27.4145487], [-49.344928, -27.4155144], [-49.3448655, -27.4156604], [-49.3448614, -27.4157164], [-49.3449074, -27.4158823], [-49.3448967, -27.4159762], [-49.3447126, -27.4161428], [-49.3443135, -27.4164314], [-49.3442303, -27.4164671], [-49.3441471, -27.4164799], [-49.3440917, -27.416468], [-49.3440551, -27.4164343], [-49.3440256, -27.4163495], [-49.3440043, -27.4161632], [-49.344005, -27.4157248], [-49.3440497, -27.4156373], [-49.3442198, -27.4155142], [-49.3442487, -27.4151911], [-49.344213, -27.4151042], [-49.3439911, -27.4148678], [-49.3437942, -27.4143396], [-49.3437681, -27.414288], [-49.3437271, -27.414251], [-49.3434419, -27.4141799], [-49.3433456, -27.414175], [-49.3426241, -27.4144173], [-49.342462, -27.4144882], [-49.3421602, -27.4147425], [-49.3421094, -27.4148334], [-49.3421181, -27.4148877], [-49.3421985, -27.4149892], [-49.342272, -27.4151358], [-49.3423317, -27.4153051], [-49.3423885, -27.4155881], [-49.3423405, -27.4160235], [-49.3423652, -27.416047], [-49.34275, -27.4162668], [-49.3428643, -27.4163302], [-49.342915, -27.4164037], [-49.3429416, -27.4165391], [-49.3429402, -27.4166199], [-49.3427191, -27.4171098], [-49.3426432, -27.417333], [-49.3425558, -27.4174291], [-49.342472, -27.4174682], [-49.3423729, -27.4174814], [-49.3422231, -27.4174499], [-49.3420205, -27.4173586], [-49.3419017, -27.4173618], [-49.3418358, -27.4174043], [-49.3417988, -27.4175557], [-49.3417867, -27.4178646], [-49.3416992, -27.4183435], [-49.3416826, -27.4185132], [-49.3416957, -27.4187038], [-49.3416785, -27.4187811], [-49.3414623, -27.4191182], [-49.341359, -27.4191685], [-49.3409676, -27.4191757], [-49.3408353, -27.4192591], [-49.340623, -27.4194653], [-49.3406093, -27.4195333], [-49.3406559, -27.4196908], [-49.3406943, -27.4199321], [-49.3408012, -27.4201148], [-49.340842, -27.4202559], [-49.3408646, -27.4204099], [-49.3408606, -27.4205081], [-49.3408338, -27.420579], [-49.3407841, -27.4206175], [-49.3406848, -27.4206524], [-49.3404339, -27.4207326], [-49.3400501, -27.420975], [-49.3399935, -27.4210726], [-49.3397529, -27.4216544], [-49.3396361, -27.4218438], [-49.3392973, -27.4222186], [-49.3392425, -27.4222793], [-49.3391895, -27.4223666], [-49.3391116, -27.4225945], [-49.3390936, -27.4226962], [-49.3391147, -27.4231657], [-49.3391169, -27.4236361], [-49.3391551, -27.4238391], [-49.3391556, -27.4239795], [-49.3390763, -27.4245309], [-49.3390049, -27.4248175], [-49.3389608, -27.4248794], [-49.3388698, -27.4249353], [-49.3382789, -27.4250804], [-49.3373683, -27.4252971], [-49.3373101, -27.4253187], [-49.3372875, -27.4253472], [-49.3372815, -27.4255358], [-49.3372936, -27.4256158], [-49.337366, -27.4256871], [-49.3378189, -27.4259903], [-49.3378516, -27.4260513], [-49.3378404, -27.4261314], [-49.3376407, -27.4263531], [-49.3374403, -27.4265017], [-49.337203, -27.4266331], [-49.336838, -27.4267759], [-49.3366551, -27.4268719], [-49.3365774, -27.4269514], [-49.3365365, -27.4271115], [-49.3365602, -27.4272981], [-49.3366101, -27.4274378], [-49.3368322, -27.4280149], [-49.3369476, -27.4286439], [-49.3370604, -27.4290008], [-49.3370887, -27.4291859], [-49.337062, -27.4293749], [-49.3369492, -27.429634], [-49.3367279, -27.4302005], [-49.3366625, -27.4303694], [-49.3365927, -27.4306316], [-49.336424, -27.4309346], [-49.3364083, -27.4310498], [-49.3364285, -27.4311261], [-49.3364624, -27.4311774], [-49.3365601, -27.431246], [-49.3367873, -27.4313036], [-49.3369471, -27.4313273], [-49.3370792, -27.4313276], [-49.3377125, -27.4310573], [-49.337843, -27.4310181], [-49.3379827, -27.4310532], [-49.3380802, -27.4311013], [-49.3381879, -27.4311917], [-49.3384644, -27.4315222], [-49.3385489, -27.4317228], [-49.3385925, -27.4318261], [-49.3386756, -27.4320504], [-49.3388306, -27.4323472], [-49.338853, -27.4325331], [-49.3388554, -27.4328836], [-49.3388997, -27.4331429], [-49.3389107, -27.4332077], [-49.3388837, -27.4335541], [-49.3387954, -27.4338369], [-49.3388106, -27.4339173], [-49.3388683, -27.4340256], [-49.3388636, -27.4341691], [-49.3387602, -27.434613], [-49.3386643, -27.4347972], [-49.3384661, -27.4349284], [-49.3383847, -27.4351652], [-49.3383416, -27.4354167], [-49.3382565, -27.4363522], [-49.3381898, -27.436634], [-49.3381213, -27.436747], [-49.3380793, -27.436769], [-49.3380117, -27.436768], [-49.3379023, -27.436738], [-49.337823, -27.4366961], [-49.3377589, -27.4366355], [-49.3376917, -27.4365383], [-49.3376026, -27.4363172], [-49.3374959, -27.4358707], [-49.3373904, -27.4353076], [-49.3373304, -27.4351601], [-49.3372917, -27.435124], [-49.3372429, -27.4351071], [-49.3370664, -27.4351251], [-49.3368853, -27.4352134], [-49.3367623, -27.4353482], [-49.3364555, -27.4358205], [-49.3363845, -27.4359817], [-49.3363686, -27.4361162], [-49.3363939, -27.4362941], [-49.3365012, -27.4366384], [-49.3367825, -27.4374156], [-49.3374378, -27.4386263], [-49.3376142, -27.4388468], [-49.3385031, -27.4401078], [-49.3386515, -27.440407], [-49.338752, -27.4406906], [-49.338803, -27.4407809], [-49.3389339, -27.4409035], [-49.3393872, -27.4412182], [-49.3395336, -27.4413373], [-49.3396766, -27.4414841], [-49.3397572, -27.4416312], [-49.3397821, -27.4417175], [-49.3397764, -27.4418368], [-49.3396826, -27.4422316], [-49.3396261, -27.4423899], [-49.3394607, -27.4427054], [-49.3392764, -27.4431012], [-49.3391298, -27.4433703], [-49.3390843, -27.4435293], [-49.3390688, -27.4439259], [-49.3391065, -27.4441931], [-49.3391383, -27.4443296], [-49.3393367, -27.4446764], [-49.3394717, -27.4449533], [-49.3395389, -27.4450392], [-49.3396356, -27.4450927], [-49.3401253, -27.4452226], [-49.340238, -27.4452584], [-49.3403065, -27.4453002], [-49.3403279, -27.4453727], [-49.3403012, -27.4454477], [-49.339854, -27.4457497], [-49.3395525, -27.4459977], [-49.3394576, -27.4461298], [-49.3392946, -27.4464178], [-49.3390851, -27.4469809], [-49.3389912, -27.4472925], [-49.3388321, -27.4479355], [-49.3388237, -27.4481168], [-49.3388471, -27.448195], [-49.3389825, -27.448355], [-49.3394392, -27.4487344], [-49.3396434, -27.4488238], [-49.3400638, -27.4489311], [-49.3402987, -27.4490633], [-49.3403704, -27.4491147], [-49.3404049, -27.4491598], [-49.3404071, -27.4492489], [-49.3403777, -27.4493228], [-49.3403074, -27.4493696], [-49.340191, -27.4493884], [-49.3394728, -27.4493431], [-49.3393973, -27.44935], [-49.3393406, -27.4494012], [-49.3392693, -27.4495469], [-49.3392341, -27.44965], [-49.3392349, -27.4497211], [-49.3393103, -27.449932], [-49.3394183, -27.4501058], [-49.3395636, -27.45024], [-49.3397392, -27.4503427], [-49.3401574, -27.4505402], [-49.340251, -27.4506432], [-49.340421, -27.4510165], [-49.3404566, -27.4512871], [-49.3404287, -27.4514136], [-49.3403473, -27.4514533], [-49.3400155, -27.4514683], [-49.3395482, -27.4515864], [-49.3390665, -27.4520557], [-49.3388447, -27.4522841], [-49.3387371, -27.4524261], [-49.3385161, -27.4526141], [-49.3384865, -27.4527292], [-49.3384992, -27.4527943], [-49.3385531, -27.4528504], [-49.3387413, -27.4528822], [-49.3390218, -27.4528665], [-49.3394461, -27.4527796], [-49.3395385, -27.4527551], [-49.3396826, -27.452681], [-49.3402923, -27.4522144], [-49.3404202, -27.452171], [-49.3405347, -27.4521872], [-49.3405941, -27.4522442], [-49.3406328, -27.4523404], [-49.3406686, -27.4526993], [-49.3406277, -27.4530554], [-49.3405405, -27.4533385], [-49.3404076, -27.453646], [-49.3403461, -27.4537426], [-49.3402558, -27.4537844], [-49.339944, -27.4537231], [-49.3397268, -27.4537587], [-49.339505, -27.4538591], [-49.33934, -27.4539897], [-49.3391677, -27.4541459], [-49.3389774, -27.4542824], [-49.3389002, -27.4543891], [-49.3389159, -27.4544726], [-49.3389618, -27.4545551], [-49.3390058, -27.454592], [-49.3391978, -27.4546288], [-49.339304, -27.4546325], [-49.3398678, -27.4546051], [-49.3401925, -27.4545804], [-49.3406357, -27.454615], [-49.3409624, -27.4546586], [-49.341116, -27.4546967], [-49.3413054, -27.4547964], [-49.3413557, -27.454862], [-49.3413691, -27.4550068], [-49.3413289, -27.4552042], [-49.3412645, -27.4555201], [-49.3412693, -27.4555925], [-49.3412325, -27.4557871], [-49.3411666, -27.4559083], [-49.3411599, -27.4560327], [-49.3411017, -27.4565357], [-49.3410051, -27.456688], [-49.3408817, -27.4568356], [-49.3406189, -27.4571831], [-49.3405629, -27.4575577], [-49.3405175, -27.4577175], [-49.340524, -27.4578482], [-49.3410595, -27.4585064], [-49.3410354, -27.4586005], [-49.3409587, -27.4587592], [-49.3407599, -27.4591471], [-49.3406733, -27.4594348], [-49.3406717, -27.4596252], [-49.3406933, -27.4597687], [-49.3407908, -27.4601172], [-49.3407954, -27.4602454], [-49.3407811, -27.4603276], [-49.340494, -27.4610423], [-49.3404625, -27.4611537], [-49.3404526, -27.4613531], [-49.3406773, -27.4622233], [-49.3406626, -27.4623581], [-49.3396666, -27.4639458], [-49.3391224, -27.4644756], [-49.3377096, -27.4656246], [-49.3376095, -27.4657355], [-49.3375856, -27.4658002], [-49.3375345, -27.4659387], [-49.3375332, -27.4660863], [-49.3376081, -27.4665767], [-49.3375943, -27.4666801], [-49.3375472, -27.4667914], [-49.337203, -27.4673086], [-49.336753, -27.4678625], [-49.3363505, -27.468358], [-49.3359529, -27.4688475], [-49.3359099, -27.4688826], [-49.3356881, -27.4689526], [-49.3355665, -27.4690082], [-49.3355231, -27.46905], [-49.335528, -27.4691995], [-49.3355052, -27.4692464], [-49.3353839, -27.46933], [-49.3346224, -27.4695709], [-49.334539, -27.4696342], [-49.334446, -27.4697216], [-49.3343799, -27.4699088], [-49.3343019, -27.4702171], [-49.3341997, -27.4702994], [-49.3341353, -27.470316], [-49.3333974, -27.4702237], [-49.3333026, -27.4702275], [-49.3331065, -27.4703078], [-49.3330524, -27.470386], [-49.3330412, -27.4704833], [-49.3330498, -27.4705597], [-49.3330864, -27.4706358], [-49.3332313, -27.4707691], [-49.3336253, -27.4712444], [-49.3337225, -27.4713279], [-49.3338497, -27.4714432], [-49.3340217, -27.471705], [-49.3340628, -27.4719712], [-49.3340414, -27.4720453], [-49.333948, -27.4721329], [-49.3333512, -27.47228], [-49.3330654, -27.4723905], [-49.3330085, -27.4724437], [-49.3327639, -27.472904], [-49.3324652, -27.4731229], [-49.3324008, -27.4732168], [-49.3323639, -27.4733359], [-49.3323576, -27.4735918], [-49.3323965, -27.4741377], [-49.3323773, -27.4743012], [-49.3321856, -27.4749391], [-49.3320851, -27.4752209], [-49.3319976, -27.4753796], [-49.3319715, -27.4754175], [-49.3319764, -27.4754653], [-49.3320226, -27.4755117], [-49.3326858, -27.4759685], [-49.3328956, -27.4760546], [-49.3330449, -27.4760937], [-49.3333604, -27.4761429], [-49.3336486, -27.4762157], [-49.3337955, -27.4763283], [-49.3339456, -27.4764128], [-49.3339618, -27.4764219], [-49.33402, -27.4764834], [-49.3340566, -27.476701], [-49.3340303, -27.4770411], [-49.3340661, -27.4771353], [-49.3341199, -27.4771803], [-49.3342056, -27.4772276], [-49.3346762, -27.4773309], [-49.3351014, -27.4774544], [-49.335184, -27.4774727], [-49.3354963, -27.4774902], [-49.3356161, -27.477515], [-49.3356964, -27.4775547], [-49.3363081, -27.4779285], [-49.3365098, -27.4780989], [-49.3365706, -27.478225], [-49.3366041, -27.4784695], [-49.3365587, -27.4785414], [-49.3365132, -27.4785599], [-49.3363712, -27.4785675], [-49.3361583, -27.4785395], [-49.335771, -27.4785], [-49.3354792, -27.4785591], [-49.335331, -27.478663], [-49.3350435, -27.4789166], [-49.3348931, -27.479232], [-49.3348153, -27.479346], [-49.3341609, -27.4800983], [-49.3341329, -27.4801624], [-49.3341246, -27.4802117], [-49.3341514, -27.4803228], [-49.3341812, -27.4804462], [-49.3341972, -27.4806491], [-49.3343495, -27.4809078], [-49.3343777, -27.4810576], [-49.3344003, -27.481364], [-49.3345219, -27.4816338], [-49.3344764, -27.4819452], [-49.3345209, -27.4819963], [-49.3349511, -27.4821742], [-49.3350396, -27.4822416], [-49.3351036, -27.4823341], [-49.335127, -27.4824258], [-49.335124, -27.4825849], [-49.3351012, -27.4826547], [-49.3350536, -27.4827199], [-49.3349805, -27.4827861], [-49.3344658, -27.4831496], [-49.3340256, -27.4835345], [-49.3339835, -27.4835913], [-49.3339509, -27.4837218], [-49.3339803, -27.4838054], [-49.3341708, -27.4840178], [-49.3345158, -27.4844217], [-49.3346862, -27.4847236], [-49.3346873, -27.4848174], [-49.3346226, -27.4849134], [-49.3346101, -27.4849847], [-49.3346507, -27.4852913], [-49.3346199, -27.4856295], [-49.3346392, -27.4857102], [-49.3347015, -27.4858073], [-49.3349953, -27.485988], [-49.3351774, -27.4860581], [-49.3354561, -27.4861369], [-49.3371635, -27.4862352], [-49.3372696, -27.4862734], [-49.3382448, -27.486967], [-49.3390511, -27.4874789], [-49.3391917, -27.4875878], [-49.3393556, -27.4877149], [-49.3394044, -27.4878013], [-49.3394165, -27.487867], [-49.3393994, -27.4879293], [-49.3391289, -27.4882697], [-49.3386747, -27.4888346], [-49.3385477, -27.4890191], [-49.3385016, -27.4891092], [-49.338367, -27.4895884], [-49.3380605, -27.489995], [-49.3379696, -27.4900876], [-49.3377444, -27.4902678], [-49.337488, -27.4904297], [-49.3369322, -27.4907033], [-49.3365998, -27.4907791], [-49.3357611, -27.4908475], [-49.3352397, -27.4907848], [-49.3351173, -27.4908048], [-49.3350547, -27.4908408], [-49.3349828, -27.490891], [-49.334931, -27.4909587], [-49.3348406, -27.4911882], [-49.3347645, -27.4914611], [-49.3347127, -27.4918628], [-49.3346908, -27.4919721], [-49.3345846, -27.4923523], [-49.3344854, -27.4943018], [-49.3345371, -27.4949654], [-49.3345804, -27.4951106], [-49.334765, -27.4955724], [-49.3347424, -27.4956562], [-49.3345644, -27.4959934], [-49.3345632, -27.4960707], [-49.3345994, -27.4961819], [-49.3347681, -27.496467], [-49.3347543, -27.4966254], [-49.334691, -27.4968103], [-49.3346802, -27.4969245], [-49.3347126, -27.4972023], [-49.3346832, -27.4973616], [-49.3346345, -27.4975059], [-49.3346289, -27.4975882], [-49.3345971, -27.4977614], [-49.3344684, -27.4981407], [-49.334462, -27.498223], [-49.3344995, -27.4984545], [-49.3344996, -27.4985428], [-49.334358, -27.4989343], [-49.334332, -27.4990862], [-49.3343285, -27.4992995], [-49.3343552, -27.4994129], [-49.3346039, -27.4997872], [-49.3346833, -27.5000032], [-49.3348456, -27.5006901], [-49.3348469, -27.5009835], [-49.3348165, -27.5010776], [-49.3347155, -27.50126], [-49.3346865, -27.5013585], [-49.3346793, -27.5014946], [-49.3346944, -27.5016031], [-49.334728, -27.5016626], [-49.3348255, -27.501812], [-49.3349436, -27.5019297], [-49.3352716, -27.5021611], [-49.3354599, -27.5022402], [-49.3356783, -27.5022804], [-49.3364861, -27.5023001], [-49.3367575, -27.5023872], [-49.3368481, -27.5024235], [-49.3371022, -27.5025738], [-49.3373287, -27.5027223], [-49.3375844, -27.5028412], [-49.3377548, -27.5029627], [-49.3378934, -27.5031282], [-49.3379262, -27.5032843], [-49.3379778, -27.5033945], [-49.338261, -27.5036825], [-49.338548, -27.5041609], [-49.3385884, -27.5042844], [-49.3386204, -27.5046192], [-49.338684, -27.5047592], [-49.3388235, -27.5049096], [-49.3389376, -27.5051338], [-49.3389883, -27.5052417], [-49.3390597, -27.505412], [-49.3391142, -27.5056941], [-49.3391639, -27.5058219], [-49.3392244, -27.5058907], [-49.3394546, -27.5060377], [-49.3395249, -27.5061212], [-49.3395449, -27.5063108], [-49.3396644, -27.5065756], [-49.3397027, -27.5067078], [-49.3396991, -27.5067969], [-49.3396462, -27.5069076], [-49.3395112, -27.5070666], [-49.3393122, -27.5071931], [-49.3392948, -27.5072579], [-49.339307, -27.5072938], [-49.3393378, -27.5073459], [-49.3397366, -27.5077499], [-49.3402072, -27.508151], [-49.340425, -27.5082798], [-49.3405083, -27.5083291], [-49.3406764, -27.5084731], [-49.3408749, -27.5086754], [-49.3413926, -27.5096542], [-49.3416091, -27.5100755], [-49.3416846, -27.5102458], [-49.3417017, -27.5103201], [-49.3416839, -27.5105647], [-49.3416124, -27.5110524], [-49.3416415, -27.5111738], [-49.341736, -27.5114185], [-49.3417479, -27.5115003], [-49.3417269, -27.5120509], [-49.3417336, -27.5123022], [-49.3417539, -27.5124062], [-49.3418567, -27.5125447], [-49.3419604, -27.5126399], [-49.3421518, -27.5127255], [-49.342354, -27.5128136], [-49.3424874, -27.5128811], [-49.342581, -27.5129441], [-49.3426256, -27.5130244], [-49.3426439, -27.5131794], [-49.3426321, -27.5133339], [-49.3425902, -27.5135426], [-49.3426006, -27.5136059], [-49.3426285, -27.5136463], [-49.343067, -27.5140064], [-49.3432905, -27.5141766], [-49.3433671, -27.5142158], [-49.3438313, -27.5143913], [-49.3443617, -27.5145536], [-49.3448522, -27.5151434], [-49.3452028, -27.5152854], [-49.3452818, -27.5153347], [-49.3457504, -27.5157175], [-49.3458166, -27.5157407], [-49.3459387, -27.515733], [-49.3460681, -27.5157159], [-49.3463238, -27.5156437], [-49.3464231, -27.5154976], [-49.3464696, -27.5154729], [-49.3467541, -27.5154994], [-49.3468844, -27.5154813], [-49.3472487, -27.5153693], [-49.3474946, -27.5152502], [-49.3478235, -27.5150503], [-49.3482969, -27.5148515], [-49.3484418, -27.514806], [-49.3488129, -27.5147994], [-49.3490238, -27.5148309], [-49.3491475, -27.5149025], [-49.3492191, -27.5150185], [-49.3492282, -27.5151082], [-49.3491967, -27.5151515], [-49.3489253, -27.5151426], [-49.3487518, -27.5151597], [-49.3486898, -27.5151901], [-49.3486442, -27.515251], [-49.3486422, -27.5153039], [-49.3487839, -27.515591], [-49.3489985, -27.5159096], [-49.3491811, -27.516084], [-49.3492567, -27.5161236], [-49.3495687, -27.5162289], [-49.350039, -27.5164976], [-49.3501339, -27.5166382], [-49.3502647, -27.5169688], [-49.3503805, -27.5173171], [-49.3505541, -27.5175033], [-49.3507078, -27.5178182], [-49.3507016, -27.5180061], [-49.3506582, -27.5182329], [-49.350686, -27.518413], [-49.3507352, -27.5184671], [-49.3508357, -27.5185136], [-49.3514378, -27.5191954], [-49.3517425, -27.5199472], [-49.3521374, -27.5207952], [-49.3522605, -27.5211249], [-49.3521228, -27.5216933], [-49.3520361, -27.5222005], [-49.3520365, -27.522284], [-49.3521376, -27.5225323], [-49.3521754, -27.5229923], [-49.3522473, -27.5231893], [-49.3524324, -27.5235263], [-49.3524511, -27.5235944], [-49.3524989, -27.524429], [-49.352521, -27.524476], [-49.3527003, -27.524647], [-49.3530424, -27.5248], [-49.3532172, -27.5248967], [-49.3533371, -27.5250704], [-49.3533551, -27.525127], [-49.3533953, -27.5251789], [-49.3535117, -27.5252685], [-49.3535592, -27.525367], [-49.353532, -27.525659], [-49.3534855, -27.5258653], [-49.3534022, -27.5261203], [-49.3534033, -27.5261863], [-49.3533947, -27.5263], [-49.3532501, -27.5265612], [-49.3531811, -27.5271473], [-49.3530447, -27.5276086], [-49.3529211, -27.5278732], [-49.352826, -27.5280201], [-49.3525921, -27.5283192], [-49.3522872, -27.5286811], [-49.3521391, -27.5289829], [-49.3520612, -27.5291259], [-49.3520162, -27.5295633], [-49.3518239, -27.5301696], [-49.3517891, -27.5305597], [-49.3517541, -27.5306549], [-49.3515192, -27.531023], [-49.3514478, -27.5311783], [-49.351404, -27.5312236], [-49.3512329, -27.5313363], [-49.3511844, -27.5314131], [-49.3511698, -27.5315128], [-49.3511322, -27.5315955], [-49.351041, -27.5316984], [-49.3509241, -27.5317935], [-49.3505443, -27.5322701], [-49.3504277, -27.532591], [-49.3501247, -27.5329776], [-49.3497278, -27.5332961], [-49.3492887, -27.5335648], [-49.3488761, -27.5338557], [-49.3487399, -27.5339989], [-49.3484791, -27.534496], [-49.3482069, -27.5350898], [-49.3480682, -27.5353616], [-49.3478007, -27.5357759], [-49.3476931, -27.5360409], [-49.347697, -27.5360943], [-49.3477964, -27.5363345], [-49.3477933, -27.5365295], [-49.3476327, -27.5368282], [-49.3475443, -27.5370153], [-49.347357, -27.5373704], [-49.3471965, -27.5375517], [-49.3469655, -27.5378747], [-49.3468333, -27.5380095], [-49.3466281, -27.5381808], [-49.3464837, -27.5383796], [-49.3461111, -27.538642], [-49.3457829, -27.5389453], [-49.3455947, -27.5390704], [-49.3454115, -27.5390968], [-49.3453186, -27.5391447], [-49.345128, -27.5392991], [-49.3450732, -27.5393614], [-49.3450217, -27.5394745], [-49.3449809, -27.5395409], [-49.3449733, -27.5395829], [-49.3449896, -27.5397922], [-49.3449713, -27.539896], [-49.3449485, -27.5399441], [-49.3448525, -27.5400551], [-49.3447799, -27.5401133], [-49.3447049, -27.5402495], [-49.3447079, -27.5404552], [-49.3445856, -27.5406002], [-49.3445667, -27.5406775], [-49.3445614, -27.5408244], [-49.3444947, -27.5409648], [-49.3444813, -27.5410279], [-49.3444906, -27.5412384], [-49.3443434, -27.5415313], [-49.3443285, -27.5415976], [-49.3442671, -27.5416747], [-49.3442418, -27.5417174], [-49.3441779, -27.5419531], [-49.3441006, -27.5421609], [-49.3438873, -27.5425709], [-49.3436799, -27.5429281], [-49.3435444, -27.5430231], [-49.3433561, -27.5432606], [-49.3430306, -27.5435669], [-49.3429029, -27.5437744], [-49.3428879, -27.543815], [-49.3428783, -27.5440349], [-49.342888, -27.5444235], [-49.342871, -27.5447062], [-49.3428199, -27.5448883], [-49.3427658, -27.5450123], [-49.3426744, -27.5451563], [-49.3425388, -27.545311], [-49.342454, -27.5453244], [-49.3423442, -27.545292], [-49.3420907, -27.5451181], [-49.3420343, -27.545096], [-49.3419179, -27.545098], [-49.3416608, -27.5452332], [-49.3413863, -27.5454388], [-49.3407587, -27.5459961], [-49.3405429, -27.5461602], [-49.3404648, -27.5461975], [-49.34017, -27.5462859], [-49.3399812, -27.5463661], [-49.3398846, -27.546488], [-49.3396016, -27.5470068], [-49.339447, -27.5475256], [-49.3392698, -27.5476607], [-49.3390074, -27.5477908], [-49.338824, -27.5480279], [-49.3387199, -27.5484655], [-49.3386528, -27.5485907], [-49.3384436, -27.5488053], [-49.3380599, -27.5492165], [-49.3379502, -27.54932], [-49.3377192, -27.5496112], [-49.3376064, -27.5498095], [-49.337329, -27.550542], [-49.3372661, -27.5506738], [-49.3371922, -27.5507779], [-49.3367126, -27.5511505], [-49.335375, -27.5518282], [-49.3346779, -27.5522321], [-49.3345823, -27.5523757], [-49.3344422, -27.5528225], [-49.3343548, -27.5529386], [-49.3341813, -27.5531018], [-49.3338939, -27.5531389], [-49.3333922, -27.5534117], [-49.3333132, -27.5535165], [-49.3331966, -27.553967], [-49.3330772, -27.5552762], [-49.3326856, -27.5569484], [-49.332431, -27.5575143], [-49.3319628, -27.5583084], [-49.3315656, -27.5588342], [-49.3309728, -27.5596644], [-49.330632, -27.5600702], [-49.3301908, -27.5607511], [-49.3301235, -27.5608482], [-49.3293122, -27.5618598], [-49.3277809, -27.5629666], [-49.3269956, -27.5637668], [-49.3266101, -27.5643103], [-49.3264422, -27.5648155], [-49.3259591, -27.5664867], [-49.3255147, -27.5672848], [-49.3253725, -27.5685821], [-49.325377, -27.5686937], [-49.3253645, -27.568878], [-49.3253311, -27.569572], [-49.3251503, -27.5699282], [-49.3249513, -27.5701556], [-49.3246268, -27.5704648], [-49.3241967, -27.5708177], [-49.3239635, -27.5709513], [-49.3237317, -27.5710525], [-49.3232399, -27.5711873], [-49.3221274, -27.5714105], [-49.3219673, -27.5714085], [-49.3217486, -27.5713737], [-49.3214266, -27.5713712], [-49.3210396, -27.5713974], [-49.3201359, -27.5715478], [-49.3198816, -27.5716207], [-49.3193855, -27.5716795]]}, "properties": {"camada": "rio", "tipo": "centro", "nome": "Rio Itajaí-Mirim"}}, {"type": "Feature", "geometry": {"type": "Polygon", "coordinates": [[[-49.35119610970429, -27.531640513697464], [-49.35129533020759, -27.53138550848015], [-49.35150953931102, -27.53122573946051], [-49.35183162054045, -27.530677549291017], [-49.35214120081202, -27.52914585453571], [-49.35235822600371, -27.528718234693347], [-49.35289691451533, -27.528056585646898], [-49.35312030687098, -27.527636668511377], [-49.353641351598085, -27.525366023867637], [-49.353283988061456, -27.524853946893234], [-49.35275041187083, -27.52458737668345], [-49.35258040547588, -27.524412569238855], [-49.35253112262184, -27.52357693488964], [-49.35225693240709, -27.522978160733945], [-49.352219852492674, -27.52252692775935], [-49.35211896669979, -27.52227095433987], [-49.35233893234841, -27.52110162342988], [-49.351515688162884, -27.519170307876706], [-49.35076504536024, -27.51838247460338], [-49.35078539948107, -27.51779189831999], [-49.35045534919567, -27.517281512295543], [-49.35020516159851, -27.516599965436885], [-49.35008389193685, -27.516435140562542], [-49.34923375962943, -27.516025482157204], [-49.348858179845166, -27.515556999265474], [-49.348747820188194, -27.515246492801765], [-49.349214091021175, -27.51522424928494], [-49.34931023917135, -27.515121714545973], [-49.34922060699658, -27.51486662875957], [-49.34906804812611, -27.514767788812865], [-49.348414052782815, -27.514735756023452], [-49.34721503983115, -27.515300743804815], [-49.34675204550864, -27.515424169419006], [-49.34644577554899, -27.51540135361876], [-49.34626852089541, -27.515580977156606], [-49.34582962403451, -27.51566498895089], [-49.345329888481096, -27.515273443663727], [-49.34490675956291, -27.515083352313784], [-49.34441729889379, -27.51449745509989], [-49.34333923254946, -27.514115102436076], [-49.342694133123416, -27.51359820888241], [-49.34272766075345, -27.51317153845038], [-49.34265362565396, -27.51290603202456], [-49.34201098351563, -27.512578437830932], [-49.341833975355996, -27.512377843562366], [-49.34183163346147, -27.51149061602122], [-49.34169806209777, -27.511049405389038], [-49.34176325006202, -27.510218079426416], [-49.340938687575644, -27.50862563954438], [-49.3397983647153, -27.507697878262796], [-49.339385945726605, -27.507264917871424], [-49.33972440173528, -27.506937311244563], [-49.33978406051426, -27.506799629201485], [-49.33974672468178, -27.506556637460093], [-49.3396001035065, -27.50608573553367], [-49.33923968765886, -27.505785072619478], [-49.33906687913911, -27.505212343499455], [-49.33870428721998, -27.50460137278184], [-49.3386298929707, -27.504139600010554], [-49.338336250112135, -27.503646606296105], [-49.33805126715381, -27.503353724014623], [-49.33796186424931, -27.5030826113524], [-49.33762392976671, -27.502773606722098], [-49.33651508149849, -27.5022282967191], [-49.33548728150949, -27.502167229275372], [-49.33500269933435, -27.50187391835005], [-49.33477771428164, -27.5015805522846], [-49.3347717833251, -27.501370197513506], [-49.33492939548331, -27.50100469125658], [-49.33492967615045, -27.500674304006186], [-49.33468559276787, -27.499763321711725], [-49.3344146789435, -27.4992921567613], [-49.33458572293074, -27.498542722417774], [-49.33455366959918, -27.498154756820707], [-49.33479770644951, -27.49721479010462], [-49.33476686279045, -27.496923843802076], [-49.334854168980705, -27.49647296276068], [-49.334649755501474, -27.496060298176566], [-49.33485135323935, -27.49557627446425], [-49.33462287176685, -27.49495289322692], [-49.3345721555672, -27.494301927422512], [-49.334670762549656, -27.492364051921413], [-49.33492385571193, -27.491210688004752], [-49.33500919430736, -27.490994037093202], [-49.335149907373896, -27.490878303646593], [-49.3357690267909, -27.490924801606095], [-49.336621377347726, -27.490854351843375], [-49.336974312540654, -27.490771336514133], [-49.33780264588819, -27.49032569069582], [-49.33843942359097, -27.489631818537266], [-49.33862488770131, -27.48905589120899], [-49.33950297677341, -27.48785513621357], [-49.339413030671565, -27.48765599830311], [-49.339108503360364, -27.48741995517985], [-49.33730245417166, -27.486200822110966], [-49.335472828532424, -27.486059355691424], [-49.33503823093794, -27.485919082985546], [-49.33472242573726, -27.485681874367046], [-49.334698992904194, -27.48498625326571], [-49.33476725048443, -27.484692769393604], [-49.334042171596124, -27.483718369945333], [-49.33409398551864, -27.483584981335916], [-49.33511657544758, -27.482775211967677], [-49.3352154029462, -27.482427125862795], [-49.3350970375791, -27.4821816107737], [-49.33456894485235, -27.481922790347394], [-49.334607375226625, -27.481613266002494], [-49.334487771456196, -27.481346321362366], [-49.334436884344456, -27.48089471496146], [-49.3342843381455, -27.48062707507487], [-49.33421913529219, -27.480182907778907], [-49.33489116090463, -27.47938718214973], [-49.33511836404281, -27.478962041897862], [-49.33538972424597, -27.478722678471154], [-49.3357758392698, -27.4785803450745], [-49.336550119780455, -27.47863213057322], [-49.336689876524, -27.478490763497856], [-49.33665897049737, -27.47821536839256], [-49.33636935064053, -27.477870826855874], [-49.33565932278291, -27.477445454609807], [-49.33417451049915, -27.477116781838387], [-49.334108375144254, -27.476471575261048], [-49.33403010200535, -27.47637048134372], [-49.33367649029802, -27.476139932779752], [-49.33273265343016, -27.47589985543311], [-49.3320651969232, -27.47543413987087], [-49.332466542875615, -27.474309537053184], [-49.33248400741132, -27.47324903719162], [-49.33284317710692, -27.472941743454506], [-49.33311786166067, -27.472457666131774], [-49.33398453224942, -27.47220629742363], [-49.33414999783031, -27.471991234341147], [-49.33409942886989, -27.471664372542094], [-49.3331627699829, -27.470590468879486], [-49.33314005155948, -27.470412589851673], [-49.333324215372556, -27.470307237879727], [-49.334256092551655, -27.470362367386556], [-49.33438351202253, -27.47025170175494], [-49.3346011989159, -27.469692912451812], [-49.335439249653824, -27.46939389481152], [-49.33558374945494, -27.469286537970387], [-49.33562204153, -27.469073581716906], [-49.33602629263243, -27.468894929443078], [-49.337632208986705, -27.466820022440313], [-49.33769833783236, -27.466586282153628], [-49.33762532405849, -27.465952059581944], [-49.33769071239858, -27.465774925145517], [-49.339733839764804, -27.46400075511186], [-49.34074328427399, -27.462396458521873], [-49.340766447067175, -27.46220498329299], [-49.34055353182375, -27.461165685945844], [-49.340885957901556, -27.460257935952008], [-49.34076492955343, -27.459445984443494], [-49.341150236945644, -27.458519262226524], [-49.340609935980055, -27.457725982133805], [-49.34070719514525, -27.4572131070849], [-49.34119307101941, -27.45654571077638], [-49.341437720461435, -27.45482436494143], [-49.340976056010575, -27.454577166425484], [-49.34020054994908, -27.45449834188412], [-49.33920948080089, -27.454546676077562], [-49.33905040239557, -27.454516186066712], [-49.33899734339546, -27.454406995900445], [-49.33975665855302, -27.453837798905063], [-49.34026375311659, -27.453866744702236], [-49.34042666985519, -27.453783421653835], [-49.34071996296146, -27.453063833431262], [-49.34076101778271, -27.452691963376115], [-49.340681087551154, -27.452215320571234], [-49.34057331888943, -27.452111906259233], [-49.34039854909029, -27.452090474104008], [-49.339501601206784, -27.4526783890623], [-49.33900859919888, -27.452784114182705], [-49.33858137960261, -27.452731473902503], [-49.33959897326163, -27.451660001777512], [-49.34035731753883, -27.451536031004746], [-49.34052023168648, -27.451429666576384], [-49.340513671028376, -27.451006796946583], [-49.3403235292017, -27.450590743774175], [-49.339623624160275, -27.450175440196844], [-49.33932826013545, -27.449707756778018], [-49.33944023216415, -27.449429969666376], [-49.3403580640328, -27.44943983765537], [-49.3404659475674, -27.449350742197954], [-49.340490610589235, -27.44912613559604], [-49.34011378317465, -27.448860414089896], [-49.33949306385634, -27.448664821459236], [-49.33891805914745, -27.44810756172147], [-49.33908218541055, -27.44731339024748], [-49.33938152201081, -27.446450354973337], [-49.339625103551406, -27.44605215707829], [-49.34037320755043, -27.44550183597038], [-49.34042172392663, -27.445365553733797], [-49.34029117006924, -27.445189046399776], [-49.33960509544554, -27.444976882828], [-49.339199688124744, -27.44417949037435], [-49.339178280418565, -27.443541444296812], [-49.339772696790845, -27.44225719688479], [-49.33987092499186, -27.441840394948066], [-49.33984221930391, -27.44159411849786], [-49.339597387941105, -27.44127488518935], [-49.33888132078158, -27.440731701880974], [-49.33858343554436, -27.44006272039485], [-49.33752010870347, -27.438583298798438], [-49.33687131896812, -27.4373846285954], [-49.33648757159474, -27.436277444972667], [-49.33647790592491, -27.436002128750665], [-49.33684088668634, -27.435396869788768], [-49.336947425243615, -27.43528011039218], [-49.33723031039203, -27.435194074995987], [-49.337610342216884, -27.436583077320815], [-49.337874208486134, -27.436819550263735], [-49.33819759228322, -27.436798450804837], [-49.33835009941126, -27.43636983657202], [-49.33847830292147, -27.4351844490639], [-49.33854845947597, -27.434980356831723], [-49.33874651129397, -27.43484114985376], [-49.33884713793278, -27.434649033722796], [-49.338957487521725, -27.434186510694595], [-49.33889357859774, -27.43384152526359], [-49.339006469484254, -27.433213642813204], [-49.338917729701635, -27.43231097353961], [-49.33855443835289, -27.43149200397236], [-49.33825384776536, -27.43112914707464], [-49.33784953931271, -27.430932384966408], [-49.337057544439, -27.431241568046214], [-49.33651899095818, -27.431093651251924], [-49.33718456605723, -27.429196682696233], [-49.336927653825015, -27.428000956491275], [-49.336655368607076, -27.427280018898], [-49.33666641632409, -27.4269918422595], [-49.33750228026565, -27.426568253314585], [-49.33793350833023, -27.426155681105154], [-49.3378837452448, -27.425925893028005], [-49.33738579735803, -27.425577569420465], [-49.337383438619995, -27.425385350231164], [-49.33889560247233, -27.42501896663702], [-49.33908700342533, -27.424864075609914], [-49.339252160514306, -27.423990557545345], [-49.33919140247519, -27.42270142735436], [-49.339279906031244, -27.42240043877355], [-49.339721632159616, -27.42188580166041], [-49.34012592371453, -27.4210339611592], [-49.34092129006654, -27.420617992432263], [-49.34093899536257, -27.4202445648874], [-49.34071433121421, -27.41950576174265], [-49.340999575542256, -27.419262564146713], [-49.34152226864431, -27.419187399202716], [-49.341763578809925, -27.418824552455217], [-49.34192372645828, -27.41745571013948], [-49.34238740404458, -27.41756811577915], [-49.34260259513889, -27.417506212920355], [-49.34273725212535, -27.41735846983279], [-49.343038491272175, -27.416523941195006], [-49.34294426534835, -27.416279041686078], [-49.34244342049704, -27.415987400594766], [-49.34248545961557, -27.41557260191031], [-49.342240570035564, -27.41479579644996], [-49.34251875232656, -27.41456139688143], [-49.34336072674615, -27.41426400447286], [-49.343675281496665, -27.41432956298169], [-49.34389736647221, -27.414895627411806], [-49.344148423540936, -27.415203288832142], [-49.344124616024644, -27.41546945264347], [-49.34390614646701, -27.415721707303184], [-49.34397898912628, -27.41649078275712], [-49.3441253021166, -27.416566086602476], [-49.344356407255376, -27.416511034591494], [-49.34498850023426, -27.416009465518634], [-49.34496343317351, -27.415679525977918], [-49.34531357383122, -27.41458163311218], [-49.345634281404976, -27.413937045954015], [-49.3456958331041, -27.413569526903956], [-49.34564951609888, -27.41328992735184], [-49.34642944805456, -27.411930425206776], [-49.346400969412706, -27.411691539812583], [-49.34537555060966, -27.410739348723887], [-49.345583808479425, -27.409853079697342], [-49.34548276484157, -27.409653021091902], [-49.34502368365228, -27.409446799000374], [-49.345139022221574, -27.409017190009756], [-49.34589527574988, -27.40889515679725], [-49.34641653416188, -27.408584028406064], [-49.34758187700212, -27.408282054392576], [-49.349755283942265, -27.40687853488671], [-49.349932622413235, -27.406918837347714], [-49.35033257832435, -27.407378624663302], [-49.35051397188102, -27.40738422685628], [-49.35062248026274, -27.407293544756325], [-49.35093565140933, -27.406474714966635], [-49.35160928120344, -27.405689980368], [-49.35421982799883, -27.404512918357263], [-49.35499061159445, -27.40377295070326], [-49.356080996507806, -27.403206333222748], [-49.35628486093716, -27.402909235543756], [-49.356567517862615, -27.402060381039753], [-49.356903460376934, -27.40049457718369], [-49.35690879179327, -27.398759172831284], [-49.35759560652751, -27.398259559227537], [-49.359602639651875, -27.397557848412983], [-49.359766956880954, -27.397295952373952], [-49.35989344050025, -27.396666682489705], [-49.360297449909325, -27.395727212222702], [-49.3611380626773, -27.395374559756227], [-49.36206503610937, -27.39482228474905], [-49.362283941850336, -27.394585051673594], [-49.36222050845367, -27.3944616644], [-49.360034861589575, -27.392997618637803], [-49.3598037345293, -27.39292281285523], [-49.35923642414976, -27.39293651031961], [-49.35902762474171, -27.392846733245584], [-49.358193660256184, -27.39197574709369], [-49.357637345810275, -27.39079303848763], [-49.35745981839796, -27.3906838530365], [-49.35679792242651, -27.39071278896415], [-49.35645178546202, -27.390645971804176], [-49.35584749718785, -27.38952244596111], [-49.35582553842236, -27.38918353953405], [-49.35653520266925, -27.388764406336012], [-49.356730549079955, -27.388490746407985], [-49.35695299804427, -27.38646251892422], [-49.35707475234336, -27.386136070562557], [-49.35882618533896, -27.385273213302558], [-49.3591491904806, -27.384887129830137], [-49.359150822270244, -27.384533245696275], [-49.35892409885483, -27.383951794530745], [-49.35811836236736, -27.38354388035545], [-49.35767451358496, -27.383080931375485], [-49.35737857532097, -27.383045469270666], [-49.35646097925968, -27.383248025303743], [-49.35608364921845, -27.38325756107882], [-49.35558958229194, -27.383057360723715], [-49.35495271522747, -27.38239925921274], [-49.35394846330325, -27.38173996396844], [-49.3534778086867, -27.380953904013502], [-49.3529700667725, -27.380410416982635], [-49.35299324649814, -27.380104164693936], [-49.354169925518086, -27.37964490999307], [-49.3550093572094, -27.378994589848656], [-49.355121148368674, -27.378739250997135], [-49.35446101740901, -27.377720479508024], [-49.35348840866048, -27.377037904894294], [-49.352864501252284, -27.375673595091396], [-49.35226269371209, -27.374021515983543], [-49.35220945081262, -27.372786485431778], [-49.352370634717396, -27.372135512909704], [-49.3525422048992, -27.37200746588258], [-49.353487252514874, -27.371702399531895], [-49.353654509541244, -27.371524108726422], [-49.353497593966466, -27.371018253901806], [-49.35269339265698, -27.370026002997662], [-49.352601998060926, -27.36950366445416], [-49.352318236273504, -27.368958675656945], [-49.35202130827654, -27.368666933521325], [-49.351570542530446, -27.368469050304316], [-49.35125693736704, -27.368179906123242], [-49.35066782754043, -27.36783298634951], [-49.350577734414834, -27.3673422956946], [-49.35076822056667, -27.366535662067882], [-49.350448048376805, -27.36628825025984], [-49.35001956560993, -27.365753656970373], [-49.349879775532415, -27.365423867318693], [-49.34939011857682, -27.364751829054175], [-49.34918773068272, -27.364649087868194], [-49.348899140187385, -27.36462891810731], [-49.34834912522853, -27.36476826498804], [-49.348025894701756, -27.36495297331407], [-49.34754089617342, -27.365426834726087], [-49.34734501937176, -27.365497408472923], [-49.34695263456087, -27.365416247924482], [-49.34548353777205, -27.36473634853628], [-49.34461552107447, -27.364212323924335], [-49.34385242311079, -27.363458150075648], [-49.34340639853386, -27.362891260250695], [-49.34274074755074, -27.361605238437814], [-49.34233490954917, -27.361290120710784], [-49.3417106903891, -27.36126995174241], [-49.341471060069914, -27.36083400836947], [-49.339679904185935, -27.359058582818122], [-49.33962890882622, -27.358747594905633], [-49.33991559344683, -27.358040051956667], [-49.340196083719924, -27.35765089945463], [-49.34096524847077, -27.355999281914002], [-49.34151908201344, -27.35577795746389], [-49.34241890112376, -27.355044496101666], [-49.34261214864824, -27.354702413412728], [-49.34251150762424, -27.35433040492636], [-49.34215528962984, -27.354005231712566], [-49.34179003291294, -27.35390743054955], [-49.340107478461675, -27.353895736247335], [-49.33926677777168, -27.353717620753613], [-49.33868807929636, -27.353455314506206], [-49.33820094375554, -27.352493834769582], [-49.33768724444019, -27.351921606420735], [-49.337317570743984, -27.350954953300974], [-49.3363272442699, -27.349381533505507], [-49.33627220969362, -27.34876151082317], [-49.336141339502525, -27.348412735272593], [-49.33576873549393, -27.34642392823096], [-49.335835584134514, -27.346176663067425], [-49.335446104217844, -27.345389944406094], [-49.33461616082631, -27.34472632955522], [-49.333710679860914, -27.344699796890072], [-49.33263673525431, -27.344386615764815], [-49.33258096115726, -27.344239248097054], [-49.33267143607285, -27.343926768507856], [-49.333231067474564, -27.343067101772196], [-49.333425855549145, -27.34256772608085], [-49.33373870878031, -27.342213416382748], [-49.334044232221956, -27.341665637256153], [-49.33408009544508, -27.341226110474604], [-49.33393979724172, -27.340930735593236], [-49.33362983989166, -27.34065137077457], [-49.333079117261434, -27.34041784819432], [-49.3322080265226, -27.339525174192012], [-49.3313834794385, -27.339147071469647], [-49.33047089942228, -27.338969988855848], [-49.329192180099994, -27.339020707248284], [-49.328920151817066, -27.33885796991014], [-49.32882175764749, -27.338605647703307], [-49.3289208811626, -27.338367249256237], [-49.32917349152697, -27.338190334988543], [-49.32968273963132, -27.33815488996187], [-49.33019928834104, -27.338298532256708], [-49.33091957542756, -27.33812736878143], [-49.33127513951307, -27.337948782317497], [-49.33150589167975, -27.337728522435473], [-49.33165546154043, -27.337364158603048], [-49.33161014103363, -27.336682714774078], [-49.33145821363472, -27.33637941279729], [-49.3311506885175, -27.336058516812], [-49.32979397445788, -27.33528424900071], [-49.329007437688574, -27.33519105604945], [-49.32878147694023, -27.334927915388548], [-49.32880153042364, -27.33453649032915], [-49.329150875526715, -27.334261225031607], [-49.329507576471485, -27.334133330814765], [-49.32963933679611, -27.333980636280746], [-49.32975956333056, -27.33308257203872], [-49.32967636744859, -27.33276531123968], [-49.32932301566647, -27.332568135988907], [-49.32844633432594, -27.33245856589771], [-49.32788750153335, -27.33257061814362], [-49.3273541432079, -27.332803218829284], [-49.326371005086585, -27.332448183844075], [-49.32598824618857, -27.33219998094363], [-49.32595933688343, -27.33190820740516], [-49.326083021370884, -27.331557799114147], [-49.32650928797467, -27.33086716489203], [-49.32662998464705, -27.330238497197193], [-49.326423630971924, -27.329812244133212], [-49.32621357415745, -27.32961099305022], [-49.324935973485026, -27.3290656216597], [-49.32496213205001, -27.328684395804814], [-49.32526443238718, -27.32812072833954], [-49.32529314579814, -27.327908531148093], [-49.325231068856844, -27.327684290120875], [-49.32504948096597, -27.327491775339478], [-49.324451944401794, -27.327369514771828], [-49.32380532432188, -27.3276659057801], [-49.3235999464375, -27.32784372424966], [-49.323418745805185, -27.328295871122023], [-49.32352605324586, -27.329168696017213], [-49.32340442301132, -27.329405791885666], [-49.32310653438295, -27.329572559091183], [-49.32254000722978, -27.329666538130073], [-49.32224514323984, -27.3296137596678], [-49.32228361320489, -27.32935070883418], [-49.3227566782917, -27.32862514515467], [-49.322393101364845, -27.327726628087948], [-49.32244874766232, -27.32665019251551], [-49.32260948911329, -27.32653814201637], [-49.32281363368471, -27.3265698977395], [-49.323478250221555, -27.327082324949636], [-49.32390173446232, -27.327229523233314], [-49.3245133043206, -27.327163373641152], [-49.324989821146715, -27.326888171271428], [-49.32512034525192, -27.326668720306134], [-49.32513374913953, -27.326406213671635], [-49.32470712463719, -27.32528730120257], [-49.32511934823822, -27.324794927693574], [-49.32515303397147, -27.324517424913232], [-49.32468458026262, -27.323862607642088], [-49.32460631854489, -27.323328092772634], [-49.32427071212576, -27.322197515291098], [-49.323950011457406, -27.32189134223953], [-49.32368481742593, -27.321857771401923], [-49.3231928266234, -27.322063658975324], [-49.32239864156521, -27.321985646552637], [-49.32202282100363, -27.32218351559524], [-49.32164466671773, -27.322763606359185], [-49.32125372952456, -27.323138426137366], [-49.320869231860684, -27.32316236481589], [-49.320717542302745, -27.32298815484478], [-49.32068959136998, -27.32277334716342], [-49.32081017012501, -27.32223093353126], [-49.32130502283811, -27.320832557792], [-49.32133613885693, -27.31947135343875], [-49.32122913118633, -27.319316091802513], [-49.32092822062394, -27.31915634875219], [-49.320274525978355, -27.319207023181026], [-49.31999253579904, -27.319144694155653], [-49.31993422445341, -27.31906573356628], [-49.32098891263478, -27.31686190179887], [-49.321012620127796, -27.316420698342014], [-49.32088318178428, -27.316297969432902], [-49.3205008605445, -27.316228483926015], [-49.31927204773645, -27.316459670946806], [-49.31812035963934, -27.31649968688996], [-49.317899211848136, -27.316435643858366], [-49.317837942215775, -27.31593232480306], [-49.318310574210436, -27.31510720975344], [-49.318329402457394, -27.314824580546283], [-49.3181126993462, -27.314145695001137], [-49.317621314488804, -27.313204479713995], [-49.31749678721457, -27.31175623813032], [-49.317406929801486, -27.311566084004088], [-49.31723921523679, -27.3114652430364], [-49.316882272423705, -27.311507339095858], [-49.31637453495579, -27.311798295497017], [-49.31619085020421, -27.312123670994197], [-49.316082333022564, -27.313002543617625], [-49.31480844447052, -27.31423918394801], [-49.314484741424195, -27.31450036210956], [-49.31417697303204, -27.314616758604252], [-49.313996711458046, -27.314591758317285], [-49.313850025138805, -27.314411504316293], [-49.313839270189625, -27.314005314616868], [-49.31429096675458, -27.312854094292984], [-49.31449169341896, -27.311905543322116], [-49.31598527090911, -27.309551214960784], [-49.31636417475367, -27.30928238006447], [-49.317213733673434, -27.30887327658733], [-49.317895933557764, -27.30836489136932], [-49.3188202058849, -27.308291460668578], [-49.31923243794922, -27.308042517631943], [-49.31919511452477, -27.307554340037665], [-49.31891215193191, -27.30723542154214], [-49.31832475449743, -27.307104465904775], [-49.317456446395916, -27.30708253178717], [-49.31729443553224, -27.30698723132002], [-49.31720991212864, -27.30677977880416], [-49.31758800072578, -27.30629137036458], [-49.317918840511396, -27.306027398673567], [-49.31813667559679, -27.305676029370368], [-49.31910028095428, -27.30480388156845], [-49.31941974276782, -27.30429192050892], [-49.31925591780717, -27.303984905396266], [-49.318799292681334, -27.30383748202433], [-49.315837394292394, -27.30388575411163], [-49.31567350026027, -27.30382712397117], [-49.31563922212135, -27.30358622819762], [-49.315717973678204, -27.30334737361083], [-49.316730946118405, -27.302498662076214], [-49.31683045634175, -27.302237255964066], [-49.316406804917946, -27.301086485723513], [-49.31628475163685, -27.30094736920117], [-49.31443323799843, -27.30045750683101], [-49.31412935709821, -27.30028033013354], [-49.314314881201696, -27.300054915362722], [-49.315452313839636, -27.299449361020343], [-49.315574771952086, -27.299218665765235], [-49.31555678020541, -27.298984009505975], [-49.314794072813534, -27.297861534519807], [-49.31490982188137, -27.29658746860454], [-49.314686074537896, -27.296185197998003], [-49.31434944783503, -27.296098219288652], [-49.314130073109474, -27.296148661191403], [-49.31394330191275, -27.29632826237307], [-49.31359211244745, -27.298086264255506], [-49.312860497498676, -27.29884541162435], [-49.31299744105813, -27.297977692690985], [-49.31296012017047, -27.29746227184934], [-49.31213987186696, -27.296627296301413], [-49.31200542124693, -27.296338096190627], [-49.31206014675247, -27.29620343708931], [-49.31258602285007, -27.295816049240244], [-49.313469645531654, -27.29493533809621], [-49.31433647551779, -27.29363217695011], [-49.314408914574564, -27.293296742150133], [-49.31359983170395, -27.29159157389062], [-49.31428310778036, -27.290841206681502], [-49.31436234005855, -27.290504704421167], [-49.314158417143155, -27.290221333416323], [-49.31366446770111, -27.29007878661662], [-49.312486616480804, -27.290188825953898], [-49.31182413236565, -27.29017208201329], [-49.31133664135595, -27.289669255172985], [-49.3113429320015, -27.289520372659865], [-49.311595875770884, -27.289249093211435], [-49.312508366382104, -27.289473889510163], [-49.31348679287929, -27.289331436148068], [-49.316992793313496, -27.287801241279276], [-49.31711549018875, -27.287678394973785], [-49.31717163910429, -27.28742876817543], [-49.317201039649056, -27.2859123263797], [-49.31703685640366, -27.285383572386984], [-49.31671534509569, -27.28508956113693], [-49.316408635584295, -27.284999152501886], [-49.31559245335508, -27.28509134933931], [-49.315240221885325, -27.285241513139372], [-49.31474608728697, -27.285671718516507], [-49.31467834142187, -27.28565581161049], [-49.31449302973088, -27.28496796735816], [-49.31432412841245, -27.284716656962324], [-49.313384259014086, -27.28413578491374], [-49.311105409746894, -27.283211619848515], [-49.31023614629737, -27.28250111297936], [-49.309989042267134, -27.28218395544191], [-49.310181691534524, -27.28137752276612], [-49.311036298031794, -27.280577228383446], [-49.3111429927516, -27.280369981954557], [-49.31164092551602, -27.278536461470548], [-49.31218509527481, -27.277320160325573], [-49.31237419141303, -27.275967904063155], [-49.31221825569956, -27.27547113279807], [-49.31198663167617, -27.275323479398782], [-49.30979496435158, -27.27519875054208], [-49.30919767391105, -27.27502735644993], [-49.30914265258229, -27.274833690735203], [-49.3092357788858, -27.27466143974827], [-49.30967571913089, -27.27428371272348], [-49.30973049636782, -27.274055490329186], [-49.31011715563233, -27.273606581940502], [-49.31026387614241, -27.27317399137055], [-49.31022689027455, -27.27261270646094], [-49.30978068499093, -27.2717181287594], [-49.3094416558398, -27.271450847987403], [-49.30916522334378, -27.27142692125468], [-49.3067105197071, -27.27240120222093], [-49.306028795175465, -27.272055432103418], [-49.30548782483934, -27.271968047738202], [-49.30407257414631, -27.272394524657674], [-49.30362304251584, -27.27250271059462], [-49.303453774749734, -27.272463598342647], [-49.30308185700068, -27.27211959924232], [-49.303008020914724, -27.271733417660812], [-49.30287887282528, -27.271509602547688], [-49.30286787421417, -27.269999631139733], [-49.30307922012421, -27.26925665778749], [-49.3033240676945, -27.269009131856457], [-49.30348238536123, -27.268982157583736], [-49.30440426049679, -27.269335574203048], [-49.305017890763565, -27.26931305857763], [-49.305317957927215, -27.269214719352554], [-49.305432927755504, -27.26898313882634], [-49.30539788215747, -27.268754635669236], [-49.30505122858774, -27.268265375039476], [-49.30477980998281, -27.26801479351042], [-49.30421209874737, -27.26769318067891], [-49.3036839562378, -27.267649996649855], [-49.302485231938185, -27.26833636921522], [-49.30219473286161, -27.268309653751924], [-49.300508289625526, -27.268703517787657], [-49.299914751694764, -27.268700847578508], [-49.29976858805721, -27.268583911196693], [-49.2997462309728, -27.26818765458081], [-49.29997628362316, -27.26790294704696], [-49.300386108441366, -27.266636934371046], [-49.30085871784625, -27.2658775598425], [-49.3011542160141, -27.264646861598393], [-49.30218811426774, -27.26252973510092], [-49.30254224518893, -27.262234346115665], [-49.304023444846905, -27.26183566164545], [-49.304688336269805, -27.261451610128628], [-49.30487577226728, -27.26115526532378], [-49.304994193455265, -27.260618099782906], [-49.304922859888826, -27.25983607134765], [-49.30471236790156, -27.25953233986114], [-49.304475643627484, -27.2589550505285], [-49.303901809558155, -27.25704757683107], [-49.30346731042352, -27.256036775588775], [-49.30289037737798, -27.255770074650343], [-49.302331234400086, -27.255668388970765], [-49.30172369094405, -27.255956440759935], [-49.300430809632, -27.256226347822324], [-49.29915255786391, -27.25668418121771], [-49.29877824646166, -27.256991235410506], [-49.29864443701264, -27.257249843718196], [-49.298396939842455, -27.257969334948832], [-49.2983183689637, -27.25865005626403], [-49.297958566388346, -27.25866884186533], [-49.296859432331296, -27.257814760403544], [-49.2964172048025, -27.25774241355422], [-49.29579603400266, -27.258159742360768], [-49.29515163359847, -27.25836142086602], [-49.29480602159889, -27.258324555500586], [-49.294011801456904, -27.257986634322503], [-49.29338351264191, -27.257850865870925], [-49.29269167716087, -27.258107536993013], [-49.2890866327833, -27.25879177769664], [-49.28861901000897, -27.258936537114458], [-49.28749704494235, -27.259561426407032], [-49.28664647783495, -27.26069325934914], [-49.28618069392484, -27.26108825882009], [-49.286001097078035, -27.260951332676246], [-49.285767367993174, -27.260413452808265], [-49.28556432414798, -27.26015189754412], [-49.284740933259194, -27.25945771016472], [-49.284427097173435, -27.25908952705172], [-49.28444556043585, -27.258169738389263], [-49.28432388797267, -27.257649503992933], [-49.2836967934327, -27.256979489176896], [-49.282817009046546, -27.256341180338072], [-49.28230011381242, -27.255506076559588], [-49.281367188726904, -27.254531640541714], [-49.28055411106795, -27.253977742275936], [-49.279999917604236, -27.253881334018665], [-49.279597331810585, -27.253899182583762], [-49.2792528924705, -27.254013610468576], [-49.27888244706514, -27.25432541637128], [-49.27823373447579, -27.254682476069416], [-49.27803257476748, -27.254683013258116], [-49.27784744621139, -27.254517875399817], [-49.27787616160369, -27.254078637039555], [-49.27856744119055, -27.25347732387654], [-49.278760536173515, -27.253113314200288], [-49.27899062931158, -27.25227481102288], [-49.27894807289483, -27.251870111866502], [-49.27880519416164, -27.251637608154812], [-49.27816694596974, -27.251204875789607], [-49.276662554594125, -27.2511605004743], [-49.27633638175939, -27.251357274759034], [-49.27590824269194, -27.251903680008954], [-49.275493231442454, -27.252159527326775], [-49.275304607248344, -27.252088626368618], [-49.27490131335765, -27.25166345318145], [-49.27485233676616, -27.251404370024236], [-49.27493245298781, -27.250552487392053], [-49.27424102509128, -27.24897928508334], [-49.27416167462988, -27.248708357297268], [-49.27418786336799, -27.248088200020387], [-49.27430367158966, -27.247781157678656], [-49.27477036389244, -27.247296086130827], [-49.27578660713808, -27.247243355193287], [-49.276211125079186, -27.24702829614211], [-49.276410370113574, -27.246799564417692], [-49.27652289974772, -27.24645678963365], [-49.2764678116924, -27.246168726864305], [-49.27565331061647, -27.245422712908933], [-49.275239150931824, -27.245360055405243], [-49.27343255969371, -27.245989445163502], [-49.272975591879174, -27.24604476964137], [-49.27263406169078, -27.245871266241107], [-49.27217584880016, -27.245178518790546], [-49.27194513531725, -27.245004710298197], [-49.27132593253107, -27.24475230612037], [-49.27040545034948, -27.244647105568866], [-49.2700747743551, -27.24468432325939], [-49.26958894102202, -27.244869905934443], [-49.26925149516886, -27.2454544501816], [-49.26915671493392, -27.245876267559673], [-49.26936561820371, -27.246946223457417], [-49.26957960890462, -27.24742966111077], [-49.26952611429315, -27.24832636423602], [-49.26919959826205, -27.249227417546123], [-49.26898840519333, -27.249412740432817], [-49.26864706499124, -27.249490499207656], [-49.26833435120866, -27.24947740236159], [-49.26804395334552, -27.249347093414563], [-49.26713243264602, -27.24825778683078], [-49.265474691280644, -27.247631511887338], [-49.265077920684035, -27.24762916125593], [-49.26447856848228, -27.247775829873508], [-49.263604449356066, -27.248342660626157], [-49.2633339140552, -27.248425770674768], [-49.26280077189124, -27.248231348239717], [-49.261400350740445, -27.24733161189573], [-49.26097030481445, -27.24716789735252], [-49.26059105547349, -27.24723369673744], [-49.25997613246604, -27.24776332842322], [-49.25894243831534, -27.247685299536617], [-49.25838717382818, -27.247426607073162], [-49.257736604168365, -27.24785436064751], [-49.25720163444824, -27.24795942515626], [-49.25704626640487, -27.247542401015625], [-49.25708431148311, -27.247293184832955], [-49.257629425679305, -27.246454024679082], [-49.25760056784458, -27.24605706937664], [-49.25746405050719, -27.245827743369745], [-49.25717055824698, -27.245671971985082], [-49.256542268674856, -27.245682766585034], [-49.25618485834553, -27.245577254344663], [-49.25414420720046, -27.244478992201326], [-49.25304544411295, -27.24410114649061], [-49.252154309712225, -27.244059189370176], [-49.25206697937188, -27.243925361938054], [-49.25197289195465, -27.243665887504385], [-49.25227560361653, -27.243070544557984], [-49.252040077467214, -27.242571098801914], [-49.25169500564616, -27.241415631053577], [-49.25173016447506, -27.240498397846643], [-49.25183998922886, -27.240061679677137], [-49.25316403254632, -27.238233141755504], [-49.253169250131606, -27.237834439086967], [-49.25284262485474, -27.237506781719112], [-49.25206274051207, -27.237353771092042], [-49.25120541488093, -27.23745984767587], [-49.24951555120592, -27.236623471849988], [-49.24890604972868, -27.23645550633389], [-49.24836508364631, -27.236427613359833], [-49.24748032735956, -27.23656459260392], [-49.24682597716036, -27.236506293281305], [-49.24584105340938, -27.236670951541697], [-49.245605916652124, -27.236638658088378], [-49.24528593702167, -27.23645709801623], [-49.24515082583389, -27.23624934388339], [-49.24501834704311, -27.23558386757489], [-49.24483724668684, -27.235214767719885], [-49.24457477283399, -27.23492943251523], [-49.244226265461045, -27.234742177058735], [-49.24365932741337, -27.234605235092463], [-49.24310180862921, -27.2346387573458], [-49.24198617094776, -27.23497772350004], [-49.24023143512221, -27.234998423646477], [-49.24000910873619, -27.235126452455365], [-49.239331587600255, -27.235859180066903], [-49.238923982568146, -27.235985171547636], [-49.23882971404932, -27.235918774351546], [-49.238806458580235, -27.235373403801134], [-49.238473361761436, -27.234884365844973], [-49.23817172385518, -27.234007836540556], [-49.237974179307386, -27.233686214687136], [-49.237639498546635, -27.23331986439246], [-49.2372520816859, -27.23304431070695], [-49.23682656259949, -27.23289395241166], [-49.23661872275128, -27.232950633106743], [-49.23614339441304, -27.233317033068865], [-49.23555768111228, -27.23352024100814], [-49.234577235171464, -27.234504339167376], [-49.234239337396396, -27.234595398058474], [-49.23381952566245, -27.234281376152627], [-49.23366171905405, -27.2335488737453], [-49.23381750741297, -27.233271905654732], [-49.23460671356363, -27.232422611159127], [-49.23485234393628, -27.231880717357733], [-49.234843431516516, -27.23162993095386], [-49.23458741196973, -27.23100953911376], [-49.23448294000401, -27.230882172031304], [-49.234241522388004, -27.230794000951015], [-49.233946596170064, -27.230853416769868], [-49.23229415733432, -27.230591510658993], [-49.23162710824997, -27.230389426591675], [-49.230916102336835, -27.230385620872564], [-49.23046175731023, -27.23055392154287], [-49.23010223720531, -27.230834200311122], [-49.22959081662828, -27.231631421089933], [-49.22941515712072, -27.231726364785978], [-49.22875042144736, -27.231802978933747], [-49.22682180945874, -27.232238078402347], [-49.22619157100807, -27.232212195554276], [-49.22559534486227, -27.232031843504306], [-49.22534933555463, -27.231892567024367], [-49.22493574155579, -27.23146349318784], [-49.224710681275184, -27.231376115858236], [-49.22354386383187, -27.231222567635207], [-49.221905352418, -27.23125395246935], [-49.220130887802476, -27.230721534586092], [-49.219579992246445, -27.230465522608732], [-49.218463162339745, -27.230180330564362], [-49.218397436909115, -27.229825796563134], [-49.21848097589594, -27.22960097398256], [-49.21933642712217, -27.228646690718474], [-49.21936911557922, -27.228301829501774], [-49.21890881795826, -27.22788769387083], [-49.217738424262095, -27.227699497924405], [-49.21602662088137, -27.228394601998236], [-49.21530917248676, -27.229534504429342], [-49.214356392811695, -27.229663757301914], [-49.21235363919963, -27.227139413137124], [-49.21248546240225, -27.226392319667745], [-49.213054170137326, -27.22567253711747], [-49.213200868813075, -27.22459663690628], [-49.2129820681692, -27.223706459565904], [-49.21281500668403, -27.223513860072554], [-49.21186167612751, -27.22297718617353], [-49.21073686429837, -27.222722333596256], [-49.210058602472714, -27.22247802960221], [-49.20972295002757, -27.22204682962408], [-49.209710844551104, -27.221949326528947], [-49.2101896466075, -27.221314691746603], [-49.21031620258476, -27.220873638466163], [-49.2097282886623, -27.219683560888946], [-49.20964246923928, -27.218778225875162], [-49.20915359034329, -27.217814565844627], [-49.209245320773775, -27.2171687878506], [-49.20991047555404, -27.21663388967723], [-49.21019864439939, -27.216187834087386], [-49.21019871915445, -27.215643667211385], [-49.21010680733398, -27.215347565154843], [-49.20865522029162, -27.213840688061246], [-49.20846409978787, -27.21378190228339], [-49.20723329979867, -27.21393143402659], [-49.2062462009878, -27.213527155834882], [-49.205432850571036, -27.212506937574425], [-49.20460792164696, -27.21186143871991], [-49.20409115893425, -27.21191417561474], [-49.20396304697689, -27.212062637999317], [-49.20395855332591, -27.212265427506093], [-49.20433090848618, -27.212670602638035], [-49.20403024255937, -27.213893137293727], [-49.203678252248565, -27.214173683429006], [-49.202865719080506, -27.214364959977612], [-49.20190130955673, -27.214101439398853], [-49.20174200598845, -27.213993480584154], [-49.20163769931122, -27.21376993224398], [-49.201587129191545, -27.21257432228666], [-49.201318127693895, -27.211376122484893], [-49.200657166849666, -27.210046065226347], [-49.20055790569959, -27.209361597673574], [-49.20030790474626, -27.2085627978752], [-49.199341450974465, -27.20754570573], [-49.19868110718749, -27.20714515202395], [-49.19769830814806, -27.206879752364365], [-49.19667643935729, -27.206827060197085], [-49.19622100112401, -27.20707767929337], [-49.19570759809636, -27.207600209164088], [-49.19507148029832, -27.208496881299354], [-49.19448801002899, -27.20877146054567], [-49.19433952675398, -27.208586116269924], [-49.19372602583076, -27.205424167090527], [-49.193043460507454, -27.204588485078204], [-49.19236865503761, -27.203943580852364], [-49.19162473526442, -27.20358728403177], [-49.19040763868741, -27.203513295552213], [-49.18768305809009, -27.20422967074958], [-49.18721932439352, -27.204143312443176], [-49.18721994206485, -27.20396723567841], [-49.1878990133338, -27.202592243416646], [-49.188635799275396, -27.200618499938727], [-49.188585507231174, -27.19949240154923], [-49.18815015666036, -27.19914499416843], [-49.18748224334663, -27.199144994204303], [-49.18711200754791, -27.19946223009553], [-49.18660505006843, -27.200070406346846], [-49.186417567324916, -27.200146201667458], [-49.185382802160646, -27.199792472790918], [-49.18471807275416, -27.19974795815537], [-49.184241911498944, -27.199872845684855], [-49.18322295288873, -27.20035449514259], [-49.18277150993566, -27.201171060141355], [-49.18253793799457, -27.2020109787227], [-49.182066418445, -27.202370448301238], [-49.18125775211834, -27.20280633700631], [-49.18063443193528, -27.20361381267391], [-49.18046360256476, -27.204462899949817], [-49.18039214057863, -27.206245719665457], [-49.17999961776343, -27.206933710534766], [-49.17957793656868, -27.207270213226803], [-49.179199434872494, -27.207293180330833], [-49.179064761626854, -27.20695784555678], [-49.179404381540586, -27.20523232855306], [-49.17919534581978, -27.204364874278685], [-49.17861855148591, -27.203898789020638], [-49.17738221866528, -27.203643722147802], [-49.17660100193074, -27.203290999585573], [-49.17597830384186, -27.20312353963482], [-49.1745885782695, -27.203384728985625], [-49.173749262079234, -27.203280244865756], [-49.173287105524864, -27.203581795386402], [-49.17286592447301, -27.204288744966572], [-49.17250653876487, -27.204407401359447], [-49.171248961702084, -27.20452542850163], [-49.17064506228047, -27.204755528278042], [-49.17017171628758, -27.2050436702857], [-49.16849378346526, -27.205207377650208], [-49.16519288824756, -27.205870359227873], [-49.164809463241085, -27.206176001526753], [-49.16436084329553, -27.20679539132439], [-49.163820665316074, -27.207075662781005], [-49.162240429346184, -27.207399955315108], [-49.16147999532006, -27.207712939110436], [-49.16099450548868, -27.207693768148093], [-49.16043161201489, -27.20745203370843], [-49.158580006366115, -27.207268690121648], [-49.15823676392717, -27.207068107491363], [-49.157982104360656, -27.205900317833972], [-49.15780960379525, -27.205429017982134], [-49.157698752041085, -27.205338672085453], [-49.15692624233916, -27.205196663248966], [-49.15574464711831, -27.205460810296938], [-49.15432787884253, -27.206138475234237], [-49.15400810020672, -27.20607526908449], [-49.153799350860005, -27.20572165415302], [-49.153787913542956, -27.20505917903183], [-49.153984213455686, -27.20432314609037], [-49.15405238931069, -27.203612427580925], [-49.1535140075151, -27.202606163052366], [-49.15298029418016, -27.202123095462976], [-49.15168949560928, -27.20182047279684], [-49.15068471874874, -27.20183793947708], [-49.149677516410435, -27.202233627209097], [-49.149038860488886, -27.202693383465636], [-49.14857253156502, -27.202920511635867], [-49.1480891949665, -27.202892461252773], [-49.14748270603304, -27.20254964058246], [-49.14526931332444, -27.20165810952864], [-49.14424278988451, -27.20109540583347], [-49.14300842369145, -27.199279694752143], [-49.14270874929417, -27.19894661063998], [-49.14243404144227, -27.198812864443408], [-49.1419330155289, -27.198792509521688], [-49.140615372330785, -27.198968096979897], [-49.140283870967025, -27.19925261580247], [-49.14016002459739, -27.200414130772568], [-49.140002125961225, -27.200873043555486], [-49.13972297745585, -27.200971019745438], [-49.13898729498411, -27.19994740132108], [-49.13860730550963, -27.19962491954498], [-49.13418713468413, -27.19890388315109], [-49.133594921667026, -27.198301860085614], [-49.1333621450417, -27.197743003895834], [-49.13358640762215, -27.197136293721737], [-49.133134095876436, -27.19659316177453], [-49.1328933181531, -27.196470535504712], [-49.13100716510801, -27.19609138625761], [-49.130610877429504, -27.196271775728437], [-49.13030355248325, -27.19615707414937], [-49.12996814885311, -27.19586873759832], [-49.129835605259096, -27.194645561408496], [-49.13040587461994, -27.193974528451687], [-49.130991013619614, -27.193642294749303], [-49.13224223818817, -27.19315747944407], [-49.1328296115399, -27.19254579033853], [-49.132858499021516, -27.192163100577996], [-49.13256063328679, -27.191854044194542], [-49.13175723362367, -27.191342644726863], [-49.131294339548816, -27.191177848731904], [-49.13061555068651, -27.190290587363748], [-49.13022659922185, -27.19003993312873], [-49.12949871957591, -27.190082229978362], [-49.128730791523616, -27.18981819017108], [-49.12725794055289, -27.189560565671233], [-49.12713714565679, -27.18937642903705], [-49.12720719751723, -27.18895816379327], [-49.12768822423038, -27.188801185186982], [-49.12826080854541, -27.18841088143299], [-49.128539699242125, -27.187783705540774], [-49.12864097478189, -27.187091317104162], [-49.12841690194503, -27.186422981557183], [-49.12794088073628, -27.185868595852046], [-49.12734954230989, -27.185652506285308], [-49.125416870100935, -27.185594650808635], [-49.12476698478708, -27.185047034831527], [-49.124000960450985, -27.184732116837335], [-49.12340302179949, -27.184924878374837], [-49.12273274345431, -27.18576477966157], [-49.12250081891366, -27.185926178326174], [-49.12162016670965, -27.18581666585315], [-49.1208434428206, -27.185911272132348], [-49.12020035777604, -27.186448099460552], [-49.12005386818024, -27.18688368624914], [-49.119991255966205, -27.187563289519183], [-49.11976978813294, -27.187867769259906], [-49.11962407499765, -27.187867769248214], [-49.11904173176145, -27.187544020353826], [-49.11855175830178, -27.187150700159002], [-49.11825114360738, -27.18552108251422], [-49.11731286538288, -27.184609281698215], [-49.116484617069666, -27.18456026725244], [-49.115898668038945, -27.185095212932982], [-49.1155751185515, -27.185825674085553], [-49.114497599295355, -27.18641797892682], [-49.11383197583267, -27.186319343173004], [-49.11339463537505, -27.185751644044206], [-49.113069313337306, -27.18492794713049], [-49.11310496604815, -27.184250527567386], [-49.11337867261795, -27.1839199662249], [-49.11337892120532, -27.183304667689953], [-49.11316099262538, -27.1826196172533], [-49.1127162547922, -27.182347086198888], [-49.111021195983874, -27.1823406131481], [-49.10899116332306, -27.183008928525844], [-49.10583366070315, -27.18461136842481], [-49.10525992725685, -27.185077995000107], [-49.10508000700183, -27.18582350652958], [-49.1056454865541, -27.186569915515353], [-49.10639450349596, -27.186896345914956], [-49.10703027685545, -27.187003524192637], [-49.10758253335474, -27.18745187899957], [-49.107819746104575, -27.188392022302054], [-49.10766174021404, -27.190247417611406], [-49.10740461211207, -27.19073462012818], [-49.10710737423291, -27.19079871418344], [-49.10655566882779, -27.190512486536324], [-49.10589673093403, -27.189796833008426], [-49.10565600919085, -27.189254311979795], [-49.10528350841934, -27.188692872186788], [-49.10485817329027, -27.188409510345153], [-49.10392306976761, -27.188485387599155], [-49.1033520618094, -27.18901040225091], [-49.10313757481792, -27.189901288076324], [-49.10305964025775, -27.191241315953807], [-49.10283592058249, -27.191838276727925], [-49.10252644536154, -27.192261806570983], [-49.10201913212621, -27.192513628588028], [-49.101542239594934, -27.192584266641852], [-49.0991896055068, -27.19176712449723], [-49.09917578011605, -27.19158459852728], [-49.09944449245228, -27.19124799691273], [-49.099761702326205, -27.19106060195086], [-49.10001695875423, -27.190738761808465], [-49.09979939776746, -27.189510727817144], [-49.09985062699777, -27.189246417341177], [-49.10057251237424, -27.18881036169858], [-49.10070110078907, -27.188487556372923], [-49.100559339455614, -27.18814623132724], [-49.09935676504343, -27.1871452740666], [-49.09913484558485, -27.186771184651086], [-49.09884688116721, -27.184774214081862], [-49.09857407022185, -27.184356710436564], [-49.097810341396, -27.18405124184313], [-49.09696157869031, -27.183935379096905], [-49.094852454263126, -27.184052467393414], [-49.09431050255428, -27.184254794517006], [-49.09377173061214, -27.18474668103038], [-49.09305992977598, -27.185848880272903], [-49.09294767959394, -27.18616376211238], [-49.093004191948495, -27.186452307527496], [-49.0932369377742, -27.18672272344195], [-49.093644562140156, -27.18686400284152], [-49.094124726672355, -27.18688732627255], [-49.094468166597665, -27.18716320441871], [-49.09457575245382, -27.1873413637771], [-49.09486835648276, -27.18860411105454], [-49.09481677494855, -27.189077342357553], [-49.09392467626874, -27.190076245771362], [-49.09309461422161, -27.190657956792418], [-49.092506492102345, -27.190850082187723], [-49.091671760982116, -27.19079385772018], [-49.091080073374386, -27.19091483568947], [-49.08992244120847, -27.191507480032193], [-49.08970493315762, -27.191785280443558], [-49.08962391348834, -27.192184984354164], [-49.0898183321217, -27.192560008849117], [-49.0903554875061, -27.19284778899304], [-49.09082701776526, -27.193382692802587], [-49.09106915693616, -27.193836082938343], [-49.091126989461245, -27.194163746305485], [-49.0910031702763, -27.19451665532949], [-49.0907709896001, -27.19478652207613], [-49.08948824389305, -27.195128638394205], [-49.08824548093774, -27.196011318956018], [-49.087767769537585, -27.19640041184874], [-49.08588840584415, -27.19865961268612], [-49.085224247877896, -27.199217428260265], [-49.084845911937904, -27.19937938504968], [-49.084600692090596, -27.19938582743656], [-49.08433721410787, -27.199120410524475], [-49.08395487455123, -27.19849340596238], [-49.0838104925285, -27.196174276559372], [-49.0837164808345, -27.19567578219365], [-49.08317034010879, -27.194506844457297], [-49.08283908711174, -27.194292200880756], [-49.08250285301187, -27.194227808178628], [-49.08187293949683, -27.194411145146834], [-49.08147051573557, -27.195077239422556], [-49.08135600047255, -27.19543787183633], [-49.081074862713315, -27.195805216009276], [-49.08042081256964, -27.196278688539028], [-49.080240442903985, -27.196258252870805], [-49.079551138073036, -27.19547825357563], [-49.07908688648734, -27.19516901157337], [-49.078053419952184, -27.194904622734295], [-49.077623913838416, -27.195016963637134], [-49.077295010448765, -27.195396159794917], [-49.07676537218509, -27.196286597104674], [-49.076311026197864, -27.19671607038668], [-49.07530371800575, -27.197979563805394], [-49.07496719716031, -27.19815627907399], [-49.07475781944029, -27.198167240003908], [-49.073762512944455, -27.196694566534298], [-49.07399218034992, -27.192285773281636], [-49.07385713162357, -27.19167747837109], [-49.073456053078885, -27.191159787207663], [-49.07273301643663, -27.190793369789723], [-49.07203448434896, -27.1906692202599], [-49.06994787022099, -27.191326791476794], [-49.069098367145486, -27.191473346876617], [-49.0690034279393, -27.1913880346374], [-49.06881598636785, -27.19054778681094], [-49.06853258595703, -27.19011398708212], [-49.06800257968379, -27.189952304197558], [-49.067423118852915, -27.190194892502447], [-49.06691087467563, -27.190623713273567], [-49.0651879408315, -27.191024426478766], [-49.064363231718744, -27.191398809883577], [-49.063507957601665, -27.191904728544618], [-49.062428148053996, -27.192698098773317], [-49.06207011247357, -27.192685350638477], [-49.06181403129624, -27.1924039740605], [-49.06174027651816, -27.19179853838302], [-49.062122048540466, -27.191200404120284], [-49.06203580424594, -27.19070713975048], [-49.061666550250536, -27.190033100191325], [-49.06120977521193, -27.189918054638497], [-49.06037819016906, -27.190051850305025], [-49.059333350038685, -27.189917675577263], [-49.058980421059964, -27.190058411986495], [-49.05821090198261, -27.190791584955843], [-49.05809785272252, -27.19080573404482], [-49.05761499572238, -27.190452003016674], [-49.05704423453493, -27.18877494885538], [-49.056527345413606, -27.186724769936294], [-49.056225436703784, -27.186306542138855], [-49.05556372683191, -27.186143429522243], [-49.05515162816298, -27.186352351035453], [-49.05474528147133, -27.186985521914423], [-49.05444207000371, -27.187707566566473], [-49.05407537629559, -27.188091670191024], [-49.05373712662329, -27.18824437211085], [-49.052823508610516, -27.187928172125613], [-49.051229248113415, -27.186653548312435], [-49.049816308564786, -27.184721126848338], [-49.048422234435556, -27.18437492551645], [-49.04759121562957, -27.18477463954017], [-49.04706939942164, -27.185145481394624], [-49.04686734999145, -27.185691224799086], [-49.04834888706475, -27.18739405359337], [-49.04883652841355, -27.18822739758112], [-49.04930686348111, -27.18949418487467], [-49.04966091498246, -27.19016124421318], [-49.04967333439353, -27.19114515259104], [-49.04936939917255, -27.192203291929072], [-49.049155962966246, -27.192396848451924], [-49.04764586194828, -27.192257370859352], [-49.046518645674155, -27.192258504067397], [-49.04585427438109, -27.19244905990416], [-49.04499347512723, -27.1928998594102], [-49.044764504551964, -27.19322422928955], [-49.04467976161497, -27.19359472311654], [-49.045108349584154, -27.194208256513555], [-49.04595289349183, -27.19459694611572], [-49.04676443503163, -27.19485016056216], [-49.04698891760612, -27.195179835329395], [-49.04697112951222, -27.19584873633273], [-49.046694255347276, -27.196423299839726], [-49.04632122372372, -27.196921039856814], [-49.04579959748585, -27.197140497288117], [-49.04482050843886, -27.197008203127112], [-49.04242715378239, -27.196397010136735], [-49.04151165610643, -27.195871209375664], [-49.04025916042785, -27.1948801376793], [-49.03938760748287, -27.19483857899598], [-49.03846012495135, -27.195631331888112], [-49.037281308734585, -27.196939746479966], [-49.0374101863891, -27.197573529431136], [-49.037919952722476, -27.19877878331116], [-49.037931761039594, -27.199465875055253], [-49.03761067950376, -27.19984660860062], [-49.03706322191302, -27.200166962150462], [-49.03576892993889, -27.200667013151786], [-49.035085347874016, -27.20052669802449], [-49.033064700830046, -27.19923068125573], [-49.03258338107509, -27.19883182777044], [-49.03159939298811, -27.19883873341996], [-49.03041152177184, -27.199160127793412], [-49.02971854802785, -27.200400906911888], [-49.028071295501455, -27.20181443672091], [-49.02763412336693, -27.201963217789515], [-49.027304928136324, -27.201853125513733], [-49.02666555132885, -27.20129891273003], [-49.02622504755857, -27.200504597332944], [-49.0262808497494, -27.199594329874788], [-49.02669775047163, -27.19810539092221], [-49.02751548526685, -27.197011645978346], [-49.02871973757133, -27.196111445959286], [-49.029415508408356, -27.1959887645578], [-49.0305265965085, -27.196015896890263], [-49.03099429521647, -27.195849820042778], [-49.03104805142718, -27.19573842745652], [-49.03102127903798, -27.1949974879766], [-49.03042768412195, -27.194487728704846], [-49.02997445058676, -27.193681504354668], [-49.02983862485563, -27.192344350883936], [-49.02985572176703, -27.191151016677715], [-49.029606106913505, -27.18947374587896], [-49.02966163207739, -27.188018529225218], [-49.02939255603261, -27.187227154662978], [-49.028744325839675, -27.186839257020264], [-49.02755904540006, -27.186656816927513], [-49.0270282237881, -27.18644691110219], [-49.02578617652631, -27.18519800961916], [-49.02540315275398, -27.18442938407366], [-49.02503826385257, -27.18311504782347], [-49.024975954045765, -27.181966077491495], [-49.025236083951036, -27.181445292851272], [-49.02614515198543, -27.180890366951996], [-49.026223111439755, -27.180749909757893], [-49.02617798720216, -27.180200102694158], [-49.025537481916054, -27.179210150118834], [-49.024758159064994, -27.178900398684224], [-49.02444808569994, -27.178537091682415], [-49.02449766854598, -27.177963374437784], [-49.02480681367261, -27.176720899755217], [-49.024928010677264, -27.17483029944051], [-49.0248705310732, -27.17422386374531], [-49.02455713250848, -27.173782172075697], [-49.024102310725844, -27.17364847108121], [-49.02356171150329, -27.173656771111144], [-49.02340902944181, -27.173737001486952], [-49.022947569873075, -27.174495694370187], [-49.022589010659594, -27.174557093982468], [-49.02221561275959, -27.174482545238522], [-49.02183673668312, -27.17418866051823], [-49.02121136949735, -27.174108698930304], [-49.020803379335035, -27.174258708009695], [-49.01999687672213, -27.174774632391507], [-49.019411244035375, -27.174943170433878], [-49.01721055741644, -27.17505721699775], [-49.01634632294433, -27.174999490260863], [-49.014953665889756, -27.17534730572127], [-49.01445831206886, -27.175102538754565], [-49.01387551427947, -27.174411160226537], [-49.01310115057437, -27.172966164508555], [-49.01254287316242, -27.172528937386588], [-49.01166455043351, -27.17257420693287], [-49.01115445245832, -27.17314660623107], [-49.0109362408565, -27.173824909757823], [-49.010483261469275, -27.17392848759164], [-49.01004362906894, -27.17355803146661], [-49.00941648104287, -27.17260717190556], [-49.00941064887394, -27.171468671041122], [-49.00898082872482, -27.17032971636978], [-49.008957828447215, -27.169885388116374], [-49.00917819253356, -27.169689326307488], [-49.01085356539668, -27.169772544913865], [-49.012048431599446, -27.16909486181005], [-49.01285872108964, -27.169064481704], [-49.013645139288805, -27.16927012089826], [-49.0142599376284, -27.1691913469023], [-49.015157078683366, -27.168384951129166], [-49.01731727393362, -27.167309146063985], [-49.01755725724042, -27.166697559758457], [-49.01737451008745, -27.16606583991592], [-49.01744492379755, -27.16536914820046], [-49.01781753819092, -27.163905401672157], [-49.019579200321985, -27.161536137491446], [-49.0214824504018, -27.161335054237064], [-49.02244946459542, -27.160916495261908], [-49.02261963237316, -27.160381650524332], [-49.02227686001812, -27.15980423757406], [-49.02147798898792, -27.159363107521997], [-49.02047024656767, -27.159083985355128], [-49.01991208317296, -27.158631149633777], [-49.019807866128204, -27.158160542521166], [-49.01984482337135, -27.157792153945213], [-49.02039469963819, -27.15741978734461], [-49.022290505209234, -27.156416346484885], [-49.02317603817456, -27.15545440021074], [-49.02349963336421, -27.154837797832936], [-49.023332056543445, -27.154279609197225], [-49.02296073179055, -27.153938946792064], [-49.02233549200786, -27.153622074840825], [-49.02154560082737, -27.15343508306656], [-49.02038980247106, -27.153310683335818], [-49.0198848454917, -27.153369179454835], [-49.019735974834454, -27.153478856685314], [-49.01954817648015, -27.15396334363528], [-49.019648744582945, -27.155221741785105], [-49.01958709434986, -27.15539112907934], [-49.01909482871504, -27.155530518889485], [-49.018455533290194, -27.155500945874735], [-49.017870534486185, -27.15519607233373], [-49.01719836785632, -27.154470448675458], [-49.01635446464166, -27.153376801041876], [-49.0157159363316, -27.1521204924625], [-49.01571593536758, -27.151542499849267], [-49.01555604872148, -27.15102956663475], [-49.014867601551295, -27.150586239012185], [-49.01470199254341, -27.150258090320904], [-49.014716343815934, -27.149977962886897], [-49.01493882850893, -27.149670780325664], [-49.016343650081204, -27.14881030933634], [-49.01716471971268, -27.148132764386247], [-49.01797890781656, -27.147647054314124], [-49.02064053627632, -27.146940477077187], [-49.021188609312254, -27.14653518513811], [-49.021553272816355, -27.145544388106202], [-49.02154019408586, -27.144810784980006], [-49.02041600408316, -27.144149122771456], [-49.01898571013609, -27.143836153595863], [-49.01642203221646, -27.144529840471314], [-49.01600475490926, -27.144725361089254], [-49.01551072567281, -27.144491804865236], [-49.01404485255565, -27.143497225438217], [-49.01322599376089, -27.142703043889327], [-49.01237289803674, -27.142199470370155], [-49.01125877714324, -27.14204381540726], [-49.01045276876084, -27.142257821819292], [-49.00925059543576, -27.142217239955798], [-49.00873654305083, -27.142594729733673], [-49.00849062910859, -27.143152982673467], [-49.00757766129463, -27.14357056401227], [-49.006975294866216, -27.143708414028097], [-49.00530737313261, -27.143559068758066], [-49.00461552662842, -27.143156522699115], [-49.00396529715367, -27.142955986655615], [-49.00344426076274, -27.143078662057547], [-49.0022793117002, -27.144084723634887], [-49.00107853959555, -27.146007170728147], [-49.00013602850521, -27.14684580554456], [-48.998905139918634, -27.147315027807803], [-48.99818002237622, -27.147076233746926], [-48.99681988286483, -27.145800227010422], [-48.995739010541655, -27.14548094886599], [-48.994524312225224, -27.1452602492829], [-48.99268017769825, -27.145426276831344], [-48.99170715411855, -27.145903271695442], [-48.99102985285148, -27.14598831864339], [-48.98928764153981, -27.145804649985145], [-48.98854038652646, -27.14555296101617], [-48.98810497366802, -27.145174527434744], [-48.9881294614472, -27.144456509882804], [-48.98866782196169, -27.143597990757197], [-48.98860466361601, -27.14317811593851], [-48.987989222678266, -27.142828170080058], [-48.98727866531813, -27.142283777933766], [-48.98578561416614, -27.14073747121043], [-48.98400448784127, -27.139170666535836], [-48.98329281388774, -27.138987760917917], [-48.982843793524886, -27.139052555365286], [-48.98255817124951, -27.13936846409633], [-48.98269828393309, -27.1398186703467], [-48.98255568211594, -27.140212861817666], [-48.98197805531721, -27.141030180780525], [-48.980678123139825, -27.14173179150475], [-48.980169351987705, -27.142242770152652], [-48.98027087566942, -27.14283562133747], [-48.98128639690372, -27.14379493983241], [-48.981201247356054, -27.144087264728725], [-48.98094495979517, -27.144229859660925], [-48.980486319733295, -27.14426382361132], [-48.979268760521045, -27.143937679462276], [-48.97835392972785, -27.14392854144526], [-48.978008587225055, -27.144089828514947], [-48.977828782167386, -27.144558500308257], [-48.97809824155066, -27.145553330610177], [-48.977916475720406, -27.145873171682705], [-48.97745238187507, -27.1460196010849], [-48.97630169307967, -27.146075384402256], [-48.976115954114256, -27.14594852990315], [-48.975924819691, -27.145558253086875], [-48.976030783999235, -27.145208796109852], [-48.97681502226408, -27.144832773295256], [-48.97744732233482, -27.144261172684583], [-48.97755046855541, -27.14376776285711], [-48.97750876950133, -27.143644752643183], [-48.97722174521904, -27.143359465379095], [-48.97611403134908, -27.142992518239843], [-48.975257151442335, -27.14319319103975], [-48.974318436392466, -27.142985774297824], [-48.97397909696094, -27.14299292823587], [-48.973458743165246, -27.14309319878673], [-48.97319807727236, -27.14344580381757], [-48.973334710413475, -27.144119612196597], [-48.973912966253614, -27.144781136184214], [-48.9738890295283, -27.145144204337438], [-48.973733136173855, -27.145296695969467], [-48.973509260064546, -27.145343281280606], [-48.972474816501254, -27.14515781521437], [-48.9718118009984, -27.144844899961647], [-48.97155455257986, -27.144624166640412], [-48.97137438697817, -27.14410459929298], [-48.97158717633012, -27.142987960900836], [-48.970827729119776, -27.141458444441156], [-48.970456540847096, -27.141069765543794], [-48.969033044013614, -27.140256395866775], [-48.968350176599145, -27.139365325666237], [-48.96821883034085, -27.139083130558884], [-48.96828427998352, -27.13853869998997], [-48.96855540913475, -27.13787978054191], [-48.96858229071245, -27.13758999708009], [-48.968447819227734, -27.137360181302967], [-48.968069225500344, -27.137214090924573], [-48.967317387634424, -27.136651525303844], [-48.96684078447593, -27.135909285684715], [-48.96677254525785, -27.135645534129573], [-48.96678353076023, -27.135230870262763], [-48.96714452244434, -27.134372629932187], [-48.967072150947615, -27.13396319201353], [-48.966848643578665, -27.133666185372025], [-48.96614893100161, -27.133515835126772], [-48.965172275263036, -27.13315420122945], [-48.9647146065162, -27.13271952289152], [-48.96415772096606, -27.130988091659646], [-48.9642950455638, -27.130019594579664], [-48.9642148303473, -27.12963878103217], [-48.96382895350591, -27.129093122217327], [-48.96307773736697, -27.128632554293752], [-48.96220991015213, -27.12758000527419], [-48.9618724787467, -27.12733733651213], [-48.9615952687652, -27.127267548904904], [-48.961329545419304, -27.127304182882725], [-48.961000976713976, -27.127489869907986], [-48.959523024595185, -27.128830664598624], [-48.95884920606837, -27.129169455817944], [-48.95792931497579, -27.12944000602199], [-48.957235517884406, -27.12988440176888], [-48.95692897602865, -27.130247138383904], [-48.956752323692065, -27.13067704002606], [-48.956695266299114, -27.13119854850873], [-48.95674214354538, -27.131629383933145], [-48.956635050061315, -27.131775244475573], [-48.956206564569456, -27.131844205322178], [-48.95587097102015, -27.131725616609042], [-48.95527113373876, -27.13131079063632], [-48.95472004513878, -27.131166188680652], [-48.95446377246765, -27.131194848805244], [-48.95417451487343, -27.13139684682559], [-48.95406679940244, -27.131587451850145], [-48.954100040812285, -27.132032419146775], [-48.95456229906031, -27.133084457926632], [-48.954799280963705, -27.133408919683674], [-48.954828541726236, -27.13372372085665], [-48.95457679418239, -27.134057628111194], [-48.953405351919244, -27.134292285251334], [-48.95278208932351, -27.13471671843589], [-48.95249538202168, -27.13558674420456], [-48.952470676800715, -27.136411783174214], [-48.95248105271293, -27.136805187222404], [-48.95274080072608, -27.13772209629764], [-48.952735140841035, -27.137932793461573], [-48.952444762322976, -27.138028023110895], [-48.95187862719966, -27.13794860550097], [-48.95117105716119, -27.13762142973662], [-48.94999484987337, -27.136758629523413], [-48.94949447943675, -27.136055753500006], [-48.949360689704385, -27.135554754386888], [-48.94871173050759, -27.13467032103451], [-48.94806024471373, -27.13328813406672], [-48.94769216425805, -27.132771777658903], [-48.94695424901204, -27.132119433056946], [-48.9468425122566, -27.13184988594835], [-48.9466826799546, -27.130682500592954], [-48.94644203003575, -27.13030979048491], [-48.94607454000428, -27.130133753708762], [-48.944854979958556, -27.129871938631194], [-48.94345780836079, -27.12884340251509], [-48.94314606030854, -27.12870392077619], [-48.94269253015703, -27.128693083544093], [-48.94154520720519, -27.129195563995605], [-48.941300326767006, -27.129168867674796], [-48.93937474993651, -27.127665957233518], [-48.93876607851213, -27.12701016185491], [-48.93803534888096, -27.126407666065123], [-48.937820928264784, -27.125946134556447], [-48.93780522677826, -27.125210181413866], [-48.937976283392814, -27.1247902276745], [-48.938459216856366, -27.124133485087746], [-48.93852141570319, -27.123882397946588], [-48.938469302180096, -27.123628847935958], [-48.93806883806656, -27.123080677580724], [-48.937388233071104, -27.121833276039354], [-48.93651868337222, -27.120624099367372], [-48.93615442748801, -27.11980293462098], [-48.93619508344677, -27.11879639076359], [-48.93655510302874, -27.118057321731136], [-48.93680488405895, -27.117289378618647], [-48.93684702811681, -27.116918191187924], [-48.93648478702403, -27.11579612491417], [-48.9364931374427, -27.115394004634453], [-48.936826131641425, -27.114815775764924], [-48.93787431836218, -27.11371113352466], [-48.93826568277965, -27.113604595910743], [-48.93882081362896, -27.113780728256604], [-48.93988884647926, -27.11530063358978], [-48.940170746496115, -27.115531133862486], [-48.94051099078537, -27.115679269982532], [-48.94104367224353, -27.115731141447576], [-48.94135932744857, -27.115665181773668], [-48.94199971251851, -27.115337289949455], [-48.94312324546374, -27.11444265041678], [-48.94374637719757, -27.113757270366378], [-48.94415966408938, -27.11302875758452], [-48.944303632674114, -27.11255088393667], [-48.944322306068756, -27.111679794174687], [-48.944211207693236, -27.111343814065435], [-48.94287561867208, -27.109091013399016], [-48.94243441839616, -27.10861471387111], [-48.941959003489075, -27.10825021322032], [-48.94096642490138, -27.10765547731037], [-48.93979651986481, -27.107131813419187], [-48.93897215970605, -27.106642632251706], [-48.93678224232262, -27.10526074232059], [-48.93618873945627, -27.104810017951614], [-48.935750916354934, -27.104357237062736], [-48.93552902849303, -27.104057689118232], [-48.93525634527501, -27.10326103587824], [-48.93544794248174, -27.1018768970216], [-48.93536628202873, -27.100812062996333], [-48.93515343074122, -27.100481328474448], [-48.9348572948478, -27.10020915582428], [-48.934316925811345, -27.09991537230295], [-48.933800125387144, -27.099811308176225], [-48.93301412254888, -27.099426958027873], [-48.93245392930193, -27.099129754162824], [-48.932014038362645, -27.098685392111523], [-48.93144543875557, -27.098357992578663], [-48.930224266646526, -27.09787510378374], [-48.92990311241658, -27.097671283962107], [-48.92942144392388, -27.097517596125662], [-48.92896658325777, -27.097607725614722], [-48.92780902758437, -27.098351290135216], [-48.92653410444426, -27.099730568872214], [-48.92494332557732, -27.102115498465647], [-48.924569797273875, -27.102372383729676], [-48.92408571949547, -27.10263908221786], [-48.92142695093539, -27.102660183504867], [-48.92039036196016, -27.102399683083586], [-48.919505896118814, -27.102049984397684], [-48.91788628411036, -27.100819105924117], [-48.91711106726599, -27.100358343823178], [-48.91627190413464, -27.100290909150463], [-48.914196840277455, -27.100447948175454], [-48.91338793201984, -27.10015093954431], [-48.91245235923225, -27.099321846642848], [-48.90915954354505, -27.09692740699809], [-48.90822857003798, -27.096139774867925], [-48.907296090214956, -27.095116049494774], [-48.90646557818236, -27.093769007489854], [-48.90631580124811, -27.0932980965707], [-48.906147160220485, -27.092218673883572], [-48.90618402100682, -27.091051650780052], [-48.90629811475065, -27.090906028124653], [-48.908151828126414, -27.090418765055254], [-48.90924770076625, -27.08992184708396], [-48.91014661022446, -27.0891732196378], [-48.9106208207958, -27.088249579798365], [-48.91072867846018, -27.08770891409158], [-48.91055308688859, -27.087152993001403], [-48.90930322215728, -27.08541879915872], [-48.90910964525576, -27.08498351391608], [-48.908710518974836, -27.08363888895937], [-48.90846552445283, -27.081634571608863], [-48.90830565373862, -27.081083007441492], [-48.9078455560131, -27.080392102009863], [-48.906773874969595, -27.079784883046557], [-48.905954198641304, -27.07970217081633], [-48.90141691034138, -27.07843825506425], [-48.9000369025016, -27.07792577982374], [-48.89824256617616, -27.07710690022916], [-48.89719474600754, -27.075944345536534], [-48.89558497597046, -27.074593555094303], [-48.89264484389109, -27.0722719557546], [-48.88989371754352, -27.070329464059885], [-48.88856147310899, -27.068997439445802], [-48.88810698634467, -27.06832028318614], [-48.887542375939326, -27.067193674228953], [-48.887340121305776, -27.065226524310738], [-48.88625003405659, -27.063675821245514], [-48.8852147858672, -27.062918504834858], [-48.88445290655411, -27.06199198860578], [-48.88431815648024, -27.06159763011128], [-48.884278722601664, -27.06097724375861], [-48.88380527260116, -27.05997631363499], [-48.8837154386851, -27.059563975674667], [-48.88362524503975, -27.057481395461785], [-48.883062680367196, -27.056602441289453], [-48.88217085342021, -27.054840680833095], [-48.88148582715225, -27.053849884874563], [-48.88133452537829, -27.053301854509385], [-48.881252908275606, -27.052688813888278], [-48.88153611240316, -27.051228862788015], [-48.881811097856456, -27.050454826938996], [-48.88211126396114, -27.04992451674595], [-48.88365417934506, -27.04871484384237], [-48.88384841670101, -27.048400148948417], [-48.88387466595119, -27.047822030249982], [-48.88354528653677, -27.04742897655951], [-48.883526839125935, -27.046483260406927], [-48.883305417601, -27.045965177977898], [-48.88244554547164, -27.045279795189224], [-48.8815613547656, -27.04487383672175], [-48.879565332132564, -27.04493160593318], [-48.8792068576982, -27.04482159796572], [-48.87814121311972, -27.04412330292989], [-48.8775283438671, -27.043875614429016], [-48.87696217985813, -27.043841657874825], [-48.876523159231745, -27.04390417815379], [-48.87527928780884, -27.044226304969243], [-48.874678794558484, -27.044183154713938], [-48.87413802528083, -27.044011838217283], [-48.873750163609955, -27.04377863329274], [-48.872977804086624, -27.04296639561494], [-48.871515409898755, -27.040770690980683], [-48.86989075456772, -27.039093353306985], [-48.86955186380109, -27.038408148222285], [-48.86906903912097, -27.037882307387587], [-48.86882467850377, -27.03746127160111], [-48.86755890774682, -27.036527517194852], [-48.86646543373988, -27.03508725086086], [-48.86564822972255, -27.03426214440281], [-48.86423699965704, -27.03339848822015], [-48.86284527196711, -27.03302811818734], [-48.86221850746343, -27.03295373771912], [-48.86074901564628, -27.032938117767724], [-48.858575162958, -27.033350658728335], [-48.8578579676764, -27.033323635659972], [-48.8572880106698, -27.03316639955355], [-48.856886991768924, -27.032443184137943], [-48.85672686943559, -27.031498996715825], [-48.85653593919148, -27.0311140293783], [-48.85560463400532, -27.030139922304805], [-48.8553442629995, -27.02972724983354], [-48.85347189168919, -27.027962688932476], [-48.852621270649514, -27.026870900127715], [-48.85213927937563, -27.026496286364935], [-48.85154844318051, -27.02569483049705], [-48.85076140634909, -27.024942739683866], [-48.85030309608516, -27.024689456615974], [-48.849284588899536, -27.023249138299157], [-48.84898977205005, -27.02261851093416], [-48.84907037091253, -27.020705802159718], [-48.848997482220675, -27.020329815769152], [-48.84928183834662, -27.01876445545646], [-48.84914726457175, -27.018248493276204], [-48.84888720998352, -27.01775373633613], [-48.848590637005934, -27.01741200888645], [-48.848040737211264, -27.01702350942513], [-48.847037518078096, -27.0166652931794], [-48.84626857091979, -27.016711011195937], [-48.845846708178186, -27.017004714235515], [-48.84559760807022, -27.01731541989961], [-48.84522648310339, -27.017522940978544], [-48.84484234143629, -27.01752569235641], [-48.84395673561431, -27.017287028921675], [-48.84256819013104, -27.01765488884999], [-48.84153027411024, -27.017619011277446], [-48.83972316591316, -27.017014884119703], [-48.837349382349, -27.01637308527685], [-48.83661051040896, -27.01598133274043], [-48.835663665061546, -27.015242342683326], [-48.834054626371014, -27.014397551370664], [-48.83362567585242, -27.01402699247909], [-48.832386344822275, -27.01257422561742], [-48.83226697171746, -27.01194636548104], [-48.8323111210366, -27.011785808981376], [-48.8325987408247, -27.011484248882052], [-48.8332446399452, -27.010530547968497], [-48.83385191027933, -27.009301209489305], [-48.83405920902453, -27.008568309101015], [-48.83411486526714, -27.00786628909571], [-48.83399685393729, -27.007289458742743], [-48.83344447027178, -27.006583290612333], [-48.83227077058596, -27.005709191803962], [-48.83109547929968, -27.004976351784688], [-48.83020676410967, -27.00454360300712], [-48.82953207278332, -27.003829196817435], [-48.824991321811055, -27.000091910208386], [-48.823054966609966, -26.99647596184156], [-48.821873316217854, -26.99400934472545], [-48.821725043723, -26.99191451555628], [-48.82112121821, -26.991487829999187], [-48.819590570272005, -26.990671472761882], [-48.81899743094881, -26.989499062095756], [-48.81816534916055, -26.986993176559917], [-48.81687030061566, -26.985314717289572], [-48.813621396224256, -26.983201926693507], [-48.81343851867761, -26.981487917581745], [-48.805283563910706, -26.973909753788913], [-48.804264121089474, -26.971255492336045], [-48.80226418344127, -26.967742025735788], [-48.80051235028951, -26.96677785606065], [-48.79863271272428, -26.965967230957894], [-48.79623456431058, -26.964752523428533], [-48.79556223892288, -26.96432594696331], [-48.79424996228621, -26.963791072257425], [-48.79347048917241, -26.963255979747853], [-48.79222167226001, -26.961155100554116], [-48.787676855162964, -26.955902343206912], [-48.786481434878226, -26.954405869493318], [-48.785973434441, -26.95409887359475], [-48.78489743855367, -26.95373187637399], [-48.78378926577769, -26.95347108600672], [-48.78159857045976, -26.953539489188262], [-48.780621724095035, -26.953980444231238], [-48.778097927764485, -26.954461442906744], [-48.776830531344515, -26.954499763286087], [-48.77582514290046, -26.95443397927016], [-48.77531517092119, -26.95408354167743], [-48.77484845057682, -26.953544897081578], [-48.77363586609567, -26.95259840942383], [-48.772151555930705, -26.95088196737781], [-48.77131948914139, -26.950469119454723], [-48.76910363373812, -26.95015306359643], [-48.7683879520639, -26.949749392785417], [-48.763211878312845, -26.944485248677182], [-48.760756633733024, -26.942203109002794], [-48.76046764273627, -26.941657485593858], [-48.759543821816266, -26.938287219504478], [-48.75927820947189, -26.93699599022971], [-48.759255622460515, -26.935870313587774], [-48.75915418125747, -26.935338689350747], [-48.75892541756517, -26.934800102391918], [-48.75616700915748, -26.93242212104542], [-48.75498266805099, -26.93154763247622], [-48.75384704845067, -26.93099989560299], [-48.752946351416725, -26.930729994116597], [-48.75206532782316, -26.930606571343308], [-48.75184441826511, -26.930706270817517], [-48.75172189199435, -26.931704716092295], [-48.75158724891425, -26.93211106769682], [-48.75102744951204, -26.933052067144256], [-48.75045356542582, -26.933059350593236], [-48.74988614892755, -26.93279698744382], [-48.749344283864595, -26.93274409498776], [-48.74899416576718, -26.932930185361236], [-48.748397256994195, -26.933608791063513], [-48.748167085684116, -26.933529681887336], [-48.74798322981935, -26.933119007066054], [-48.74871392079916, -26.932647998628116], [-48.74877500686709, -26.932320388802665], [-48.74860175796541, -26.93207859584258], [-48.74788154225159, -26.93191782371446], [-48.74651595086585, -26.932114718236246], [-48.74599636660844, -26.932076970430554], [-48.74572567310732, -26.93193255180618], [-48.74496509029942, -26.931066377944124], [-48.7445900069636, -26.93097129858194], [-48.74428155308684, -26.931047843433213], [-48.74394864668614, -26.931365435247795], [-48.74376974730311, -26.931999359971247], [-48.74291527054258, -26.932303999423276], [-48.74143786939308, -26.933099483152233], [-48.74110581792671, -26.933474293885553], [-48.74112258929154, -26.933788327962638], [-48.74139888312439, -26.933973339984604], [-48.7431339631908, -26.933958250354365], [-48.742984338944304, -26.9340461188604], [-48.74197560164588, -26.93416960358401], [-48.74124666074767, -26.934450586305587], [-48.740202620172255, -26.934381321954735], [-48.739880838733455, -26.93444649964463], [-48.73890009392938, -26.935001275908707], [-48.73820158839582, -26.93582690905815], [-48.736958024868734, -26.935020966900158], [-48.736373664133765, -26.93500363289328], [-48.73599792993596, -26.935186701213897], [-48.7357718443285, -26.9356250453331], [-48.735686733517014, -26.93627730379804], [-48.73516282053459, -26.93676199002195], [-48.735124107776755, -26.937125775420448], [-48.73539792975486, -26.937485901915544], [-48.7360594607143, -26.937645756179197], [-48.736627541611064, -26.93757835697175], [-48.737142656063725, -26.937273388979477], [-48.7368635266453, -26.938251839825888], [-48.7364129244103, -26.938291464900733], [-48.73590448995948, -26.938223509642942], [-48.73460173784472, -26.937828994506706], [-48.73402279133883, -26.937402236445816], [-48.73362986681312, -26.936921701280255], [-48.73335767488561, -26.936760251478695], [-48.73313068306701, -26.93675497303314], [-48.732782714371524, -26.93689294816888], [-48.73187462638802, -26.9376466495235], [-48.73160484837797, -26.937503145990508], [-48.73118754755525, -26.936745134220384], [-48.7309461277256, -26.936621270453134], [-48.73039240966535, -26.936710615820296], [-48.72977445022814, -26.93712209563833], [-48.729541151938285, -26.936353475020763], [-48.72923173850524, -26.93599210611209], [-48.72851282145141, -26.93568468935951], [-48.72791935264112, -26.93567619790513], [-48.72704904588057, -26.935841651590604], [-48.72673381990642, -26.936249152573915], [-48.72697109501404, -26.936693343392808], [-48.72755387889238, -26.9369136567428], [-48.7278661483131, -26.937129348252878], [-48.72800904378416, -26.937361131722117], [-48.7275458508444, -26.938741866080477], [-48.72737257950652, -26.938881650258477], [-48.72713801542786, -26.9388990577546], [-48.72247061284499, -26.937419377061296], [-48.72124386592769, -26.937127846964458], [-48.720378793573545, -26.937111354101], [-48.71994185744968, -26.93717284438298], [-48.71888508983555, -26.93762578094701], [-48.717162194922786, -26.939238918644214], [-48.71673615701055, -26.940038390912655], [-48.71662204307345, -26.94008882024088], [-48.716519236989576, -26.93991625782452], [-48.71625701739419, -26.937070817674087], [-48.716057365652375, -26.93620394457171], [-48.715887769335005, -26.936029322089166], [-48.71561947502391, -26.935960493320465], [-48.71530333153181, -26.935992432533563], [-48.71501319109925, -26.936135921394513], [-48.714203788289296, -26.936218497465678], [-48.71350904319008, -26.935975499093587], [-48.71318675342616, -26.935736155012766], [-48.712009410534, -26.93410009870962], [-48.711283588949, -26.93337240607589], [-48.71055762552966, -26.933039842835342], [-48.709955426629804, -26.932975643025227], [-48.70963986600957, -26.93303734925806], [-48.709237857822195, -26.932957305908033], [-48.70954387170649, -26.932533542049153], [-48.71011227627715, -26.931364145545707], [-48.71004894510429, -26.930918086024732], [-48.70965102858939, -26.930642580322328], [-48.70932264994384, -26.93059800704016], [-48.7089153605592, -26.930672380187463], [-48.70842161819118, -26.93099294457281], [-48.707928881901076, -26.93150519535744], [-48.70734751401532, -26.931782046079643], [-48.70643688128195, -26.931999279448362], [-48.70588842758405, -26.931985339261892], [-48.70537548877455, -26.932114718569608], [-48.70507971437461, -26.932415670904614], [-48.70494548898597, -26.93282744465901], [-48.70502349287244, -26.933150601023424], [-48.70534955475602, -26.933732685359406], [-48.705247878140135, -26.934139416228025], [-48.705053880713365, -26.934205712257825], [-48.7044539162375, -26.93398674292364], [-48.70387198997163, -26.933508093358956], [-48.7027392910903, -26.932930094383895], [-48.70125075830736, -26.932401844954285], [-48.6982931856397, -26.932190310882664], [-48.69770555672661, -26.932053284908793], [-48.6968296753558, -26.93169413997014], [-48.69658163849357, -26.931676330910587], [-48.69632872809195, -26.931757307481778], [-48.696179088367344, -26.931902827613452], [-48.69610181869217, -26.93223162786452], [-48.6961971693866, -26.93244799282225], [-48.696823496174, -26.933135375597253], [-48.69688441905056, -26.933386706655828], [-48.696804666688536, -26.933542200817243], [-48.69647740409142, -26.933648314669874], [-48.69519393282056, -26.9336980529847], [-48.69317948211531, -26.934278111420916], [-48.69272065757925, -26.934102786372005], [-48.69172040134177, -26.933147626551342], [-48.69150906733014, -26.93271244258447], [-48.69124494088473, -26.931056149637495], [-48.690760153986474, -26.93050728977396], [-48.69024353975405, -26.93056578576961], [-48.68925578691487, -26.931099569695593], [-48.68905013783744, -26.931089172478064], [-48.688716876473315, -26.930921275517605], [-48.68833533543515, -26.930532868001965], [-48.687330814923946, -26.928815911057836], [-48.68713917861801, -26.92817170838777], [-48.68717751327735, -26.927672465977334], [-48.68745288834681, -26.927357567198012], [-48.68869666742046, -26.926959767767247], [-48.68973694451873, -26.926430844914695], [-48.689906714696455, -26.925526804039205], [-48.69016442525666, -26.925202500211846], [-48.69109775278434, -26.92439195466868], [-48.691316548687226, -26.92397281584421], [-48.691420574896696, -26.92351072933549], [-48.69097270409506, -26.922055953906522], [-48.69042966952293, -26.92134661751152], [-48.689619728583644, -26.92090394363889], [-48.68811922523029, -26.921049361533537], [-48.68744439599733, -26.92134895718128], [-48.687167520810405, -26.921650983678646], [-48.68710982834662, -26.921874579524825], [-48.68720220264945, -26.922110136941633], [-48.687560785490014, -26.922424958193023], [-48.68803708403915, -26.923152041792306], [-48.68817336881681, -26.924030697566902], [-48.68801874900835, -26.924350504301753], [-48.68788329029768, -26.92444688191599], [-48.68756922243067, -26.92449084531774], [-48.686354809553315, -26.9240776829625], [-48.685329590789046, -26.923863374126196], [-48.68437009639817, -26.92376276321888], [-48.683990112803926, -26.923482794435284], [-48.68423162775323, -26.9231292510694], [-48.68591906085382, -26.921736255016388], [-48.68636526309641, -26.92123005142832], [-48.688440596063714, -26.9197181295047], [-48.68870634983685, -26.919282577892538], [-48.68871329074416, -26.91889646641553], [-48.68815093765451, -26.918281642670514], [-48.687436925660194, -26.917823573097635], [-48.68562376243733, -26.91722909374647], [-48.684733326250004, -26.916740559103506], [-48.6841449010797, -26.91626441564738], [-48.68349559032437, -26.914818754852423], [-48.68359416252913, -26.914193609375882], [-48.68473305391734, -26.912110435970593], [-48.68515642613457, -26.90956148487926], [-48.68552078995653, -26.908978536979923], [-48.68604259896024, -26.90855208887336], [-48.686845498614844, -26.907663087761563], [-48.68706132251936, -26.9072930277008], [-48.68716373583432, -26.906870408026005], [-48.68709495834885, -26.906474695693014], [-48.68691251915933, -26.906151217493544], [-48.68635567143934, -26.905756965149994], [-48.68572101000502, -26.905550150536552], [-48.684301402295795, -26.905539819391457], [-48.683472869795416, -26.905309521465806], [-48.68327767868473, -26.90514145000385], [-48.68332112085515, -26.90500962965047], [-48.68485010695018, -26.904401646909275], [-48.68568580725458, -26.903699045927222], [-48.686486898912705, -26.902801093507378], [-48.68677788018303, -26.902309688414604], [-48.68701749444972, -26.901627329453454], [-48.68689412809022, -26.90104569264419], [-48.68656595172888, -26.900586063005044], [-48.68603816252389, -26.900412712867716], [-48.6854995016301, -26.90039686524569], [-48.6848756572127, -26.900260270457235], [-48.68420866168704, -26.899952892172262], [-48.683736108122474, -26.899608032110702], [-48.683409584894044, -26.899132427370585], [-48.682994823380966, -26.898279651264783], [-48.6826970410858, -26.897237900892495], [-48.682691377525266, -26.895841128400775], [-48.68273529148901, -26.894430781649813], [-48.68286298590931, -26.89359195291402], [-48.68310634636951, -26.89295320295465], [-48.6833300467655, -26.892703270033604], [-48.683477970185706, -26.892646500469972], [-48.68379881225244, -26.892682961609722], [-48.68423642253336, -26.893496929722897], [-48.68473862183519, -26.89413693040241], [-48.6856036369324, -26.89490635977111], [-48.68661608224697, -26.89561569363028], [-48.687447599828296, -26.89601203570975], [-48.68815378390085, -26.89610859955082], [-48.68878034576559, -26.895851907278857], [-48.6891026250777, -26.895437841150667], [-48.6891087339092, -26.89475497600864], [-48.68872234952624, -26.89348451954623], [-48.6874294167008, -26.892092527940992], [-48.68385378383639, -26.889114082493204], [-48.6827922311754, -26.88783523545662], [-48.68183821471487, -26.886082698955516], [-48.681682489898044, -26.8859811880703], [-48.681420235853864, -26.886067869300998], [-48.68140918485593, -26.88631830068803], [-48.682373427433085, -26.88808542889225], [-48.68349408277704, -26.88942876748452], [-48.687077761864856, -26.892413924844007], [-48.68830092820125, -26.893733138261577], [-48.68861527974732, -26.894837955792728], [-48.68861027434964, -26.89530746422856], [-48.6884346313183, -26.895518796840733], [-48.68810661428273, -26.89565318013009], [-48.687641365610496, -26.895596456177632], [-48.68690551087531, -26.895249327105596], [-48.68594352021936, -26.894577284087717], [-48.68513412199154, -26.893862176427376], [-48.68466135804593, -26.893259691019995], [-48.6843772053863, -26.89263330574567], [-48.68412497740848, -26.89233374617442], [-48.683776421371064, -26.89219583602438], [-48.68340096284068, -26.89220245243395], [-48.68309095142513, -26.892307981889765], [-48.682824877652564, -26.892526076446174], [-48.682451741146906, -26.89326135032671], [-48.68223917929648, -26.894381243676467], [-48.6821927995054, -26.895828561699748], [-48.68220657766554, -26.89732145245268], [-48.68253004163865, -26.89844114256964], [-48.68295984008732, -26.89932484316265], [-48.68333420442191, -26.899874196336643], [-48.68391440005673, -26.90031355863834], [-48.68467405824166, -26.900669001071115], [-48.6862600812235, -26.900953764931415], [-48.686415072016636, -26.901172037334398], [-48.68651294452695, -26.90162582943108], [-48.68605984415635, -26.902572530125557], [-48.68533277742851, -26.90338563309514], [-48.68454163536954, -26.90405077125064], [-48.68293924319068, -26.90469044180682], [-48.682759250081205, -26.90514509524746], [-48.68282532984821, -26.905368441281045], [-48.68326988584628, -26.905718487719405], [-48.684189087326, -26.905973988290327], [-48.685671590831454, -26.905994119275704], [-48.686142626091495, -26.90615917563051], [-48.68650228664946, -26.906407211981445], [-48.686666631956264, -26.90688317809467], [-48.68644549639286, -26.907400969658568], [-48.68566972354769, -26.908259932001616], [-48.685109288597594, -26.908729936062063], [-48.68470338784852, -26.909379335396178], [-48.68425165654014, -26.912005254975753], [-48.683132272357426, -26.914034114903554], [-48.68300370948446, -26.91489830163052], [-48.68371762361762, -26.91649126435768], [-48.68441966289727, -26.917081999934336], [-48.68543250012786, -26.91763654665335], [-48.68718025664326, -26.91820131587424], [-48.68781040588887, -26.918600814996896], [-48.68822408387475, -26.918992857624552], [-48.688229001537266, -26.919153922553825], [-48.688081948691256, -26.91941340914613], [-48.686034255372334, -26.92090444463093], [-48.68555515135582, -26.92143961778132], [-48.68386158425252, -26.922839683387316], [-48.683537588683485, -26.923210395640137], [-48.68350899642523, -26.923588738595562], [-48.683658026178946, -26.923874218690358], [-48.68424532910632, -26.924192075000963], [-48.685259526568316, -26.924298654088222], [-48.686219440304875, -26.924500604638045], [-48.68747283833834, -26.92492253749546], [-48.68794045217069, -26.92491001708738], [-48.688443674488965, -26.92457558016347], [-48.68866573291424, -26.924074265834914], [-48.688637972586804, -26.92359636729519], [-48.68851008246247, -26.923035794555105], [-48.688253345762504, -26.922547727835017], [-48.687622487680514, -26.921822047524586], [-48.687891012242886, -26.92161705844265], [-48.68828930283125, -26.921461091493352], [-48.689565787269764, -26.921345871543], [-48.690113753115426, -26.92168344742985], [-48.69054568750225, -26.922270716908212], [-48.69093047936365, -26.923538567386288], [-48.690702250333125, -26.92413418597679], [-48.68980991733193, -26.92490156197965], [-48.689482905678865, -26.925306697252992], [-48.6893178539191, -26.92583460697295], [-48.68931570088755, -26.92616118459055], [-48.688498405185555, -26.926560577551026], [-48.68721951106571, -26.92697334597734], [-48.68697602889828, -26.92715151781243], [-48.68672126041417, -26.927516618647985], [-48.68665373449464, -26.928208939712064], [-48.68688366148848, -26.928988976762856], [-48.68791984448211, -26.930760792590775], [-48.688368368408604, -26.93122587530461], [-48.688906161586274, -26.931506765527416], [-48.689308323197814, -26.931537669658262], [-48.69054195339025, -26.930938293935966], [-48.69078611301465, -26.93121217262329], [-48.69102981489403, -26.932788906187547], [-48.69129368399401, -26.93335847174443], [-48.69240216069897, -26.934435421180652], [-48.69313637604468, -26.934724010219956], [-48.69499019249672, -26.93418772973796], [-48.6965577111226, -26.934076246453145], [-48.69713498951596, -26.933863995688903], [-48.697323109036006, -26.933591102590523], [-48.697350452116844, -26.933208250425434], [-48.697116833207595, -26.932743125529665], [-48.696599078208365, -26.932205663669635], [-48.69662975962395, -26.932111587787723], [-48.69754064676973, -26.932460854694227], [-48.69820436209045, -26.93261615398927], [-48.7011172199677, -26.932818368597925], [-48.70251201014932, -26.933311472627196], [-48.70360924116981, -26.93387137385334], [-48.70423093252031, -26.934371711819644], [-48.70505234747531, -26.934653754456317], [-48.70560902160429, -26.934460549393908], [-48.70581964973884, -26.93394102245707], [-48.70581372889855, -26.933601998460137], [-48.70543088514203, -26.93285599202513], [-48.7055101663153, -26.932611375451646], [-48.70566354303103, -26.93246423135295], [-48.706519135245216, -26.93242469296648], [-48.70754534812846, -26.93217519163556], [-48.70824485782401, -26.931831171126568], [-48.7089125668703, -26.93117035973858], [-48.70922662377178, -26.931035065503885], [-48.709478029618204, -26.931045822455467], [-48.70961622369455, -26.931122564151327], [-48.709634701121715, -26.93130289729563], [-48.70911975347394, -26.932329496786707], [-48.70873580983876, -26.932780712232272], [-48.70870956177664, -26.932925858977395], [-48.70880431764743, -26.933168637127057], [-48.70924052814216, -26.93342308966024], [-48.710458760366734, -26.93346225683386], [-48.71095681640234, -26.933689361556407], [-48.7116240285107, -26.934355725189622], [-48.71279118954776, -26.935981416564438], [-48.71326833975203, -26.936347213369263], [-48.714188174394884, -26.936648556930635], [-48.715135568911705, -26.93655206715014], [-48.715618929763416, -26.936399093868015], [-48.71578266482527, -26.937126563937753], [-48.71604754053889, -26.939985523832423], [-48.71615846250699, -26.940337113064448], [-48.71656558504904, -26.940526294672754], [-48.716873652620095, -26.94047873595496], [-48.71709574769533, -26.94032446153413], [-48.71753973227177, -26.93950188874274], [-48.71919187860909, -26.937953327017595], [-48.720099775402424, -26.937576912091025], [-48.72043519045429, -26.937535509445798], [-48.7211754965476, -26.937550672380205], [-48.722341869275226, -26.937830269049382], [-48.72703340563098, -26.939317874924722], [-48.727563618833805, -26.93927852678274], [-48.72797602541973, -26.938926877435435], [-48.72826853033959, -26.938208781071776], [-48.72849734402862, -26.937307002104646], [-48.72819809163745, -26.93682160309878], [-48.72724909446681, -26.93630079324258], [-48.72731721825687, -26.936212727419203], [-48.72798670212225, -26.936097416433185], [-48.72839759723533, -26.93609828575536], [-48.7288951733935, -26.936293888033184], [-48.72909523378306, -26.936511122715828], [-48.72928825441356, -26.937215476485125], [-48.72961201294912, -26.937549756330913], [-48.73002239408333, -26.93750770255571], [-48.73059007270503, -26.93709700990369], [-48.730829620232555, -26.93703817621062], [-48.731044439652564, -26.937483089339114], [-48.731347137991555, -26.937874649225545], [-48.7315756110875, -26.938015963924418], [-48.731966090263185, -26.938065373055885], [-48.73226617387438, -26.937928642874766], [-48.73305125940396, -26.937242388525988], [-48.73323121222366, -26.937171055980944], [-48.73367920238305, -26.937693950008047], [-48.73440164803182, -26.93821347543954], [-48.73582228013802, -26.938640370447413], [-48.73639262079835, -26.938714443139602], [-48.73701748215213, -26.93865274843763], [-48.73730022768919, -26.938471161574956], [-48.737399441858415, -26.938262109107487], [-48.737617997341424, -26.93728697153518], [-48.7375086082693, -26.936921825395995], [-48.73736064741555, -26.936837539451023], [-48.737060475063295, -26.9368423534679], [-48.73648475559218, -26.93717414322199], [-48.73612093691154, -26.937225840732047], [-48.73564996209075, -26.93712329441925], [-48.735569566831224, -26.936980673950778], [-48.73606645052115, -26.93654869834765], [-48.73622711076577, -26.9357344567595], [-48.73635627111125, -26.93546191720224], [-48.7366921104281, -26.935401041424317], [-48.73690966101284, -26.93546144901627], [-48.73788029644983, -26.936178418765984], [-48.738293686507305, -26.936242130200103], [-48.73860168120372, -26.936077698517845], [-48.73922291689423, -26.93530774095035], [-48.740069686982174, -26.934832306385776], [-48.74130131605891, -26.934871505603027], [-48.742082599525595, -26.93458019868302], [-48.74317634397518, -26.934435381660684], [-48.74349888230137, -26.934244102984774], [-48.74366501576361, -26.933938885760185], [-48.74360829649988, -26.933786181250817], [-48.743366600828814, -26.933560651685532], [-48.74156762273457, -26.933576190418435], [-48.74313572513449, -26.932674879845962], [-48.74409055059439, -26.93230704386309], [-48.74426767497138, -26.932026324159107], [-48.744379426016884, -26.931532958542345], [-48.744522647723706, -26.931408777877543], [-48.7447561263774, -26.931460347746057], [-48.745390229401266, -26.9322253736713], [-48.74586840414622, -26.932480298401654], [-48.746552847271744, -26.93253272831102], [-48.74762133033039, -26.93234256295169], [-48.74830902486293, -26.93240892680699], [-48.747671699841796, -26.932757903136903], [-48.747515530510356, -26.933125261501036], [-48.74780307296226, -26.933792860173778], [-48.748053676800176, -26.933964643354138], [-48.748395962700094, -26.93402751037978], [-48.74880015927989, -26.933889556273815], [-48.74921260720066, -26.933336274424565], [-48.749444041076565, -26.933153699730877], [-48.75053738538109, -26.93349613447599], [-48.75111919540791, -26.933475354189856], [-48.751314474054745, -26.933382300926347], [-48.75160928207295, -26.933027525854623], [-48.75202286750849, -26.93225933462323], [-48.752182385558505, -26.931769563066133], [-48.75225213372451, -26.93105390282607], [-48.75281943084951, -26.931131624658967], [-48.7536462621539, -26.931376363800997], [-48.75470569865606, -26.931882912677736], [-48.75585333226658, -26.93272925532638], [-48.75855195071203, -26.93505472499255], [-48.758795937178355, -26.93592701824907], [-48.75881872300392, -26.937053154967415], [-48.759088520386626, -26.93836475523967], [-48.76002340670703, -26.941775995377164], [-48.76035187940178, -26.942405582997022], [-48.760887421653855, -26.94297634881774], [-48.762884401112075, -26.944777319827956], [-48.76811360908518, -26.95008205539657], [-48.76898218033374, -26.95055341122026], [-48.77120540129846, -26.95087014743183], [-48.77188553423704, -26.951220136527922], [-48.773314748799535, -26.952893301404686], [-48.7745300138259, -26.953841884048476], [-48.77501184084416, -26.954393096140016], [-48.775680612665816, -26.954832941693017], [-48.77680830565155, -26.95491030633759], [-48.77817242854736, -26.95486680146732], [-48.78074713304078, -26.954376100876377], [-48.7816813461734, -26.953945946487067], [-48.78376730737299, -26.953881413443906], [-48.78578522570148, -26.95447266043402], [-48.78618991930382, -26.954722799706175], [-48.78731232397037, -26.956148172281285], [-48.79184990860732, -26.961390927358313], [-48.792599814099525, -26.962744021457063], [-48.79315945880303, -26.96355527435765], [-48.794016463701155, -26.964140472542653], [-48.795324783962776, -26.964673602881646], [-48.7959999074323, -26.9651004874529], [-48.798415809714754, -26.966324189494465], [-48.80030340179709, -26.96713805671265], [-48.80190987418697, -26.968006239381364], [-48.80385508138629, -26.97142840369257], [-48.80491681979684, -26.974150897255267], [-48.813059086307575, -26.98171575440753], [-48.813180788057444, -26.983324496385254], [-48.81325710141737, -26.983462362945733], [-48.81652478821347, -26.985572032037332], [-48.8177471819226, -26.98713913995976], [-48.81857264610056, -26.989625124093315], [-48.819236956621005, -26.990930728219528], [-48.821307312607566, -26.992106402983193], [-48.82144807351298, -26.994133812379015], [-48.822645369557854, -26.9966328138737], [-48.82460813484597, -27.000297783764214], [-48.82922329577676, -27.00411506411612], [-48.82989479954334, -27.004828101279028], [-48.83085365771077, -27.00530885834372], [-48.83199638048451, -27.006020376718848], [-48.833138373675716, -27.006870864494303], [-48.83359917624471, -27.0074703097915], [-48.833672024505084, -27.007863232219997], [-48.83362573995969, -27.008488948974843], [-48.83342793772967, -27.00918826540925], [-48.83285932155776, -27.010337026305294], [-48.832230689977436, -27.01126522658915], [-48.831931862300245, -27.01157520405609], [-48.831824793589064, -27.01193500782539], [-48.831848641497274, -27.012313546744696], [-48.83200818420105, -27.01278084310018], [-48.833308841267815, -27.01430163871788], [-48.8338088331662, -27.01472575583594], [-48.83542353023902, -27.015573519571074], [-48.83633531687001, -27.016289510036827], [-48.83714804204755, -27.01672423919093], [-48.839577558561636, -27.017386462443117], [-48.84024112368358, -27.017660696699163], [-48.84142582614527, -27.01800188986095], [-48.842662196839335, -27.01804024090168], [-48.84392894860004, -27.01769297854896], [-48.844760767883514, -27.017912384705333], [-48.84532608335447, -27.017912386550684], [-48.84586908203359, -27.017626315206606], [-48.84638169223135, -27.017095894517276], [-48.84694333154873, -27.017051554574632], [-48.84779241977093, -27.017347368421355], [-48.84829752776565, -27.01770422358268], [-48.848523765804245, -27.01797300262513], [-48.848740389398564, -27.01839395669497], [-48.84884258207329, -27.01879961281083], [-48.84855947714342, -27.02031784017876], [-48.84863305016971, -27.020716682096307], [-48.8485492844668, -27.022681883047674], [-48.84890062665872, -27.023436420046778], [-48.84996530805617, -27.024947090099243], [-48.85045775729912, -27.025224529656885], [-48.85122520040181, -27.02595735929736], [-48.851791799912554, -27.026733268777402], [-48.85228178540647, -27.027116248665827], [-48.853124923707355, -27.02819876810189], [-48.85500370369349, -27.029970244992764], [-48.85525428913269, -27.030370739261706], [-48.856187464162495, -27.031348176523966], [-48.85630227299051, -27.03158413216967], [-48.85647876757035, -27.032580684186165], [-48.8569711305695, -27.033434533086503], [-48.85724336936015, -27.0336120278775], [-48.85858468565445, -27.033739695700536], [-48.8608051259402, -27.033323575522274], [-48.86220334016734, -27.033341407460856], [-48.862742480179946, -27.03340484133295], [-48.864041377118326, -27.03374458102665], [-48.86534892956558, -27.03454177669226], [-48.86612235374458, -27.035322610198712], [-48.86686350921477, -27.036379092431503], [-48.86723605896684, -27.03678449849477], [-48.86850846101437, -27.03772968259004], [-48.868721428612595, -27.03811209593558], [-48.869170256300144, -27.038589766800655], [-48.86954195866072, -27.039321670375703], [-48.87116813778173, -27.040999872447827], [-48.87261673477724, -27.04317564256822], [-48.873491722352426, -27.044086722177582], [-48.873968951785, -27.04436632808311], [-48.87456175257545, -27.04455412842932], [-48.87528142196002, -27.044612272993856], [-48.87661457610553, -27.044280049976717], [-48.87739244877352, -27.044241771287993], [-48.87790442192175, -27.04444421269613], [-48.87898221671416, -27.045149780030226], [-48.87945361791136, -27.04530303171903], [-48.88017254466371, -27.0453478031758], [-48.88142722158386, -27.04524260143963], [-48.88218411469735, -27.04558421771147], [-48.88296760239439, -27.046207331849292], [-48.88309942928518, -27.046520301168478], [-48.883125558685265, -27.047533540328146], [-48.88346542418376, -27.047946955367035], [-48.88343264491012, -27.048305317998107], [-48.88262074102091, -27.049053105686628], [-48.8818033377423, -27.04965525727773], [-48.88142139701134, -27.050298920208768], [-48.88112160960295, -27.051138143285005], [-48.8808306323697, -27.052618556654405], [-48.88091756813164, -27.05338147519031], [-48.88109735943728, -27.05400824494963], [-48.881796248495895, -27.055022390143257], [-48.88267991659796, -27.056768952251883], [-48.88322004484482, -27.05761218876588], [-48.88322474515074, -27.059133534725866], [-48.883295010952565, -27.059618947551495], [-48.88340061016816, -27.060092669153175], [-48.88387486662269, -27.061101090148615], [-48.88389490600374, -27.061635376241632], [-48.88405434127743, -27.062124094066828], [-48.88490105171913, -27.063175335489753], [-48.88593378236586, -27.0639298371943], [-48.88694231142693, -27.065365075429632], [-48.88714544504628, -27.06732817516809], [-48.88773397666055, -27.068498995445204], [-48.88819839172867, -27.06919210809873], [-48.88960110514798, -27.070602371435555], [-48.89237831713656, -27.072564398927184], [-48.895296225840156, -27.074867769275414], [-48.89690621781879, -27.07621902619749], [-48.898012089216266, -27.0774281476753], [-48.89985850850568, -27.078266166338032], [-48.90128224749876, -27.07879395957919], [-48.90583268863498, -27.080061176892727], [-48.906637036678624, -27.080142017237684], [-48.90755027711799, -27.080658282807576], [-48.90792106007684, -27.08123115363994], [-48.90805130386598, -27.081686029457035], [-48.908299234984014, -27.08370352436329], [-48.90871172939669, -27.085096455895236], [-48.90893807806276, -27.085600072364777], [-48.91018155716363, -27.08732364030897], [-48.910307733041165, -27.08770131519895], [-48.9100731051531, -27.08851178817387], [-48.90979643952642, -27.088969243186686], [-48.908991453383855, -27.089627505130416], [-48.90800119557428, -27.09007088811233], [-48.90747906440635, -27.090156651623957], [-48.90612601706366, -27.090565822904328], [-48.90588482383583, -27.090746070074168], [-48.90577856523188, -27.090966469028732], [-48.905714802866974, -27.091330369081458], [-48.90573275867985, -27.092244936859924], [-48.905905869235056, -27.093358160814084], [-48.90607323230426, -27.09389204602641], [-48.90695967300862, -27.09533379784351], [-48.90791517235018, -27.096382798891657], [-48.908888637440484, -27.097207679392053], [-48.91218441543063, -27.099603564681047], [-48.913190492729015, -27.100475699978656], [-48.914168183792064, -27.100816883489575], [-48.91599560006858, -27.10066897201815], [-48.91698187464948, -27.100709744954745], [-48.91789536266832, -27.101296416621366], [-48.91930548864716, -27.102372558588378], [-48.9202465093324, -27.102745016093746], [-48.9213903507634, -27.10302761952629], [-48.92417685019068, -27.103004225122067], [-48.924793794275125, -27.10268075914089], [-48.92527539801122, -27.102334233051938], [-48.92688092574931, -27.09992718201104], [-48.928099893369165, -27.098610204740822], [-48.929105773650676, -27.0979540896402], [-48.92938197128533, -27.09789061798489], [-48.92973466272041, -27.09800625846767], [-48.93003163002596, -27.098198754009683], [-48.93124007059064, -27.098674968160562], [-48.93176813162655, -27.098979026069337], [-48.93221669597432, -27.09942913723373], [-48.93280559644722, -27.099741537694452], [-48.9334667358488, -27.100077340238474], [-48.93413838688174, -27.10024552028047], [-48.934586602563556, -27.100483654605956], [-48.93496671191588, -27.10090303762451], [-48.935017462995646, -27.10135735769805], [-48.93504074337563, -27.101851363333544], [-48.93485336103416, -27.103321354260117], [-48.93515504417298, -27.104204093696726], [-48.93543409038121, -27.104586670741632], [-48.93591296482685, -27.105078526468144], [-48.93653983192681, -27.10555354470834], [-48.93957784294997, -27.107438682919508], [-48.941302316560574, -27.108267596489007], [-48.942133532577714, -27.10885895628553], [-48.94255638795662, -27.109315452955318], [-48.943919635897444, -27.111724686485964], [-48.94390843664934, -27.112470730908868], [-48.943785320546375, -27.11288967955243], [-48.943399858941234, -27.11356958553568], [-48.94282996967549, -27.114192949213436], [-48.941745131960886, -27.115055422483], [-48.94102977835294, -27.115368982323478], [-48.94065308022017, -27.115339907240816], [-48.94017902157197, -27.115048213112026], [-48.93936041715974, -27.113802764989277], [-48.93904928080315, -27.11348102230334], [-48.938679909487604, -27.11330935166411], [-48.93827481066644, -27.113239172032895], [-48.9376317286999, -27.11341971609045], [-48.936493974640726, -27.114611225497466], [-48.936100180116405, -27.115312084968984], [-48.93608719297862, -27.115856755690363], [-48.93644379302473, -27.116908700243943], [-48.93617369586202, -27.117940942807245], [-48.935795700335674, -27.11874807984852], [-48.9357672769321, -27.119902257914358], [-48.936165408775686, -27.120795602892954], [-48.93704971300932, -27.122027279131366], [-48.937717334791316, -27.123254061420557], [-48.93808788538293, -27.12374446404918], [-48.938093153523056, -27.12398410988684], [-48.93762086275654, -27.124624367977617], [-48.93740457328441, -27.125187599874536], [-48.93742183043107, -27.125990833121183], [-48.93772589057137, -27.12663954529063], [-48.938483431903165, -27.127264122674102], [-48.939097257174936, -27.127923994629157], [-48.94110190524065, -27.129481968901644], [-48.94134086020741, -27.129557345021784], [-48.941659056832876, -27.129539646697815], [-48.94257752295907, -27.129094623784248], [-48.94302529356884, -27.129045472478783], [-48.94466737911756, -27.130187302652946], [-48.946166200824145, -27.13056824534892], [-48.946296679271306, -27.13077111543393], [-48.94644986065307, -27.13190974266863], [-48.946607508766455, -27.13229633288878], [-48.94738581244912, -27.132999521179105], [-48.9477205080158, -27.13347341058474], [-48.94835008274056, -27.134818897004724], [-48.94900869310249, -27.135720276559752], [-48.94913178234945, -27.136201916425712], [-48.94973904932135, -27.137030747621417], [-48.95096261287692, -27.137924240276366], [-48.95172326664281, -27.138275956998328], [-48.95245803721766, -27.138383179999327], [-48.95302362131066, -27.13818313951855], [-48.95315701773549, -27.13782705720807], [-48.95287229314546, -27.136747100613334], [-48.95288281996314, -27.135662891299255], [-48.95312520704408, -27.13491092779523], [-48.953541364426705, -27.134627530030794], [-48.9548056707955, -27.13436234310934], [-48.955224853749144, -27.13380635475052], [-48.95518542841114, -27.13331290934967], [-48.95457419697334, -27.132220501104523], [-48.95448483477184, -27.131950913273513], [-48.954488658463006, -27.131611183394142], [-48.95467401646065, -27.131517947846937], [-48.95494616424605, -27.131566456073973], [-48.955640927602225, -27.132013683301757], [-48.956093473540506, -27.132183571057244], [-48.95644885294694, -27.132193502350365], [-48.95684410759805, -27.132076116235336], [-48.95712803047616, -27.131723666539898], [-48.95713241103892, -27.130772064954687], [-48.957263870170834, -27.1304343905821], [-48.957501711586524, -27.13014499297042], [-48.95812000945389, -27.129749016278105], [-48.959012085874235, -27.129490080417195], [-48.95974292257548, -27.129122541793453], [-48.96126471717479, -27.127750970192032], [-48.96155790820212, -27.127620177293625], [-48.96192640529562, -27.127823573691245], [-48.962814310798386, -27.12889331903664], [-48.96356698901929, -27.129357877114817], [-48.96386048879334, -27.12979255275658], [-48.96390238488034, -27.13000109876101], [-48.96377202015313, -27.13105481976971], [-48.96438489611686, -27.132910181688693], [-48.964955168417546, -27.133447093758214], [-48.96600243189984, -27.133840922705723], [-48.96661415030906, -27.133964855033884], [-48.96671874965801, -27.13411682509666], [-48.9667542377325, -27.134318120100513], [-48.96639390869327, -27.135186647932773], [-48.96638645180058, -27.135702699307824], [-48.96649875975237, -27.13608120247035], [-48.96702291796084, -27.13688256005744], [-48.96739629839502, -27.13720267781296], [-48.96820142433207, -27.137684278260988], [-48.967908443663724, -27.138442044196065], [-48.967825029151065, -27.139069423792005], [-48.96799892283443, -27.139517611256625], [-48.96846380682043, -27.14021024810881], [-48.96876765024659, -27.140512681413966], [-48.970226962100014, -27.141352447730192], [-48.970502631830136, -27.14165273437494], [-48.97119517485834, -27.143030635183404], [-48.971007481459125, -27.14371656508899], [-48.97098489628847, -27.144120771543996], [-48.9712061189199, -27.14478819724989], [-48.971605415990815, -27.145140053620082], [-48.97235705950386, -27.145489243546162], [-48.97356043640133, -27.145688882779066], [-48.973948478277016, -27.14559457792489], [-48.97422158652416, -27.14533296775508], [-48.97429375998654, -27.14467218054696], [-48.97367944910026, -27.14395046238377], [-48.973592539499556, -27.143516473257428], [-48.973683198704755, -27.1433938373341], [-48.97403592857894, -27.14333583806324], [-48.97527796139521, -27.143540461288293], [-48.97608073189044, -27.14334416931177], [-48.97701293669724, -27.14365430168322], [-48.97715670108255, -27.143807382636513], [-48.97712531262962, -27.144060845790026], [-48.976567256866545, -27.144565328293652], [-48.97614521180512, -27.144727485238572], [-48.975677287935426, -27.145055286424665], [-48.9755312618296, -27.145547837773133], [-48.97563445849746, -27.14587977777013], [-48.97584798794546, -27.14619985926086], [-48.976185517462625, -27.14641383927585], [-48.97752068565221, -27.146359678959], [-48.97816622080755, -27.14614621572281], [-48.97839296402167, -27.145871948152205], [-48.97848404618044, -27.14559334980971], [-48.97822128279496, -27.14458154380309], [-48.978313157606415, -27.14432554201589], [-48.97848541467815, -27.144253793851924], [-48.9792088681092, -27.144278217103455], [-48.98048136468878, -27.144609459840158], [-48.981038332333924, -27.144567606922806], [-48.98146944263995, -27.14434316181423], [-48.98168021416193, -27.143806863836502], [-48.981660006770355, -27.14367649269304], [-48.98137818538261, -27.143315003001767], [-48.98085194347223, -27.142944681439566], [-48.98061486398964, -27.142672891461686], [-48.9805548712611, -27.14235463157209], [-48.9809064148531, -27.142008791623685], [-48.98226549210872, -27.141264038558443], [-48.98291285631148, -27.140339300228], [-48.983093503937, -27.139815012887606], [-48.98295284607019, -27.139463974631827], [-48.983041183156296, -27.13936248631021], [-48.98329977208651, -27.13933250098249], [-48.98378329303753, -27.139456769669895], [-48.98551398714735, -27.140978788078442], [-48.98701836175238, -27.142534283520295], [-48.98775216188957, -27.143096484172975], [-48.98827040195201, -27.143380885834397], [-48.98828510963951, -27.143509153511886], [-48.98776620338564, -27.144343928693704], [-48.987721964914506, -27.145215096261435], [-48.98788498248156, -27.14550575177115], [-48.9883247322077, -27.145835555240723], [-48.9892084691234, -27.146138517348447], [-48.9910607556964, -27.14632831786177], [-48.9918414463823, -27.146222825405733], [-48.992779931059246, -27.14575748020565], [-48.994476725902516, -27.145598445124048], [-48.99565321741631, -27.145812203015126], [-48.99663832893587, -27.146103377166586], [-48.997943097838785, -27.14734592971279], [-48.99891201746795, -27.147666905844325], [-49.000317784163755, -27.14714504592076], [-49.00136513489807, -27.146230003177354], [-49.00259175791417, -27.144277462284826], [-49.003628125260256, -27.14338089546164], [-49.00393910808906, -27.143300981425774], [-49.00442952768731, -27.143451229559915], [-49.005205070294224, -27.143887138055028], [-49.00703872670021, -27.14404211570689], [-49.007730192905065, -27.14387952096487], [-49.00872759397303, -27.143423320417316], [-49.009036707540446, -27.14280342724011], [-49.009321106913085, -27.142556703597908], [-49.01047090824908, -27.14259548801093], [-49.0112583114916, -27.14238350833459], [-49.01220936923163, -27.142505493099492], [-49.01296597199578, -27.142946635001547], [-49.01380405742112, -27.143755412565095], [-49.01529545801349, -27.14476731379418], [-49.01595129639638, -27.145076157118513], [-49.01654187720947, -27.14484824203354], [-49.01897651156496, -27.144176859644528], [-49.020250557586785, -27.144450502411647], [-49.02121115314869, -27.145004625309575], [-49.02118847483549, -27.14546813763078], [-49.0209034132608, -27.146313680696892], [-49.02049375418981, -27.146629166967468], [-49.01779411469396, -27.147356176047975], [-49.01694591536102, -27.147862175462883], [-49.016121119418536, -27.148542659697956], [-49.01469775125043, -27.149414489585354], [-49.014364160311, -27.149854496995122], [-49.01432798142601, -27.150295421561452], [-49.01459169207331, -27.15081795843357], [-49.01523813986826, -27.151221869536602], [-49.01534406461546, -27.15156521352492], [-49.015358217084184, -27.152219951054608], [-49.01603898090209, -27.153552758481094], [-49.016896579983445, -27.154664159359008], [-49.01760560962568, -27.15543041344109], [-49.01830752588745, -27.155807864443894], [-49.01910902461013, -27.155863338611024], [-49.01987464017299, -27.15563122841201], [-49.020021146616955, -27.15522869110812], [-49.019912267272744, -27.154035206786194], [-49.020048837324886, -27.15368279042236], [-49.02036999449709, -27.15364194263679], [-49.02148905580172, -27.153762388451685], [-49.022216691197, -27.153936133759355], [-49.02275266908645, -27.154213357500403], [-49.02302931490194, -27.15447419289408], [-49.023133671219554, -27.154758768429478], [-49.02287557752338, -27.155261110757593], [-49.02202615730747, -27.156184003625768], [-49.02019998102026, -27.15713937612106], [-49.01948602044806, -27.157682117117904], [-49.019441306718754, -27.15820121646474], [-49.01958995773222, -27.158807932419894], [-49.020314904784, -27.159385761064843], [-49.021309021388504, -27.15965616323655], [-49.02199246959294, -27.16002107869197], [-49.022238054325655, -27.160418358549485], [-49.022127915836386, -27.16073549204728], [-49.02142206391613, -27.161009772222695], [-49.020175130515355, -27.16110124380854], [-49.01932115295078, -27.161294451636376], [-49.018410073717924, -27.162436043681858], [-49.01746730502573, -27.163805327477643], [-49.01708149302482, -27.165327958965523], [-49.01700689184773, -27.166066058805797], [-49.01718581217956, -27.166678519637006], [-49.017070206613894, -27.167057821913456], [-49.01495637337506, -27.168110667197414], [-49.01410099414334, -27.16888690596008], [-49.01364418429406, -27.168941056668324], [-49.01287526040936, -27.16873731135763], [-49.01197588218337, -27.168771568973433], [-49.010760524062135, -27.169447537762313], [-49.00903857840385, -27.16937171353845], [-49.00860112215911, -27.169765530928693], [-49.008618403683165, -27.17036732759652], [-49.009055018085874, -27.171543758355426], [-49.00905842180049, -27.172679512766955], [-49.00977558848852, -27.173778393851904], [-49.01036693957214, -27.174259712590395], [-49.011128859007286, -27.174115973805705], [-49.01125911343695, -27.174000832421655], [-49.01146417628147, -27.173318689138593], [-49.01184777833424, -27.172872930862827], [-49.01241820110184, -27.172846963352978], [-49.01278475971209, -27.173133099193674], [-49.01356158721209, -27.174573211154758], [-49.01419237769128, -27.175324845694462], [-49.014889337849, -27.17567630716106], [-49.01574280147434, -27.175535157904072], [-49.01636778669761, -27.175324959967607], [-49.01721730528754, -27.175380404999604], [-49.01950016684482, -27.175256610295477], [-49.02018362034777, -27.175051792508917], [-49.020995937135375, -27.174532148561834], [-49.021274266546186, -27.174431759563966], [-49.021693303640525, -27.17449165645597], [-49.02206766342049, -27.174781839609658], [-49.02254685072437, -27.174878851089414], [-49.02310466960823, -27.174796807870784], [-49.02321983271694, -27.174729050313616], [-49.02366962051101, -27.17397706712986], [-49.02407600824744, -27.1739708276634], [-49.02437042069236, -27.174064377959688], [-49.02453428657035, -27.174343271588793], [-49.024568506756076, -27.17482254840373], [-49.02444877046352, -27.176690269587212], [-49.02414460103537, -27.17790377535949], [-49.02409050781654, -27.178626827360812], [-49.02452182696743, -27.179149101913303], [-49.02525884856263, -27.17941952432937], [-49.02583951041117, -27.18031589657691], [-49.02586015274204, -27.180676557745773], [-49.024970357590945, -27.181222258146388], [-49.02461628556647, -27.18193111276909], [-49.024686913235044, -27.183176318853075], [-49.02505981122163, -27.184519519203214], [-49.02550071468329, -27.1853913851333], [-49.02679131397901, -27.186688803534864], [-49.02747913481756, -27.186968306429183], [-49.028592878470256, -27.187129369625637], [-49.02907351676066, -27.187381692277686], [-49.029304712440585, -27.188035332086958], [-49.0292497656362, -27.1894752703551], [-49.02950149207155, -27.19118232523177], [-49.029483088818196, -27.192347054745685], [-49.0296237294677, -27.193739965733798], [-49.03012763184919, -27.19466049841247], [-49.03066982560503, -27.195086352260905], [-49.03068953196806, -27.195629912008187], [-49.030497459793146, -27.195698115550044], [-49.02940582938511, -27.19567150687748], [-49.02853834617693, -27.1958328716422], [-49.02723717304355, -27.196814809450995], [-49.02638687233727, -27.197952108527588], [-49.025934083089915, -27.199531624679704], [-49.02587012543039, -27.200547964571257], [-49.02636269155255, -27.20146320208082], [-49.02708823331121, -27.202104489305704], [-49.027640732605285, -27.202289260905985], [-49.02828947658768, -27.202064635650796], [-49.02998262024284, -27.20061123810873], [-49.03064572113607, -27.19941423187275], [-49.03167519974205, -27.199146494182653], [-49.03244886982719, -27.199136002124273], [-49.03285569182535, -27.199483441983617], [-49.03496691662578, -27.200824229264096], [-49.03581025977929, -27.20098502724016], [-49.03724141932546, -27.200437055585404], [-49.03787180973495, -27.200057067406945], [-49.03828271385686, -27.19951489489163], [-49.03825811508258, -27.198693969851647], [-49.03774198765938, -27.19747368530527], [-49.03763684144532, -27.197025725287496], [-49.03872534555065, -27.19583489882978], [-49.03951310399686, -27.19514515838156], [-49.04011809000656, -27.19517400626571], [-49.04130903227028, -27.196125197051263], [-49.04230010517122, -27.1966877553953], [-49.04474042366833, -27.19731115941231], [-49.04579971552581, -27.19745506493521], [-49.04656726759967, -27.197148017451475], [-49.04699165131997, -27.196584700000773], [-49.047303419154545, -27.195944162943864], [-49.04732564117843, -27.195082113278232], [-49.04698271592221, -27.194596604276718], [-49.045358885282184, -27.19398648591617], [-49.04503503185133, -27.19353719019192], [-49.045079842145206, -27.1933546740194], [-49.04520954210505, -27.1931456601744], [-49.04601269149015, -27.19272505151935], [-49.046596767357066, -27.192561079254055], [-49.049293953858665, -27.19269515630696], [-49.049684224305814, -27.192341235581], [-49.05001387516246, -27.191200437588098], [-49.04999182661983, -27.19006502053739], [-49.04963047855015, -27.189387163193345], [-49.04914865997653, -27.188096162103328], [-49.048632079562886, -27.187218305056987], [-49.04723018779768, -27.18564022631619], [-49.04732617395344, -27.185355595532517], [-49.04777063215577, -27.18503721877255], [-49.048473614312464, -27.184690084021714], [-49.04959816840559, -27.184964912439227], [-49.0509842690335, -27.18686885759565], [-49.05261226919109, -27.188170458920695], [-49.05370817955688, -27.188555245508137], [-49.05426081442587, -27.188350824765582], [-49.05472183701201, -27.187885852147023], [-49.05505090120265, -27.187123154999174], [-49.055388035695685, -27.186577873995496], [-49.055595109043686, -27.186452534489707], [-49.056012672881394, -27.186553683688633], [-49.05619733949889, -27.18680949935753], [-49.056712523526066, -27.188846786117363], [-49.05733370337643, -27.190632929235107], [-49.0577630092359, -27.190981959890784], [-49.05808570828567, -27.191114836454453], [-49.05838496152594, -27.19106567563565], [-49.05919690558421, -27.190295743700343], [-49.05942018991121, -27.19021450752212], [-49.060341623578736, -27.190356345092074], [-49.06117150498399, -27.190222848443383], [-49.06144457374198, -27.19028456809056], [-49.06171678533616, -27.19081419466583], [-49.06177673829202, -27.191187477782723], [-49.06139792454622, -27.191734219118075], [-49.061481949109115, -27.192481338041134], [-49.061915696585864, -27.192971927752062], [-49.06253973213055, -27.192994147144567], [-49.06370483952892, -27.192151580361905], [-49.06452645034323, -27.19166435497991], [-49.06530817262029, -27.191307670386543], [-49.06705378552785, -27.19090420403843], [-49.06759481768744, -27.190456437143727], [-49.06804098282689, -27.19026289022669], [-49.06827573176056, -27.190319861864566], [-49.068509176219344, -27.190677195618125], [-49.068691861934276, -27.191519834915187], [-49.068961510299566, -27.191762141021822], [-49.06939780315406, -27.1917752940303], [-49.0700431039557, -27.1916163938676], [-49.07207790737296, -27.190974325349288], [-49.072635780568916, -27.191082849664106], [-49.073254328283106, -27.191403405068105], [-49.07353446503379, -27.191768858389523], [-49.07365496577462, -27.192288703410913], [-49.073427161944174, -27.19675210543527], [-49.07430502730103, -27.19813824826546], [-49.07462601455512, -27.198462988345334], [-49.07509028736387, -27.19843868379086], [-49.07555290559814, -27.198183038375777], [-49.07657739125359, -27.19689793570316], [-49.07704989052869, -27.196445340664514], [-49.07781147823291, -27.195273478292858], [-49.07804454750216, -27.195208386238345], [-49.0789267279045, -27.195431931559458], [-49.07931748491018, -27.19569211451772], [-49.0800687587533, -27.196528199364394], [-49.080493275223674, -27.196580131768545], [-49.08098120973311, -27.196304443419024], [-49.08134102076011, -27.195985515418492], [-49.08164692053812, -27.19558581510889], [-49.081775540987714, -27.19519844716322], [-49.082098520100025, -27.194641992525778], [-49.0823253814454, -27.194553033185603], [-49.082683634950826, -27.194557048913804], [-49.08289651036428, -27.194680639092173], [-49.08339090719053, -27.195738483666013], [-49.08364624092356, -27.198605680344585], [-49.084058354720995, -27.199282331740882], [-49.08441414247949, -27.199644170138328], [-49.08489067438147, -27.199675134858303], [-49.08543245290163, -27.199449497513537], [-49.08612445305315, -27.198868296965053], [-49.08802700352447, -27.1965853858089], [-49.0884598376594, -27.196236981259133], [-49.08965625769139, -27.19538416648261], [-49.09095090396186, -27.19504339892745], [-49.09128280993067, -27.194676057066648], [-49.091456598798196, -27.194209538020637], [-49.09137742155509, -27.193728403672424], [-49.09080084619256, -27.192829888710246], [-49.090071747763744, -27.192358251364848], [-49.08994870043586, -27.192112229643463], [-49.09016487078053, -27.191709608999087], [-49.09117918383544, -27.191196307696483], [-49.09167316922365, -27.191089102392727], [-49.09258077897766, -27.19113900194614], [-49.093276712716246, -27.190903917906986], [-49.09414671314449, -27.190294217304626], [-49.095103250471844, -27.189229995204062], [-49.095196463634856, -27.188582260376844], [-49.09487730870286, -27.187223410006236], [-49.09470857075866, -27.186962115886224], [-49.09425884188232, -27.18660974313091], [-49.09344735141188, -27.186490345378967], [-49.09330217189118, -27.18632031945219], [-49.09327783035427, -27.186160430495356], [-49.094045550752696, -27.18490816834283], [-49.09447176898842, -27.18451105829253], [-49.09490181971911, -27.184342716054026], [-49.09696465736199, -27.18422797367015], [-49.097706484483325, -27.18432856140217], [-49.09832399003113, -27.18455037346323], [-49.09853140346162, -27.184853370777752], [-49.098830958737786, -27.186880865751633], [-49.09911547618604, -27.18734252563852], [-49.10029848843681, -27.18832574395396], [-49.10036586543135, -27.18849492820406], [-49.10031880284906, -27.188613072242813], [-49.099555281059104, -27.189104453061976], [-49.0994742197836, -27.189534115751748], [-49.09968674170934, -27.190668333961746], [-49.09919936157285, -27.191055221570515], [-49.098877755295234, -27.191458143249964], [-49.09888138319627, -27.191911064271068], [-49.09953501094407, -27.19223355864109], [-49.10154597828025, -27.192877443233403], [-49.10215171282041, -27.192779138188104], [-49.10273133447488, -27.192490653874163], [-49.103118245136486, -27.191981298081824], [-49.103381527159726, -27.191276411929078], [-49.10345998052992, -27.18992739739378], [-49.103657836543555, -27.189113359497924], [-49.10405746230013, -27.18875786497842], [-49.10476630668533, -27.188697777571132], [-49.105059798338274, -27.188902927611316], [-49.10563143485408, -27.1899623416505], [-49.10632503450529, -27.190715642243557], [-49.107001434426564, -27.191076941213577], [-49.10762554368682, -27.19096511806038], [-49.10796613040198, -27.190345460059888], [-49.10814206838456, -27.188386241812758], [-49.1078734854077, -27.187314781804652], [-49.107190925897136, -27.18674863970639], [-49.106511595552185, -27.186628353637722], [-49.105871257388536, -27.186359606102553], [-49.105407085847574, -27.185760928875535], [-49.10551605812631, -27.18525682542921], [-49.10600276782381, -27.184855533143164], [-49.109115626263765, -27.183272665388646], [-49.11110456599773, -27.182617689668387], [-49.11263341650148, -27.182629107014304], [-49.11288895903633, -27.182785701210992], [-49.113065659652605, -27.183361812004495], [-49.11306565898657, -27.18383273158017], [-49.11279462718339, -27.18416023329268], [-49.11275854291426, -27.184996327832152], [-49.11310124184948, -27.18586402814172], [-49.11365266275953, -27.18656925756353], [-49.11461335415244, -27.1866881226796], [-49.115817386499366, -27.18602098183974], [-49.1161819909046, -27.185226988952095], [-49.11660872171608, -27.18483740203526], [-49.11717099106291, -27.184875144187952], [-49.11795273331487, -27.185634514628127], [-49.118272497119044, -27.187300584030286], [-49.11886241484313, -27.187777732536407], [-49.119553029700896, -27.18814898484469], [-49.11998823897362, -27.188086452027434], [-49.12030115802908, -27.18763648756296], [-49.120367762724186, -27.18692177501211], [-49.120481882243546, -27.186586774987823], [-49.121017140154564, -27.18615205422341], [-49.121631710468854, -27.186099517614966], [-49.12258658845537, -27.18621059359662], [-49.12297667101892, -27.185945022341954], [-49.12360627106297, -27.185149687072723], [-49.12403399577866, -27.185019826568745], [-49.124600656372266, -27.185287321244015], [-49.12529558362636, -27.18586588458896], [-49.127309331653436, -27.185932676365326], [-49.12773198530927, -27.186085084768393], [-49.12814904715413, -27.186572710268894], [-49.128329379483105, -27.187139237038124], [-49.12823141093846, -27.187727229081755], [-49.12801646206156, -27.188226419995424], [-49.12751819624282, -27.1885641172815], [-49.12692481255428, -27.18879241948552], [-49.1268184552567, -27.189423868846255], [-49.127028343577386, -27.189764263249774], [-49.12865718953456, -27.19009086161836], [-49.12943606358251, -27.190360188652473], [-49.130097229026205, -27.19030030133339], [-49.130377440755765, -27.19047380759576], [-49.13108418757684, -27.19139357813945], [-49.131592167604765, -27.19158066822447], [-49.13255544334977, -27.192245497511028], [-49.132543221622555, -27.19243030679862], [-49.132052259643295, -27.19293007768877], [-49.1308467731879, -27.193394763340848], [-49.130212108688326, -27.19375417808179], [-49.12955665466573, -27.19450929284516], [-49.12957344622674, -27.195334728662697], [-49.12967849298301, -27.195991183825303], [-49.13010872186499, -27.19637573683424], [-49.130590369950106, -27.196563477724073], [-49.13101366753813, -27.196374461298404], [-49.13295565755454, -27.196821421679253], [-49.133265339855285, -27.197181644316], [-49.133040454314425, -27.19774241691495], [-49.133313962793075, -27.198422534674904], [-49.134019377926045, -27.19914604238261], [-49.13847708948334, -27.19988324586222], [-49.13873868148432, -27.20011239315027], [-49.13952801121283, -27.201214403781567], [-49.139656519648874, -27.201279783058986], [-49.14026937222031, -27.201032520970276], [-49.140466501578274, -27.200450640917598], [-49.14057111029667, -27.199377483839434], [-49.14078061549454, -27.199206649874874], [-49.14233248994927, -27.19907530212639], [-49.14249381201749, -27.199147017015736], [-49.1427612529766, -27.199444384924398], [-49.14404689447652, -27.20131041083506], [-49.145122884961104, -27.201899733049032], [-49.147352733399295, -27.202798504729287], [-49.14801332108456, -27.203162090430816], [-49.14865618373417, -27.203189706606572], [-49.14922124939427, -27.202913968274878], [-49.1498222041437, -27.20247568662476], [-49.15072468818031, -27.202110889101085], [-49.151633580531175, -27.20209008850931], [-49.152840842681286, -27.20237159933008], [-49.153249620639, -27.202744968103538], [-49.15374998131004, -27.203676477879267], [-49.15368136817107, -27.20428711799225], [-49.15348671216265, -27.205011941512645], [-49.15349488734295, -27.20575840469955], [-49.15380886087271, -27.206299626773102], [-49.154376458218955, -27.20641659722233], [-49.15587194414069, -27.2057088384643], [-49.15696420850192, -27.205468580456873], [-49.15754742528594, -27.205586884369435], [-49.157965995785354, -27.207217981142964], [-49.15849968537365, -27.20753384039311], [-49.16036943775449, -27.207718582410802], [-49.16094514759853, -27.207963161659134], [-49.16156197562107, -27.207977185495782], [-49.162324255300554, -27.20766054393944], [-49.163952440523154, -27.207320105414006], [-49.1645882395303, -27.206978314808158], [-49.165052926605924, -27.206337371582997], [-49.16531814420322, -27.206120359615205], [-49.168551405505404, -27.20547225919473], [-49.17025486307752, -27.205307131056333], [-49.170777321912375, -27.20499786728151], [-49.17134603190866, -27.20478117551084], [-49.172555293981084, -27.20467348548218], [-49.17302380862937, -27.204523374059647], [-49.173531977849805, -27.203742106935028], [-49.17382367805217, -27.20355187450863], [-49.1746047447022, -27.203653542923284], [-49.17529494552212, -27.203576742873306], [-49.17598950023811, -27.203397439894587], [-49.17726689850902, -27.203892100785062], [-49.17848920220124, -27.204142607355543], [-49.178935866329745, -27.204510776339095], [-49.17910397186214, -27.205208386230893], [-49.17887668361911, -27.206144416470618], [-49.1787678622784, -27.207008483174064], [-49.17903314790948, -27.20755416981505], [-49.17968834106083, -27.207526475688415], [-49.18025278307274, -27.2070774532283], [-49.18067225327247, -27.206342038602717], [-49.18076179746202, -27.204473682897888], [-49.18090214758389, -27.203735202898415], [-49.18144505731242, -27.20301610190625], [-49.18223013245478, -27.20259296798021], [-49.18279078775962, -27.202163018454392], [-49.18304570360737, -27.201274543682118], [-49.1834483293241, -27.200537981805024], [-49.184727829378325, -27.200014234075304], [-49.18528003573359, -27.200042810587263], [-49.185811174604815, -27.200272015817404], [-49.18644817175296, -27.20041824269096], [-49.186808996143526, -27.20026777149901], [-49.187600070588765, -27.199399682817827], [-49.18804257716795, -27.19939968282735], [-49.18829591949853, -27.199576750976018], [-49.18834000076529, -27.200597160066682], [-49.18762048074643, -27.202503797701656], [-49.186941105407925, -27.20387846244832], [-49.18691115834762, -27.204115805568964], [-49.187009458081384, -27.204342745007075], [-49.18744328260396, -27.204486441324317], [-49.18774809599303, -27.204487449438922], [-49.19041532174091, -27.203776595922108], [-49.19155407803691, -27.203843579825634], [-49.192206291492475, -27.204163781330507], [-49.1928221278081, -27.20476145703711], [-49.19345451052407, -27.205526173399285], [-49.194057377856666, -27.208666504274266], [-49.19436447444311, -27.209013655808317], [-49.19468843914687, -27.209016648971527], [-49.195249025373, -27.208706430464247], [-49.19593811157902, -27.20776160570473], [-49.19640641710834, -27.20728027529166], [-49.19675589600298, -27.20708345304657], [-49.19763032200455, -27.20713408458795], [-49.1985783774115, -27.2073901020779], [-49.19916162426367, -27.207751532103245], [-49.20003201067552, -27.208648069111863], [-49.20027457283799, -27.209423106842983], [-49.200382562018646, -27.21013439278883], [-49.20103638850347, -27.211442049097485], [-49.20129990723955, -27.212615840721693], [-49.20135951955791, -27.213847968823863], [-49.201496493851906, -27.214138998496853], [-49.20174670720453, -27.21432193008802], [-49.20275522925319, -27.214633009765752], [-49.20384521078666, -27.214387770997227], [-49.204246191903316, -27.214068127094244], [-49.204349285391835, -27.213888367221898], [-49.204622351936024, -27.21264169499086], [-49.20423961133668, -27.212146405963033], [-49.204534680834556, -27.212114482068422], [-49.20522302002458, -27.212685149940544], [-49.206058778171666, -27.213724973018433], [-49.20720416892036, -27.21419122697908], [-49.20850710851895, -27.21406486314749], [-49.20986157200927, -27.215485530452302], [-49.2099343759978, -27.216083213735917], [-49.209700280834454, -27.21645705980476], [-49.20899936496008, -27.217033313286493], [-49.208865843158485, -27.217806076247093], [-49.208928531404666, -27.2180660736211], [-49.20937265575392, -27.21886976153472], [-49.209456024772386, -27.219767658610387], [-49.21002189542707, -27.22089915714947], [-49.20991992333822, -27.221225333081833], [-49.20942503643713, -27.221880348848746], [-49.20944471701297, -27.22212054204746], [-49.209888114403206, -27.222690159397533], [-49.21064291351802, -27.22296437598395], [-49.21173572740548, -27.223206882612423], [-49.21273141468495, -27.223832175443846], [-49.21291457698234, -27.224587429535838], [-49.21277532636449, -27.22560868636425], [-49.21221159323136, -27.22631130367524], [-49.21206482632346, -27.227202922856396], [-49.214000610212636, -27.229696357852763], [-49.21423872882194, -27.229907360467244], [-49.21523466503903, -27.22983560269247], [-49.21549242216696, -27.229736383746832], [-49.21621766338921, -27.228591149649326], [-49.21776260810655, -27.22795793197141], [-49.21878530617896, -27.22812213470204], [-49.21910160039898, -27.228406709137143], [-49.21908484213227, -27.22852937736902], [-49.21822067903095, -27.229499346485486], [-49.21811440758958, -27.229807202834525], [-49.21811830716162, -27.230145402817772], [-49.218308864269126, -27.230404794984107], [-49.2194855734678, -27.230703907895187], [-49.220029697007604, -27.230957281458103], [-49.221836098651515, -27.23149928211138], [-49.22352717076626, -27.23147406149253], [-49.224620800869495, -27.231614813096545], [-49.2254542440432, -27.232249629170653], [-49.22613353004641, -27.2324581530736], [-49.226875069549955, -27.232485069307963], [-49.22881591478118, -27.23204703206606], [-49.229507531050764, -27.23196397824816], [-49.22981277773569, -27.231786239858636], [-49.23030580803669, -27.23100692350508], [-49.23060772840371, -27.230768061830847], [-49.23098279644742, -27.230629239678876], [-49.23156673437139, -27.230634141129123], [-49.232225297844735, -27.230834205569817], [-49.23393270628044, -27.231107255529945], [-49.23418964652541, -27.23104045804133], [-49.23433335002862, -27.23111446792046], [-49.23452959954935, -27.231552350198154], [-49.234572699608016, -27.231864618818864], [-49.23438117622485, -27.232274579191365], [-49.23348849506242, -27.233253344911574], [-49.23338211677612, -27.233545744026195], [-49.233562539566066, -27.234386208794685], [-49.23372437827049, -27.234581228977365], [-49.23414019089104, -27.23483379407663], [-49.23440538171909, -27.23484614664403], [-49.234719913185195, -27.234719119048577], [-49.2357324685205, -27.233714697458506], [-49.236268130544694, -27.233540188113018], [-49.23681274924283, -27.233144227712533], [-49.23743481985543, -27.23348828142622], [-49.23773801849039, -27.233817290590924], [-49.237910472960586, -27.234092902832586], [-49.23821694742044, -27.23497928218614], [-49.238546457640496, -27.23546202081818], [-49.23858588893483, -27.236042503474874], [-49.23883830664067, -27.236221084567198], [-49.23915368165747, -27.23622303017263], [-49.23949254750223, -27.236060969821455], [-49.24030858110255, -27.23523783730618], [-49.24202788427376, -27.23522267551384], [-49.24316916100634, -27.23487877317237], [-49.24362706163101, -27.234850917187998], [-49.24411978320675, -27.234970156123584], [-49.244379473495904, -27.235105091556076], [-49.244592653127775, -27.23533034070618], [-49.24476150917809, -27.235674487092854], [-49.24490681523505, -27.236364530230855], [-49.24508973082704, -27.236631501721366], [-49.24550904133489, -27.2368699319171], [-49.24587580223071, -27.236916352963828], [-49.246847717400655, -27.236752139640174], [-49.24750223435654, -27.23681033270777], [-49.24839795493129, -27.23667226871315], [-49.24887946430522, -27.236700347770537], [-49.24940112268297, -27.23684701952079], [-49.251112245025354, -27.237691120153197], [-49.25137962808067, -27.23772855407365], [-49.252066725556155, -27.237599849959498], [-49.25272876909946, -27.237735930120078], [-49.252915284406846, -27.237932743870676], [-49.25290045955399, -27.238163847710986], [-49.25160084995202, -27.239941405375834], [-49.25145789627058, -27.24047338674496], [-49.25142548164148, -27.241458403085474], [-49.251781645978106, -27.242650521159053], [-49.25199974703391, -27.243068888763794], [-49.25169800165882, -27.2436377258557], [-49.25181284125344, -27.244014221724097], [-49.25203787081697, -27.24428562839565], [-49.25297896346658, -27.244337958290558], [-49.254039180492015, -27.244703845039435], [-49.25608237611347, -27.245802557266693], [-49.25652015190372, -27.245925457319153], [-49.25710100387529, -27.24590705531593], [-49.2572666112736, -27.245996125818518], [-49.25735899853791, -27.24641122494553], [-49.25684096053619, -27.247182621113463], [-49.25677606452255, -27.247470119094842], [-49.256890683659925, -27.248022824362682], [-49.257131335725994, -27.248194371133696], [-49.25772087327081, -27.248127530763206], [-49.25839920020917, -27.247674179970893], [-49.25890594932993, -27.247926212051492], [-49.260026443457534, -27.248004733421915], [-49.26029208264551, -27.247869519455595], [-49.260614999412645, -27.24751375911759], [-49.26092973611176, -27.24740790160712], [-49.26125939585902, -27.247537939016002], [-49.26266899868704, -27.248442013545294], [-49.26334990430434, -27.248667180896746], [-49.26375525670209, -27.248543401316], [-49.26458295222795, -27.247998592833152], [-49.26511648691941, -27.247867880256738], [-49.265448817273246, -27.24787201087139], [-49.266974186553334, -27.24845352867267], [-49.267110131395526, -27.24855951055286], [-49.267316458794596, -27.24895177106519], [-49.26786918857394, -27.24953067968877], [-49.26827528723675, -27.24971253775583], [-49.26868721102297, -27.24972806865044], [-49.269309971729115, -27.249507630467683], [-49.26955546927035, -27.249094709605906], [-49.26978993704734, -27.24837045875905], [-49.26986632075551, -27.247540278568017], [-49.2694657183145, -27.24629152469495], [-49.26942461754227, -27.245882169795227], [-49.26950135906309, -27.245540717423104], [-49.26976779189581, -27.24505639835271], [-49.27015791172142, -27.24491217314752], [-49.27067465657335, -27.2448856888386], [-49.271538322281764, -27.245083956694234], [-49.272115019214255, -27.245477982436608], [-49.272459882535934, -27.246052585278534], [-49.27294600103564, -27.246282590331777], [-49.27351411955888, -27.246216464325983], [-49.275285624278716, -27.245595534785593], [-49.275520249937536, -27.245630053279033], [-49.276221358549115, -27.246272107332533], [-49.27625653030909, -27.246438040808346], [-49.276175642365764, -27.24668704620416], [-49.27604045128464, -27.246845820068387], [-49.27561384503639, -27.247042255802707], [-49.275008743745694, -27.24701223934499], [-49.27462387786689, -27.24709656502242], [-49.27407536205472, -27.24765945414504], [-49.2739247726067, -27.248055609707396], [-49.27389741569186, -27.248732876001114], [-49.27398437540759, -27.249039323192942], [-49.27444208722569, -27.250208629162362], [-49.27467114846472, -27.250602483848898], [-49.27458614249099, -27.251494934224908], [-49.27466793054202, -27.251776013429854], [-49.275118607443694, -27.25225808309332], [-49.27550419899765, -27.25239920856777], [-49.276088962001026, -27.252076186600927], [-49.27652345769222, -27.25152550318968], [-49.276723467248985, -27.251393592114372], [-49.278087923267336, -27.25143236220473], [-49.278617845368835, -27.251805437131846], [-49.278727159742346, -27.252259234010907], [-49.27851129384661, -27.253035714230123], [-49.27837196716012, -27.253317933382053], [-49.27764507264414, -27.253962505903676], [-49.277555079060974, -27.254365561751488], [-49.2776184653637, -27.25463711310898], [-49.277933311943805, -27.254901579582793], [-49.278284651495156, -27.254914133769407], [-49.27904219248704, -27.25451244982829], [-49.27937859254536, -27.254220456442077], [-49.27999289191321, -27.254116092211056], [-49.280438916679756, -27.254189166810217], [-49.28119693662407, -27.254710284796438], [-49.282090391530254, -27.255646828338307], [-49.28261586710954, -27.25649177180926], [-49.28351194971031, -27.25714519953987], [-49.28410010949765, -27.257772533841525], [-49.28418439661104, -27.258181188917632], [-49.28413315434442, -27.25889257741318], [-49.28419979382376, -27.259206671020525], [-49.28455426860938, -27.259621025929786], [-49.285359492593436, -27.26029681173957], [-49.28579375649594, -27.261093367880054], [-49.2861292300325, -27.261321095071644], [-49.286437407093445, -27.2612296061982], [-49.28684233552929, -27.26084708470966], [-49.287664288038734, -27.259740205806956], [-49.28873731996119, -27.259143795876458], [-49.2891630007848, -27.25901392948941], [-49.292747297654806, -27.25833403862144], [-49.293406524973484, -27.258082063767606], [-49.293924549612356, -27.25820470655117], [-49.29472556066107, -27.25854462101568], [-49.295191542819865, -27.258590142658306], [-49.29591910168199, -27.258363710395823], [-49.296458376063704, -27.257973276075933], [-49.29691880207295, -27.25813310298797], [-49.297841267129215, -27.258881200303883], [-49.29840581148357, -27.258870659483627], [-49.298578010582496, -27.258718089467603], [-49.29865047945472, -27.258011939746964], [-49.29888609754596, -27.257329948659972], [-49.29897644036164, -27.257140625001814], [-49.299276511327406, -27.256886931731565], [-49.30051372152236, -27.256444193094527], [-49.30179894623478, -27.25617700632105], [-49.302380591868875, -27.255894975433677], [-49.303277755597186, -27.256198392203267], [-49.303655160757735, -27.257111310554247], [-49.304230909668355, -27.259023099144372], [-49.30447492557954, -27.259619293772385], [-49.30467352094288, -27.259899914624693], [-49.30473804873448, -27.260619590867833], [-49.30462825212031, -27.261096099811613], [-49.30450183011279, -27.261292499299515], [-49.30389913468769, -27.261635987570546], [-49.30243645152195, -27.262026347140477], [-49.30197193056796, -27.262408058041437], [-49.30091649255965, -27.264565191276986], [-49.30061541752014, -27.26580966531394], [-49.30015610206339, -27.266539874877694], [-49.29974162352346, -27.2678156728764], [-49.29950149202033, -27.268123485216773], [-49.299534393868605, -27.268673968812422], [-49.29983018530894, -27.268918465541553], [-49.30052326193221, -27.268930209147484], [-49.302234823896384, -27.268534235984536], [-49.30252861943671, -27.268561302059467], [-49.30373087349663, -27.267874511356105], [-49.304173810707915, -27.267928998865358], [-49.30484427970982, -27.268398321214125], [-49.305154077970954, -27.26881859534014], [-49.30515448496181, -27.269029762876073], [-49.30445451596261, -27.26911251397601], [-49.303764624977966, -27.268802125482075], [-49.30345819359422, -27.268756964777218], [-49.30318274129986, -27.26882008558659], [-49.30283482233319, -27.26919466710742], [-49.30261767405451, -27.269972524343338], [-49.30263003031364, -27.27154652823769], [-49.302856771641615, -27.27222110334801], [-49.303035010393884, -27.272466535738783], [-49.303367208049785, -27.27267545904757], [-49.30365667404425, -27.272727105700763], [-49.305504497615786, -27.27219204995544], [-49.30592618022822, -27.272260204969797], [-49.30645024710761, -27.272565519066276], [-49.30673317209729, -27.272629355171517], [-49.3081325509665, -27.27212631722562], [-49.309179939717325, -27.271651598286024], [-49.309335432846055, -27.271660278911252], [-49.30959576138463, -27.271869934516566], [-49.309986178932334, -27.27267329255079], [-49.31001485183005, -27.27315235981648], [-49.30989675670218, -27.273501013034554], [-49.30949439834604, -27.273955354956016], [-49.30946163047221, -27.274163314690462], [-49.30905009514897, -27.274509173982956], [-49.3089085790854, -27.274753699112985], [-49.30889301211679, -27.27495221909532], [-49.30899164433068, -27.27516009251582], [-49.309224848181245, -27.275310720131333], [-49.309769305767766, -27.275420364343905], [-49.31171595957984, -27.27548355238602], [-49.312005741092605, -27.275591441954113], [-49.31212582631766, -27.275986140598622], [-49.311945273986595, -27.2772624665797], [-49.311405882710744, -27.278465525262884], [-49.31090714900465, -27.280300607905758], [-49.30996352779331, -27.28127159428214], [-49.309750198747345, -27.282254760429836], [-49.31005375722987, -27.282650625225532], [-49.31097194239883, -27.283397891981874], [-49.313267239068686, -27.284329605446953], [-49.31415471806455, -27.284877600552573], [-49.31442785483205, -27.285705456631778], [-49.31453390959578, -27.285836168359644], [-49.31487095816561, -27.28586182660573], [-49.315388119162996, -27.285417596487985], [-49.31568611306745, -27.28529454609584], [-49.31638249843099, -27.28521737405219], [-49.316575863354096, -27.285270308881472], [-49.316833620235265, -27.28550751525019], [-49.316957193438434, -27.28593852189692], [-49.316927900543945, -27.28740544789116], [-49.31685737724487, -27.287617997187187], [-49.313407057460964, -27.289124889958583], [-49.31250759740277, -27.289255330523734], [-49.311553748772994, -27.289029635109376], [-49.31133857614667, -27.289122372019182], [-49.31109980472277, -27.289501192096072], [-49.31111621731871, -27.289770017679594], [-49.31172509948223, -27.29037191167865], [-49.312112123439526, -27.290425203158986], [-49.31363510238142, -27.290294586729807], [-49.31402565698288, -27.290404071536436], [-49.31412102140946, -27.290538241613017], [-49.314077286133966, -27.290725034796374], [-49.31350729111027, -27.291296451057217], [-49.313356218926636, -27.29159231428244], [-49.31417136826991, -27.29334582186489], [-49.314110397141945, -27.293553771773237], [-49.31327963344619, -27.294801282125928], [-49.31242052792122, -27.29565822899337], [-49.31187863091089, -27.296059164315732], [-49.31176460833259, -27.296314022073716], [-49.31194258485756, -27.296752073951716], [-49.31272765490558, -27.2975228694685], [-49.31275622583645, -27.297969908349515], [-49.31261657060584, -27.298752942722214], [-49.3126569544931, -27.298966883678407], [-49.312835336093535, -27.299061430765207], [-49.31301372057349, -27.299017419602574], [-49.31380016752983, -27.298196043521198], [-49.3139441896408, -27.297782275975518], [-49.31410546375405, -27.296527920455024], [-49.31424439067771, -27.296338661865885], [-49.31454243766763, -27.296359152274682], [-49.31466900633743, -27.29659750181561], [-49.314524295971374, -27.297722712905962], [-49.31456140824784, -27.297915841814785], [-49.31522153442659, -27.29887001888687], [-49.31533455879476, -27.299193945515416], [-49.3150589558688, -27.29944403786356], [-49.31397720961118, -27.300031550530235], [-49.31389567643843, -27.30033046235162], [-49.31399550038115, -27.300487713525477], [-49.31434900200184, -27.300657603893114], [-49.31611794816522, -27.301101535938002], [-49.31659227899502, -27.30225308880791], [-49.31644829206029, -27.30245859316677], [-49.31550793336692, -27.30324578065602], [-49.31540202328598, -27.303563329347554], [-49.31546560240176, -27.30393333072402], [-49.31582616684847, -27.30409843140891], [-49.31876923058256, -27.30404805942837], [-49.31909253645696, -27.304140009344533], [-49.31918060773564, -27.304290760351098], [-49.31891431417539, -27.30467193273732], [-49.31795208318864, -27.30554154834683], [-49.31773249078108, -27.30589597216362], [-49.31740567244469, -27.306155843085733], [-49.31697273155767, -27.30675270233083], [-49.31710772725647, -27.307119210323403], [-49.31734861732821, -27.307272201679663], [-49.3182954969393, -27.30731422526904], [-49.31879138468678, -27.307417680322484], [-49.31896806467561, -27.307614359417546], [-49.31901336180788, -27.307949163795815], [-49.318747965240426, -27.308089589718215], [-49.31801742992858, -27.308101078635747], [-49.317789692659474, -27.308175954966377], [-49.31708058670473, -27.308699315567683], [-49.31600055381626, -27.309236048215535], [-49.31578926157592, -27.30943399321788], [-49.31427549033956, -27.311822264634166], [-49.31406567991009, -27.312794266850744], [-49.31361268345883, -27.31394914761377], [-49.313630010893824, -27.31448494867695], [-49.31378480570816, -27.314709069352702], [-49.31405747290068, -27.314817443985216], [-49.31438691464709, -27.314782804529475], [-49.31463129317804, -27.31466401886638], [-49.316211535516814, -27.31321230086751], [-49.31630913081915, -27.31305727741697], [-49.316419583303386, -27.31216805792458], [-49.31651851743319, -27.311973126849548], [-49.31698262091701, -27.311695924781326], [-49.31716725441994, -27.31166493790739], [-49.31726529822165, -27.31178722994647], [-49.31739355619406, -27.313250971286966], [-49.31789417091379, -27.314217582355827], [-49.31809841226784, -27.314852740620037], [-49.31799300576612, -27.315248097606585], [-49.31761064526543, -27.315887941839033], [-49.31759880317444, -27.31628336042202], [-49.31770295905529, -27.316549072642488], [-49.31786623727054, -27.31667153136786], [-49.31811731097276, -27.316707293760356], [-49.31929685713588, -27.31666576682713], [-49.32049464667024, -27.316435681758186], [-49.32078603251785, -27.316494235001116], [-49.32076825545411, -27.316796339950553], [-49.3201894810108, -27.317904786963506], [-49.31970278692136, -27.31905969897773], [-49.31976556075147, -27.319236042003702], [-49.31990264008645, -27.31933609275432], [-49.320263583573784, -27.319413369636745], [-49.320862133287505, -27.31935501855308], [-49.32111281264005, -27.319527542043108], [-49.321077506245814, -27.32079857690412], [-49.320586004294036, -27.322183579168478], [-49.3204591170558, -27.3227688297199], [-49.32050878144866, -27.32307583870451], [-49.32078474008046, -27.323354450059323], [-49.321273742766095, -27.32336817528682], [-49.32168085368437, -27.32306382097591], [-49.32203398927693, -27.32249424630168], [-49.32227556215921, -27.322265964881016], [-49.32257116288847, -27.32217714190912], [-49.32322560177608, -27.32226710498829], [-49.323634231380176, -27.322088569426942], [-49.3238532686385, -27.322079292189567], [-49.32415184093112, -27.322479161408584], [-49.32452464408834, -27.324068018316133], [-49.32492686409925, -27.3245539608188], [-49.32482814530108, -27.32485315967288], [-49.324542698350434, -27.32508902814843], [-49.32447697199874, -27.325288553802782], [-49.32490807304792, -27.326439925424044], [-49.32482420556945, -27.3267446340722], [-49.32444993662989, -27.326966947307255], [-49.32392091224881, -27.32702558934984], [-49.323612370927016, -27.326916880512474], [-49.32278744635517, -27.326339545774843], [-49.3224064360385, -27.32639184970528], [-49.32224011881323, -27.326567032710603], [-49.322156447958434, -27.327018713916626], [-49.322167554396415, -27.327754433880237], [-49.32252858213892, -27.328625517425124], [-49.32207483522657, -27.329270030475193], [-49.322001843103116, -27.329471411802604], [-49.32204340749052, -27.329707993952166], [-49.322234474519774, -27.329847504890576], [-49.32255133476223, -27.32986913146096], [-49.32341407844019, -27.32965900899671], [-49.323585341241085, -27.329528920466743], [-49.32374682681581, -27.329217789205014], [-49.32362312098302, -27.328487573351218], [-49.3237949736513, -27.327948301916496], [-49.32410998390742, -27.327717776981707], [-49.324502759298944, -27.327566928467476], [-49.32493003299724, -27.327664692455397], [-49.32506613678147, -27.327907401690897], [-49.325049422489506, -27.328056850572352], [-49.32474231873009, -27.328634822532873], [-49.32473431888754, -27.329174898768063], [-49.325025871179946, -27.329365593162738], [-49.326083420986414, -27.329776054357037], [-49.3264104678969, -27.33028617178561], [-49.32629940811068, -27.330793609209934], [-49.325880710610726, -27.331469000110843], [-49.32574308842254, -27.331852388083473], [-49.32572375322226, -27.332136980174774], [-49.32580597544402, -27.332318828721494], [-49.32626131226571, -27.332623605915554], [-49.3273039545051, -27.33299933950507], [-49.32757110797353, -27.33297931685861], [-49.32796841542528, -27.332757790235465], [-49.32844629924121, -27.332659055211884], [-49.329254691995324, -27.332759057067424], [-49.32949928169876, -27.33288846626372], [-49.32943146372008, -27.333904253367354], [-49.329025010341525, -27.334095290042857], [-49.32862822028693, -27.33440815298732], [-49.32852453705142, -27.334630749365786], [-49.32856940963025, -27.334992308612264], [-49.328709865547296, -27.335226185120078], [-49.32891355977399, -27.33537442396236], [-49.32970405530909, -27.335466949704223], [-49.33100419999701, -27.336209187585105], [-49.331396369740226, -27.336740814567108], [-49.33143376065164, -27.33734220051818], [-49.3313781410603, -27.337534726349656], [-49.33114957391708, -27.33778376510374], [-49.3304550915735, -27.33806832582379], [-49.330191651356614, -27.33809900585465], [-49.32969276738551, -27.337956210336852], [-49.32905065415874, -27.33802307301516], [-49.32873161150793, -27.338256349302338], [-49.32859971587762, -27.338571674780088], [-49.32873247335006, -27.338968998073092], [-49.32915677137642, -27.339217828351867], [-49.3304670347931, -27.339168249584347], [-49.33129524906739, -27.339328739401505], [-49.33206726453261, -27.339678255518272], [-49.332928206874925, -27.340562846080182], [-49.33350429513805, -27.340816890192713], [-49.333765623650834, -27.341052737764837], [-49.333861188797584, -27.34125483926093], [-49.33383479267686, -27.341602791379515], [-49.333547854071185, -27.34211385767454], [-49.33322373299674, -27.34248699831934], [-49.33302730821095, -27.342990567805764], [-49.332469613149975, -27.34384740600441], [-49.33236026365873, -27.34423030742541], [-49.332455719973126, -27.34450322547539], [-49.333664998321474, -27.344892050783063], [-49.334530666818324, -27.344909769889583], [-49.33525636010436, -27.345489555527575], [-49.33561090190108, -27.34619124351781], [-49.3355469964711, -27.346446961775126], [-49.33592672528733, -27.348453496634903], [-49.3360578268901, -27.348802396558806], [-49.33611937827281, -27.349444328914696], [-49.33712102107642, -27.351040360155817], [-49.33749324624462, -27.352011377699405], [-49.33801153550624, -27.35259041914138], [-49.338532610832765, -27.353592099833097], [-49.33875310018396, -27.353758633272356], [-49.33919540048683, -27.35390133340193], [-49.34006835574064, -27.354086853406894], [-49.3417437832746, -27.35409723626242], [-49.34203883010624, -27.354170051756345], [-49.34232291409602, -27.354426704259097], [-49.342403304826746, -27.354591843925004], [-49.34236940405415, -27.354755870684354], [-49.34203644075747, -27.355141118876393], [-49.341383053923046, -27.35562664895266], [-49.34077869576841, -27.355900181340363], [-49.34000056503517, -27.357567014627335], [-49.339717706134365, -27.357962138582142], [-49.33942348199493, -27.358687021883917], [-49.33940227346331, -27.35896788520923], [-49.33950334741458, -27.359170137086323], [-49.34130688040744, -27.360959060021404], [-49.341553161241585, -27.36140573572389], [-49.341712228603825, -27.36147830906688], [-49.34226437823273, -27.36147285139995], [-49.34257705405232, -27.361730304732493], [-49.34321377704038, -27.362976711061304], [-49.34368263782708, -27.363575411203154], [-49.3444707029673, -27.364353811191908], [-49.34537027609001, -27.36489894441998], [-49.346857707945325, -27.365588126150755], [-49.34733452752405, -27.3656884588158], [-49.34766924583712, -27.365579705879014], [-49.34816745236542, -27.365096140621482], [-49.348427584348116, -27.36494577382161], [-49.34890555283352, -27.364820046340327], [-49.34923841159466, -27.36488782908892], [-49.349690814955615, -27.36551247537646], [-49.349844365560834, -27.365863383169966], [-49.350287579180694, -27.366418485407454], [-49.35056572041413, -27.366596225680002], [-49.350365115033476, -27.367331671331744], [-49.3504837038934, -27.367928959280928], [-49.35111474043212, -27.36832155449983], [-49.35144432859738, -27.36862201934192], [-49.35189468239046, -27.368819845307264], [-49.3521322743829, -27.369050502669438], [-49.35239926029176, -27.36956008612018], [-49.35249738389615, -27.370099156636428], [-49.35331129930511, -27.3711086207213], [-49.353440111592704, -27.37150748920987], [-49.352346725099416, -27.371885963962146], [-49.352111437697694, -27.372178231121158], [-49.35199828361321, -27.372779839676408], [-49.35205689587484, -27.37406385936296], [-49.35266606017949, -27.375736963640005], [-49.35330843914376, -27.377135721762716], [-49.35429909550075, -27.377840828509516], [-49.354911538046736, -27.378759707600516], [-49.35405079230104, -27.37949069235874], [-49.3528460324593, -27.379970299681354], [-49.352732548336, -27.380193035334177], [-49.35277365591765, -27.380476212253594], [-49.35329989098216, -27.381052751522233], [-49.353795229623096, -27.381867929447967], [-49.354811443868336, -27.38253674048373], [-49.355460730216834, -27.383203967730548], [-49.356080149305214, -27.383443801416476], [-49.35758083402329, -27.38324769591727], [-49.35798957113807, -27.383690227934732], [-49.35876359352248, -27.384071061303626], [-49.358946436043965, -27.384567259927802], [-49.35895407719937, -27.384822968870292], [-49.35869091666816, -27.38513236305712], [-49.357105343871936, -27.38586774532765], [-49.356892749982464, -27.386046261463036], [-49.35674701951714, -27.386442348118013], [-49.356534722873334, -27.38843087859308], [-49.356323034970835, -27.38868136949138], [-49.35565740563446, -27.389075069954334], [-49.355599653861304, -27.389369793531618], [-49.35564905209539, -27.389574387400188], [-49.35631269815067, -27.390784954371714], [-49.35678048951763, -27.390896239156252], [-49.35747490886521, -27.390907109182674], [-49.35802227858767, -27.392077612455815], [-49.3589014945873, -27.392991972329824], [-49.359190420533636, -27.39311589089866], [-49.35992796137298, -27.393154107751233], [-49.362064804733606, -27.39458728331909], [-49.36103068787871, -27.395218978610156], [-49.3604225227033, -27.395425115180267], [-49.36013678023126, -27.395612611177317], [-49.35969937437004, -27.396610082582566], [-49.35947521250356, -27.397414878764348], [-49.357505471275125, -27.398096582902063], [-49.35673777060196, -27.398659971137526], [-49.35666873700948, -27.398854512552383], [-49.356701712032326, -27.400473027443766], [-49.35637374722192, -27.40200681011102], [-49.3560974439544, -27.402840364105813], [-49.3559497701075, -27.40306841056091], [-49.35486335597034, -27.40363260957106], [-49.3541191457327, -27.40435623462804], [-49.351481870918455, -27.40555051240247], [-49.350760005988946, -27.406386918801317], [-49.35043679044772, -27.407213805440016], [-49.350064193037866, -27.406782660850006], [-49.34969751817588, -27.406705516810508], [-49.34748788086469, -27.408123449274317], [-49.3463456020025, -27.40841677369974], [-49.34582123559196, -27.408728602220283], [-49.34518233591358, -27.4087966321934], [-49.34497000438961, -27.408921046433182], [-49.34481302121304, -27.40931685225165], [-49.34484499258758, -27.40952969360545], [-49.34529438697668, -27.409750017733693], [-49.345384646825394, -27.409868865864524], [-49.345181912109204, -27.410792478049505], [-49.34623074246273, -27.41179255806808], [-49.346230379972035, -27.411920114172702], [-49.34546039777108, -27.4132347032276], [-49.345440400009444, -27.41389793548667], [-49.34512505095365, -27.414525579813464], [-49.344772894355636, -27.415628828978203], [-49.344801638768956, -27.41593630001949], [-49.34414262654424, -27.41638795257463], [-49.344103911492965, -27.415743977337122], [-49.344307845598166, -27.41555434484293], [-49.3443427665335, -27.41516392763594], [-49.34407886033676, -27.414823949187312], [-49.343765397399906, -27.41416977495826], [-49.343313077415345, -27.414091826841606], [-49.34241859433071, -27.414409165524557], [-49.34207198642649, -27.414703238635614], [-49.3420219741444, -27.414907120655638], [-49.34217977761047, -27.415167185172102], [-49.34228915904612, -27.415591733344588], [-49.34224839368443, -27.416054504594783], [-49.34279268678185, -27.41639386063692], [-49.342843108976105, -27.41654611572718], [-49.34255472853427, -27.41729111920736], [-49.3423770317354, -27.417392201963523], [-49.342027852492166, -27.417271195748867], [-49.341752205646415, -27.4173583258055], [-49.341585430186846, -27.418750107240747], [-49.34139097414647, -27.41905330364555], [-49.34092824771144, -27.41909562844576], [-49.34053101922668, -27.41943530151849], [-49.34074961674552, -27.420528649231688], [-49.340377437454265, -27.420661410867158], [-49.339967406448196, -27.42092851111311], [-49.33955461374073, -27.421795237686833], [-49.33910372464463, -27.422325133773132], [-49.338996189119165, -27.4226996859107], [-49.339058192609976, -27.423974331164054], [-49.33891360447149, -27.42478382673248], [-49.33724131937648, -27.42525750346672], [-49.3372096678168, -27.425659365869436], [-49.33774752803004, -27.42609633937415], [-49.33738333325184, -27.42643142911681], [-49.336605974636, -27.42679737821775], [-49.33648557866568, -27.42692383914392], [-49.336463970879144, -27.427307831338783], [-49.33673812832141, -27.428036377162094], [-49.33699123858623, -27.42918641032287], [-49.33633761197441, -27.430896306128986], [-49.33633465516015, -27.431145880470027], [-49.33653375409871, -27.43132873625528], [-49.336946854685564, -27.431413282220593], [-49.337845553786195, -27.43110798401794], [-49.338023089185796, -27.431171270375454], [-49.33837920158691, -27.431563885964362], [-49.33873676634306, -27.43237058952924], [-49.338814188910476, -27.43321127175542], [-49.33870013350803, -27.433847235242997], [-49.338767957760105, -27.43415922246124], [-49.338668535269484, -27.43458604534253], [-49.338383888763666, -27.434884449983322], [-49.338293097370126, -27.435140131976997], [-49.33816153866179, -27.4363403174908], [-49.33805120904419, -27.43668325016616], [-49.33777823849568, -27.43650101625048], [-49.33748011853676, -27.43527854578318], [-49.33740082768601, -27.43510262332839], [-49.3372691678992, -27.435025252877075], [-49.33702011028583, -27.435050652528314], [-49.33667980877415, -27.435305541105055], [-49.336295795512555, -27.43595059706228], [-49.33629938162382, -27.436304800863535], [-49.33669191766984, -27.43744169952829], [-49.337352183395026, -27.438663189810832], [-49.33841944745968, -27.44014817418783], [-49.33871837930604, -27.440818943637147], [-49.33946587255708, -27.44139650995838], [-49.33966798158961, -27.441660617916703], [-49.33953779641999, -27.44235927868481], [-49.33899280802249, -27.443508459893646], [-49.33901287517583, -27.444203614566323], [-49.339462358494124, -27.445088261743997], [-49.34022987392886, -27.445370524266934], [-49.33948872109988, -27.44593598422498], [-49.33921065527499, -27.446379984612175], [-49.33890047672873, -27.44727073993453], [-49.338729929092246, -27.448113342044117], [-49.33890762066832, -27.448405434053146], [-49.33937528840115, -27.448795631529386], [-49.34002524956461, -27.44900822020546], [-49.340311885389475, -27.449186433399923], [-49.340298942218986, -27.44927100434706], [-49.340185728138444, -27.449304369713293], [-49.33935287974403, -27.44927655231862], [-49.33918358402713, -27.44951351539655], [-49.339141399143074, -27.44972193728101], [-49.33935108586522, -27.450163719059745], [-49.34016978437977, -27.450686097489942], [-49.340329816452, -27.45103750970421], [-49.34034560259678, -27.451359292212967], [-49.33949040372484, -27.45152115248203], [-49.338440274766455, -27.452565990358373], [-49.33839475019878, -27.45274301274111], [-49.33850213272813, -27.452919815618788], [-49.338723989695964, -27.452963731508298], [-49.33946690133833, -27.452860429194583], [-49.33974307482913, -27.45274388938813], [-49.34034056920687, -27.452286630188617], [-49.34051318294208, -27.452288161592833], [-49.340536202934224, -27.45304029838589], [-49.340279067086946, -27.45368051553473], [-49.339927801288404, -27.453641740990605], [-49.33946310768872, -27.453785448316555], [-49.33891942815034, -27.454218080855487], [-49.338808987694975, -27.454402748349132], [-49.33898637829704, -27.454672640249214], [-49.3406254185655, -27.4546968839242], [-49.34107963640792, -27.454773122640105], [-49.341265789082826, -27.454890497429684], [-49.34101206087995, -27.45651026477232], [-49.34053933158295, -27.45714196089069], [-49.34042566660799, -27.45772113431731], [-49.34044964394737, -27.457896339511333], [-49.34096067817884, -27.45852446861126], [-49.3405846924282, -27.459413576087094], [-49.34070352262262, -27.4602404487761], [-49.34037105247333, -27.46115008718806], [-49.340573432231366, -27.462333415298026], [-49.339591808019264, -27.463898197348556], [-49.3375386373538, -27.4656846084916], [-49.33744356390361, -27.465938062714578], [-49.337516476460074, -27.46657750064267], [-49.33746492649032, -27.46675631354883], [-49.335884815545775, -27.468793535548418], [-49.33550005915175, -27.468953315827513], [-49.335431398688826, -27.46919522213556], [-49.33533988846449, -27.469258290989636], [-49.33448039020295, -27.46957276346114], [-49.33436158065998, -27.46969268865387], [-49.33415458859588, -27.470227139062427], [-49.33329854711033, -27.47014705814374], [-49.33297559765576, -27.470343727961538], [-49.33300348638088, -27.470667525435275], [-49.33377768152446, -27.471492518990118], [-49.33393493782618, -27.471731877986613], [-49.33397116614995, -27.471966525929354], [-49.33389991243942, -27.47206146991768], [-49.33300076127829, -27.472334698616713], [-49.33269122998671, -27.472853518002378], [-49.332324161489716, -27.473174984907697], [-49.332288766449416, -27.474286822737675], [-49.33188301419189, -27.475404916443594], [-49.33195561006189, -27.475564761567806], [-49.332648388100615, -27.47604101930141], [-49.33360531315491, -27.476287669675507], [-49.33390244943827, -27.476482777698116], [-49.333945608097636, -27.4770664541582], [-49.33407291111852, -27.477248024741318], [-49.335079895644085, -27.477531612130985], [-49.33558382121832, -27.477589956077686], [-49.336252173967246, -27.4779906715105], [-49.33648378484015, -27.47824598336866], [-49.33649132101265, -27.478481553952452], [-49.33575130893848, -27.47842266296643], [-49.33527606283802, -27.47860066650859], [-49.3349810081115, -27.478860244849372], [-49.334741792152094, -27.479301369979904], [-49.334045189632384, -27.48015065393247], [-49.33410893477753, -27.48065626689735], [-49.33426447406837, -27.480933413165854], [-49.33431190707957, -27.481369186035927], [-49.334431119381385, -27.481644136948617], [-49.33439104882111, -27.481966075030527], [-49.334902964962495, -27.48224127387433], [-49.33503841641988, -27.482434053605864], [-49.33498435223415, -27.48267026833178], [-49.33396378799656, -27.483478271003236], [-49.33386300792382, -27.48371482280437], [-49.334598304148145, -27.484742695886677], [-49.33452306253522, -27.48497256333985], [-49.33456281133069, -27.48574918183577], [-49.33494534694162, -27.48605259813035], [-49.335429523682336, -27.48621165994819], [-49.33722508651887, -27.48634178010837], [-49.338997314025924, -27.487540646648622], [-49.33932726305508, -27.487863938873286], [-49.33847324478777, -27.488978339199843], [-49.338285974416536, -27.489556392869183], [-49.337689712285346, -27.49020706216841], [-49.33689967228559, -27.490630545271824], [-49.33658461592547, -27.49070239025584], [-49.335762693808704, -27.490769421971972], [-49.33510162951832, -27.49072852889624], [-49.33491099828824, -27.49084730819925], [-49.334758604107115, -27.49116251372903], [-49.33449801776217, -27.492348796347233], [-49.334398816246114, -27.494298296218798], [-49.33445350994918, -27.494985222857707], [-49.33467493686388, -27.495576724084202], [-49.33447682252474, -27.496069633657335], [-49.334680093498605, -27.496483276533436], [-49.33459421082781, -27.496918033344016], [-49.334625600225166, -27.497200068669645], [-49.334382450602234, -27.49813538515056], [-49.33441346344312, -27.49853083464202], [-49.33427291735763, -27.498922719781046], [-49.33424245996978, -27.499298377342416], [-49.334525188863374, -27.499819189598227], [-49.33475976598305, -27.500698456255776], [-49.334760981793806, -27.500972903464977], [-49.33460078859751, -27.50135489457947], [-49.334617780578824, -27.501637503224835], [-49.33487969107598, -27.50198068838584], [-49.335235077186184, -27.50223023069741], [-49.33566097907635, -27.50235522255193], [-49.33647018915926, -27.50237609804792], [-49.33753760820938, -27.502905416469275], [-49.337813092842325, -27.503159647266703], [-49.33789898017854, -27.503423844579597], [-49.33819047221179, -27.503726265422113], [-49.33846864027661, -27.504189944015675], [-49.3385413801679, -27.50464774162794], [-49.3389092323761, -27.505270016942244], [-49.33908346251405, -27.5058467707564], [-49.33944245163727, -27.506149645401447], [-49.33961729297384, -27.506716123586802], [-49.33945123958334, -27.50701167264749], [-49.33924015531475, -27.507152936738056], [-49.339225703561176, -27.507315764924805], [-49.33967796788535, -27.50780459173847], [-49.340803470044314, -27.50871737181258], [-49.341316222062346, -27.509686669282697], [-49.341616595774006, -27.510325384872953], [-49.341528608708565, -27.51104263395096], [-49.341663305547954, -27.511504065576087], [-49.34167111979832, -27.512420541578052], [-49.341899917601246, -27.512692274708176], [-49.34251436162051, -27.51299336191502], [-49.34250691451291, -27.513553477800563], [-49.34257149812963, -27.51370147922975], [-49.343248644978566, -27.514241617146894], [-49.34430986567255, -27.514616924455936], [-49.34479092010348, -27.515194472848144], [-49.34516115966566, -27.515350680309407], [-49.345790077622226, -27.51581156164288], [-49.34634908767516, -27.51571489132253], [-49.346488582800426, -27.51554970741207], [-49.34689728340712, -27.51555502634331], [-49.34727597363229, -27.515439819681053], [-49.34845695941142, -27.514880196682395], [-49.34908450648159, -27.5149547562732], [-49.34914108221383, -27.515075256129162], [-49.3487426374894, -27.515085798814322], [-49.34856829754666, -27.51522025814454], [-49.34870761155344, -27.51562093113694], [-49.34912022197978, -27.516134668559044], [-49.349531289077156, -27.516295633580174], [-49.34997780081303, -27.516550742552074], [-49.35005834750415, -27.516670077377956], [-49.3503011547142, -27.517339045216186], [-49.35062427044748, -27.51783262011438], [-49.35060646889336, -27.518434051431647], [-49.35136455050246, -27.519231937444207], [-49.35206019832591, -27.520821772113436], [-49.352174955403136, -27.521129127814348], [-49.35195397230433, -27.522284314203795], [-49.35209700694515, -27.523015040863278], [-49.35236927935203, -27.523605317240534], [-49.35241666785943, -27.524432743229852], [-49.352640193360976, -27.524697091265327], [-49.353157388742325, -27.524949879384778], [-49.35344370239757, -27.525312943376047], [-49.353450517505244, -27.525648924197462], [-49.3533139145262, -27.52628066768121], [-49.3531685530845, -27.52655357002892], [-49.35310017152325, -27.527134413296157], [-49.3528474532562, -27.527840934980826], [-49.352221787739616, -27.52863730215147], [-49.35198767032949, -27.529094066521758], [-49.35170851631607, -27.53054538267973], [-49.35137738259583, -27.53113983585693], [-49.35116307404601, -27.53129883889044], [-49.351061056486834, -27.531558648169693], [-49.35047794107862, -27.53222807604563], [-49.35035400808771, -27.532558468058138], [-49.35006325536098, -27.53292944139002], [-49.34866644589799, -27.533968276272933], [-49.34761651985929, -27.53601769378304], [-49.3477127141013, -27.53651269658963], [-49.34728779943952, -27.53733240580953], [-49.34690062891641, -27.53783159457629], [-49.34572934902744, -27.53889137457275], [-49.34527830578509, -27.53908260414067], [-49.344998672663515, -27.539334435188696], [-49.34490150982949, -27.539529485219465], [-49.34489341178129, -27.539876229890535], [-49.344630294735175, -27.540222961404943], [-49.34462722433248, -27.540431729765448], [-49.344507829358356, -27.540582352852972], [-49.34441584555301, -27.540951494641988], [-49.344409683694835, -27.541224516019927], [-49.34402587725859, -27.542134806512323], [-49.34361673888026, -27.542881623052228], [-49.3428269874922, -27.54375211663021], [-49.34279167463762, -27.544695677914838], [-49.342607813674775, -27.545116778848318], [-49.3424599082045, -27.545251269446236], [-49.342066377243576, -27.545030960782693], [-49.34188598720072, -27.54503290456318], [-49.34133505940202, -27.54538444696004], [-49.340497728007335, -27.546101360338362], [-49.33992215339928, -27.546318680308108], [-49.33953017170279, -27.54697584464862], [-49.33937661830688, -27.54748621527709], [-49.33894526323678, -27.547746880240943], [-49.33874648225264, -27.54801310744084], [-49.33858592633737, -27.548551692710003], [-49.337648693117, -27.549579338025215], [-49.33713158306353, -27.550731701069605], [-49.33666634159062, -27.551093145841204], [-49.33463077052728, -27.55217598369876], [-49.334293156657175, -27.552894778338498], [-49.334143008864494, -27.553036012422194], [-49.33385375410615, -27.553078735837303], [-49.33335131739106, -27.55335197362239], [-49.33324806984066, -27.55347749925124], [-49.33311851516561, -27.553961343074278], [-49.332999408106716, -27.555267320982985], [-49.33261032708359, -27.556928759648986], [-49.33189539487191, -27.558273297373127], [-49.32925485295897, -27.56181242351976], [-49.327722740303315, -27.56292126814092], [-49.326937440240876, -27.563721467812574], [-49.326536158206345, -27.564290782983782], [-49.32588637926759, -27.566463195372208], [-49.325438311621504, -27.56727815040128], [-49.32525517959645, -27.56955602170033], [-49.32508424519188, -27.5698927847432], [-49.324149621914636, -27.570763730337053], [-49.32370329248834, -27.570989110404867], [-49.32211919767931, -27.571342482188115], [-49.32103383308669, -27.571329753780695], [-49.32012193511757, -27.57148116489232], [-49.31934742340807, -27.571620909375667], [-49.31933932718257, -27.57173326988584], [-49.32104894534703, -27.571464803963313], [-49.322144150794294, -27.571476802777887], [-49.32375414379728, -27.57111752423678], [-49.32424847818888, -27.570867813238078], [-49.32521064672613, -27.569970138002244], [-49.325407648605804, -27.56957492564257], [-49.32558968688221, -27.567304235875213], [-49.32603366667243, -27.56650381909425], [-49.32668093968414, -27.56433915117175], [-49.327057329538576, -27.563808494738854], [-49.32783413836913, -27.563016946643195], [-49.329375304785536, -27.561899997341676], [-49.33203183852876, -27.558340732330038], [-49.332762138188365, -27.55696263758268], [-49.333153737102705, -27.55529043732099], [-49.3332741704353, -27.553978297423637], [-49.333386355306295, -27.55354485476845], [-49.33392097214507, -27.553206135855667], [-49.334238329177225, -27.553149962006707], [-49.334507455456816, -27.55286152337588], [-49.33473610934965, -27.552282029668476], [-49.336751543483, -27.55121156036378], [-49.33725890740347, -27.55081551958265], [-49.33778699571283, -27.549647828209466], [-49.338724270398494, -27.548621130432117], [-49.33889820635, -27.548056449245433], [-49.33906210380652, -27.54784456203723], [-49.3395177083853, -27.547557653026015], [-49.339676257257295, -27.547031836038695], [-49.3400341054804, -27.546422101955443], [-49.34059452260103, -27.546214134483787], [-49.341439602627574, -27.545491608608557], [-49.34194032768603, -27.54516866693623], [-49.34245981641698, -27.545395290831838], [-49.342581714285465, -27.545370920008555], [-49.342737258170395, -27.54520007447387], [-49.34294843358219, -27.54472346368237], [-49.34297648621222, -27.54380297993855], [-49.343749683933844, -27.542963024970764], [-49.344173270433494, -27.54219093843842], [-49.34456588369745, -27.541263149768824], [-49.34457194514776, -27.540985683562468], [-49.344660310023514, -27.54063074331178], [-49.344785670591754, -27.540473047032823], [-49.34478546982635, -27.540265721060464], [-49.34504534096096, -27.539923886510408], [-49.345058081392864, -27.539564521294935], [-49.345143459742864, -27.5393977370134], [-49.34536628056715, -27.539202987411628], [-49.345840868800586, -27.53899514281751], [-49.34653365615573, -27.53843596518394], [-49.34703354454432, -27.537913368130454], [-49.34743008422123, -27.537401031280606], [-49.34786754510718, -27.53655801926045], [-49.34777491487423, -27.536051300311925], [-49.34880870002925, -27.534038394761886], [-49.35019135283859, -27.53301911349835], [-49.35049435273519, -27.532632513349963], [-49.35061779783731, -27.532303165614124], [-49.35119610970429, -27.531640513697464]]]}, "properties": {"camada": "rio", "tipo": "banda", "largura_m": "15-50 progressivo"}}, {"type": "Feature", "geometry": {"type": "MultiLineString", "coordinates": [[[-48.681682489898044, -26.8859811880703], [-48.681420235853864, -26.886067869300998], [-48.68140918485593, -26.88631830068803], [-48.682373427433085, -26.88808542889225], [-48.68349408277704, -26.88942876748452], [-48.687077761864856, -26.892413924844007], [-48.68830092820125, -26.893733138261577], [-48.68861527974732, -26.894837955792728], [-48.68861027434964, -26.89530746422856], [-48.6884346313183, -26.895518796840733], [-48.68810661428273, -26.89565318013009], [-48.687641365610496, -26.895596456177632], [-48.68690551087531, -26.895249327105596], [-48.68594352021936, -26.894577284087717], [-48.68513412199154, -26.893862176427376], [-48.68466135804593, -26.893259691019995], [-48.6843772053863, -26.89263330574567], [-48.68412497740848, -26.89233374617442], [-48.683776421371064, -26.89219583602438], [-48.68340096284068, -26.89220245243395], [-48.68309095142513, -26.892307981889765], [-48.682824877652564, -26.892526076446174], [-48.682451741146906, -26.89326135032671], [-48.68223917929648, -26.894381243676467], [-48.6821927995054, -26.895828561699748], [-48.68220657766554, -26.89732145245268], [-48.68253004163865, -26.89844114256964], [-48.68295984008732, -26.89932484316265], [-48.68333420442191, -26.899874196336643], [-48.68391440005673, -26.90031355863834], [-48.68467405824166, -26.900669001071115], [-48.6862600812235, -26.900953764931415], [-48.686415072016636, -26.901172037334398], [-48.68651294452695, -26.90162582943108], [-48.68605984415635, -26.902572530125557], [-48.68533277742851, -26.90338563309514], [-48.68454163536954, -26.90405077125064], [-48.68293924319068, -26.90469044180682], [-48.682759250081205, -26.90514509524746], [-48.68282532984821, -26.905368441281045], [-48.68326988584628, -26.905718487719405], [-48.684189087326, -26.905973988290327], [-48.685671590831454, -26.905994119275704], [-48.686142626091495, -26.90615917563051], [-48.68650228664946, -26.906407211981445], [-48.686666631956264, -26.90688317809467], [-48.68644549639286, -26.907400969658568], [-48.68566972354769, -26.908259932001616], [-48.685109288597594, -26.908729936062063], [-48.68470338784852, -26.909379335396178], [-48.68425165654014, -26.912005254975753], [-48.683132272357426, -26.914034114903554], [-48.68300370948446, -26.91489830163052], [-48.68371762361762, -26.91649126435768], [-48.68441966289727, -26.917081999934336], [-48.68543250012786, -26.91763654665335], [-48.68718025664326, -26.91820131587424], [-48.68781040588887, -26.918600814996896], [-48.68822408387475, -26.918992857624552], [-48.688229001537266, -26.919153922553825], [-48.688081948691256, -26.91941340914613], [-48.686034255372334, -26.92090444463093], [-48.68555515135582, -26.92143961778132], [-48.68386158425252, -26.922839683387316], [-48.683537588683485, -26.923210395640137], [-48.68350899642523, -26.923588738595562], [-48.683658026178946, -26.923874218690358], [-48.68424532910632, -26.924192075000963], [-48.685259526568316, -26.924298654088222], [-48.686219440304875, -26.924500604638045], [-48.68747283833834, -26.92492253749546], [-48.68794045217069, -26.92491001708738], [-48.688443674488965, -26.92457558016347], [-48.68866573291424, -26.924074265834914], [-48.688637972586804, -26.92359636729519], [-48.68851008246247, -26.923035794555105], [-48.688253345762504, -26.922547727835017], [-48.687622487680514, -26.921822047524586], [-48.687891012242886, -26.92161705844265], [-48.68828930283125, -26.921461091493352], [-48.689565787269764, -26.921345871543], [-48.690113753115426, -26.92168344742985], [-48.69054568750225, -26.922270716908212], [-48.69093047936365, -26.923538567386288], [-48.690702250333125, -26.92413418597679], [-48.68980991733193, -26.92490156197965], [-48.689482905678865, -26.925306697252992], [-48.6893178539191, -26.92583460697295], [-48.68931570088755, -26.92616118459055], [-48.688498405185555, -26.926560577551026], [-48.68721951106571, -26.92697334597734], [-48.68697602889828, -26.92715151781243], [-48.68672126041417, -26.927516618647985], [-48.68665373449464, -26.928208939712064], [-48.68688366148848, -26.928988976762856], [-48.68791984448211, -26.930760792590775], [-48.688368368408604, -26.93122587530461], [-48.688906161586274, -26.931506765527416], [-48.689308323197814, -26.931537669658262], [-48.69054195339025, -26.930938293935966], [-48.69078611301465, -26.93121217262329], [-48.69102981489403, -26.932788906187547], [-48.69129368399401, -26.93335847174443], [-48.69240216069897, -26.934435421180652], [-48.69313637604468, -26.934724010219956], [-48.69499019249672, -26.93418772973796], [-48.6965577111226, -26.934076246453145], [-48.69713498951596, -26.933863995688903], [-48.697323109036006, -26.933591102590523], [-48.697350452116844, -26.933208250425434], [-48.697116833207595, -26.932743125529665], [-48.696599078208365, -26.932205663669635], [-48.69662975962395, -26.932111587787723], [-48.69754064676973, -26.932460854694227], [-48.69820436209045, -26.93261615398927], [-48.7011172199677, -26.932818368597925], [-48.70251201014932, -26.933311472627196], [-48.70360924116981, -26.93387137385334], [-48.70423093252031, -26.934371711819644], [-48.70505234747531, -26.934653754456317], [-48.70560902160429, -26.934460549393908], [-48.70581964973884, -26.93394102245707], [-48.70581372889855, -26.933601998460137], [-48.70543088514203, -26.93285599202513], [-48.7055101663153, -26.932611375451646], [-48.70566354303103, -26.93246423135295], [-48.706519135245216, -26.93242469296648], [-48.70754534812846, -26.93217519163556], [-48.70824485782401, -26.931831171126568], [-48.7089125668703, -26.93117035973858], [-48.70922662377178, -26.931035065503885], [-48.709478029618204, -26.931045822455467], [-48.70961622369455, -26.931122564151327], [-48.709634701121715, -26.93130289729563], [-48.70911975347394, -26.932329496786707], [-48.70873580983876, -26.932780712232272], [-48.70870956177664, -26.932925858977395], [-48.70880431764743, -26.933168637127057], [-48.70924052814216, -26.93342308966024], [-48.710458760366734, -26.93346225683386], [-48.71095681640234, -26.933689361556407], [-48.7116240285107, -26.934355725189622], [-48.71279118954776, -26.935981416564438], [-48.71326833975203, -26.936347213369263], [-48.714188174394884, -26.936648556930635], [-48.715135568911705, -26.93655206715014], [-48.715618929763416, -26.936399093868015], [-48.71578266482527, -26.937126563937753], [-48.71604754053889, -26.939985523832423], [-48.71615846250699, -26.940337113064448], [-48.71656558504904, -26.940526294672754], [-48.716873652620095, -26.94047873595496], [-48.71709574769533, -26.94032446153413], [-48.71753973227177, -26.93950188874274], [-48.71919187860909, -26.937953327017595], [-48.720099775402424, -26.937576912091025], [-48.72043519045429, -26.937535509445798], [-48.7211754965476, -26.937550672380205], [-48.722341869275226, -26.937830269049382], [-48.72703340563098, -26.939317874924722], [-48.727563618833805, -26.93927852678274], [-48.72797602541973, -26.938926877435435], [-48.72826853033959, -26.938208781071776], [-48.72849734402862, -26.937307002104646], [-48.72819809163745, -26.93682160309878], [-48.72724909446681, -26.93630079324258], [-48.72731721825687, -26.936212727419203], [-48.72798670212225, -26.936097416433185], [-48.72839759723533, -26.93609828575536], [-48.7288951733935, -26.936293888033184], [-48.72909523378306, -26.936511122715828], [-48.72928825441356, -26.937215476485125], [-48.72961201294912, -26.937549756330913], [-48.73002239408333, -26.93750770255571], [-48.73059007270503, -26.93709700990369], [-48.730829620232555, -26.93703817621062], [-48.731044439652564, -26.937483089339114], [-48.731347137991555, -26.937874649225545], [-48.7315756110875, -26.938015963924418], [-48.731966090263185, -26.938065373055885], [-48.73226617387438, -26.937928642874766], [-48.73305125940396, -26.937242388525988], [-48.73323121222366, -26.937171055980944], [-48.73367920238305, -26.937693950008047], [-48.73440164803182, -26.93821347543954], [-48.73582228013802, -26.938640370447413], [-48.73639262079835, -26.938714443139602], [-48.73701748215213, -26.93865274843763], [-48.73730022768919, -26.938471161574956], [-48.737399441858415, -26.938262109107487], [-48.737617997341424, -26.93728697153518], [-48.7375086082693, -26.936921825395995], [-48.73736064741555, -26.936837539451023], [-48.737060475063295, -26.9368423534679], [-48.73648475559218, -26.93717414322199], [-48.73612093691154, -26.937225840732047], [-48.73564996209075, -26.93712329441925], [-48.735569566831224, -26.936980673950778], [-48.73606645052115, -26.93654869834765], [-48.73622711076577, -26.9357344567595], [-48.73635627111125, -26.93546191720224], [-48.7366921104281, -26.935401041424317], [-48.73690966101284, -26.93546144901627], [-48.73788029644983, -26.936178418765984], [-48.738293686507305, -26.936242130200103], [-48.73860168120372, -26.936077698517845], [-48.73922291689423, -26.93530774095035], [-48.740069686982174, -26.934832306385776], [-48.74130131605891, -26.934871505603027], [-48.742082599525595, -26.93458019868302], [-48.74317634397518, -26.934435381660684], [-48.74349888230137, -26.934244102984774], [-48.74366501576361, -26.933938885760185], [-48.74360829649988, -26.933786181250817], [-48.743366600828814, -26.933560651685532], [-48.74156762273457, -26.933576190418435], [-48.74313572513449, -26.932674879845962], [-48.74409055059439, -26.93230704386309], [-48.74426767497138, -26.932026324159107], [-48.744379426016884, -26.931532958542345], [-48.744522647723706, -26.931408777877543], [-48.7447561263774, -26.931460347746057], [-48.745390229401266, -26.9322253736713], [-48.74586840414622, -26.932480298401654], [-48.746552847271744, -26.93253272831102], [-48.74762133033039, -26.93234256295169], [-48.74830902486293, -26.93240892680699], [-48.747671699841796, -26.932757903136903], [-48.747515530510356, -26.933125261501036], [-48.74780307296226, -26.933792860173778], [-48.748053676800176, -26.933964643354138], [-48.748395962700094, -26.93402751037978], [-48.74880015927989, -26.933889556273815], [-48.74921260720066, -26.933336274424565], [-48.749444041076565, -26.933153699730877], [-48.75053738538109, -26.93349613447599], [-48.75111919540791, -26.933475354189856], [-48.751314474054745, -26.933382300926347], [-48.75160928207295, -26.933027525854623], [-48.75202286750849, -26.93225933462323], [-48.752182385558505, -26.931769563066133], [-48.75225213372451, -26.93105390282607], [-48.75281943084951, -26.931131624658967], [-48.7536462621539, -26.931376363800997], [-48.75470569865606, -26.931882912677736], [-48.75585333226658, -26.93272925532638], [-48.75855195071203, -26.93505472499255], [-48.758795937178355, -26.93592701824907], [-48.75881872300392, -26.937053154967415], [-48.759088520386626, -26.93836475523967], [-48.76002340670703, -26.941775995377164], [-48.76035187940178, -26.942405582997022], [-48.760887421653855, -26.94297634881774], [-48.762884401112075, -26.944777319827956], [-48.76811360908518, -26.95008205539657], [-48.76898218033374, -26.95055341122026], [-48.77120540129846, -26.95087014743183], [-48.77188553423704, -26.951220136527922], [-48.773314748799535, -26.952893301404686], [-48.7745300138259, -26.953841884048476], [-48.77501184084416, -26.954393096140016], [-48.775680612665816, -26.954832941693017], [-48.77680830565155, -26.95491030633759], [-48.77817242854736, -26.95486680146732], [-48.78074713304078, -26.954376100876377], [-48.7816813461734, -26.953945946487067], [-48.78376730737299, -26.953881413443906], [-48.78578522570148, -26.95447266043402], [-48.78618991930382, -26.954722799706175], [-48.78731232397037, -26.956148172281285], [-48.79184990860732, -26.961390927358313], [-48.792599814099525, -26.962744021457063], [-48.79315945880303, -26.96355527435765], [-48.794016463701155, -26.964140472542653], [-48.795324783962776, -26.964673602881646], [-48.7959999074323, -26.9651004874529], [-48.798415809714754, -26.966324189494465], [-48.80030340179709, -26.96713805671265], [-48.80190987418697, -26.968006239381364], [-48.80385508138629, -26.97142840369257], [-48.80491681979684, -26.974150897255267], [-48.813059086307575, -26.98171575440753], [-48.813180788057444, -26.983324496385254], [-48.81325710141737, -26.983462362945733], [-48.81652478821347, -26.985572032037332], [-48.8177471819226, -26.98713913995976], [-48.81857264610056, -26.989625124093315], [-48.819236956621005, -26.990930728219528], [-48.821307312607566, -26.992106402983193], [-48.82144807351298, -26.994133812379015], [-48.822645369557854, -26.9966328138737], [-48.82460813484597, -27.000297783764214], [-48.82922329577676, -27.00411506411612], [-48.82989479954334, -27.004828101279028], [-48.83085365771077, -27.00530885834372], [-48.83199638048451, -27.006020376718848], [-48.833138373675716, -27.006870864494303], [-48.83359917624471, -27.0074703097915], [-48.833672024505084, -27.007863232219997], [-48.83362573995969, -27.008488948974843], [-48.83342793772967, -27.00918826540925], [-48.83285932155776, -27.010337026305294], [-48.832230689977436, -27.01126522658915], [-48.831931862300245, -27.01157520405609], [-48.831824793589064, -27.01193500782539], [-48.831848641497274, -27.012313546744696], [-48.83200818420105, -27.01278084310018], [-48.833308841267815, -27.01430163871788], [-48.8338088331662, -27.01472575583594], [-48.83542353023902, -27.015573519571074], [-48.83633531687001, -27.016289510036827], [-48.83714804204755, -27.01672423919093], [-48.839577558561636, -27.017386462443117], [-48.84024112368358, -27.017660696699163], [-48.84142582614527, -27.01800188986095], [-48.842662196839335, -27.01804024090168], [-48.84392894860004, -27.01769297854896], [-48.844760767883514, -27.017912384705333], [-48.84532608335447, -27.017912386550684], [-48.84586908203359, -27.017626315206606], [-48.84638169223135, -27.017095894517276], [-48.84694333154873, -27.017051554574632], [-48.84779241977093, -27.017347368421355], [-48.84829752776565, -27.01770422358268], [-48.848523765804245, -27.01797300262513], [-48.848740389398564, -27.01839395669497], [-48.84884258207329, -27.01879961281083], [-48.84855947714342, -27.02031784017876], [-48.84863305016971, -27.020716682096307], [-48.8485492844668, -27.022681883047674], [-48.84890062665872, -27.023436420046778], [-48.84996530805617, -27.024947090099243], [-48.85045775729912, -27.025224529656885], [-48.85122520040181, -27.02595735929736], [-48.851791799912554, -27.026733268777402], [-48.85228178540647, -27.027116248665827], [-48.853124923707355, -27.02819876810189], [-48.85500370369349, -27.029970244992764], [-48.85525428913269, -27.030370739261706], [-48.856187464162495, -27.031348176523966], [-48.85630227299051, -27.03158413216967], [-48.85647876757035, -27.032580684186165], [-48.8569711305695, -27.033434533086503], [-48.85724336936015, -27.0336120278775], [-48.85858468565445, -27.033739695700536], [-48.8608051259402, -27.033323575522274], [-48.86220334016734, -27.033341407460856], [-48.862742480179946, -27.03340484133295], [-48.864041377118326, -27.03374458102665], [-48.86534892956558, -27.03454177669226], [-48.86612235374458, -27.035322610198712], [-48.86686350921477, -27.036379092431503], [-48.86723605896684, -27.03678449849477], [-48.86850846101437, -27.03772968259004], [-48.868721428612595, -27.03811209593558], [-48.869170256300144, -27.038589766800655], [-48.86954195866072, -27.039321670375703], [-48.87116813778173, -27.040999872447827], [-48.87261673477724, -27.04317564256822], [-48.873491722352426, -27.044086722177582], [-48.873968951785, -27.04436632808311], [-48.87456175257545, -27.04455412842932], [-48.87528142196002, -27.044612272993856], [-48.87661457610553, -27.044280049976717], [-48.87739244877352, -27.044241771287993], [-48.87790442192175, -27.04444421269613], [-48.87898221671416, -27.045149780030226], [-48.87945361791136, -27.04530303171903], [-48.88017254466371, -27.0453478031758], [-48.88142722158386, -27.04524260143963], [-48.88218411469735, -27.04558421771147], [-48.88296760239439, -27.046207331849292], [-48.88309942928518, -27.046520301168478], [-48.883125558685265, -27.047533540328146], [-48.88346542418376, -27.047946955367035], [-48.88343264491012, -27.048305317998107], [-48.88262074102091, -27.049053105686628], [-48.8818033377423, -27.04965525727773], [-48.88142139701134, -27.050298920208768], [-48.88112160960295, -27.051138143285005], [-48.8808306323697, -27.052618556654405], [-48.88091756813164, -27.05338147519031], [-48.88109735943728, -27.05400824494963], [-48.881796248495895, -27.055022390143257], [-48.88267991659796, -27.056768952251883], [-48.88322004484482, -27.05761218876588], [-48.88322474515074, -27.059133534725866], [-48.883295010952565, -27.059618947551495], [-48.88340061016816, -27.060092669153175], [-48.88387486662269, -27.061101090148615], [-48.88389490600374, -27.061635376241632], [-48.88405434127743, -27.062124094066828], [-48.88490105171913, -27.063175335489753], [-48.88593378236586, -27.0639298371943], [-48.88694231142693, -27.065365075429632], [-48.88714544504628, -27.06732817516809], [-48.88773397666055, -27.068498995445204], [-48.88819839172867, -27.06919210809873], [-48.88960110514798, -27.070602371435555], [-48.89237831713656, -27.072564398927184], [-48.895296225840156, -27.074867769275414], [-48.89690621781879, -27.07621902619749], [-48.898012089216266, -27.0774281476753], [-48.89985850850568, -27.078266166338032], [-48.90128224749876, -27.07879395957919], [-48.90583268863498, -27.080061176892727], [-48.906637036678624, -27.080142017237684], [-48.90755027711799, -27.080658282807576], [-48.90792106007684, -27.08123115363994], [-48.90805130386598, -27.081686029457035], [-48.908299234984014, -27.08370352436329], [-48.90871172939669, -27.085096455895236], [-48.90893807806276, -27.085600072364777], [-48.91018155716363, -27.08732364030897], [-48.910307733041165, -27.08770131519895], [-48.9100731051531, -27.08851178817387], [-48.90979643952642, -27.088969243186686], [-48.908991453383855, -27.089627505130416], [-48.90800119557428, -27.09007088811233], [-48.90747906440635, -27.090156651623957], [-48.90612601706366, -27.090565822904328], [-48.90588482383583, -27.090746070074168], [-48.90577856523188, -27.090966469028732], [-48.905714802866974, -27.091330369081458], [-48.90573275867985, -27.092244936859924], [-48.905905869235056, -27.093358160814084], [-48.90607323230426, -27.09389204602641], [-48.90695967300862, -27.09533379784351], [-48.90791517235018, -27.096382798891657], [-48.908888637440484, -27.097207679392053], [-48.91218441543063, -27.099603564681047], [-48.913190492729015, -27.100475699978656], [-48.914168183792064, -27.100816883489575], [-48.91599560006858, -27.10066897201815], [-48.91698187464948, -27.100709744954745], [-48.91789536266832, -27.101296416621366], [-48.91930548864716, -27.102372558588378], [-48.9202465093324, -27.102745016093746], [-48.9213903507634, -27.10302761952629], [-48.92417685019068, -27.103004225122067], [-48.924793794275125, -27.10268075914089], [-48.92527539801122, -27.102334233051938], [-48.92688092574931, -27.09992718201104], [-48.928099893369165, -27.098610204740822], [-48.929105773650676, -27.0979540896402], [-48.92938197128533, -27.09789061798489], [-48.92973466272041, -27.09800625846767], [-48.93003163002596, -27.098198754009683], [-48.93124007059064, -27.098674968160562], [-48.93176813162655, -27.098979026069337], [-48.93221669597432, -27.09942913723373], [-48.93280559644722, -27.099741537694452], [-48.9334667358488, -27.100077340238474], [-48.93413838688174, -27.10024552028047], [-48.934586602563556, -27.100483654605956], [-48.93496671191588, -27.10090303762451], [-48.935017462995646, -27.10135735769805], [-48.93504074337563, -27.101851363333544], [-48.93485336103416, -27.103321354260117], [-48.93515504417298, -27.104204093696726], [-48.93543409038121, -27.104586670741632], [-48.93591296482685, -27.105078526468144], [-48.93653983192681, -27.10555354470834], [-48.93957784294997, -27.107438682919508], [-48.941302316560574, -27.108267596489007], [-48.942133532577714, -27.10885895628553], [-48.94255638795662, -27.109315452955318], [-48.943919635897444, -27.111724686485964], [-48.94390843664934, -27.112470730908868], [-48.943785320546375, -27.11288967955243], [-48.943399858941234, -27.11356958553568], [-48.94282996967549, -27.114192949213436], [-48.941745131960886, -27.115055422483], [-48.94102977835294, -27.115368982323478], [-48.94065308022017, -27.115339907240816], [-48.94017902157197, -27.115048213112026], [-48.93936041715974, -27.113802764989277], [-48.93904928080315, -27.11348102230334], [-48.938679909487604, -27.11330935166411], [-48.93827481066644, -27.113239172032895], [-48.9376317286999, -27.11341971609045], [-48.936493974640726, -27.114611225497466], [-48.936100180116405, -27.115312084968984], [-48.93608719297862, -27.115856755690363], [-48.93644379302473, -27.116908700243943], [-48.93617369586202, -27.117940942807245], [-48.935795700335674, -27.11874807984852], [-48.9357672769321, -27.119902257914358], [-48.936165408775686, -27.120795602892954], [-48.93704971300932, -27.122027279131366], [-48.937717334791316, -27.123254061420557], [-48.93808788538293, -27.12374446404918], [-48.938093153523056, -27.12398410988684], [-48.93762086275654, -27.124624367977617], [-48.93740457328441, -27.125187599874536], [-48.93742183043107, -27.125990833121183], [-48.93772589057137, -27.12663954529063], [-48.938483431903165, -27.127264122674102], [-48.939097257174936, -27.127923994629157], [-48.94110190524065, -27.129481968901644], [-48.94134086020741, -27.129557345021784], [-48.941659056832876, -27.129539646697815], [-48.94257752295907, -27.129094623784248], [-48.94302529356884, -27.129045472478783], [-48.94466737911756, -27.130187302652946], [-48.946166200824145, -27.13056824534892], [-48.946296679271306, -27.13077111543393], [-48.94644986065307, -27.13190974266863], [-48.946607508766455, -27.13229633288878], [-48.94738581244912, -27.132999521179105], [-48.9477205080158, -27.13347341058474], [-48.94835008274056, -27.134818897004724], [-48.94900869310249, -27.135720276559752], [-48.94913178234945, -27.136201916425712], [-48.94973904932135, -27.137030747621417], [-48.95096261287692, -27.137924240276366], [-48.95172326664281, -27.138275956998328], [-48.95245803721766, -27.138383179999327], [-48.95302362131066, -27.13818313951855], [-48.95315701773549, -27.13782705720807], [-48.95287229314546, -27.136747100613334], [-48.95288281996314, -27.135662891299255], [-48.95312520704408, -27.13491092779523], [-48.953541364426705, -27.134627530030794], [-48.9548056707955, -27.13436234310934], [-48.955224853749144, -27.13380635475052], [-48.95518542841114, -27.13331290934967], [-48.95457419697334, -27.132220501104523], [-48.95448483477184, -27.131950913273513], [-48.954488658463006, -27.131611183394142], [-48.95467401646065, -27.131517947846937], [-48.95494616424605, -27.131566456073973], [-48.955640927602225, -27.132013683301757], [-48.956093473540506, -27.132183571057244], [-48.95644885294694, -27.132193502350365], [-48.95684410759805, -27.132076116235336], [-48.95712803047616, -27.131723666539898], [-48.95713241103892, -27.130772064954687], [-48.957263870170834, -27.1304343905821], [-48.957501711586524, -27.13014499297042], [-48.95812000945389, -27.129749016278105], [-48.959012085874235, -27.129490080417195], [-48.95974292257548, -27.129122541793453], [-48.96126471717479, -27.127750970192032], [-48.96155790820212, -27.127620177293625], [-48.96192640529562, -27.127823573691245], [-48.962814310798386, -27.12889331903664], [-48.96356698901929, -27.129357877114817], [-48.96386048879334, -27.12979255275658], [-48.96390238488034, -27.13000109876101], [-48.96377202015313, -27.13105481976971], [-48.96438489611686, -27.132910181688693], [-48.964955168417546, -27.133447093758214], [-48.96600243189984, -27.133840922705723], [-48.96661415030906, -27.133964855033884], [-48.96671874965801, -27.13411682509666], [-48.9667542377325, -27.134318120100513], [-48.96639390869327, -27.135186647932773], [-48.96638645180058, -27.135702699307824], [-48.96649875975237, -27.13608120247035], [-48.96702291796084, -27.13688256005744], [-48.96739629839502, -27.13720267781296], [-48.96820142433207, -27.137684278260988], [-48.967908443663724, -27.138442044196065], [-48.967825029151065, -27.139069423792005], [-48.96799892283443, -27.139517611256625], [-48.96846380682043, -27.14021024810881], [-48.96876765024659, -27.140512681413966], [-48.970226962100014, -27.141352447730192], [-48.970502631830136, -27.14165273437494], [-48.97119517485834, -27.143030635183404], [-48.971007481459125, -27.14371656508899], [-48.97098489628847, -27.144120771543996], [-48.9712061189199, -27.14478819724989], [-48.971605415990815, -27.145140053620082], [-48.97235705950386, -27.145489243546162], [-48.97356043640133, -27.145688882779066], [-48.973948478277016, -27.14559457792489], [-48.97422158652416, -27.14533296775508], [-48.97429375998654, -27.14467218054696], [-48.97367944910026, -27.14395046238377], [-48.973592539499556, -27.143516473257428], [-48.973683198704755, -27.1433938373341], [-48.97403592857894, -27.14333583806324], [-48.97527796139521, -27.143540461288293], [-48.97608073189044, -27.14334416931177], [-48.97701293669724, -27.14365430168322], [-48.97715670108255, -27.143807382636513], [-48.97712531262962, -27.144060845790026], [-48.976567256866545, -27.144565328293652], [-48.97614521180512, -27.144727485238572], [-48.975677287935426, -27.145055286424665], [-48.9755312618296, -27.145547837773133], [-48.97563445849746, -27.14587977777013], [-48.97584798794546, -27.14619985926086], [-48.976185517462625, -27.14641383927585], [-48.97752068565221, -27.146359678959], [-48.97816622080755, -27.14614621572281], [-48.97839296402167, -27.145871948152205], [-48.97848404618044, -27.14559334980971], [-48.97822128279496, -27.14458154380309], [-48.978313157606415, -27.14432554201589], [-48.97848541467815, -27.144253793851924], [-48.9792088681092, -27.144278217103455], [-48.98048136468878, -27.144609459840158], [-48.981038332333924, -27.144567606922806], [-48.98146944263995, -27.14434316181423], [-48.98168021416193, -27.143806863836502], [-48.981660006770355, -27.14367649269304], [-48.98137818538261, -27.143315003001767], [-48.98085194347223, -27.142944681439566], [-48.98061486398964, -27.142672891461686], [-48.9805548712611, -27.14235463157209], [-48.9809064148531, -27.142008791623685], [-48.98226549210872, -27.141264038558443], [-48.98291285631148, -27.140339300228], [-48.983093503937, -27.139815012887606], [-48.98295284607019, -27.139463974631827], [-48.983041183156296, -27.13936248631021], [-48.98329977208651, -27.13933250098249], [-48.98378329303753, -27.139456769669895], [-48.98551398714735, -27.140978788078442], [-48.98701836175238, -27.142534283520295], [-48.98775216188957, -27.143096484172975], [-48.98827040195201, -27.143380885834397], [-48.98828510963951, -27.143509153511886], [-48.98776620338564, -27.144343928693704], [-48.987721964914506, -27.145215096261435], [-48.98788498248156, -27.14550575177115], [-48.9883247322077, -27.145835555240723], [-48.9892084691234, -27.146138517348447], [-48.9910607556964, -27.14632831786177], [-48.9918414463823, -27.146222825405733], [-48.992779931059246, -27.14575748020565], [-48.994476725902516, -27.145598445124048], [-48.99565321741631, -27.145812203015126], [-48.99663832893587, -27.146103377166586], [-48.997943097838785, -27.14734592971279], [-48.99891201746795, -27.147666905844325], [-49.000317784163755, -27.14714504592076], [-49.00136513489807, -27.146230003177354], [-49.00259175791417, -27.144277462284826], [-49.003628125260256, -27.14338089546164], [-49.00393910808906, -27.143300981425774], [-49.00442952768731, -27.143451229559915], [-49.005205070294224, -27.143887138055028], [-49.00703872670021, -27.14404211570689], [-49.007730192905065, -27.14387952096487], [-49.00872759397303, -27.143423320417316], [-49.009036707540446, -27.14280342724011], [-49.009321106913085, -27.142556703597908], [-49.01047090824908, -27.14259548801093], [-49.0112583114916, -27.14238350833459], [-49.01220936923163, -27.142505493099492], [-49.01296597199578, -27.142946635001547], [-49.01380405742112, -27.143755412565095], [-49.01529545801349, -27.14476731379418], [-49.01595129639638, -27.145076157118513], [-49.01654187720947, -27.14484824203354], [-49.01897651156496, -27.144176859644528], [-49.020250557586785, -27.144450502411647], [-49.02121115314869, -27.145004625309575], [-49.02118847483549, -27.14546813763078], [-49.0209034132608, -27.146313680696892], [-49.02049375418981, -27.146629166967468], [-49.01779411469396, -27.147356176047975], [-49.01694591536102, -27.147862175462883], [-49.016121119418536, -27.148542659697956], [-49.01469775125043, -27.149414489585354], [-49.014364160311, -27.149854496995122], [-49.01432798142601, -27.150295421561452], [-49.01459169207331, -27.15081795843357], [-49.01523813986826, -27.151221869536602], [-49.01534406461546, -27.15156521352492], [-49.015358217084184, -27.152219951054608], [-49.01603898090209, -27.153552758481094], [-49.016896579983445, -27.154664159359008], [-49.01760560962568, -27.15543041344109], [-49.01830752588745, -27.155807864443894], [-49.01910902461013, -27.155863338611024], [-49.01987464017299, -27.15563122841201], [-49.020021146616955, -27.15522869110812], [-49.019912267272744, -27.154035206786194], [-49.020048837324886, -27.15368279042236], [-49.02036999449709, -27.15364194263679], [-49.02148905580172, -27.153762388451685], [-49.022216691197, -27.153936133759355], [-49.02275266908645, -27.154213357500403], [-49.02302931490194, -27.15447419289408], [-49.023133671219554, -27.154758768429478], [-49.02287557752338, -27.155261110757593], [-49.02202615730747, -27.156184003625768], [-49.02019998102026, -27.15713937612106], [-49.01948602044806, -27.157682117117904], [-49.019441306718754, -27.15820121646474], [-49.01958995773222, -27.158807932419894], [-49.020314904784, -27.159385761064843], [-49.021309021388504, -27.15965616323655], [-49.02199246959294, -27.16002107869197], [-49.022238054325655, -27.160418358549485], [-49.022127915836386, -27.16073549204728], [-49.02142206391613, -27.161009772222695], [-49.020175130515355, -27.16110124380854], [-49.01932115295078, -27.161294451636376], [-49.018410073717924, -27.162436043681858], [-49.01746730502573, -27.163805327477643], [-49.01708149302482, -27.165327958965523], [-49.01700689184773, -27.166066058805797], [-49.01718581217956, -27.166678519637006], [-49.017070206613894, -27.167057821913456], [-49.01495637337506, -27.168110667197414], [-49.01410099414334, -27.16888690596008], [-49.01364418429406, -27.168941056668324], [-49.01287526040936, -27.16873731135763], [-49.01197588218337, -27.168771568973433], [-49.010760524062135, -27.169447537762313], [-49.00903857840385, -27.16937171353845], [-49.00860112215911, -27.169765530928693], [-49.008618403683165, -27.17036732759652], [-49.009055018085874, -27.171543758355426], [-49.00905842180049, -27.172679512766955], [-49.00977558848852, -27.173778393851904], [-49.01036693957214, -27.174259712590395], [-49.011128859007286, -27.174115973805705], [-49.01125911343695, -27.174000832421655], [-49.01146417628147, -27.173318689138593], [-49.01184777833424, -27.172872930862827], [-49.01241820110184, -27.172846963352978], [-49.01278475971209, -27.173133099193674], [-49.01356158721209, -27.174573211154758], [-49.01419237769128, -27.175324845694462], [-49.014889337849, -27.17567630716106], [-49.01574280147434, -27.175535157904072], [-49.01636778669761, -27.175324959967607], [-49.01721730528754, -27.175380404999604], [-49.01950016684482, -27.175256610295477], [-49.02018362034777, -27.175051792508917], [-49.020995937135375, -27.174532148561834], [-49.021274266546186, -27.174431759563966], [-49.021693303640525, -27.17449165645597], [-49.02206766342049, -27.174781839609658], [-49.02254685072437, -27.174878851089414], [-49.02310466960823, -27.174796807870784], [-49.02321983271694, -27.174729050313616], [-49.02366962051101, -27.17397706712986], [-49.02407600824744, -27.1739708276634], [-49.02437042069236, -27.174064377959688], [-49.02453428657035, -27.174343271588793], [-49.024568506756076, -27.17482254840373], [-49.02444877046352, -27.176690269587212], [-49.02414460103537, -27.17790377535949], [-49.02409050781654, -27.178626827360812], [-49.02452182696743, -27.179149101913303], [-49.02525884856263, -27.17941952432937], [-49.02583951041117, -27.18031589657691], [-49.02586015274204, -27.180676557745773], [-49.024970357590945, -27.181222258146388], [-49.02461628556647, -27.18193111276909], [-49.024686913235044, -27.183176318853075], [-49.02505981122163, -27.184519519203214], [-49.02550071468329, -27.1853913851333], [-49.02679131397901, -27.186688803534864], [-49.02747913481756, -27.186968306429183], [-49.028592878470256, -27.187129369625637], [-49.02907351676066, -27.187381692277686], [-49.029304712440585, -27.188035332086958], [-49.0292497656362, -27.1894752703551], [-49.02950149207155, -27.19118232523177], [-49.029483088818196, -27.192347054745685], [-49.0296237294677, -27.193739965733798], [-49.03012763184919, -27.19466049841247], [-49.03066982560503, -27.195086352260905], [-49.03068953196806, -27.195629912008187], [-49.030497459793146, -27.195698115550044], [-49.02940582938511, -27.19567150687748], [-49.02853834617693, -27.1958328716422], [-49.02723717304355, -27.196814809450995], [-49.02638687233727, -27.197952108527588], [-49.025934083089915, -27.199531624679704], [-49.02587012543039, -27.200547964571257], [-49.02636269155255, -27.20146320208082], [-49.02708823331121, -27.202104489305704], [-49.027640732605285, -27.202289260905985], [-49.02828947658768, -27.202064635650796], [-49.02998262024284, -27.20061123810873], [-49.03064572113607, -27.19941423187275], [-49.03167519974205, -27.199146494182653], [-49.03244886982719, -27.199136002124273], [-49.03285569182535, -27.199483441983617], [-49.03496691662578, -27.200824229264096], [-49.03581025977929, -27.20098502724016], [-49.03724141932546, -27.200437055585404], [-49.03787180973495, -27.200057067406945], [-49.03828271385686, -27.19951489489163], [-49.03825811508258, -27.198693969851647], [-49.03774198765938, -27.19747368530527], [-49.03763684144532, -27.197025725287496], [-49.03872534555065, -27.19583489882978], [-49.03951310399686, -27.19514515838156], [-49.04011809000656, -27.19517400626571], [-49.04130903227028, -27.196125197051263], [-49.04230010517122, -27.1966877553953], [-49.04474042366833, -27.19731115941231], [-49.04579971552581, -27.19745506493521], [-49.04656726759967, -27.197148017451475], [-49.04699165131997, -27.196584700000773], [-49.047303419154545, -27.195944162943864], [-49.04732564117843, -27.195082113278232], [-49.04698271592221, -27.194596604276718], [-49.045358885282184, -27.19398648591617], [-49.04503503185133, -27.19353719019192], [-49.045079842145206, -27.1933546740194], [-49.04520954210505, -27.1931456601744], [-49.04601269149015, -27.19272505151935], [-49.046596767357066, -27.192561079254055], [-49.049293953858665, -27.19269515630696], [-49.049684224305814, -27.192341235581], [-49.05001387516246, -27.191200437588098], [-49.04999182661983, -27.19006502053739], [-49.04963047855015, -27.189387163193345], [-49.04914865997653, -27.188096162103328], [-49.048632079562886, -27.187218305056987], [-49.04723018779768, -27.18564022631619], [-49.04732617395344, -27.185355595532517], [-49.04777063215577, -27.18503721877255], [-49.048473614312464, -27.184690084021714], [-49.04959816840559, -27.184964912439227], [-49.0509842690335, -27.18686885759565], [-49.05261226919109, -27.188170458920695], [-49.05370817955688, -27.188555245508137], [-49.05426081442587, -27.188350824765582], [-49.05472183701201, -27.187885852147023], [-49.05505090120265, -27.187123154999174], [-49.055388035695685, -27.186577873995496], [-49.055595109043686, -27.186452534489707], [-49.056012672881394, -27.186553683688633], [-49.05619733949889, -27.18680949935753], [-49.056712523526066, -27.188846786117363], [-49.05733370337643, -27.190632929235107], [-49.0577630092359, -27.190981959890784], [-49.05808570828567, -27.191114836454453], [-49.05838496152594, -27.19106567563565], [-49.05919690558421, -27.190295743700343], [-49.05942018991121, -27.19021450752212], [-49.060341623578736, -27.190356345092074], [-49.06117150498399, -27.190222848443383], [-49.06144457374198, -27.19028456809056], [-49.06171678533616, -27.19081419466583], [-49.06177673829202, -27.191187477782723], [-49.06139792454622, -27.191734219118075], [-49.061481949109115, -27.192481338041134], [-49.061915696585864, -27.192971927752062], [-49.06253973213055, -27.192994147144567], [-49.06370483952892, -27.192151580361905], [-49.06452645034323, -27.19166435497991], [-49.06530817262029, -27.191307670386543], [-49.06705378552785, -27.19090420403843], [-49.06759481768744, -27.190456437143727], [-49.06804098282689, -27.19026289022669], [-49.06827573176056, -27.190319861864566], [-49.068509176219344, -27.190677195618125], [-49.068691861934276, -27.191519834915187], [-49.068961510299566, -27.191762141021822], [-49.06939780315406, -27.1917752940303], [-49.0700431039557, -27.1916163938676], [-49.07207790737296, -27.190974325349288], [-49.072635780568916, -27.191082849664106], [-49.073254328283106, -27.191403405068105], [-49.07353446503379, -27.191768858389523], [-49.07365496577462, -27.192288703410913], [-49.073427161944174, -27.19675210543527], [-49.07430502730103, -27.19813824826546], [-49.07462601455512, -27.198462988345334], [-49.07509028736387, -27.19843868379086], [-49.07555290559814, -27.198183038375777], [-49.07657739125359, -27.19689793570316], [-49.07704989052869, -27.196445340664514], [-49.07781147823291, -27.195273478292858], [-49.07804454750216, -27.195208386238345], [-49.0789267279045, -27.195431931559458], [-49.07931748491018, -27.19569211451772], [-49.0800687587533, -27.196528199364394], [-49.080493275223674, -27.196580131768545], [-49.08098120973311, -27.196304443419024], [-49.08134102076011, -27.195985515418492], [-49.08164692053812, -27.19558581510889], [-49.081775540987714, -27.19519844716322], [-49.082098520100025, -27.194641992525778], [-49.0823253814454, -27.194553033185603], [-49.082683634950826, -27.194557048913804], [-49.08289651036428, -27.194680639092173], [-49.08339090719053, -27.195738483666013], [-49.08364624092356, -27.198605680344585], [-49.084058354720995, -27.199282331740882], [-49.08441414247949, -27.199644170138328], [-49.08489067438147, -27.199675134858303], [-49.08543245290163, -27.199449497513537], [-49.08612445305315, -27.198868296965053], [-49.08802700352447, -27.1965853858089], [-49.0884598376594, -27.196236981259133], [-49.08965625769139, -27.19538416648261], [-49.09095090396186, -27.19504339892745], [-49.09128280993067, -27.194676057066648], [-49.091456598798196, -27.194209538020637], [-49.09137742155509, -27.193728403672424], [-49.09080084619256, -27.192829888710246], [-49.090071747763744, -27.192358251364848], [-49.08994870043586, -27.192112229643463], [-49.09016487078053, -27.191709608999087], [-49.09117918383544, -27.191196307696483], [-49.09167316922365, -27.191089102392727], [-49.09258077897766, -27.19113900194614], [-49.093276712716246, -27.190903917906986], [-49.09414671314449, -27.190294217304626], [-49.095103250471844, -27.189229995204062], [-49.095196463634856, -27.188582260376844], [-49.09487730870286, -27.187223410006236], [-49.09470857075866, -27.186962115886224], [-49.09425884188232, -27.18660974313091], [-49.09344735141188, -27.186490345378967], [-49.09330217189118, -27.18632031945219], [-49.09327783035427, -27.186160430495356], [-49.094045550752696, -27.18490816834283], [-49.09447176898842, -27.18451105829253], [-49.09490181971911, -27.184342716054026], [-49.09696465736199, -27.18422797367015], [-49.097706484483325, -27.18432856140217], [-49.09832399003113, -27.18455037346323], [-49.09853140346162, -27.184853370777752], [-49.098830958737786, -27.186880865751633], [-49.09911547618604, -27.18734252563852], [-49.10029848843681, -27.18832574395396], [-49.10036586543135, -27.18849492820406], [-49.10031880284906, -27.188613072242813], [-49.099555281059104, -27.189104453061976], [-49.0994742197836, -27.189534115751748], [-49.09968674170934, -27.190668333961746], [-49.09919936157285, -27.191055221570515], [-49.098877755295234, -27.191458143249964], [-49.09888138319627, -27.191911064271068], [-49.09953501094407, -27.19223355864109], [-49.10154597828025, -27.192877443233403], [-49.10215171282041, -27.192779138188104], [-49.10273133447488, -27.192490653874163], [-49.103118245136486, -27.191981298081824], [-49.103381527159726, -27.191276411929078], [-49.10345998052992, -27.18992739739378], [-49.103657836543555, -27.189113359497924], [-49.10405746230013, -27.18875786497842], [-49.10476630668533, -27.188697777571132], [-49.105059798338274, -27.188902927611316], [-49.10563143485408, -27.1899623416505], [-49.10632503450529, -27.190715642243557], [-49.107001434426564, -27.191076941213577], [-49.10762554368682, -27.19096511806038], [-49.10796613040198, -27.190345460059888], [-49.10814206838456, -27.188386241812758], [-49.1078734854077, -27.187314781804652], [-49.107190925897136, -27.18674863970639], [-49.106511595552185, -27.186628353637722], [-49.105871257388536, -27.186359606102553], [-49.105407085847574, -27.185760928875535], [-49.10551605812631, -27.18525682542921], [-49.10600276782381, -27.184855533143164], [-49.109115626263765, -27.183272665388646], [-49.11110456599773, -27.182617689668387], [-49.11263341650148, -27.182629107014304], [-49.11288895903633, -27.182785701210992], [-49.113065659652605, -27.183361812004495], [-49.11306565898657, -27.18383273158017], [-49.11279462718339, -27.18416023329268], [-49.11275854291426, -27.184996327832152], [-49.11310124184948, -27.18586402814172], [-49.11365266275953, -27.18656925756353], [-49.11461335415244, -27.1866881226796], [-49.115817386499366, -27.18602098183974], [-49.1161819909046, -27.185226988952095], [-49.11660872171608, -27.18483740203526], [-49.11717099106291, -27.184875144187952], [-49.11795273331487, -27.185634514628127], [-49.118272497119044, -27.187300584030286], [-49.11886241484313, -27.187777732536407], [-49.119553029700896, -27.18814898484469], [-49.11998823897362, -27.188086452027434], [-49.12030115802908, -27.18763648756296], [-49.120367762724186, -27.18692177501211], [-49.120481882243546, -27.186586774987823], [-49.121017140154564, -27.18615205422341], [-49.121631710468854, -27.186099517614966], [-49.12258658845537, -27.18621059359662], [-49.12297667101892, -27.185945022341954], [-49.12360627106297, -27.185149687072723], [-49.12403399577866, -27.185019826568745], [-49.124600656372266, -27.185287321244015], [-49.12529558362636, -27.18586588458896], [-49.127309331653436, -27.185932676365326], [-49.12773198530927, -27.186085084768393], [-49.12814904715413, -27.186572710268894], [-49.128329379483105, -27.187139237038124], [-49.12823141093846, -27.187727229081755], [-49.12801646206156, -27.188226419995424], [-49.12751819624282, -27.1885641172815], [-49.12692481255428, -27.18879241948552], [-49.1268184552567, -27.189423868846255], [-49.127028343577386, -27.189764263249774], [-49.12865718953456, -27.19009086161836], [-49.12943606358251, -27.190360188652473], [-49.130097229026205, -27.19030030133339], [-49.130377440755765, -27.19047380759576], [-49.13108418757684, -27.19139357813945], [-49.131592167604765, -27.19158066822447], [-49.13255544334977, -27.192245497511028], [-49.132543221622555, -27.19243030679862], [-49.132052259643295, -27.19293007768877], [-49.1308467731879, -27.193394763340848], [-49.130212108688326, -27.19375417808179], [-49.12955665466573, -27.19450929284516], [-49.12957344622674, -27.195334728662697], [-49.12967849298301, -27.195991183825303], [-49.13010872186499, -27.19637573683424], [-49.130590369950106, -27.196563477724073], [-49.13101366753813, -27.196374461298404], [-49.13295565755454, -27.196821421679253], [-49.133265339855285, -27.197181644316], [-49.133040454314425, -27.19774241691495], [-49.133313962793075, -27.198422534674904], [-49.134019377926045, -27.19914604238261], [-49.13847708948334, -27.19988324586222], [-49.13873868148432, -27.20011239315027], [-49.13952801121283, -27.201214403781567], [-49.139656519648874, -27.201279783058986], [-49.14026937222031, -27.201032520970276], [-49.140466501578274, -27.200450640917598], [-49.14057111029667, -27.199377483839434], [-49.14078061549454, -27.199206649874874], [-49.14233248994927, -27.19907530212639], [-49.14249381201749, -27.199147017015736], [-49.1427612529766, -27.199444384924398], [-49.14404689447652, -27.20131041083506], [-49.145122884961104, -27.201899733049032], [-49.147352733399295, -27.202798504729287], [-49.14801332108456, -27.203162090430816], [-49.14865618373417, -27.203189706606572], [-49.14922124939427, -27.202913968274878], [-49.1498222041437, -27.20247568662476], [-49.15072468818031, -27.202110889101085], [-49.151633580531175, -27.20209008850931], [-49.152840842681286, -27.20237159933008], [-49.153249620639, -27.202744968103538], [-49.15374998131004, -27.203676477879267], [-49.15368136817107, -27.20428711799225], [-49.15348671216265, -27.205011941512645], [-49.15349488734295, -27.20575840469955], [-49.15380886087271, -27.206299626773102], [-49.154376458218955, -27.20641659722233], [-49.15587194414069, -27.2057088384643], [-49.15696420850192, -27.205468580456873], [-49.15754742528594, -27.205586884369435], [-49.157965995785354, -27.207217981142964], [-49.15849968537365, -27.20753384039311], [-49.16036943775449, -27.207718582410802], [-49.16094514759853, -27.207963161659134], [-49.16156197562107, -27.207977185495782], [-49.162324255300554, -27.20766054393944], [-49.163952440523154, -27.207320105414006], [-49.1645882395303, -27.206978314808158], [-49.165052926605924, -27.206337371582997], [-49.16531814420322, -27.206120359615205], [-49.168551405505404, -27.20547225919473], [-49.17025486307752, -27.205307131056333], [-49.170777321912375, -27.20499786728151], [-49.17134603190866, -27.20478117551084], [-49.172555293981084, -27.20467348548218], [-49.17302380862937, -27.204523374059647], [-49.173531977849805, -27.203742106935028], [-49.17382367805217, -27.20355187450863], [-49.1746047447022, -27.203653542923284], [-49.17529494552212, -27.203576742873306], [-49.17598950023811, -27.203397439894587], [-49.17726689850902, -27.203892100785062], [-49.17848920220124, -27.204142607355543], [-49.178935866329745, -27.204510776339095], [-49.17910397186214, -27.205208386230893], [-49.17887668361911, -27.206144416470618], [-49.1787678622784, -27.207008483174064], [-49.17903314790948, -27.20755416981505], [-49.17968834106083, -27.207526475688415], [-49.18025278307274, -27.2070774532283], [-49.18067225327247, -27.206342038602717], [-49.18076179746202, -27.204473682897888], [-49.18090214758389, -27.203735202898415], [-49.18144505731242, -27.20301610190625], [-49.18223013245478, -27.20259296798021], [-49.18279078775962, -27.202163018454392], [-49.18304570360737, -27.201274543682118], [-49.1834483293241, -27.200537981805024], [-49.184727829378325, -27.200014234075304], [-49.18528003573359, -27.200042810587263], [-49.185811174604815, -27.200272015817404], [-49.18644817175296, -27.20041824269096], [-49.186808996143526, -27.20026777149901], [-49.187600070588765, -27.199399682817827], [-49.18804257716795, -27.19939968282735], [-49.18829591949853, -27.199576750976018], [-49.18834000076529, -27.200597160066682], [-49.18762048074643, -27.202503797701656], [-49.186941105407925, -27.20387846244832], [-49.18691115834762, -27.204115805568964], [-49.187009458081384, -27.204342745007075], [-49.18744328260396, -27.204486441324317], [-49.18774809599303, -27.204487449438922], [-49.19041532174091, -27.203776595922108], [-49.19155407803691, -27.203843579825634], [-49.192206291492475, -27.204163781330507], [-49.1928221278081, -27.20476145703711], [-49.19345451052407, -27.205526173399285], [-49.194057377856666, -27.208666504274266], [-49.19436447444311, -27.209013655808317], [-49.19468843914687, -27.209016648971527], [-49.195249025373, -27.208706430464247], [-49.19593811157902, -27.20776160570473], [-49.19640641710834, -27.20728027529166], [-49.19675589600298, -27.20708345304657], [-49.19763032200455, -27.20713408458795], [-49.1985783774115, -27.2073901020779], [-49.19916162426367, -27.207751532103245], [-49.20003201067552, -27.208648069111863], [-49.20027457283799, -27.209423106842983], [-49.200382562018646, -27.21013439278883], [-49.20103638850347, -27.211442049097485], [-49.20129990723955, -27.212615840721693], [-49.20135951955791, -27.213847968823863], [-49.201496493851906, -27.214138998496853], [-49.20174670720453, -27.21432193008802], [-49.20275522925319, -27.214633009765752], [-49.20384521078666, -27.214387770997227], [-49.204246191903316, -27.214068127094244], [-49.204349285391835, -27.213888367221898], [-49.204622351936024, -27.21264169499086], [-49.20423961133668, -27.212146405963033], [-49.204534680834556, -27.212114482068422], [-49.20522302002458, -27.212685149940544], [-49.206058778171666, -27.213724973018433], [-49.20720416892036, -27.21419122697908], [-49.20850710851895, -27.21406486314749], [-49.20986157200927, -27.215485530452302], [-49.2099343759978, -27.216083213735917], [-49.209700280834454, -27.21645705980476], [-49.20899936496008, -27.217033313286493], [-49.208865843158485, -27.217806076247093], [-49.208928531404666, -27.2180660736211], [-49.20937265575392, -27.21886976153472], [-49.209456024772386, -27.219767658610387], [-49.21002189542707, -27.22089915714947], [-49.20991992333822, -27.221225333081833], [-49.20942503643713, -27.221880348848746], [-49.20944471701297, -27.22212054204746], [-49.209888114403206, -27.222690159397533], [-49.21064291351802, -27.22296437598395], [-49.21173572740548, -27.223206882612423], [-49.21273141468495, -27.223832175443846], [-49.21291457698234, -27.224587429535838], [-49.21277532636449, -27.22560868636425], [-49.21221159323136, -27.22631130367524], [-49.21206482632346, -27.227202922856396], [-49.214000610212636, -27.229696357852763], [-49.21423872882194, -27.229907360467244], [-49.21523466503903, -27.22983560269247], [-49.21549242216696, -27.229736383746832], [-49.21621766338921, -27.228591149649326], [-49.21776260810655, -27.22795793197141], [-49.21878530617896, -27.22812213470204], [-49.21910160039898, -27.228406709137143], [-49.21908484213227, -27.22852937736902], [-49.21822067903095, -27.229499346485486], [-49.21811440758958, -27.229807202834525], [-49.21811830716162, -27.230145402817772], [-49.218308864269126, -27.230404794984107], [-49.2194855734678, -27.230703907895187], [-49.220029697007604, -27.230957281458103], [-49.221836098651515, -27.23149928211138], [-49.22352717076626, -27.23147406149253], [-49.224620800869495, -27.231614813096545], [-49.2254542440432, -27.232249629170653], [-49.22613353004641, -27.2324581530736], [-49.226875069549955, -27.232485069307963], [-49.22881591478118, -27.23204703206606], [-49.229507531050764, -27.23196397824816], [-49.22981277773569, -27.231786239858636], [-49.23030580803669, -27.23100692350508], [-49.23060772840371, -27.230768061830847], [-49.23098279644742, -27.230629239678876], [-49.23156673437139, -27.230634141129123], [-49.232225297844735, -27.230834205569817], [-49.23393270628044, -27.231107255529945], [-49.23418964652541, -27.23104045804133], [-49.23433335002862, -27.23111446792046], [-49.23452959954935, -27.231552350198154], [-49.234572699608016, -27.231864618818864], [-49.23438117622485, -27.232274579191365], [-49.23348849506242, -27.233253344911574], [-49.23338211677612, -27.233545744026195], [-49.233562539566066, -27.234386208794685], [-49.23372437827049, -27.234581228977365], [-49.23414019089104, -27.23483379407663], [-49.23440538171909, -27.23484614664403], [-49.234719913185195, -27.234719119048577], [-49.2357324685205, -27.233714697458506], [-49.236268130544694, -27.233540188113018], [-49.23681274924283, -27.233144227712533], [-49.23743481985543, -27.23348828142622], [-49.23773801849039, -27.233817290590924], [-49.237910472960586, -27.234092902832586], [-49.23821694742044, -27.23497928218614], [-49.238546457640496, -27.23546202081818], [-49.23858588893483, -27.236042503474874], [-49.23883830664067, -27.236221084567198], [-49.23915368165747, -27.23622303017263], [-49.23949254750223, -27.236060969821455], [-49.24030858110255, -27.23523783730618], [-49.24202788427376, -27.23522267551384], [-49.24316916100634, -27.23487877317237], [-49.24362706163101, -27.234850917187998], [-49.24411978320675, -27.234970156123584], [-49.244379473495904, -27.235105091556076], [-49.244592653127775, -27.23533034070618], [-49.24476150917809, -27.235674487092854], [-49.24490681523505, -27.236364530230855], [-49.24508973082704, -27.236631501721366], [-49.24550904133489, -27.2368699319171], [-49.24587580223071, -27.236916352963828], [-49.246847717400655, -27.236752139640174], [-49.24750223435654, -27.23681033270777], [-49.24839795493129, -27.23667226871315], [-49.24887946430522, -27.236700347770537], [-49.24940112268297, -27.23684701952079], [-49.251112245025354, -27.237691120153197], [-49.25137962808067, -27.23772855407365], [-49.252066725556155, -27.237599849959498], [-49.25272876909946, -27.237735930120078], [-49.252915284406846, -27.237932743870676], [-49.25290045955399, -27.238163847710986], [-49.25160084995202, -27.239941405375834], [-49.25145789627058, -27.24047338674496], [-49.25142548164148, -27.241458403085474], [-49.251781645978106, -27.242650521159053], [-49.25199974703391, -27.243068888763794], [-49.25169800165882, -27.2436377258557], [-49.25181284125344, -27.244014221724097], [-49.25203787081697, -27.24428562839565], [-49.25297896346658, -27.244337958290558], [-49.254039180492015, -27.244703845039435], [-49.25608237611347, -27.245802557266693], [-49.25652015190372, -27.245925457319153], [-49.25710100387529, -27.24590705531593], [-49.2572666112736, -27.245996125818518], [-49.25735899853791, -27.24641122494553], [-49.25684096053619, -27.247182621113463], [-49.25677606452255, -27.247470119094842], [-49.256890683659925, -27.248022824362682], [-49.257131335725994, -27.248194371133696], [-49.25772087327081, -27.248127530763206], [-49.25839920020917, -27.247674179970893], [-49.25890594932993, -27.247926212051492], [-49.260026443457534, -27.248004733421915], [-49.26029208264551, -27.247869519455595], [-49.260614999412645, -27.24751375911759], [-49.26092973611176, -27.24740790160712], [-49.26125939585902, -27.247537939016002], [-49.26266899868704, -27.248442013545294], [-49.26334990430434, -27.248667180896746], [-49.26375525670209, -27.248543401316], [-49.26458295222795, -27.247998592833152], [-49.26511648691941, -27.247867880256738], [-49.265448817273246, -27.24787201087139], [-49.266974186553334, -27.24845352867267], [-49.267110131395526, -27.24855951055286], [-49.267316458794596, -27.24895177106519], [-49.26786918857394, -27.24953067968877], [-49.26827528723675, -27.24971253775583], [-49.26868721102297, -27.24972806865044], [-49.269309971729115, -27.249507630467683], [-49.26955546927035, -27.249094709605906], [-49.26978993704734, -27.24837045875905], [-49.26986632075551, -27.247540278568017], [-49.2694657183145, -27.24629152469495], [-49.26942461754227, -27.245882169795227], [-49.26950135906309, -27.245540717423104], [-49.26976779189581, -27.24505639835271], [-49.27015791172142, -27.24491217314752], [-49.27067465657335, -27.2448856888386], [-49.271538322281764, -27.245083956694234], [-49.272115019214255, -27.245477982436608], [-49.272459882535934, -27.246052585278534], [-49.27294600103564, -27.246282590331777], [-49.27351411955888, -27.246216464325983], [-49.275285624278716, -27.245595534785593], [-49.275520249937536, -27.245630053279033], [-49.276221358549115, -27.246272107332533], [-49.27625653030909, -27.246438040808346], [-49.276175642365764, -27.24668704620416], [-49.27604045128464, -27.246845820068387], [-49.27561384503639, -27.247042255802707], [-49.275008743745694, -27.24701223934499], [-49.27462387786689, -27.24709656502242], [-49.27407536205472, -27.24765945414504], [-49.2739247726067, -27.248055609707396], [-49.27389741569186, -27.248732876001114], [-49.27398437540759, -27.249039323192942], [-49.27444208722569, -27.250208629162362], [-49.27467114846472, -27.250602483848898], [-49.27458614249099, -27.251494934224908], [-49.27466793054202, -27.251776013429854], [-49.275118607443694, -27.25225808309332], [-49.27550419899765, -27.25239920856777], [-49.276088962001026, -27.252076186600927], [-49.27652345769222, -27.25152550318968], [-49.276723467248985, -27.251393592114372], [-49.278087923267336, -27.25143236220473], [-49.278617845368835, -27.251805437131846], [-49.278727159742346, -27.252259234010907], [-49.27851129384661, -27.253035714230123], [-49.27837196716012, -27.253317933382053], [-49.27764507264414, -27.253962505903676], [-49.277555079060974, -27.254365561751488], [-49.2776184653637, -27.25463711310898], [-49.277933311943805, -27.254901579582793], [-49.278284651495156, -27.254914133769407], [-49.27904219248704, -27.25451244982829], [-49.27937859254536, -27.254220456442077], [-49.27999289191321, -27.254116092211056], [-49.280438916679756, -27.254189166810217], [-49.28119693662407, -27.254710284796438], [-49.282090391530254, -27.255646828338307], [-49.28261586710954, -27.25649177180926], [-49.28351194971031, -27.25714519953987], [-49.28410010949765, -27.257772533841525], [-49.28418439661104, -27.258181188917632], [-49.28413315434442, -27.25889257741318], [-49.28419979382376, -27.259206671020525], [-49.28455426860938, -27.259621025929786], [-49.285359492593436, -27.26029681173957], [-49.28579375649594, -27.261093367880054], [-49.2861292300325, -27.261321095071644], [-49.286437407093445, -27.2612296061982], [-49.28684233552929, -27.26084708470966], [-49.287664288038734, -27.259740205806956], [-49.28873731996119, -27.259143795876458], [-49.2891630007848, -27.25901392948941], [-49.292747297654806, -27.25833403862144], [-49.293406524973484, -27.258082063767606], [-49.293924549612356, -27.25820470655117], [-49.29472556066107, -27.25854462101568], [-49.295191542819865, -27.258590142658306], [-49.29591910168199, -27.258363710395823], [-49.296458376063704, -27.257973276075933], [-49.29691880207295, -27.25813310298797], [-49.297841267129215, -27.258881200303883], [-49.29840581148357, -27.258870659483627], [-49.298578010582496, -27.258718089467603], [-49.29865047945472, -27.258011939746964], [-49.29888609754596, -27.257329948659972], [-49.29897644036164, -27.257140625001814], [-49.299276511327406, -27.256886931731565], [-49.30051372152236, -27.256444193094527], [-49.30179894623478, -27.25617700632105], [-49.302380591868875, -27.255894975433677], [-49.303277755597186, -27.256198392203267], [-49.303655160757735, -27.257111310554247], [-49.304230909668355, -27.259023099144372], [-49.30447492557954, -27.259619293772385], [-49.30467352094288, -27.259899914624693], [-49.30473804873448, -27.260619590867833], [-49.30462825212031, -27.261096099811613], [-49.30450183011279, -27.261292499299515], [-49.30389913468769, -27.261635987570546], [-49.30243645152195, -27.262026347140477], [-49.30197193056796, -27.262408058041437], [-49.30091649255965, -27.264565191276986], [-49.30061541752014, -27.26580966531394], [-49.30015610206339, -27.266539874877694], [-49.29974162352346, -27.2678156728764], [-49.29950149202033, -27.268123485216773], [-49.299534393868605, -27.268673968812422], [-49.29983018530894, -27.268918465541553], [-49.30052326193221, -27.268930209147484], [-49.302234823896384, -27.268534235984536], [-49.30252861943671, -27.268561302059467], [-49.30373087349663, -27.267874511356105], [-49.304173810707915, -27.267928998865358], [-49.30484427970982, -27.268398321214125], [-49.305154077970954, -27.26881859534014], [-49.30515448496181, -27.269029762876073], [-49.30445451596261, -27.26911251397601], [-49.303764624977966, -27.268802125482075], [-49.30345819359422, -27.268756964777218], [-49.30318274129986, -27.26882008558659], [-49.30283482233319, -27.26919466710742], [-49.30261767405451, -27.269972524343338], [-49.30263003031364, -27.27154652823769], [-49.302856771641615, -27.27222110334801], [-49.303035010393884, -27.272466535738783], [-49.303367208049785, -27.27267545904757], [-49.30365667404425, -27.272727105700763], [-49.305504497615786, -27.27219204995544], [-49.30592618022822, -27.272260204969797], [-49.30645024710761, -27.272565519066276], [-49.30673317209729, -27.272629355171517], [-49.3081325509665, -27.27212631722562], [-49.309179939717325, -27.271651598286024], [-49.309335432846055, -27.271660278911252], [-49.30959576138463, -27.271869934516566], [-49.309986178932334, -27.27267329255079], [-49.31001485183005, -27.27315235981648], [-49.30989675670218, -27.273501013034554], [-49.30949439834604, -27.273955354956016], [-49.30946163047221, -27.274163314690462], [-49.30905009514897, -27.274509173982956], [-49.3089085790854, -27.274753699112985], [-49.30889301211679, -27.27495221909532], [-49.30899164433068, -27.27516009251582], [-49.309224848181245, -27.275310720131333], [-49.309769305767766, -27.275420364343905], [-49.31171595957984, -27.27548355238602], [-49.312005741092605, -27.275591441954113], [-49.31212582631766, -27.275986140598622], [-49.311945273986595, -27.2772624665797], [-49.311405882710744, -27.278465525262884], [-49.31090714900465, -27.280300607905758], [-49.30996352779331, -27.28127159428214], [-49.309750198747345, -27.282254760429836], [-49.31005375722987, -27.282650625225532], [-49.31097194239883, -27.283397891981874], [-49.313267239068686, -27.284329605446953], [-49.31415471806455, -27.284877600552573], [-49.31442785483205, -27.285705456631778], [-49.31453390959578, -27.285836168359644], [-49.31487095816561, -27.28586182660573], [-49.315388119162996, -27.285417596487985], [-49.31568611306745, -27.28529454609584], [-49.31638249843099, -27.28521737405219], [-49.316575863354096, -27.285270308881472], [-49.316833620235265, -27.28550751525019], [-49.316957193438434, -27.28593852189692], [-49.316927900543945, -27.28740544789116], [-49.31685737724487, -27.287617997187187], [-49.313407057460964, -27.289124889958583], [-49.31250759740277, -27.289255330523734], [-49.311553748772994, -27.289029635109376], [-49.31133857614667, -27.289122372019182], [-49.31109980472277, -27.289501192096072], [-49.31111621731871, -27.289770017679594], [-49.31172509948223, -27.29037191167865], [-49.312112123439526, -27.290425203158986], [-49.31363510238142, -27.290294586729807], [-49.31402565698288, -27.290404071536436], [-49.31412102140946, -27.290538241613017], [-49.314077286133966, -27.290725034796374], [-49.31350729111027, -27.291296451057217], [-49.313356218926636, -27.29159231428244], [-49.31417136826991, -27.29334582186489], [-49.314110397141945, -27.293553771773237], [-49.31327963344619, -27.294801282125928], [-49.31242052792122, -27.29565822899337], [-49.31187863091089, -27.296059164315732], [-49.31176460833259, -27.296314022073716], [-49.31194258485756, -27.296752073951716], [-49.31272765490558, -27.2975228694685], [-49.31275622583645, -27.297969908349515], [-49.31261657060584, -27.298752942722214], [-49.3126569544931, -27.298966883678407], [-49.312835336093535, -27.299061430765207], [-49.31301372057349, -27.299017419602574], [-49.31380016752983, -27.298196043521198], [-49.3139441896408, -27.297782275975518], [-49.31410546375405, -27.296527920455024], [-49.31424439067771, -27.296338661865885], [-49.31454243766763, -27.296359152274682], [-49.31466900633743, -27.29659750181561], [-49.314524295971374, -27.297722712905962], [-49.31456140824784, -27.297915841814785], [-49.31522153442659, -27.29887001888687], [-49.31533455879476, -27.299193945515416], [-49.3150589558688, -27.29944403786356], [-49.31397720961118, -27.300031550530235], [-49.31389567643843, -27.30033046235162], [-49.31399550038115, -27.300487713525477], [-49.31434900200184, -27.300657603893114], [-49.31611794816522, -27.301101535938002], [-49.31659227899502, -27.30225308880791], [-49.31644829206029, -27.30245859316677], [-49.31550793336692, -27.30324578065602], [-49.31540202328598, -27.303563329347554], [-49.31546560240176, -27.30393333072402], [-49.31582616684847, -27.30409843140891], [-49.31876923058256, -27.30404805942837], [-49.31909253645696, -27.304140009344533], [-49.31918060773564, -27.304290760351098], [-49.31891431417539, -27.30467193273732], [-49.31795208318864, -27.30554154834683], [-49.31773249078108, -27.30589597216362], [-49.31740567244469, -27.306155843085733], [-49.31697273155767, -27.30675270233083], [-49.31710772725647, -27.307119210323403], [-49.31734861732821, -27.307272201679663], [-49.3182954969393, -27.30731422526904], [-49.31879138468678, -27.307417680322484], [-49.31896806467561, -27.307614359417546], [-49.31901336180788, -27.307949163795815], [-49.318747965240426, -27.308089589718215], [-49.31801742992858, -27.308101078635747], [-49.317789692659474, -27.308175954966377], [-49.31708058670473, -27.308699315567683], [-49.31600055381626, -27.309236048215535], [-49.31578926157592, -27.30943399321788], [-49.31427549033956, -27.311822264634166], [-49.31406567991009, -27.312794266850744], [-49.31361268345883, -27.31394914761377], [-49.313630010893824, -27.31448494867695], [-49.31378480570816, -27.314709069352702], [-49.31405747290068, -27.314817443985216], [-49.31438691464709, -27.314782804529475], [-49.31463129317804, -27.31466401886638], [-49.316211535516814, -27.31321230086751], [-49.31630913081915, -27.31305727741697], [-49.316419583303386, -27.31216805792458], [-49.31651851743319, -27.311973126849548], [-49.31698262091701, -27.311695924781326], [-49.31716725441994, -27.31166493790739], [-49.31726529822165, -27.31178722994647], [-49.31739355619406, -27.313250971286966], [-49.31789417091379, -27.314217582355827], [-49.31809841226784, -27.314852740620037], [-49.31799300576612, -27.315248097606585], [-49.31761064526543, -27.315887941839033], [-49.31759880317444, -27.31628336042202], [-49.31770295905529, -27.316549072642488], [-49.31786623727054, -27.31667153136786], [-49.31811731097276, -27.316707293760356], [-49.31929685713588, -27.31666576682713], [-49.32049464667024, -27.316435681758186], [-49.32078603251785, -27.316494235001116], [-49.32076825545411, -27.316796339950553], [-49.3201894810108, -27.317904786963506], [-49.31970278692136, -27.31905969897773], [-49.31976556075147, -27.319236042003702], [-49.31990264008645, -27.31933609275432], [-49.320263583573784, -27.319413369636745], [-49.320862133287505, -27.31935501855308], [-49.32111281264005, -27.319527542043108], [-49.321077506245814, -27.32079857690412], [-49.320586004294036, -27.322183579168478], [-49.3204591170558, -27.3227688297199], [-49.32050878144866, -27.32307583870451], [-49.32078474008046, -27.323354450059323], [-49.321273742766095, -27.32336817528682], [-49.32168085368437, -27.32306382097591], [-49.32203398927693, -27.32249424630168], [-49.32227556215921, -27.322265964881016], [-49.32257116288847, -27.32217714190912], [-49.32322560177608, -27.32226710498829], [-49.323634231380176, -27.322088569426942], [-49.3238532686385, -27.322079292189567], [-49.32415184093112, -27.322479161408584], [-49.32452464408834, -27.324068018316133], [-49.32492686409925, -27.3245539608188], [-49.32482814530108, -27.32485315967288], [-49.324542698350434, -27.32508902814843], [-49.32447697199874, -27.325288553802782], [-49.32490807304792, -27.326439925424044], [-49.32482420556945, -27.3267446340722], [-49.32444993662989, -27.326966947307255], [-49.32392091224881, -27.32702558934984], [-49.323612370927016, -27.326916880512474], [-49.32278744635517, -27.326339545774843], [-49.3224064360385, -27.32639184970528], [-49.32224011881323, -27.326567032710603], [-49.322156447958434, -27.327018713916626], [-49.322167554396415, -27.327754433880237], [-49.32252858213892, -27.328625517425124], [-49.32207483522657, -27.329270030475193], [-49.322001843103116, -27.329471411802604], [-49.32204340749052, -27.329707993952166], [-49.322234474519774, -27.329847504890576], [-49.32255133476223, -27.32986913146096], [-49.32341407844019, -27.32965900899671], [-49.323585341241085, -27.329528920466743], [-49.32374682681581, -27.329217789205014], [-49.32362312098302, -27.328487573351218], [-49.3237949736513, -27.327948301916496], [-49.32410998390742, -27.327717776981707], [-49.324502759298944, -27.327566928467476], [-49.32493003299724, -27.327664692455397], [-49.32506613678147, -27.327907401690897], [-49.325049422489506, -27.328056850572352], [-49.32474231873009, -27.328634822532873], [-49.32473431888754, -27.329174898768063], [-49.325025871179946, -27.329365593162738], [-49.326083420986414, -27.329776054357037], [-49.3264104678969, -27.33028617178561], [-49.32629940811068, -27.330793609209934], [-49.325880710610726, -27.331469000110843], [-49.32574308842254, -27.331852388083473], [-49.32572375322226, -27.332136980174774], [-49.32580597544402, -27.332318828721494], [-49.32626131226571, -27.332623605915554], [-49.3273039545051, -27.33299933950507], [-49.32757110797353, -27.33297931685861], [-49.32796841542528, -27.332757790235465], [-49.32844629924121, -27.332659055211884], [-49.329254691995324, -27.332759057067424], [-49.32949928169876, -27.33288846626372], [-49.32943146372008, -27.333904253367354], [-49.329025010341525, -27.334095290042857], [-49.32862822028693, -27.33440815298732], [-49.32852453705142, -27.334630749365786], [-49.32856940963025, -27.334992308612264], [-49.328709865547296, -27.335226185120078], [-49.32891355977399, -27.33537442396236], [-49.32970405530909, -27.335466949704223], [-49.33100419999701, -27.336209187585105], [-49.331396369740226, -27.336740814567108], [-49.33143376065164, -27.33734220051818], [-49.3313781410603, -27.337534726349656], [-49.33114957391708, -27.33778376510374], [-49.3304550915735, -27.33806832582379], [-49.330191651356614, -27.33809900585465], [-49.32969276738551, -27.337956210336852], [-49.32905065415874, -27.33802307301516], [-49.32873161150793, -27.338256349302338], [-49.32859971587762, -27.338571674780088], [-49.32873247335006, -27.338968998073092], [-49.32915677137642, -27.339217828351867], [-49.3304670347931, -27.339168249584347], [-49.33129524906739, -27.339328739401505], [-49.33206726453261, -27.339678255518272], [-49.332928206874925, -27.340562846080182], [-49.33350429513805, -27.340816890192713], [-49.333765623650834, -27.341052737764837], [-49.333861188797584, -27.34125483926093], [-49.33383479267686, -27.341602791379515], [-49.333547854071185, -27.34211385767454], [-49.33322373299674, -27.34248699831934], [-49.33302730821095, -27.342990567805764], [-49.332469613149975, -27.34384740600441], [-49.33236026365873, -27.34423030742541], [-49.332455719973126, -27.34450322547539], [-49.333664998321474, -27.344892050783063], [-49.334530666818324, -27.344909769889583], [-49.33525636010436, -27.345489555527575], [-49.33561090190108, -27.34619124351781], [-49.3355469964711, -27.346446961775126], [-49.33592672528733, -27.348453496634903], [-49.3360578268901, -27.348802396558806], [-49.33611937827281, -27.349444328914696], [-49.33712102107642, -27.351040360155817], [-49.33749324624462, -27.352011377699405], [-49.33801153550624, -27.35259041914138], [-49.338532610832765, -27.353592099833097], [-49.33875310018396, -27.353758633272356], [-49.33919540048683, -27.35390133340193], [-49.34006835574064, -27.354086853406894], [-49.3417437832746, -27.35409723626242], [-49.34203883010624, -27.354170051756345], [-49.34232291409602, -27.354426704259097], [-49.342403304826746, -27.354591843925004], [-49.34236940405415, -27.354755870684354], [-49.34203644075747, -27.355141118876393], [-49.341383053923046, -27.35562664895266], [-49.34077869576841, -27.355900181340363], [-49.34000056503517, -27.357567014627335], [-49.339717706134365, -27.357962138582142], [-49.33942348199493, -27.358687021883917], [-49.33940227346331, -27.35896788520923], [-49.33950334741458, -27.359170137086323], [-49.34130688040744, -27.360959060021404], [-49.341553161241585, -27.36140573572389], [-49.341712228603825, -27.36147830906688], [-49.34226437823273, -27.36147285139995], [-49.34257705405232, -27.361730304732493], [-49.34321377704038, -27.362976711061304], [-49.34368263782708, -27.363575411203154], [-49.3444707029673, -27.364353811191908], [-49.34537027609001, -27.36489894441998], [-49.346857707945325, -27.365588126150755], [-49.34733452752405, -27.3656884588158], [-49.34766924583712, -27.365579705879014], [-49.34816745236542, -27.365096140621482], [-49.348427584348116, -27.36494577382161], [-49.34890555283352, -27.364820046340327], [-49.34923841159466, -27.36488782908892], [-49.349690814955615, -27.36551247537646], [-49.349844365560834, -27.365863383169966], [-49.350287579180694, -27.366418485407454], [-49.35056572041413, -27.366596225680002], [-49.350365115033476, -27.367331671331744], [-49.3504837038934, -27.367928959280928], [-49.35111474043212, -27.36832155449983], [-49.35144432859738, -27.36862201934192], [-49.35189468239046, -27.368819845307264], [-49.3521322743829, -27.369050502669438], [-49.35239926029176, -27.36956008612018], [-49.35249738389615, -27.370099156636428], [-49.35331129930511, -27.3711086207213], [-49.353440111592704, -27.37150748920987], [-49.352346725099416, -27.371885963962146], [-49.352111437697694, -27.372178231121158], [-49.35199828361321, -27.372779839676408], [-49.35205689587484, -27.37406385936296], [-49.35266606017949, -27.375736963640005], [-49.35330843914376, -27.377135721762716], [-49.35429909550075, -27.377840828509516], [-49.354911538046736, -27.378759707600516], [-49.35405079230104, -27.37949069235874], [-49.3528460324593, -27.379970299681354], [-49.352732548336, -27.380193035334177], [-49.35277365591765, -27.380476212253594], [-49.35329989098216, -27.381052751522233], [-49.353795229623096, -27.381867929447967], [-49.354811443868336, -27.38253674048373], [-49.355460730216834, -27.383203967730548], [-49.356080149305214, -27.383443801416476], [-49.35758083402329, -27.38324769591727], [-49.35798957113807, -27.383690227934732], [-49.35876359352248, -27.384071061303626], [-49.358946436043965, -27.384567259927802], [-49.35895407719937, -27.384822968870292], [-49.35869091666816, -27.38513236305712], [-49.357105343871936, -27.38586774532765], [-49.356892749982464, -27.386046261463036], [-49.35674701951714, -27.386442348118013], [-49.356534722873334, -27.38843087859308], [-49.356323034970835, -27.38868136949138], [-49.35565740563446, -27.389075069954334], [-49.355599653861304, -27.389369793531618], [-49.35564905209539, -27.389574387400188], [-49.35631269815067, -27.390784954371714], [-49.35678048951763, -27.390896239156252], [-49.35747490886521, -27.390907109182674], [-49.35802227858767, -27.392077612455815], [-49.3589014945873, -27.392991972329824], [-49.359190420533636, -27.39311589089866], [-49.35992796137298, -27.393154107751233], [-49.362064804733606, -27.39458728331909], [-49.36103068787871, -27.395218978610156], [-49.3604225227033, -27.395425115180267], [-49.36013678023126, -27.395612611177317], [-49.35969937437004, -27.396610082582566], [-49.35947521250356, -27.397414878764348], [-49.357505471275125, -27.398096582902063], [-49.35673777060196, -27.398659971137526], [-49.35666873700948, -27.398854512552383], [-49.356701712032326, -27.400473027443766], [-49.35637374722192, -27.40200681011102], [-49.3560974439544, -27.402840364105813], [-49.3559497701075, -27.40306841056091], [-49.35486335597034, -27.40363260957106], [-49.3541191457327, -27.40435623462804], [-49.351481870918455, -27.40555051240247], [-49.350760005988946, -27.406386918801317], [-49.35043679044772, -27.407213805440016], [-49.350064193037866, -27.406782660850006], [-49.34969751817588, -27.406705516810508], [-49.34748788086469, -27.408123449274317], [-49.3463456020025, -27.40841677369974], [-49.34582123559196, -27.408728602220283], [-49.34518233591358, -27.4087966321934], [-49.34497000438961, -27.408921046433182], [-49.34481302121304, -27.40931685225165], [-49.34484499258758, -27.40952969360545], [-49.34529438697668, -27.409750017733693], [-49.345384646825394, -27.409868865864524], [-49.345181912109204, -27.410792478049505], [-49.34623074246273, -27.41179255806808], [-49.346230379972035, -27.411920114172702], [-49.34546039777108, -27.4132347032276], [-49.345440400009444, -27.41389793548667], [-49.34512505095365, -27.414525579813464], [-49.344772894355636, -27.415628828978203], [-49.344801638768956, -27.41593630001949], [-49.34414262654424, -27.41638795257463], [-49.344103911492965, -27.415743977337122], [-49.344307845598166, -27.41555434484293], [-49.3443427665335, -27.41516392763594], [-49.34407886033676, -27.414823949187312], [-49.343765397399906, -27.41416977495826], [-49.343313077415345, -27.414091826841606], [-49.34241859433071, -27.414409165524557], [-49.34207198642649, -27.414703238635614], [-49.3420219741444, -27.414907120655638], [-49.34217977761047, -27.415167185172102], [-49.34228915904612, -27.415591733344588], [-49.34224839368443, -27.416054504594783], [-49.34279268678185, -27.41639386063692], [-49.342843108976105, -27.41654611572718], [-49.34255472853427, -27.41729111920736], [-49.3423770317354, -27.417392201963523], [-49.342027852492166, -27.417271195748867], [-49.341752205646415, -27.4173583258055], [-49.341585430186846, -27.418750107240747], [-49.34139097414647, -27.41905330364555], [-49.34092824771144, -27.41909562844576], [-49.34053101922668, -27.41943530151849], [-49.34074961674552, -27.420528649231688], [-49.340377437454265, -27.420661410867158], [-49.339967406448196, -27.42092851111311], [-49.33955461374073, -27.421795237686833], [-49.33910372464463, -27.422325133773132], [-49.338996189119165, -27.4226996859107], [-49.339058192609976, -27.423974331164054], [-49.33891360447149, -27.42478382673248], [-49.33724131937648, -27.42525750346672], [-49.3372096678168, -27.425659365869436], [-49.33774752803004, -27.42609633937415], [-49.33738333325184, -27.42643142911681], [-49.336605974636, -27.42679737821775], [-49.33648557866568, -27.42692383914392], [-49.336463970879144, -27.427307831338783], [-49.33673812832141, -27.428036377162094], [-49.33699123858623, -27.42918641032287], [-49.33633761197441, -27.430896306128986], [-49.33633465516015, -27.431145880470027], [-49.33653375409871, -27.43132873625528], [-49.336946854685564, -27.431413282220593], [-49.337845553786195, -27.43110798401794], [-49.338023089185796, -27.431171270375454], [-49.33837920158691, -27.431563885964362], [-49.33873676634306, -27.43237058952924], [-49.338814188910476, -27.43321127175542], [-49.33870013350803, -27.433847235242997], [-49.338767957760105, -27.43415922246124], [-49.338668535269484, -27.43458604534253], [-49.338383888763666, -27.434884449983322], [-49.338293097370126, -27.435140131976997], [-49.33816153866179, -27.4363403174908], [-49.33805120904419, -27.43668325016616], [-49.33777823849568, -27.43650101625048], [-49.33748011853676, -27.43527854578318], [-49.33740082768601, -27.43510262332839], [-49.3372691678992, -27.435025252877075], [-49.33702011028583, -27.435050652528314], [-49.33667980877415, -27.435305541105055], [-49.336295795512555, -27.43595059706228], [-49.33629938162382, -27.436304800863535], [-49.33669191766984, -27.43744169952829], [-49.337352183395026, -27.438663189810832], [-49.33841944745968, -27.44014817418783], [-49.33871837930604, -27.440818943637147], [-49.33946587255708, -27.44139650995838], [-49.33966798158961, -27.441660617916703], [-49.33953779641999, -27.44235927868481], [-49.33899280802249, -27.443508459893646], [-49.33901287517583, -27.444203614566323], [-49.339462358494124, -27.445088261743997], [-49.34022987392886, -27.445370524266934], [-49.33948872109988, -27.44593598422498], [-49.33921065527499, -27.446379984612175], [-49.33890047672873, -27.44727073993453], [-49.338729929092246, -27.448113342044117], [-49.33890762066832, -27.448405434053146], [-49.33937528840115, -27.448795631529386], [-49.34002524956461, -27.44900822020546], [-49.340311885389475, -27.449186433399923], [-49.340298942218986, -27.44927100434706], [-49.340185728138444, -27.449304369713293], [-49.33935287974403, -27.44927655231862], [-49.33918358402713, -27.44951351539655], [-49.339141399143074, -27.44972193728101], [-49.33935108586522, -27.450163719059745], [-49.34016978437977, -27.450686097489942], [-49.340329816452, -27.45103750970421], [-49.34034560259678, -27.451359292212967], [-49.33949040372484, -27.45152115248203], [-49.338440274766455, -27.452565990358373], [-49.33839475019878, -27.45274301274111], [-49.33850213272813, -27.452919815618788], [-49.338723989695964, -27.452963731508298], [-49.33946690133833, -27.452860429194583], [-49.33974307482913, -27.45274388938813], [-49.34034056920687, -27.452286630188617], [-49.34051318294208, -27.452288161592833], [-49.340536202934224, -27.45304029838589], [-49.340279067086946, -27.45368051553473], [-49.339927801288404, -27.453641740990605], [-49.33946310768872, -27.453785448316555], [-49.33891942815034, -27.454218080855487], [-49.338808987694975, -27.454402748349132], [-49.33898637829704, -27.454672640249214], [-49.3406254185655, -27.4546968839242], [-49.34107963640792, -27.454773122640105], [-49.341265789082826, -27.454890497429684], [-49.34101206087995, -27.45651026477232], [-49.34053933158295, -27.45714196089069], [-49.34042566660799, -27.45772113431731], [-49.34044964394737, -27.457896339511333], [-49.34096067817884, -27.45852446861126], [-49.3405846924282, -27.459413576087094], [-49.34070352262262, -27.4602404487761], [-49.34037105247333, -27.46115008718806], [-49.340573432231366, -27.462333415298026], [-49.339591808019264, -27.463898197348556], [-49.3375386373538, -27.4656846084916], [-49.33744356390361, -27.465938062714578], [-49.337516476460074, -27.46657750064267], [-49.33746492649032, -27.46675631354883], [-49.335884815545775, -27.468793535548418], [-49.33550005915175, -27.468953315827513], [-49.335431398688826, -27.46919522213556], [-49.33533988846449, -27.469258290989636], [-49.33448039020295, -27.46957276346114], [-49.33436158065998, -27.46969268865387], [-49.33415458859588, -27.470227139062427], [-49.33329854711033, -27.47014705814374], [-49.33297559765576, -27.470343727961538], [-49.33300348638088, -27.470667525435275], [-49.33377768152446, -27.471492518990118], [-49.33393493782618, -27.471731877986613], [-49.33397116614995, -27.471966525929354], [-49.33389991243942, -27.47206146991768], [-49.33300076127829, -27.472334698616713], [-49.33269122998671, -27.472853518002378], [-49.332324161489716, -27.473174984907697], [-49.332288766449416, -27.474286822737675], [-49.33188301419189, -27.475404916443594], [-49.33195561006189, -27.475564761567806], [-49.332648388100615, -27.47604101930141], [-49.33360531315491, -27.476287669675507], [-49.33390244943827, -27.476482777698116], [-49.333945608097636, -27.4770664541582], [-49.33407291111852, -27.477248024741318], [-49.335079895644085, -27.477531612130985], [-49.33558382121832, -27.477589956077686], [-49.336252173967246, -27.4779906715105], [-49.33648378484015, -27.47824598336866], [-49.33649132101265, -27.478481553952452], [-49.33575130893848, -27.47842266296643], [-49.33527606283802, -27.47860066650859], [-49.3349810081115, -27.478860244849372], [-49.334741792152094, -27.479301369979904], [-49.334045189632384, -27.48015065393247], [-49.33410893477753, -27.48065626689735], [-49.33426447406837, -27.480933413165854], [-49.33431190707957, -27.481369186035927], [-49.334431119381385, -27.481644136948617], [-49.33439104882111, -27.481966075030527], [-49.334902964962495, -27.48224127387433], [-49.33503841641988, -27.482434053605864], [-49.33498435223415, -27.48267026833178], [-49.33396378799656, -27.483478271003236], [-49.33386300792382, -27.48371482280437], [-49.334598304148145, -27.484742695886677], [-49.33452306253522, -27.48497256333985], [-49.33456281133069, -27.48574918183577], [-49.33494534694162, -27.48605259813035], [-49.335429523682336, -27.48621165994819], [-49.33722508651887, -27.48634178010837], [-49.338997314025924, -27.487540646648622], [-49.33932726305508, -27.487863938873286], [-49.33847324478777, -27.488978339199843], [-49.338285974416536, -27.489556392869183], [-49.337689712285346, -27.49020706216841], [-49.33689967228559, -27.490630545271824], [-49.33658461592547, -27.49070239025584], [-49.335762693808704, -27.490769421971972], [-49.33510162951832, -27.49072852889624], [-49.33491099828824, -27.49084730819925], [-49.334758604107115, -27.49116251372903], [-49.33449801776217, -27.492348796347233], [-49.334398816246114, -27.494298296218798], [-49.33445350994918, -27.494985222857707], [-49.33467493686388, -27.495576724084202], [-49.33447682252474, -27.496069633657335], [-49.334680093498605, -27.496483276533436], [-49.33459421082781, -27.496918033344016], [-49.334625600225166, -27.497200068669645], [-49.334382450602234, -27.49813538515056], [-49.33441346344312, -27.49853083464202], [-49.33427291735763, -27.498922719781046], [-49.33424245996978, -27.499298377342416], [-49.334525188863374, -27.499819189598227], [-49.33475976598305, -27.500698456255776], [-49.334760981793806, -27.500972903464977], [-49.33460078859751, -27.50135489457947], [-49.334617780578824, -27.501637503224835], [-49.33487969107598, -27.50198068838584], [-49.335235077186184, -27.50223023069741], [-49.33566097907635, -27.50235522255193], [-49.33647018915926, -27.50237609804792], [-49.33753760820938, -27.502905416469275], [-49.337813092842325, -27.503159647266703], [-49.33789898017854, -27.503423844579597], [-49.33819047221179, -27.503726265422113], [-49.33846864027661, -27.504189944015675], [-49.3385413801679, -27.50464774162794], [-49.3389092323761, -27.505270016942244], [-49.33908346251405, -27.5058467707564], [-49.33944245163727, -27.506149645401447], [-49.33961729297384, -27.506716123586802], [-49.33945123958334, -27.50701167264749], [-49.33924015531475, -27.507152936738056], [-49.339225703561176, -27.507315764924805], [-49.33967796788535, -27.50780459173847], [-49.340803470044314, -27.50871737181258], [-49.341316222062346, -27.509686669282697], [-49.341616595774006, -27.510325384872953], [-49.341528608708565, -27.51104263395096], [-49.341663305547954, -27.511504065576087], [-49.34167111979832, -27.512420541578052], [-49.341899917601246, -27.512692274708176], [-49.34251436162051, -27.51299336191502], [-49.34250691451291, -27.513553477800563], [-49.34257149812963, -27.51370147922975], [-49.343248644978566, -27.514241617146894], [-49.34430986567255, -27.514616924455936], [-49.34479092010348, -27.515194472848144], [-49.34516115966566, -27.515350680309407], [-49.345790077622226, -27.51581156164288], [-49.34634908767516, -27.51571489132253], [-49.346488582800426, -27.51554970741207], [-49.34689728340712, -27.51555502634331], [-49.34727597363229, -27.515439819681053], [-49.34845695941142, -27.514880196682395], [-49.34908450648159, -27.5149547562732], [-49.34914108221383, -27.515075256129162], [-49.3487426374894, -27.515085798814322], [-49.34856829754666, -27.51522025814454], [-49.34870761155344, -27.51562093113694], [-49.34912022197978, -27.516134668559044], [-49.349531289077156, -27.516295633580174], [-49.34997780081303, -27.516550742552074], [-49.35005834750415, -27.516670077377956], [-49.3503011547142, -27.517339045216186], [-49.35062427044748, -27.51783262011438], [-49.35060646889336, -27.518434051431647], [-49.35136455050246, -27.519231937444207], [-49.35206019832591, -27.520821772113436], [-49.352174955403136, -27.521129127814348], [-49.35195397230433, -27.522284314203795], [-49.35209700694515, -27.523015040863278], [-49.35236927935203, -27.523605317240534], [-49.35241666785943, -27.524432743229852], [-49.352640193360976, -27.524697091265327], [-49.353157388742325, -27.524949879384778], [-49.35344370239757, -27.525312943376047], [-49.353450517505244, -27.525648924197462], [-49.3533139145262, -27.52628066768121], [-49.3531685530845, -27.52655357002892], [-49.35310017152325, -27.527134413296157], [-49.3528474532562, -27.527840934980826], [-49.352221787739616, -27.52863730215147], [-49.35198767032949, -27.529094066521758], [-49.35170851631607, -27.53054538267973], [-49.35137738259583, -27.53113983585693], [-49.35116307404601, -27.53129883889044], [-49.351061056486834, -27.531558648169693], [-49.35047794107862, -27.53222807604563], [-49.35035400808771, -27.532558468058138], [-49.35006325536098, -27.53292944139002], [-49.34866644589799, -27.533968276272933], [-49.34761651985929, -27.53601769378304], [-49.3477127141013, -27.53651269658963], [-49.34728779943952, -27.53733240580953], [-49.34690062891641, -27.53783159457629], [-49.34572934902744, -27.53889137457275], [-49.34527830578509, -27.53908260414067], [-49.344998672663515, -27.539334435188696], [-49.34490150982949, -27.539529485219465], [-49.34489341178129, -27.539876229890535], [-49.344630294735175, -27.540222961404943], [-49.34462722433248, -27.540431729765448], [-49.344507829358356, -27.540582352852972], [-49.34441584555301, -27.540951494641988], [-49.344409683694835, -27.541224516019927], [-49.34402587725859, -27.542134806512323], [-49.34361673888026, -27.542881623052228], [-49.3428269874922, -27.54375211663021], [-49.34279167463762, -27.544695677914838], [-49.342607813674775, -27.545116778848318], [-49.3424599082045, -27.545251269446236], [-49.342066377243576, -27.545030960782693], [-49.34188598720072, -27.54503290456318], [-49.34133505940202, -27.54538444696004], [-49.340497728007335, -27.546101360338362], [-49.33992215339928, -27.546318680308108], [-49.33953017170279, -27.54697584464862], [-49.33937661830688, -27.54748621527709], [-49.33894526323678, -27.547746880240943], [-49.33874648225264, -27.54801310744084], [-49.33858592633737, -27.548551692710003], [-49.337648693117, -27.549579338025215], [-49.33713158306353, -27.550731701069605], [-49.33666634159062, -27.551093145841204], [-49.33463077052728, -27.55217598369876], [-49.334293156657175, -27.552894778338498], [-49.334143008864494, -27.553036012422194], [-49.33385375410615, -27.553078735837303], [-49.33335131739106, -27.55335197362239], [-49.33324806984066, -27.55347749925124], [-49.33311851516561, -27.553961343074278], [-49.332999408106716, -27.555267320982985], [-49.33261032708359, -27.556928759648986], [-49.33189539487191, -27.558273297373127], [-49.32925485295897, -27.56181242351976], [-49.327722740303315, -27.56292126814092], [-49.326937440240876, -27.563721467812574], [-49.326536158206345, -27.564290782983782], [-49.32588637926759, -27.566463195372208], [-49.325438311621504, -27.56727815040128], [-49.32525517959645, -27.56955602170033], [-49.32508424519188, -27.5698927847432], [-49.324149621914636, -27.570763730337053], [-49.32370329248834, -27.570989110404867], [-49.32211919767931, -27.571342482188115], [-49.32103383308669, -27.571329753780695], [-49.32012193511757, -27.57148116489232], [-49.31934742340807, -27.571620909375667]], [[-49.31934742340807, -27.571620909375667], [-49.31933932718257, -27.57173326988584], [-49.32104894534703, -27.571464803963313], [-49.322144150794294, -27.571476802777887], [-49.32375414379728, -27.57111752423678], [-49.32424847818888, -27.570867813238078], [-49.32521064672613, -27.569970138002244], [-49.325407648605804, -27.56957492564257], [-49.32558968688221, -27.567304235875213], [-49.32603366667243, -27.56650381909425], [-49.32668093968414, -27.56433915117175], [-49.327057329538576, -27.563808494738854], [-49.32783413836913, -27.563016946643195], [-49.329375304785536, -27.561899997341676], [-49.33203183852876, -27.558340732330038], [-49.332762138188365, -27.55696263758268], [-49.333153737102705, -27.55529043732099], [-49.3332741704353, -27.553978297423637], [-49.333386355306295, -27.55354485476845], [-49.33392097214507, -27.553206135855667], [-49.334238329177225, -27.553149962006707], [-49.334507455456816, -27.55286152337588], [-49.33473610934965, -27.552282029668476], [-49.336751543483, -27.55121156036378], [-49.33725890740347, -27.55081551958265], [-49.33778699571283, -27.549647828209466], [-49.338724270398494, -27.548621130432117], [-49.33889820635, -27.548056449245433], [-49.33906210380652, -27.54784456203723], [-49.3395177083853, -27.547557653026015], [-49.339676257257295, -27.547031836038695], [-49.3400341054804, -27.546422101955443], [-49.34059452260103, -27.546214134483787], [-49.341439602627574, -27.545491608608557], [-49.34194032768603, -27.54516866693623], [-49.34245981641698, -27.545395290831838], [-49.342581714285465, -27.545370920008555], [-49.342737258170395, -27.54520007447387], [-49.34294843358219, -27.54472346368237], [-49.34297648621222, -27.54380297993855], [-49.343749683933844, -27.542963024970764], [-49.344173270433494, -27.54219093843842], [-49.34456588369745, -27.541263149768824], [-49.34457194514776, -27.540985683562468], [-49.344660310023514, -27.54063074331178], [-49.344785670591754, -27.540473047032823], [-49.34478546982635, -27.540265721060464], [-49.34504534096096, -27.539923886510408], [-49.345058081392864, -27.539564521294935], [-49.345143459742864, -27.5393977370134], [-49.34536628056715, -27.539202987411628], [-49.345840868800586, -27.53899514281751], [-49.34653365615573, -27.53843596518394], [-49.34703354454432, -27.537913368130454], [-49.34743008422123, -27.537401031280606], [-49.34786754510718, -27.53655801926045], [-49.34777491487423, -27.536051300311925], [-49.34880870002925, -27.534038394761886], [-49.35019135283859, -27.53301911349835], [-49.35049435273519, -27.532632513349963], [-49.35061779783731, -27.532303165614124], [-49.35119610970429, -27.531640513697464], [-49.35119610970429, -27.531640513697464], [-49.35129533020759, -27.53138550848015], [-49.35150953931102, -27.53122573946051], [-49.35183162054045, -27.530677549291017], [-49.35214120081202, -27.52914585453571], [-49.35235822600371, -27.528718234693347], [-49.35289691451533, -27.528056585646898], [-49.35312030687098, -27.527636668511377], [-49.353641351598085, -27.525366023867637], [-49.353283988061456, -27.524853946893234], [-49.35275041187083, -27.52458737668345], [-49.35258040547588, -27.524412569238855], [-49.35253112262184, -27.52357693488964], [-49.35225693240709, -27.522978160733945], [-49.352219852492674, -27.52252692775935], [-49.35211896669979, -27.52227095433987], [-49.35233893234841, -27.52110162342988], [-49.351515688162884, -27.519170307876706], [-49.35076504536024, -27.51838247460338], [-49.35078539948107, -27.51779189831999], [-49.35045534919567, -27.517281512295543], [-49.35020516159851, -27.516599965436885], [-49.35008389193685, -27.516435140562542], [-49.34923375962943, -27.516025482157204], [-49.348858179845166, -27.515556999265474], [-49.348747820188194, -27.515246492801765], [-49.349214091021175, -27.51522424928494], [-49.34931023917135, -27.515121714545973], [-49.34922060699658, -27.51486662875957], [-49.34906804812611, -27.514767788812865], [-49.348414052782815, -27.514735756023452], [-49.34721503983115, -27.515300743804815], [-49.34675204550864, -27.515424169419006], [-49.34644577554899, -27.51540135361876], [-49.34626852089541, -27.515580977156606], [-49.34582962403451, -27.51566498895089], [-49.345329888481096, -27.515273443663727], [-49.34490675956291, -27.515083352313784], [-49.34441729889379, -27.51449745509989], [-49.34333923254946, -27.514115102436076], [-49.342694133123416, -27.51359820888241], [-49.34272766075345, -27.51317153845038], [-49.34265362565396, -27.51290603202456], [-49.34201098351563, -27.512578437830932], [-49.341833975355996, -27.512377843562366], [-49.34183163346147, -27.51149061602122], [-49.34169806209777, -27.511049405389038], [-49.34176325006202, -27.510218079426416], [-49.340938687575644, -27.50862563954438], [-49.3397983647153, -27.507697878262796], [-49.339385945726605, -27.507264917871424], [-49.33972440173528, -27.506937311244563], [-49.33978406051426, -27.506799629201485], [-49.33974672468178, -27.506556637460093], [-49.3396001035065, -27.50608573553367], [-49.33923968765886, -27.505785072619478], [-49.33906687913911, -27.505212343499455], [-49.33870428721998, -27.50460137278184], [-49.3386298929707, -27.504139600010554], [-49.338336250112135, -27.503646606296105], [-49.33805126715381, -27.503353724014623], [-49.33796186424931, -27.5030826113524], [-49.33762392976671, -27.502773606722098], [-49.33651508149849, -27.5022282967191], [-49.33548728150949, -27.502167229275372], [-49.33500269933435, -27.50187391835005], [-49.33477771428164, -27.5015805522846], [-49.3347717833251, -27.501370197513506], [-49.33492939548331, -27.50100469125658], [-49.33492967615045, -27.500674304006186], [-49.33468559276787, -27.499763321711725], [-49.3344146789435, -27.4992921567613], [-49.33458572293074, -27.498542722417774], [-49.33455366959918, -27.498154756820707], [-49.33479770644951, -27.49721479010462], [-49.33476686279045, -27.496923843802076], [-49.334854168980705, -27.49647296276068], [-49.334649755501474, -27.496060298176566], [-49.33485135323935, -27.49557627446425], [-49.33462287176685, -27.49495289322692], [-49.3345721555672, -27.494301927422512], [-49.334670762549656, -27.492364051921413], [-49.33492385571193, -27.491210688004752], [-49.33500919430736, -27.490994037093202], [-49.335149907373896, -27.490878303646593], [-49.3357690267909, -27.490924801606095], [-49.336621377347726, -27.490854351843375], [-49.336974312540654, -27.490771336514133], [-49.33780264588819, -27.49032569069582], [-49.33843942359097, -27.489631818537266], [-49.33862488770131, -27.48905589120899], [-49.33950297677341, -27.48785513621357], [-49.339413030671565, -27.48765599830311], [-49.339108503360364, -27.48741995517985], [-49.33730245417166, -27.486200822110966], [-49.335472828532424, -27.486059355691424], [-49.33503823093794, -27.485919082985546], [-49.33472242573726, -27.485681874367046], [-49.334698992904194, -27.48498625326571], [-49.33476725048443, -27.484692769393604], [-49.334042171596124, -27.483718369945333], [-49.33409398551864, -27.483584981335916], [-49.33511657544758, -27.482775211967677], [-49.3352154029462, -27.482427125862795], [-49.3350970375791, -27.4821816107737], [-49.33456894485235, -27.481922790347394], [-49.334607375226625, -27.481613266002494], [-49.334487771456196, -27.481346321362366], [-49.334436884344456, -27.48089471496146], [-49.3342843381455, -27.48062707507487], [-49.33421913529219, -27.480182907778907], [-49.33489116090463, -27.47938718214973], [-49.33511836404281, -27.478962041897862], [-49.33538972424597, -27.478722678471154], [-49.3357758392698, -27.4785803450745], [-49.336550119780455, -27.47863213057322], [-49.336689876524, -27.478490763497856], [-49.33665897049737, -27.47821536839256], [-49.33636935064053, -27.477870826855874], [-49.33565932278291, -27.477445454609807], [-49.33417451049915, -27.477116781838387], [-49.334108375144254, -27.476471575261048], [-49.33403010200535, -27.47637048134372], [-49.33367649029802, -27.476139932779752], [-49.33273265343016, -27.47589985543311], [-49.3320651969232, -27.47543413987087], [-49.332466542875615, -27.474309537053184], [-49.33248400741132, -27.47324903719162], [-49.33284317710692, -27.472941743454506], [-49.33311786166067, -27.472457666131774], [-49.33398453224942, -27.47220629742363], [-49.33414999783031, -27.471991234341147], [-49.33409942886989, -27.471664372542094], [-49.3331627699829, -27.470590468879486], [-49.33314005155948, -27.470412589851673], [-49.333324215372556, -27.470307237879727], [-49.334256092551655, -27.470362367386556], [-49.33438351202253, -27.47025170175494], [-49.3346011989159, -27.469692912451812], [-49.335439249653824, -27.46939389481152], [-49.33558374945494, -27.469286537970387], [-49.33562204153, -27.469073581716906], [-49.33602629263243, -27.468894929443078], [-49.337632208986705, -27.466820022440313], [-49.33769833783236, -27.466586282153628], [-49.33762532405849, -27.465952059581944], [-49.33769071239858, -27.465774925145517], [-49.339733839764804, -27.46400075511186], [-49.34074328427399, -27.462396458521873], [-49.340766447067175, -27.46220498329299], [-49.34055353182375, -27.461165685945844], [-49.340885957901556, -27.460257935952008], [-49.34076492955343, -27.459445984443494], [-49.341150236945644, -27.458519262226524], [-49.340609935980055, -27.457725982133805], [-49.34070719514525, -27.4572131070849], [-49.34119307101941, -27.45654571077638], [-49.341437720461435, -27.45482436494143], [-49.340976056010575, -27.454577166425484], [-49.34020054994908, -27.45449834188412], [-49.33920948080089, -27.454546676077562], [-49.33905040239557, -27.454516186066712], [-49.33899734339546, -27.454406995900445], [-49.33975665855302, -27.453837798905063], [-49.34026375311659, -27.453866744702236], [-49.34042666985519, -27.453783421653835], [-49.34071996296146, -27.453063833431262], [-49.34076101778271, -27.452691963376115], [-49.340681087551154, -27.452215320571234], [-49.34057331888943, -27.452111906259233], [-49.34039854909029, -27.452090474104008], [-49.339501601206784, -27.4526783890623], [-49.33900859919888, -27.452784114182705], [-49.33858137960261, -27.452731473902503], [-49.33959897326163, -27.451660001777512], [-49.34035731753883, -27.451536031004746], [-49.34052023168648, -27.451429666576384], [-49.340513671028376, -27.451006796946583], [-49.3403235292017, -27.450590743774175], [-49.339623624160275, -27.450175440196844], [-49.33932826013545, -27.449707756778018], [-49.33944023216415, -27.449429969666376], [-49.3403580640328, -27.44943983765537], [-49.3404659475674, -27.449350742197954], [-49.340490610589235, -27.44912613559604], [-49.34011378317465, -27.448860414089896], [-49.33949306385634, -27.448664821459236], [-49.33891805914745, -27.44810756172147], [-49.33908218541055, -27.44731339024748], [-49.33938152201081, -27.446450354973337], [-49.339625103551406, -27.44605215707829], [-49.34037320755043, -27.44550183597038], [-49.34042172392663, -27.445365553733797], [-49.34029117006924, -27.445189046399776], [-49.33960509544554, -27.444976882828], [-49.339199688124744, -27.44417949037435], [-49.339178280418565, -27.443541444296812], [-49.339772696790845, -27.44225719688479], [-49.33987092499186, -27.441840394948066], [-49.33984221930391, -27.44159411849786], [-49.339597387941105, -27.44127488518935], [-49.33888132078158, -27.440731701880974], [-49.33858343554436, -27.44006272039485], [-49.33752010870347, -27.438583298798438], [-49.33687131896812, -27.4373846285954], [-49.33648757159474, -27.436277444972667], [-49.33647790592491, -27.436002128750665], [-49.33684088668634, -27.435396869788768], [-49.336947425243615, -27.43528011039218], [-49.33723031039203, -27.435194074995987], [-49.337610342216884, -27.436583077320815], [-49.337874208486134, -27.436819550263735], [-49.33819759228322, -27.436798450804837], [-49.33835009941126, -27.43636983657202], [-49.33847830292147, -27.4351844490639], [-49.33854845947597, -27.434980356831723], [-49.33874651129397, -27.43484114985376], [-49.33884713793278, -27.434649033722796], [-49.338957487521725, -27.434186510694595], [-49.33889357859774, -27.43384152526359], [-49.339006469484254, -27.433213642813204], [-49.338917729701635, -27.43231097353961], [-49.33855443835289, -27.43149200397236], [-49.33825384776536, -27.43112914707464], [-49.33784953931271, -27.430932384966408], [-49.337057544439, -27.431241568046214], [-49.33651899095818, -27.431093651251924], [-49.33718456605723, -27.429196682696233], [-49.336927653825015, -27.428000956491275], [-49.336655368607076, -27.427280018898], [-49.33666641632409, -27.4269918422595], [-49.33750228026565, -27.426568253314585], [-49.33793350833023, -27.426155681105154], [-49.3378837452448, -27.425925893028005], [-49.33738579735803, -27.425577569420465], [-49.337383438619995, -27.425385350231164], [-49.33889560247233, -27.42501896663702], [-49.33908700342533, -27.424864075609914], [-49.339252160514306, -27.423990557545345], [-49.33919140247519, -27.42270142735436], [-49.339279906031244, -27.42240043877355], [-49.339721632159616, -27.42188580166041], [-49.34012592371453, -27.4210339611592], [-49.34092129006654, -27.420617992432263], [-49.34093899536257, -27.4202445648874], [-49.34071433121421, -27.41950576174265], [-49.340999575542256, -27.419262564146713], [-49.34152226864431, -27.419187399202716], [-49.341763578809925, -27.418824552455217], [-49.34192372645828, -27.41745571013948], [-49.34238740404458, -27.41756811577915], [-49.34260259513889, -27.417506212920355], [-49.34273725212535, -27.41735846983279], [-49.343038491272175, -27.416523941195006], [-49.34294426534835, -27.416279041686078], [-49.34244342049704, -27.415987400594766], [-49.34248545961557, -27.41557260191031], [-49.342240570035564, -27.41479579644996], [-49.34251875232656, -27.41456139688143], [-49.34336072674615, -27.41426400447286], [-49.343675281496665, -27.41432956298169], [-49.34389736647221, -27.414895627411806], [-49.344148423540936, -27.415203288832142], [-49.344124616024644, -27.41546945264347], [-49.34390614646701, -27.415721707303184], [-49.34397898912628, -27.41649078275712], [-49.3441253021166, -27.416566086602476], [-49.344356407255376, -27.416511034591494], [-49.34498850023426, -27.416009465518634], [-49.34496343317351, -27.415679525977918], [-49.34531357383122, -27.41458163311218], [-49.345634281404976, -27.413937045954015], [-49.3456958331041, -27.413569526903956], [-49.34564951609888, -27.41328992735184], [-49.34642944805456, -27.411930425206776], [-49.346400969412706, -27.411691539812583], [-49.34537555060966, -27.410739348723887], [-49.345583808479425, -27.409853079697342], [-49.34548276484157, -27.409653021091902], [-49.34502368365228, -27.409446799000374], [-49.345139022221574, -27.409017190009756], [-49.34589527574988, -27.40889515679725], [-49.34641653416188, -27.408584028406064], [-49.34758187700212, -27.408282054392576], [-49.349755283942265, -27.40687853488671], [-49.349932622413235, -27.406918837347714], [-49.35033257832435, -27.407378624663302], [-49.35051397188102, -27.40738422685628], [-49.35062248026274, -27.407293544756325], [-49.35093565140933, -27.406474714966635], [-49.35160928120344, -27.405689980368], [-49.35421982799883, -27.404512918357263], [-49.35499061159445, -27.40377295070326], [-49.356080996507806, -27.403206333222748], [-49.35628486093716, -27.402909235543756], [-49.356567517862615, -27.402060381039753], [-49.356903460376934, -27.40049457718369], [-49.35690879179327, -27.398759172831284], [-49.35759560652751, -27.398259559227537], [-49.359602639651875, -27.397557848412983], [-49.359766956880954, -27.397295952373952], [-49.35989344050025, -27.396666682489705], [-49.360297449909325, -27.395727212222702], [-49.3611380626773, -27.395374559756227], [-49.36206503610937, -27.39482228474905], [-49.362283941850336, -27.394585051673594], [-49.36222050845367, -27.3944616644], [-49.360034861589575, -27.392997618637803], [-49.3598037345293, -27.39292281285523], [-49.35923642414976, -27.39293651031961], [-49.35902762474171, -27.392846733245584], [-49.358193660256184, -27.39197574709369], [-49.357637345810275, -27.39079303848763], [-49.35745981839796, -27.3906838530365], [-49.35679792242651, -27.39071278896415], [-49.35645178546202, -27.390645971804176], [-49.35584749718785, -27.38952244596111], [-49.35582553842236, -27.38918353953405], [-49.35653520266925, -27.388764406336012], [-49.356730549079955, -27.388490746407985], [-49.35695299804427, -27.38646251892422], [-49.35707475234336, -27.386136070562557], [-49.35882618533896, -27.385273213302558], [-49.3591491904806, -27.384887129830137], [-49.359150822270244, -27.384533245696275], [-49.35892409885483, -27.383951794530745], [-49.35811836236736, -27.38354388035545], [-49.35767451358496, -27.383080931375485], [-49.35737857532097, -27.383045469270666], [-49.35646097925968, -27.383248025303743], [-49.35608364921845, -27.38325756107882], [-49.35558958229194, -27.383057360723715], [-49.35495271522747, -27.38239925921274], [-49.35394846330325, -27.38173996396844], [-49.3534778086867, -27.380953904013502], [-49.3529700667725, -27.380410416982635], [-49.35299324649814, -27.380104164693936], [-49.354169925518086, -27.37964490999307], [-49.3550093572094, -27.378994589848656], [-49.355121148368674, -27.378739250997135], [-49.35446101740901, -27.377720479508024], [-49.35348840866048, -27.377037904894294], [-49.352864501252284, -27.375673595091396], [-49.35226269371209, -27.374021515983543], [-49.35220945081262, -27.372786485431778], [-49.352370634717396, -27.372135512909704], [-49.3525422048992, -27.37200746588258], [-49.353487252514874, -27.371702399531895], [-49.353654509541244, -27.371524108726422], [-49.353497593966466, -27.371018253901806], [-49.35269339265698, -27.370026002997662], [-49.352601998060926, -27.36950366445416], [-49.352318236273504, -27.368958675656945], [-49.35202130827654, -27.368666933521325], [-49.351570542530446, -27.368469050304316], [-49.35125693736704, -27.368179906123242], [-49.35066782754043, -27.36783298634951], [-49.350577734414834, -27.3673422956946], [-49.35076822056667, -27.366535662067882], [-49.350448048376805, -27.36628825025984], [-49.35001956560993, -27.365753656970373], [-49.349879775532415, -27.365423867318693], [-49.34939011857682, -27.364751829054175], [-49.34918773068272, -27.364649087868194], [-49.348899140187385, -27.36462891810731], [-49.34834912522853, -27.36476826498804], [-49.348025894701756, -27.36495297331407], [-49.34754089617342, -27.365426834726087], [-49.34734501937176, -27.365497408472923], [-49.34695263456087, -27.365416247924482], [-49.34548353777205, -27.36473634853628], [-49.34461552107447, -27.364212323924335], [-49.34385242311079, -27.363458150075648], [-49.34340639853386, -27.362891260250695], [-49.34274074755074, -27.361605238437814], [-49.34233490954917, -27.361290120710784], [-49.3417106903891, -27.36126995174241], [-49.341471060069914, -27.36083400836947], [-49.339679904185935, -27.359058582818122], [-49.33962890882622, -27.358747594905633], [-49.33991559344683, -27.358040051956667], [-49.340196083719924, -27.35765089945463], [-49.34096524847077, -27.355999281914002], [-49.34151908201344, -27.35577795746389], [-49.34241890112376, -27.355044496101666], [-49.34261214864824, -27.354702413412728], [-49.34251150762424, -27.35433040492636], [-49.34215528962984, -27.354005231712566], [-49.34179003291294, -27.35390743054955], [-49.340107478461675, -27.353895736247335], [-49.33926677777168, -27.353717620753613], [-49.33868807929636, -27.353455314506206], [-49.33820094375554, -27.352493834769582], [-49.33768724444019, -27.351921606420735], [-49.337317570743984, -27.350954953300974], [-49.3363272442699, -27.349381533505507], [-49.33627220969362, -27.34876151082317], [-49.336141339502525, -27.348412735272593], [-49.33576873549393, -27.34642392823096], [-49.335835584134514, -27.346176663067425], [-49.335446104217844, -27.345389944406094], [-49.33461616082631, -27.34472632955522], [-49.333710679860914, -27.344699796890072], [-49.33263673525431, -27.344386615764815], [-49.33258096115726, -27.344239248097054], [-49.33267143607285, -27.343926768507856], [-49.333231067474564, -27.343067101772196], [-49.333425855549145, -27.34256772608085], [-49.33373870878031, -27.342213416382748], [-49.334044232221956, -27.341665637256153], [-49.33408009544508, -27.341226110474604], [-49.33393979724172, -27.340930735593236], [-49.33362983989166, -27.34065137077457], [-49.333079117261434, -27.34041784819432], [-49.3322080265226, -27.339525174192012], [-49.3313834794385, -27.339147071469647], [-49.33047089942228, -27.338969988855848], [-49.329192180099994, -27.339020707248284], [-49.328920151817066, -27.33885796991014], [-49.32882175764749, -27.338605647703307], [-49.3289208811626, -27.338367249256237], [-49.32917349152697, -27.338190334988543], [-49.32968273963132, -27.33815488996187], [-49.33019928834104, -27.338298532256708], [-49.33091957542756, -27.33812736878143], [-49.33127513951307, -27.337948782317497], [-49.33150589167975, -27.337728522435473], [-49.33165546154043, -27.337364158603048], [-49.33161014103363, -27.336682714774078], [-49.33145821363472, -27.33637941279729], [-49.3311506885175, -27.336058516812], [-49.32979397445788, -27.33528424900071], [-49.329007437688574, -27.33519105604945], [-49.32878147694023, -27.334927915388548], [-49.32880153042364, -27.33453649032915], [-49.329150875526715, -27.334261225031607], [-49.329507576471485, -27.334133330814765], [-49.32963933679611, -27.333980636280746], [-49.32975956333056, -27.33308257203872], [-49.32967636744859, -27.33276531123968], [-49.32932301566647, -27.332568135988907], [-49.32844633432594, -27.33245856589771], [-49.32788750153335, -27.33257061814362], [-49.3273541432079, -27.332803218829284], [-49.326371005086585, -27.332448183844075], [-49.32598824618857, -27.33219998094363], [-49.32595933688343, -27.33190820740516], [-49.326083021370884, -27.331557799114147], [-49.32650928797467, -27.33086716489203], [-49.32662998464705, -27.330238497197193], [-49.326423630971924, -27.329812244133212], [-49.32621357415745, -27.32961099305022], [-49.324935973485026, -27.3290656216597], [-49.32496213205001, -27.328684395804814], [-49.32526443238718, -27.32812072833954], [-49.32529314579814, -27.327908531148093], [-49.325231068856844, -27.327684290120875], [-49.32504948096597, -27.327491775339478], [-49.324451944401794, -27.327369514771828], [-49.32380532432188, -27.3276659057801], [-49.3235999464375, -27.32784372424966], [-49.323418745805185, -27.328295871122023], [-49.32352605324586, -27.329168696017213], [-49.32340442301132, -27.329405791885666], [-49.32310653438295, -27.329572559091183], [-49.32254000722978, -27.329666538130073], [-49.32224514323984, -27.3296137596678], [-49.32228361320489, -27.32935070883418], [-49.3227566782917, -27.32862514515467], [-49.322393101364845, -27.327726628087948], [-49.32244874766232, -27.32665019251551], [-49.32260948911329, -27.32653814201637], [-49.32281363368471, -27.3265698977395], [-49.323478250221555, -27.327082324949636], [-49.32390173446232, -27.327229523233314], [-49.3245133043206, -27.327163373641152], [-49.324989821146715, -27.326888171271428], [-49.32512034525192, -27.326668720306134], [-49.32513374913953, -27.326406213671635], [-49.32470712463719, -27.32528730120257], [-49.32511934823822, -27.324794927693574], [-49.32515303397147, -27.324517424913232], [-49.32468458026262, -27.323862607642088], [-49.32460631854489, -27.323328092772634], [-49.32427071212576, -27.322197515291098], [-49.323950011457406, -27.32189134223953], [-49.32368481742593, -27.321857771401923], [-49.3231928266234, -27.322063658975324], [-49.32239864156521, -27.321985646552637], [-49.32202282100363, -27.32218351559524], [-49.32164466671773, -27.322763606359185], [-49.32125372952456, -27.323138426137366], [-49.320869231860684, -27.32316236481589], [-49.320717542302745, -27.32298815484478], [-49.32068959136998, -27.32277334716342], [-49.32081017012501, -27.32223093353126], [-49.32130502283811, -27.320832557792], [-49.32133613885693, -27.31947135343875], [-49.32122913118633, -27.319316091802513], [-49.32092822062394, -27.31915634875219], [-49.320274525978355, -27.319207023181026], [-49.31999253579904, -27.319144694155653], [-49.31993422445341, -27.31906573356628], [-49.32098891263478, -27.31686190179887], [-49.321012620127796, -27.316420698342014], [-49.32088318178428, -27.316297969432902], [-49.3205008605445, -27.316228483926015], [-49.31927204773645, -27.316459670946806], [-49.31812035963934, -27.31649968688996], [-49.317899211848136, -27.316435643858366], [-49.317837942215775, -27.31593232480306], [-49.318310574210436, -27.31510720975344], [-49.318329402457394, -27.314824580546283], [-49.3181126993462, -27.314145695001137], [-49.317621314488804, -27.313204479713995], [-49.31749678721457, -27.31175623813032], [-49.317406929801486, -27.311566084004088], [-49.31723921523679, -27.3114652430364], [-49.316882272423705, -27.311507339095858], [-49.31637453495579, -27.311798295497017], [-49.31619085020421, -27.312123670994197], [-49.316082333022564, -27.313002543617625], [-49.31480844447052, -27.31423918394801], [-49.314484741424195, -27.31450036210956], [-49.31417697303204, -27.314616758604252], [-49.313996711458046, -27.314591758317285], [-49.313850025138805, -27.314411504316293], [-49.313839270189625, -27.314005314616868], [-49.31429096675458, -27.312854094292984], [-49.31449169341896, -27.311905543322116], [-49.31598527090911, -27.309551214960784], [-49.31636417475367, -27.30928238006447], [-49.317213733673434, -27.30887327658733], [-49.317895933557764, -27.30836489136932], [-49.3188202058849, -27.308291460668578], [-49.31923243794922, -27.308042517631943], [-49.31919511452477, -27.307554340037665], [-49.31891215193191, -27.30723542154214], [-49.31832475449743, -27.307104465904775], [-49.317456446395916, -27.30708253178717], [-49.31729443553224, -27.30698723132002], [-49.31720991212864, -27.30677977880416], [-49.31758800072578, -27.30629137036458], [-49.317918840511396, -27.306027398673567], [-49.31813667559679, -27.305676029370368], [-49.31910028095428, -27.30480388156845], [-49.31941974276782, -27.30429192050892], [-49.31925591780717, -27.303984905396266], [-49.318799292681334, -27.30383748202433], [-49.315837394292394, -27.30388575411163], [-49.31567350026027, -27.30382712397117], [-49.31563922212135, -27.30358622819762], [-49.315717973678204, -27.30334737361083], [-49.316730946118405, -27.302498662076214], [-49.31683045634175, -27.302237255964066], [-49.316406804917946, -27.301086485723513], [-49.31628475163685, -27.30094736920117], [-49.31443323799843, -27.30045750683101], [-49.31412935709821, -27.30028033013354], [-49.314314881201696, -27.300054915362722], [-49.315452313839636, -27.299449361020343], [-49.315574771952086, -27.299218665765235], [-49.31555678020541, -27.298984009505975], [-49.314794072813534, -27.297861534519807], [-49.31490982188137, -27.29658746860454], [-49.314686074537896, -27.296185197998003], [-49.31434944783503, -27.296098219288652], [-49.314130073109474, -27.296148661191403], [-49.31394330191275, -27.29632826237307], [-49.31359211244745, -27.298086264255506], [-49.312860497498676, -27.29884541162435], [-49.31299744105813, -27.297977692690985], [-49.31296012017047, -27.29746227184934], [-49.31213987186696, -27.296627296301413], [-49.31200542124693, -27.296338096190627], [-49.31206014675247, -27.29620343708931], [-49.31258602285007, -27.295816049240244], [-49.313469645531654, -27.29493533809621], [-49.31433647551779, -27.29363217695011], [-49.314408914574564, -27.293296742150133], [-49.31359983170395, -27.29159157389062], [-49.31428310778036, -27.290841206681502], [-49.31436234005855, -27.290504704421167], [-49.314158417143155, -27.290221333416323], [-49.31366446770111, -27.29007878661662], [-49.312486616480804, -27.290188825953898], [-49.31182413236565, -27.29017208201329], [-49.31133664135595, -27.289669255172985], [-49.3113429320015, -27.289520372659865], [-49.311595875770884, -27.289249093211435], [-49.312508366382104, -27.289473889510163], [-49.31348679287929, -27.289331436148068], [-49.316992793313496, -27.287801241279276], [-49.31711549018875, -27.287678394973785], [-49.31717163910429, -27.28742876817543], [-49.317201039649056, -27.2859123263797], [-49.31703685640366, -27.285383572386984], [-49.31671534509569, -27.28508956113693], [-49.316408635584295, -27.284999152501886], [-49.31559245335508, -27.28509134933931], [-49.315240221885325, -27.285241513139372], [-49.31474608728697, -27.285671718516507], [-49.31467834142187, -27.28565581161049], [-49.31449302973088, -27.28496796735816], [-49.31432412841245, -27.284716656962324], [-49.313384259014086, -27.28413578491374], [-49.311105409746894, -27.283211619848515], [-49.31023614629737, -27.28250111297936], [-49.309989042267134, -27.28218395544191], [-49.310181691534524, -27.28137752276612], [-49.311036298031794, -27.280577228383446], [-49.3111429927516, -27.280369981954557], [-49.31164092551602, -27.278536461470548], [-49.31218509527481, -27.277320160325573], [-49.31237419141303, -27.275967904063155], [-49.31221825569956, -27.27547113279807], [-49.31198663167617, -27.275323479398782], [-49.30979496435158, -27.27519875054208], [-49.30919767391105, -27.27502735644993], [-49.30914265258229, -27.274833690735203], [-49.3092357788858, -27.27466143974827], [-49.30967571913089, -27.27428371272348], [-49.30973049636782, -27.274055490329186], [-49.31011715563233, -27.273606581940502], [-49.31026387614241, -27.27317399137055], [-49.31022689027455, -27.27261270646094], [-49.30978068499093, -27.2717181287594], [-49.3094416558398, -27.271450847987403], [-49.30916522334378, -27.27142692125468], [-49.3067105197071, -27.27240120222093], [-49.306028795175465, -27.272055432103418], [-49.30548782483934, -27.271968047738202], [-49.30407257414631, -27.272394524657674], [-49.30362304251584, -27.27250271059462], [-49.303453774749734, -27.272463598342647], [-49.30308185700068, -27.27211959924232], [-49.303008020914724, -27.271733417660812], [-49.30287887282528, -27.271509602547688], [-49.30286787421417, -27.269999631139733], [-49.30307922012421, -27.26925665778749], [-49.3033240676945, -27.269009131856457], [-49.30348238536123, -27.268982157583736], [-49.30440426049679, -27.269335574203048], [-49.305017890763565, -27.26931305857763], [-49.305317957927215, -27.269214719352554], [-49.305432927755504, -27.26898313882634], [-49.30539788215747, -27.268754635669236], [-49.30505122858774, -27.268265375039476], [-49.30477980998281, -27.26801479351042], [-49.30421209874737, -27.26769318067891], [-49.3036839562378, -27.267649996649855], [-49.302485231938185, -27.26833636921522], [-49.30219473286161, -27.268309653751924], [-49.300508289625526, -27.268703517787657], [-49.299914751694764, -27.268700847578508], [-49.29976858805721, -27.268583911196693], [-49.2997462309728, -27.26818765458081], [-49.29997628362316, -27.26790294704696], [-49.300386108441366, -27.266636934371046], [-49.30085871784625, -27.2658775598425], [-49.3011542160141, -27.264646861598393], [-49.30218811426774, -27.26252973510092], [-49.30254224518893, -27.262234346115665], [-49.304023444846905, -27.26183566164545], [-49.304688336269805, -27.261451610128628], [-49.30487577226728, -27.26115526532378], [-49.304994193455265, -27.260618099782906], [-49.304922859888826, -27.25983607134765], [-49.30471236790156, -27.25953233986114], [-49.304475643627484, -27.2589550505285], [-49.303901809558155, -27.25704757683107], [-49.30346731042352, -27.256036775588775], [-49.30289037737798, -27.255770074650343], [-49.302331234400086, -27.255668388970765], [-49.30172369094405, -27.255956440759935], [-49.300430809632, -27.256226347822324], [-49.29915255786391, -27.25668418121771], [-49.29877824646166, -27.256991235410506], [-49.29864443701264, -27.257249843718196], [-49.298396939842455, -27.257969334948832], [-49.2983183689637, -27.25865005626403], [-49.297958566388346, -27.25866884186533], [-49.296859432331296, -27.257814760403544], [-49.2964172048025, -27.25774241355422], [-49.29579603400266, -27.258159742360768], [-49.29515163359847, -27.25836142086602], [-49.29480602159889, -27.258324555500586], [-49.294011801456904, -27.257986634322503], [-49.29338351264191, -27.257850865870925], [-49.29269167716087, -27.258107536993013], [-49.2890866327833, -27.25879177769664], [-49.28861901000897, -27.258936537114458], [-49.28749704494235, -27.259561426407032], [-49.28664647783495, -27.26069325934914], [-49.28618069392484, -27.26108825882009], [-49.286001097078035, -27.260951332676246], [-49.285767367993174, -27.260413452808265], [-49.28556432414798, -27.26015189754412], [-49.284740933259194, -27.25945771016472], [-49.284427097173435, -27.25908952705172], [-49.28444556043585, -27.258169738389263], [-49.28432388797267, -27.257649503992933], [-49.2836967934327, -27.256979489176896], [-49.282817009046546, -27.256341180338072], [-49.28230011381242, -27.255506076559588], [-49.281367188726904, -27.254531640541714], [-49.28055411106795, -27.253977742275936], [-49.279999917604236, -27.253881334018665], [-49.279597331810585, -27.253899182583762], [-49.2792528924705, -27.254013610468576], [-49.27888244706514, -27.25432541637128], [-49.27823373447579, -27.254682476069416], [-49.27803257476748, -27.254683013258116], [-49.27784744621139, -27.254517875399817], [-49.27787616160369, -27.254078637039555], [-49.27856744119055, -27.25347732387654], [-49.278760536173515, -27.253113314200288], [-49.27899062931158, -27.25227481102288], [-49.27894807289483, -27.251870111866502], [-49.27880519416164, -27.251637608154812], [-49.27816694596974, -27.251204875789607], [-49.276662554594125, -27.2511605004743], [-49.27633638175939, -27.251357274759034], [-49.27590824269194, -27.251903680008954], [-49.275493231442454, -27.252159527326775], [-49.275304607248344, -27.252088626368618], [-49.27490131335765, -27.25166345318145], [-49.27485233676616, -27.251404370024236], [-49.27493245298781, -27.250552487392053], [-49.27424102509128, -27.24897928508334], [-49.27416167462988, -27.248708357297268], [-49.27418786336799, -27.248088200020387], [-49.27430367158966, -27.247781157678656], [-49.27477036389244, -27.247296086130827], [-49.27578660713808, -27.247243355193287], [-49.276211125079186, -27.24702829614211], [-49.276410370113574, -27.246799564417692], [-49.27652289974772, -27.24645678963365], [-49.2764678116924, -27.246168726864305], [-49.27565331061647, -27.245422712908933], [-49.275239150931824, -27.245360055405243], [-49.27343255969371, -27.245989445163502], [-49.272975591879174, -27.24604476964137], [-49.27263406169078, -27.245871266241107], [-49.27217584880016, -27.245178518790546], [-49.27194513531725, -27.245004710298197], [-49.27132593253107, -27.24475230612037], [-49.27040545034948, -27.244647105568866], [-49.2700747743551, -27.24468432325939], [-49.26958894102202, -27.244869905934443], [-49.26925149516886, -27.2454544501816], [-49.26915671493392, -27.245876267559673], [-49.26936561820371, -27.246946223457417], [-49.26957960890462, -27.24742966111077], [-49.26952611429315, -27.24832636423602], [-49.26919959826205, -27.249227417546123], [-49.26898840519333, -27.249412740432817], [-49.26864706499124, -27.249490499207656], [-49.26833435120866, -27.24947740236159], [-49.26804395334552, -27.249347093414563], [-49.26713243264602, -27.24825778683078], [-49.265474691280644, -27.247631511887338], [-49.265077920684035, -27.24762916125593], [-49.26447856848228, -27.247775829873508], [-49.263604449356066, -27.248342660626157], [-49.2633339140552, -27.248425770674768], [-49.26280077189124, -27.248231348239717], [-49.261400350740445, -27.24733161189573], [-49.26097030481445, -27.24716789735252], [-49.26059105547349, -27.24723369673744], [-49.25997613246604, -27.24776332842322], [-49.25894243831534, -27.247685299536617], [-49.25838717382818, -27.247426607073162], [-49.257736604168365, -27.24785436064751], [-49.25720163444824, -27.24795942515626], [-49.25704626640487, -27.247542401015625], [-49.25708431148311, -27.247293184832955], [-49.257629425679305, -27.246454024679082], [-49.25760056784458, -27.24605706937664], [-49.25746405050719, -27.245827743369745], [-49.25717055824698, -27.245671971985082], [-49.256542268674856, -27.245682766585034], [-49.25618485834553, -27.245577254344663], [-49.25414420720046, -27.244478992201326], [-49.25304544411295, -27.24410114649061], [-49.252154309712225, -27.244059189370176], [-49.25206697937188, -27.243925361938054], [-49.25197289195465, -27.243665887504385], [-49.25227560361653, -27.243070544557984], [-49.252040077467214, -27.242571098801914], [-49.25169500564616, -27.241415631053577], [-49.25173016447506, -27.240498397846643], [-49.25183998922886, -27.240061679677137], [-49.25316403254632, -27.238233141755504], [-49.253169250131606, -27.237834439086967], [-49.25284262485474, -27.237506781719112], [-49.25206274051207, -27.237353771092042], [-49.25120541488093, -27.23745984767587], [-49.24951555120592, -27.236623471849988], [-49.24890604972868, -27.23645550633389], [-49.24836508364631, -27.236427613359833], [-49.24748032735956, -27.23656459260392], [-49.24682597716036, -27.236506293281305], [-49.24584105340938, -27.236670951541697], [-49.245605916652124, -27.236638658088378], [-49.24528593702167, -27.23645709801623], [-49.24515082583389, -27.23624934388339], [-49.24501834704311, -27.23558386757489], [-49.24483724668684, -27.235214767719885], [-49.24457477283399, -27.23492943251523], [-49.244226265461045, -27.234742177058735], [-49.24365932741337, -27.234605235092463], [-49.24310180862921, -27.2346387573458], [-49.24198617094776, -27.23497772350004], [-49.24023143512221, -27.234998423646477], [-49.24000910873619, -27.235126452455365], [-49.239331587600255, -27.235859180066903], [-49.238923982568146, -27.235985171547636], [-49.23882971404932, -27.235918774351546], [-49.238806458580235, -27.235373403801134], [-49.238473361761436, -27.234884365844973], [-49.23817172385518, -27.234007836540556], [-49.237974179307386, -27.233686214687136], [-49.237639498546635, -27.23331986439246], [-49.2372520816859, -27.23304431070695], [-49.23682656259949, -27.23289395241166], [-49.23661872275128, -27.232950633106743], [-49.23614339441304, -27.233317033068865], [-49.23555768111228, -27.23352024100814], [-49.234577235171464, -27.234504339167376], [-49.234239337396396, -27.234595398058474], [-49.23381952566245, -27.234281376152627], [-49.23366171905405, -27.2335488737453], [-49.23381750741297, -27.233271905654732], [-49.23460671356363, -27.232422611159127], [-49.23485234393628, -27.231880717357733], [-49.234843431516516, -27.23162993095386], [-49.23458741196973, -27.23100953911376], [-49.23448294000401, -27.230882172031304], [-49.234241522388004, -27.230794000951015], [-49.233946596170064, -27.230853416769868], [-49.23229415733432, -27.230591510658993], [-49.23162710824997, -27.230389426591675], [-49.230916102336835, -27.230385620872564], [-49.23046175731023, -27.23055392154287], [-49.23010223720531, -27.230834200311122], [-49.22959081662828, -27.231631421089933], [-49.22941515712072, -27.231726364785978], [-49.22875042144736, -27.231802978933747], [-49.22682180945874, -27.232238078402347], [-49.22619157100807, -27.232212195554276], [-49.22559534486227, -27.232031843504306], [-49.22534933555463, -27.231892567024367], [-49.22493574155579, -27.23146349318784], [-49.224710681275184, -27.231376115858236], [-49.22354386383187, -27.231222567635207], [-49.221905352418, -27.23125395246935], [-49.220130887802476, -27.230721534586092], [-49.219579992246445, -27.230465522608732], [-49.218463162339745, -27.230180330564362], [-49.218397436909115, -27.229825796563134], [-49.21848097589594, -27.22960097398256], [-49.21933642712217, -27.228646690718474], [-49.21936911557922, -27.228301829501774], [-49.21890881795826, -27.22788769387083], [-49.217738424262095, -27.227699497924405], [-49.21602662088137, -27.228394601998236], [-49.21530917248676, -27.229534504429342], [-49.214356392811695, -27.229663757301914], [-49.21235363919963, -27.227139413137124], [-49.21248546240225, -27.226392319667745], [-49.213054170137326, -27.22567253711747], [-49.213200868813075, -27.22459663690628], [-49.2129820681692, -27.223706459565904], [-49.21281500668403, -27.223513860072554], [-49.21186167612751, -27.22297718617353], [-49.21073686429837, -27.222722333596256], [-49.210058602472714, -27.22247802960221], [-49.20972295002757, -27.22204682962408], [-49.209710844551104, -27.221949326528947], [-49.2101896466075, -27.221314691746603], [-49.21031620258476, -27.220873638466163], [-49.2097282886623, -27.219683560888946], [-49.20964246923928, -27.218778225875162], [-49.20915359034329, -27.217814565844627], [-49.209245320773775, -27.2171687878506], [-49.20991047555404, -27.21663388967723], [-49.21019864439939, -27.216187834087386], [-49.21019871915445, -27.215643667211385], [-49.21010680733398, -27.215347565154843], [-49.20865522029162, -27.213840688061246], [-49.20846409978787, -27.21378190228339], [-49.20723329979867, -27.21393143402659], [-49.2062462009878, -27.213527155834882], [-49.205432850571036, -27.212506937574425], [-49.20460792164696, -27.21186143871991], [-49.20409115893425, -27.21191417561474], [-49.20396304697689, -27.212062637999317], [-49.20395855332591, -27.212265427506093], [-49.20433090848618, -27.212670602638035], [-49.20403024255937, -27.213893137293727], [-49.203678252248565, -27.214173683429006], [-49.202865719080506, -27.214364959977612], [-49.20190130955673, -27.214101439398853], [-49.20174200598845, -27.213993480584154], [-49.20163769931122, -27.21376993224398], [-49.201587129191545, -27.21257432228666], [-49.201318127693895, -27.211376122484893], [-49.200657166849666, -27.210046065226347], [-49.20055790569959, -27.209361597673574], [-49.20030790474626, -27.2085627978752], [-49.199341450974465, -27.20754570573], [-49.19868110718749, -27.20714515202395], [-49.19769830814806, -27.206879752364365], [-49.19667643935729, -27.206827060197085], [-49.19622100112401, -27.20707767929337], [-49.19570759809636, -27.207600209164088], [-49.19507148029832, -27.208496881299354], [-49.19448801002899, -27.20877146054567], [-49.19433952675398, -27.208586116269924], [-49.19372602583076, -27.205424167090527], [-49.193043460507454, -27.204588485078204], [-49.19236865503761, -27.203943580852364], [-49.19162473526442, -27.20358728403177], [-49.19040763868741, -27.203513295552213], [-49.18768305809009, -27.20422967074958], [-49.18721932439352, -27.204143312443176], [-49.18721994206485, -27.20396723567841], [-49.1878990133338, -27.202592243416646], [-49.188635799275396, -27.200618499938727], [-49.188585507231174, -27.19949240154923], [-49.18815015666036, -27.19914499416843], [-49.18748224334663, -27.199144994204303], [-49.18711200754791, -27.19946223009553], [-49.18660505006843, -27.200070406346846], [-49.186417567324916, -27.200146201667458], [-49.185382802160646, -27.199792472790918], [-49.18471807275416, -27.19974795815537], [-49.184241911498944, -27.199872845684855], [-49.18322295288873, -27.20035449514259], [-49.18277150993566, -27.201171060141355], [-49.18253793799457, -27.2020109787227], [-49.182066418445, -27.202370448301238], [-49.18125775211834, -27.20280633700631], [-49.18063443193528, -27.20361381267391], [-49.18046360256476, -27.204462899949817], [-49.18039214057863, -27.206245719665457], [-49.17999961776343, -27.206933710534766], [-49.17957793656868, -27.207270213226803], [-49.179199434872494, -27.207293180330833], [-49.179064761626854, -27.20695784555678], [-49.179404381540586, -27.20523232855306], [-49.17919534581978, -27.204364874278685], [-49.17861855148591, -27.203898789020638], [-49.17738221866528, -27.203643722147802], [-49.17660100193074, -27.203290999585573], [-49.17597830384186, -27.20312353963482], [-49.1745885782695, -27.203384728985625], [-49.173749262079234, -27.203280244865756], [-49.173287105524864, -27.203581795386402], [-49.17286592447301, -27.204288744966572], [-49.17250653876487, -27.204407401359447], [-49.171248961702084, -27.20452542850163], [-49.17064506228047, -27.204755528278042], [-49.17017171628758, -27.2050436702857], [-49.16849378346526, -27.205207377650208], [-49.16519288824756, -27.205870359227873], [-49.164809463241085, -27.206176001526753], [-49.16436084329553, -27.20679539132439], [-49.163820665316074, -27.207075662781005], [-49.162240429346184, -27.207399955315108], [-49.16147999532006, -27.207712939110436], [-49.16099450548868, -27.207693768148093], [-49.16043161201489, -27.20745203370843], [-49.158580006366115, -27.207268690121648], [-49.15823676392717, -27.207068107491363], [-49.157982104360656, -27.205900317833972], [-49.15780960379525, -27.205429017982134], [-49.157698752041085, -27.205338672085453], [-49.15692624233916, -27.205196663248966], [-49.15574464711831, -27.205460810296938], [-49.15432787884253, -27.206138475234237], [-49.15400810020672, -27.20607526908449], [-49.153799350860005, -27.20572165415302], [-49.153787913542956, -27.20505917903183], [-49.153984213455686, -27.20432314609037], [-49.15405238931069, -27.203612427580925], [-49.1535140075151, -27.202606163052366], [-49.15298029418016, -27.202123095462976], [-49.15168949560928, -27.20182047279684], [-49.15068471874874, -27.20183793947708], [-49.149677516410435, -27.202233627209097], [-49.149038860488886, -27.202693383465636], [-49.14857253156502, -27.202920511635867], [-49.1480891949665, -27.202892461252773], [-49.14748270603304, -27.20254964058246], [-49.14526931332444, -27.20165810952864], [-49.14424278988451, -27.20109540583347], [-49.14300842369145, -27.199279694752143], [-49.14270874929417, -27.19894661063998], [-49.14243404144227, -27.198812864443408], [-49.1419330155289, -27.198792509521688], [-49.140615372330785, -27.198968096979897], [-49.140283870967025, -27.19925261580247], [-49.14016002459739, -27.200414130772568], [-49.140002125961225, -27.200873043555486], [-49.13972297745585, -27.200971019745438], [-49.13898729498411, -27.19994740132108], [-49.13860730550963, -27.19962491954498], [-49.13418713468413, -27.19890388315109], [-49.133594921667026, -27.198301860085614], [-49.1333621450417, -27.197743003895834], [-49.13358640762215, -27.197136293721737], [-49.133134095876436, -27.19659316177453], [-49.1328933181531, -27.196470535504712], [-49.13100716510801, -27.19609138625761], [-49.130610877429504, -27.196271775728437], [-49.13030355248325, -27.19615707414937], [-49.12996814885311, -27.19586873759832], [-49.129835605259096, -27.194645561408496], [-49.13040587461994, -27.193974528451687], [-49.130991013619614, -27.193642294749303], [-49.13224223818817, -27.19315747944407], [-49.1328296115399, -27.19254579033853], [-49.132858499021516, -27.192163100577996], [-49.13256063328679, -27.191854044194542], [-49.13175723362367, -27.191342644726863], [-49.131294339548816, -27.191177848731904], [-49.13061555068651, -27.190290587363748], [-49.13022659922185, -27.19003993312873], [-49.12949871957591, -27.190082229978362], [-49.128730791523616, -27.18981819017108], [-49.12725794055289, -27.189560565671233], [-49.12713714565679, -27.18937642903705], [-49.12720719751723, -27.18895816379327], [-49.12768822423038, -27.188801185186982], [-49.12826080854541, -27.18841088143299], [-49.128539699242125, -27.187783705540774], [-49.12864097478189, -27.187091317104162], [-49.12841690194503, -27.186422981557183], [-49.12794088073628, -27.185868595852046], [-49.12734954230989, -27.185652506285308], [-49.125416870100935, -27.185594650808635], [-49.12476698478708, -27.185047034831527], [-49.124000960450985, -27.184732116837335], [-49.12340302179949, -27.184924878374837], [-49.12273274345431, -27.18576477966157], [-49.12250081891366, -27.185926178326174], [-49.12162016670965, -27.18581666585315], [-49.1208434428206, -27.185911272132348], [-49.12020035777604, -27.186448099460552], [-49.12005386818024, -27.18688368624914], [-49.119991255966205, -27.187563289519183], [-49.11976978813294, -27.187867769259906], [-49.11962407499765, -27.187867769248214], [-49.11904173176145, -27.187544020353826], [-49.11855175830178, -27.187150700159002], [-49.11825114360738, -27.18552108251422], [-49.11731286538288, -27.184609281698215], [-49.116484617069666, -27.18456026725244], [-49.115898668038945, -27.185095212932982], [-49.1155751185515, -27.185825674085553], [-49.114497599295355, -27.18641797892682], [-49.11383197583267, -27.186319343173004], [-49.11339463537505, -27.185751644044206], [-49.113069313337306, -27.18492794713049], [-49.11310496604815, -27.184250527567386], [-49.11337867261795, -27.1839199662249], [-49.11337892120532, -27.183304667689953], [-49.11316099262538, -27.1826196172533], [-49.1127162547922, -27.182347086198888], [-49.111021195983874, -27.1823406131481], [-49.10899116332306, -27.183008928525844], [-49.10583366070315, -27.18461136842481], [-49.10525992725685, -27.185077995000107], [-49.10508000700183, -27.18582350652958], [-49.1056454865541, -27.186569915515353], [-49.10639450349596, -27.186896345914956], [-49.10703027685545, -27.187003524192637], [-49.10758253335474, -27.18745187899957], [-49.107819746104575, -27.188392022302054], [-49.10766174021404, -27.190247417611406], [-49.10740461211207, -27.19073462012818], [-49.10710737423291, -27.19079871418344], [-49.10655566882779, -27.190512486536324], [-49.10589673093403, -27.189796833008426], [-49.10565600919085, -27.189254311979795], [-49.10528350841934, -27.188692872186788], [-49.10485817329027, -27.188409510345153], [-49.10392306976761, -27.188485387599155], [-49.1033520618094, -27.18901040225091], [-49.10313757481792, -27.189901288076324], [-49.10305964025775, -27.191241315953807], [-49.10283592058249, -27.191838276727925], [-49.10252644536154, -27.192261806570983], [-49.10201913212621, -27.192513628588028], [-49.101542239594934, -27.192584266641852], [-49.0991896055068, -27.19176712449723], [-49.09917578011605, -27.19158459852728], [-49.09944449245228, -27.19124799691273], [-49.099761702326205, -27.19106060195086], [-49.10001695875423, -27.190738761808465], [-49.09979939776746, -27.189510727817144], [-49.09985062699777, -27.189246417341177], [-49.10057251237424, -27.18881036169858], [-49.10070110078907, -27.188487556372923], [-49.100559339455614, -27.18814623132724], [-49.09935676504343, -27.1871452740666], [-49.09913484558485, -27.186771184651086], [-49.09884688116721, -27.184774214081862], [-49.09857407022185, -27.184356710436564], [-49.097810341396, -27.18405124184313], [-49.09696157869031, -27.183935379096905], [-49.094852454263126, -27.184052467393414], [-49.09431050255428, -27.184254794517006], [-49.09377173061214, -27.18474668103038], [-49.09305992977598, -27.185848880272903], [-49.09294767959394, -27.18616376211238], [-49.093004191948495, -27.186452307527496], [-49.0932369377742, -27.18672272344195], [-49.093644562140156, -27.18686400284152], [-49.094124726672355, -27.18688732627255], [-49.094468166597665, -27.18716320441871], [-49.09457575245382, -27.1873413637771], [-49.09486835648276, -27.18860411105454], [-49.09481677494855, -27.189077342357553], [-49.09392467626874, -27.190076245771362], [-49.09309461422161, -27.190657956792418], [-49.092506492102345, -27.190850082187723], [-49.091671760982116, -27.19079385772018], [-49.091080073374386, -27.19091483568947], [-49.08992244120847, -27.191507480032193], [-49.08970493315762, -27.191785280443558], [-49.08962391348834, -27.192184984354164], [-49.0898183321217, -27.192560008849117], [-49.0903554875061, -27.19284778899304], [-49.09082701776526, -27.193382692802587], [-49.09106915693616, -27.193836082938343], [-49.091126989461245, -27.194163746305485], [-49.0910031702763, -27.19451665532949], [-49.0907709896001, -27.19478652207613], [-49.08948824389305, -27.195128638394205], [-49.08824548093774, -27.196011318956018], [-49.087767769537585, -27.19640041184874], [-49.08588840584415, -27.19865961268612], [-49.085224247877896, -27.199217428260265], [-49.084845911937904, -27.19937938504968], [-49.084600692090596, -27.19938582743656], [-49.08433721410787, -27.199120410524475], [-49.08395487455123, -27.19849340596238], [-49.0838104925285, -27.196174276559372], [-49.0837164808345, -27.19567578219365], [-49.08317034010879, -27.194506844457297], [-49.08283908711174, -27.194292200880756], [-49.08250285301187, -27.194227808178628], [-49.08187293949683, -27.194411145146834], [-49.08147051573557, -27.195077239422556], [-49.08135600047255, -27.19543787183633], [-49.081074862713315, -27.195805216009276], [-49.08042081256964, -27.196278688539028], [-49.080240442903985, -27.196258252870805], [-49.079551138073036, -27.19547825357563], [-49.07908688648734, -27.19516901157337], [-49.078053419952184, -27.194904622734295], [-49.077623913838416, -27.195016963637134], [-49.077295010448765, -27.195396159794917], [-49.07676537218509, -27.196286597104674], [-49.076311026197864, -27.19671607038668], [-49.07530371800575, -27.197979563805394], [-49.07496719716031, -27.19815627907399], [-49.07475781944029, -27.198167240003908], [-49.073762512944455, -27.196694566534298], [-49.07399218034992, -27.192285773281636], [-49.07385713162357, -27.19167747837109], [-49.073456053078885, -27.191159787207663], [-49.07273301643663, -27.190793369789723], [-49.07203448434896, -27.1906692202599], [-49.06994787022099, -27.191326791476794], [-49.069098367145486, -27.191473346876617], [-49.0690034279393, -27.1913880346374], [-49.06881598636785, -27.19054778681094], [-49.06853258595703, -27.19011398708212], [-49.06800257968379, -27.189952304197558], [-49.067423118852915, -27.190194892502447], [-49.06691087467563, -27.190623713273567], [-49.0651879408315, -27.191024426478766], [-49.064363231718744, -27.191398809883577], [-49.063507957601665, -27.191904728544618], [-49.062428148053996, -27.192698098773317], [-49.06207011247357, -27.192685350638477], [-49.06181403129624, -27.1924039740605], [-49.06174027651816, -27.19179853838302], [-49.062122048540466, -27.191200404120284], [-49.06203580424594, -27.19070713975048], [-49.061666550250536, -27.190033100191325], [-49.06120977521193, -27.189918054638497], [-49.06037819016906, -27.190051850305025], [-49.059333350038685, -27.189917675577263], [-49.058980421059964, -27.190058411986495], [-49.05821090198261, -27.190791584955843], [-49.05809785272252, -27.19080573404482], [-49.05761499572238, -27.190452003016674], [-49.05704423453493, -27.18877494885538], [-49.056527345413606, -27.186724769936294], [-49.056225436703784, -27.186306542138855], [-49.05556372683191, -27.186143429522243], [-49.05515162816298, -27.186352351035453], [-49.05474528147133, -27.186985521914423], [-49.05444207000371, -27.187707566566473], [-49.05407537629559, -27.188091670191024], [-49.05373712662329, -27.18824437211085], [-49.052823508610516, -27.187928172125613], [-49.051229248113415, -27.186653548312435], [-49.049816308564786, -27.184721126848338], [-49.048422234435556, -27.18437492551645], [-49.04759121562957, -27.18477463954017], [-49.04706939942164, -27.185145481394624], [-49.04686734999145, -27.185691224799086], [-49.04834888706475, -27.18739405359337], [-49.04883652841355, -27.18822739758112], [-49.04930686348111, -27.18949418487467], [-49.04966091498246, -27.19016124421318], [-49.04967333439353, -27.19114515259104], [-49.04936939917255, -27.192203291929072], [-49.049155962966246, -27.192396848451924], [-49.04764586194828, -27.192257370859352], [-49.046518645674155, -27.192258504067397], [-49.04585427438109, -27.19244905990416], [-49.04499347512723, -27.1928998594102], [-49.044764504551964, -27.19322422928955], [-49.04467976161497, -27.19359472311654], [-49.045108349584154, -27.194208256513555], [-49.04595289349183, -27.19459694611572], [-49.04676443503163, -27.19485016056216], [-49.04698891760612, -27.195179835329395], [-49.04697112951222, -27.19584873633273], [-49.046694255347276, -27.196423299839726], [-49.04632122372372, -27.196921039856814], [-49.04579959748585, -27.197140497288117], [-49.04482050843886, -27.197008203127112], [-49.04242715378239, -27.196397010136735], [-49.04151165610643, -27.195871209375664], [-49.04025916042785, -27.1948801376793], [-49.03938760748287, -27.19483857899598], [-49.03846012495135, -27.195631331888112], [-49.037281308734585, -27.196939746479966], [-49.0374101863891, -27.197573529431136], [-49.037919952722476, -27.19877878331116], [-49.037931761039594, -27.199465875055253], [-49.03761067950376, -27.19984660860062], [-49.03706322191302, -27.200166962150462], [-49.03576892993889, -27.200667013151786], [-49.035085347874016, -27.20052669802449], [-49.033064700830046, -27.19923068125573], [-49.03258338107509, -27.19883182777044], [-49.03159939298811, -27.19883873341996], [-49.03041152177184, -27.199160127793412], [-49.02971854802785, -27.200400906911888], [-49.028071295501455, -27.20181443672091], [-49.02763412336693, -27.201963217789515], [-49.027304928136324, -27.201853125513733], [-49.02666555132885, -27.20129891273003], [-49.02622504755857, -27.200504597332944], [-49.0262808497494, -27.199594329874788], [-49.02669775047163, -27.19810539092221], [-49.02751548526685, -27.197011645978346], [-49.02871973757133, -27.196111445959286], [-49.029415508408356, -27.1959887645578], [-49.0305265965085, -27.196015896890263], [-49.03099429521647, -27.195849820042778], [-49.03104805142718, -27.19573842745652], [-49.03102127903798, -27.1949974879766], [-49.03042768412195, -27.194487728704846], [-49.02997445058676, -27.193681504354668], [-49.02983862485563, -27.192344350883936], [-49.02985572176703, -27.191151016677715], [-49.029606106913505, -27.18947374587896], [-49.02966163207739, -27.188018529225218], [-49.02939255603261, -27.187227154662978], [-49.028744325839675, -27.186839257020264], [-49.02755904540006, -27.186656816927513], [-49.0270282237881, -27.18644691110219], [-49.02578617652631, -27.18519800961916], [-49.02540315275398, -27.18442938407366], [-49.02503826385257, -27.18311504782347], [-49.024975954045765, -27.181966077491495], [-49.025236083951036, -27.181445292851272], [-49.02614515198543, -27.180890366951996], [-49.026223111439755, -27.180749909757893], [-49.02617798720216, -27.180200102694158], [-49.025537481916054, -27.179210150118834], [-49.024758159064994, -27.178900398684224], [-49.02444808569994, -27.178537091682415], [-49.02449766854598, -27.177963374437784], [-49.02480681367261, -27.176720899755217], [-49.024928010677264, -27.17483029944051], [-49.0248705310732, -27.17422386374531], [-49.02455713250848, -27.173782172075697], [-49.024102310725844, -27.17364847108121], [-49.02356171150329, -27.173656771111144], [-49.02340902944181, -27.173737001486952], [-49.022947569873075, -27.174495694370187], [-49.022589010659594, -27.174557093982468], [-49.02221561275959, -27.174482545238522], [-49.02183673668312, -27.17418866051823], [-49.02121136949735, -27.174108698930304], [-49.020803379335035, -27.174258708009695], [-49.01999687672213, -27.174774632391507], [-49.019411244035375, -27.174943170433878], [-49.01721055741644, -27.17505721699775], [-49.01634632294433, -27.174999490260863], [-49.014953665889756, -27.17534730572127], [-49.01445831206886, -27.175102538754565], [-49.01387551427947, -27.174411160226537], [-49.01310115057437, -27.172966164508555], [-49.01254287316242, -27.172528937386588], [-49.01166455043351, -27.17257420693287], [-49.01115445245832, -27.17314660623107], [-49.0109362408565, -27.173824909757823], [-49.010483261469275, -27.17392848759164], [-49.01004362906894, -27.17355803146661], [-49.00941648104287, -27.17260717190556], [-49.00941064887394, -27.171468671041122], [-49.00898082872482, -27.17032971636978], [-49.008957828447215, -27.169885388116374], [-49.00917819253356, -27.169689326307488], [-49.01085356539668, -27.169772544913865], [-49.012048431599446, -27.16909486181005], [-49.01285872108964, -27.169064481704], [-49.013645139288805, -27.16927012089826], [-49.0142599376284, -27.1691913469023], [-49.015157078683366, -27.168384951129166], [-49.01731727393362, -27.167309146063985], [-49.01755725724042, -27.166697559758457], [-49.01737451008745, -27.16606583991592], [-49.01744492379755, -27.16536914820046], [-49.01781753819092, -27.163905401672157], [-49.019579200321985, -27.161536137491446], [-49.0214824504018, -27.161335054237064], [-49.02244946459542, -27.160916495261908], [-49.02261963237316, -27.160381650524332], [-49.02227686001812, -27.15980423757406], [-49.02147798898792, -27.159363107521997], [-49.02047024656767, -27.159083985355128], [-49.01991208317296, -27.158631149633777], [-49.019807866128204, -27.158160542521166], [-49.01984482337135, -27.157792153945213], [-49.02039469963819, -27.15741978734461], [-49.022290505209234, -27.156416346484885], [-49.02317603817456, -27.15545440021074], [-49.02349963336421, -27.154837797832936], [-49.023332056543445, -27.154279609197225], [-49.02296073179055, -27.153938946792064], [-49.02233549200786, -27.153622074840825], [-49.02154560082737, -27.15343508306656], [-49.02038980247106, -27.153310683335818], [-49.0198848454917, -27.153369179454835], [-49.019735974834454, -27.153478856685314], [-49.01954817648015, -27.15396334363528], [-49.019648744582945, -27.155221741785105], [-49.01958709434986, -27.15539112907934], [-49.01909482871504, -27.155530518889485], [-49.018455533290194, -27.155500945874735], [-49.017870534486185, -27.15519607233373], [-49.01719836785632, -27.154470448675458], [-49.01635446464166, -27.153376801041876], [-49.0157159363316, -27.1521204924625], [-49.01571593536758, -27.151542499849267], [-49.01555604872148, -27.15102956663475], [-49.014867601551295, -27.150586239012185], [-49.01470199254341, -27.150258090320904], [-49.014716343815934, -27.149977962886897], [-49.01493882850893, -27.149670780325664], [-49.016343650081204, -27.14881030933634], [-49.01716471971268, -27.148132764386247], [-49.01797890781656, -27.147647054314124], [-49.02064053627632, -27.146940477077187], [-49.021188609312254, -27.14653518513811], [-49.021553272816355, -27.145544388106202], [-49.02154019408586, -27.144810784980006], [-49.02041600408316, -27.144149122771456], [-49.01898571013609, -27.143836153595863], [-49.01642203221646, -27.144529840471314], [-49.01600475490926, -27.144725361089254], [-49.01551072567281, -27.144491804865236], [-49.01404485255565, -27.143497225438217], [-49.01322599376089, -27.142703043889327], [-49.01237289803674, -27.142199470370155], [-49.01125877714324, -27.14204381540726], [-49.01045276876084, -27.142257821819292], [-49.00925059543576, -27.142217239955798], [-49.00873654305083, -27.142594729733673], [-49.00849062910859, -27.143152982673467], [-49.00757766129463, -27.14357056401227], [-49.006975294866216, -27.143708414028097], [-49.00530737313261, -27.143559068758066], [-49.00461552662842, -27.143156522699115], [-49.00396529715367, -27.142955986655615], [-49.00344426076274, -27.143078662057547], [-49.0022793117002, -27.144084723634887], [-49.00107853959555, -27.146007170728147], [-49.00013602850521, -27.14684580554456], [-48.998905139918634, -27.147315027807803], [-48.99818002237622, -27.147076233746926], [-48.99681988286483, -27.145800227010422], [-48.995739010541655, -27.14548094886599], [-48.994524312225224, -27.1452602492829], [-48.99268017769825, -27.145426276831344], [-48.99170715411855, -27.145903271695442], [-48.99102985285148, -27.14598831864339], [-48.98928764153981, -27.145804649985145], [-48.98854038652646, -27.14555296101617], [-48.98810497366802, -27.145174527434744], [-48.9881294614472, -27.144456509882804], [-48.98866782196169, -27.143597990757197], [-48.98860466361601, -27.14317811593851], [-48.987989222678266, -27.142828170080058], [-48.98727866531813, -27.142283777933766], [-48.98578561416614, -27.14073747121043], [-48.98400448784127, -27.139170666535836], [-48.98329281388774, -27.138987760917917], [-48.982843793524886, -27.139052555365286], [-48.98255817124951, -27.13936846409633], [-48.98269828393309, -27.1398186703467], [-48.98255568211594, -27.140212861817666], [-48.98197805531721, -27.141030180780525], [-48.980678123139825, -27.14173179150475], [-48.980169351987705, -27.142242770152652], [-48.98027087566942, -27.14283562133747], [-48.98128639690372, -27.14379493983241], [-48.981201247356054, -27.144087264728725], [-48.98094495979517, -27.144229859660925], [-48.980486319733295, -27.14426382361132], [-48.979268760521045, -27.143937679462276], [-48.97835392972785, -27.14392854144526], [-48.978008587225055, -27.144089828514947], [-48.977828782167386, -27.144558500308257], [-48.97809824155066, -27.145553330610177], [-48.977916475720406, -27.145873171682705], [-48.97745238187507, -27.1460196010849], [-48.97630169307967, -27.146075384402256], [-48.976115954114256, -27.14594852990315], [-48.975924819691, -27.145558253086875], [-48.976030783999235, -27.145208796109852], [-48.97681502226408, -27.144832773295256], [-48.97744732233482, -27.144261172684583], [-48.97755046855541, -27.14376776285711], [-48.97750876950133, -27.143644752643183], [-48.97722174521904, -27.143359465379095], [-48.97611403134908, -27.142992518239843], [-48.975257151442335, -27.14319319103975], [-48.974318436392466, -27.142985774297824], [-48.97397909696094, -27.14299292823587], [-48.973458743165246, -27.14309319878673], [-48.97319807727236, -27.14344580381757], [-48.973334710413475, -27.144119612196597], [-48.973912966253614, -27.144781136184214], [-48.9738890295283, -27.145144204337438], [-48.973733136173855, -27.145296695969467], [-48.973509260064546, -27.145343281280606], [-48.972474816501254, -27.14515781521437], [-48.9718118009984, -27.144844899961647], [-48.97155455257986, -27.144624166640412], [-48.97137438697817, -27.14410459929298], [-48.97158717633012, -27.142987960900836], [-48.970827729119776, -27.141458444441156], [-48.970456540847096, -27.141069765543794], [-48.969033044013614, -27.140256395866775], [-48.968350176599145, -27.139365325666237], [-48.96821883034085, -27.139083130558884], [-48.96828427998352, -27.13853869998997], [-48.96855540913475, -27.13787978054191], [-48.96858229071245, -27.13758999708009], [-48.968447819227734, -27.137360181302967], [-48.968069225500344, -27.137214090924573], [-48.967317387634424, -27.136651525303844], [-48.96684078447593, -27.135909285684715], [-48.96677254525785, -27.135645534129573], [-48.96678353076023, -27.135230870262763], [-48.96714452244434, -27.134372629932187], [-48.967072150947615, -27.13396319201353], [-48.966848643578665, -27.133666185372025], [-48.96614893100161, -27.133515835126772], [-48.965172275263036, -27.13315420122945], [-48.9647146065162, -27.13271952289152], [-48.96415772096606, -27.130988091659646], [-48.9642950455638, -27.130019594579664], [-48.9642148303473, -27.12963878103217], [-48.96382895350591, -27.129093122217327], [-48.96307773736697, -27.128632554293752], [-48.96220991015213, -27.12758000527419], [-48.9618724787467, -27.12733733651213], [-48.9615952687652, -27.127267548904904], [-48.961329545419304, -27.127304182882725], [-48.961000976713976, -27.127489869907986], [-48.959523024595185, -27.128830664598624], [-48.95884920606837, -27.129169455817944], [-48.95792931497579, -27.12944000602199], [-48.957235517884406, -27.12988440176888], [-48.95692897602865, -27.130247138383904], [-48.956752323692065, -27.13067704002606], [-48.956695266299114, -27.13119854850873], [-48.95674214354538, -27.131629383933145], [-48.956635050061315, -27.131775244475573], [-48.956206564569456, -27.131844205322178], [-48.95587097102015, -27.131725616609042], [-48.95527113373876, -27.13131079063632], [-48.95472004513878, -27.131166188680652], [-48.95446377246765, -27.131194848805244], [-48.95417451487343, -27.13139684682559], [-48.95406679940244, -27.131587451850145], [-48.954100040812285, -27.132032419146775], [-48.95456229906031, -27.133084457926632], [-48.954799280963705, -27.133408919683674], [-48.954828541726236, -27.13372372085665], [-48.95457679418239, -27.134057628111194], [-48.953405351919244, -27.134292285251334], [-48.95278208932351, -27.13471671843589], [-48.95249538202168, -27.13558674420456], [-48.952470676800715, -27.136411783174214], [-48.95248105271293, -27.136805187222404], [-48.95274080072608, -27.13772209629764], [-48.952735140841035, -27.137932793461573], [-48.952444762322976, -27.138028023110895], [-48.95187862719966, -27.13794860550097], [-48.95117105716119, -27.13762142973662], [-48.94999484987337, -27.136758629523413], [-48.94949447943675, -27.136055753500006], [-48.949360689704385, -27.135554754386888], [-48.94871173050759, -27.13467032103451], [-48.94806024471373, -27.13328813406672], [-48.94769216425805, -27.132771777658903], [-48.94695424901204, -27.132119433056946], [-48.9468425122566, -27.13184988594835], [-48.9466826799546, -27.130682500592954], [-48.94644203003575, -27.13030979048491], [-48.94607454000428, -27.130133753708762], [-48.944854979958556, -27.129871938631194], [-48.94345780836079, -27.12884340251509], [-48.94314606030854, -27.12870392077619], [-48.94269253015703, -27.128693083544093], [-48.94154520720519, -27.129195563995605], [-48.941300326767006, -27.129168867674796], [-48.93937474993651, -27.127665957233518], [-48.93876607851213, -27.12701016185491], [-48.93803534888096, -27.126407666065123], [-48.937820928264784, -27.125946134556447], [-48.93780522677826, -27.125210181413866], [-48.937976283392814, -27.1247902276745], [-48.938459216856366, -27.124133485087746], [-48.93852141570319, -27.123882397946588], [-48.938469302180096, -27.123628847935958], [-48.93806883806656, -27.123080677580724], [-48.937388233071104, -27.121833276039354], [-48.93651868337222, -27.120624099367372], [-48.93615442748801, -27.11980293462098], [-48.93619508344677, -27.11879639076359], [-48.93655510302874, -27.118057321731136], [-48.93680488405895, -27.117289378618647], [-48.93684702811681, -27.116918191187924], [-48.93648478702403, -27.11579612491417], [-48.9364931374427, -27.115394004634453], [-48.936826131641425, -27.114815775764924], [-48.93787431836218, -27.11371113352466], [-48.93826568277965, -27.113604595910743], [-48.93882081362896, -27.113780728256604], [-48.93988884647926, -27.11530063358978], [-48.940170746496115, -27.115531133862486], [-48.94051099078537, -27.115679269982532], [-48.94104367224353, -27.115731141447576], [-48.94135932744857, -27.115665181773668], [-48.94199971251851, -27.115337289949455], [-48.94312324546374, -27.11444265041678], [-48.94374637719757, -27.113757270366378], [-48.94415966408938, -27.11302875758452], [-48.944303632674114, -27.11255088393667], [-48.944322306068756, -27.111679794174687], [-48.944211207693236, -27.111343814065435], [-48.94287561867208, -27.109091013399016], [-48.94243441839616, -27.10861471387111], [-48.941959003489075, -27.10825021322032], [-48.94096642490138, -27.10765547731037], [-48.93979651986481, -27.107131813419187], [-48.93897215970605, -27.106642632251706], [-48.93678224232262, -27.10526074232059], [-48.93618873945627, -27.104810017951614], [-48.935750916354934, -27.104357237062736], [-48.93552902849303, -27.104057689118232], [-48.93525634527501, -27.10326103587824], [-48.93544794248174, -27.1018768970216], [-48.93536628202873, -27.100812062996333], [-48.93515343074122, -27.100481328474448], [-48.9348572948478, -27.10020915582428], [-48.934316925811345, -27.09991537230295], [-48.933800125387144, -27.099811308176225], [-48.93301412254888, -27.099426958027873], [-48.93245392930193, -27.099129754162824], [-48.932014038362645, -27.098685392111523], [-48.93144543875557, -27.098357992578663], [-48.930224266646526, -27.09787510378374], [-48.92990311241658, -27.097671283962107], [-48.92942144392388, -27.097517596125662], [-48.92896658325777, -27.097607725614722], [-48.92780902758437, -27.098351290135216], [-48.92653410444426, -27.099730568872214], [-48.92494332557732, -27.102115498465647], [-48.924569797273875, -27.102372383729676], [-48.92408571949547, -27.10263908221786], [-48.92142695093539, -27.102660183504867], [-48.92039036196016, -27.102399683083586], [-48.919505896118814, -27.102049984397684], [-48.91788628411036, -27.100819105924117], [-48.91711106726599, -27.100358343823178], [-48.91627190413464, -27.100290909150463], [-48.914196840277455, -27.100447948175454], [-48.91338793201984, -27.10015093954431], [-48.91245235923225, -27.099321846642848], [-48.90915954354505, -27.09692740699809], [-48.90822857003798, -27.096139774867925], [-48.907296090214956, -27.095116049494774], [-48.90646557818236, -27.093769007489854], [-48.90631580124811, -27.0932980965707], [-48.906147160220485, -27.092218673883572], [-48.90618402100682, -27.091051650780052], [-48.90629811475065, -27.090906028124653], [-48.908151828126414, -27.090418765055254], [-48.90924770076625, -27.08992184708396], [-48.91014661022446, -27.0891732196378], [-48.9106208207958, -27.088249579798365], [-48.91072867846018, -27.08770891409158], [-48.91055308688859, -27.087152993001403], [-48.90930322215728, -27.08541879915872], [-48.90910964525576, -27.08498351391608], [-48.908710518974836, -27.08363888895937], [-48.90846552445283, -27.081634571608863], [-48.90830565373862, -27.081083007441492], [-48.9078455560131, -27.080392102009863], [-48.906773874969595, -27.079784883046557], [-48.905954198641304, -27.07970217081633], [-48.90141691034138, -27.07843825506425], [-48.9000369025016, -27.07792577982374], [-48.89824256617616, -27.07710690022916], [-48.89719474600754, -27.075944345536534], [-48.89558497597046, -27.074593555094303], [-48.89264484389109, -27.0722719557546], [-48.88989371754352, -27.070329464059885], [-48.88856147310899, -27.068997439445802], [-48.88810698634467, -27.06832028318614], [-48.887542375939326, -27.067193674228953], [-48.887340121305776, -27.065226524310738], [-48.88625003405659, -27.063675821245514], [-48.8852147858672, -27.062918504834858], [-48.88445290655411, -27.06199198860578], [-48.88431815648024, -27.06159763011128], [-48.884278722601664, -27.06097724375861], [-48.88380527260116, -27.05997631363499], [-48.8837154386851, -27.059563975674667], [-48.88362524503975, -27.057481395461785], [-48.883062680367196, -27.056602441289453], [-48.88217085342021, -27.054840680833095], [-48.88148582715225, -27.053849884874563], [-48.88133452537829, -27.053301854509385], [-48.881252908275606, -27.052688813888278], [-48.88153611240316, -27.051228862788015], [-48.881811097856456, -27.050454826938996], [-48.88211126396114, -27.04992451674595], [-48.88365417934506, -27.04871484384237], [-48.88384841670101, -27.048400148948417], [-48.88387466595119, -27.047822030249982], [-48.88354528653677, -27.04742897655951], [-48.883526839125935, -27.046483260406927], [-48.883305417601, -27.045965177977898], [-48.88244554547164, -27.045279795189224], [-48.8815613547656, -27.04487383672175], [-48.879565332132564, -27.04493160593318], [-48.8792068576982, -27.04482159796572], [-48.87814121311972, -27.04412330292989], [-48.8775283438671, -27.043875614429016], [-48.87696217985813, -27.043841657874825], [-48.876523159231745, -27.04390417815379], [-48.87527928780884, -27.044226304969243], [-48.874678794558484, -27.044183154713938], [-48.87413802528083, -27.044011838217283], [-48.873750163609955, -27.04377863329274], [-48.872977804086624, -27.04296639561494], [-48.871515409898755, -27.040770690980683], [-48.86989075456772, -27.039093353306985], [-48.86955186380109, -27.038408148222285], [-48.86906903912097, -27.037882307387587], [-48.86882467850377, -27.03746127160111], [-48.86755890774682, -27.036527517194852], [-48.86646543373988, -27.03508725086086], [-48.86564822972255, -27.03426214440281], [-48.86423699965704, -27.03339848822015], [-48.86284527196711, -27.03302811818734], [-48.86221850746343, -27.03295373771912], [-48.86074901564628, -27.032938117767724], [-48.858575162958, -27.033350658728335], [-48.8578579676764, -27.033323635659972], [-48.8572880106698, -27.03316639955355], [-48.856886991768924, -27.032443184137943], [-48.85672686943559, -27.031498996715825], [-48.85653593919148, -27.0311140293783], [-48.85560463400532, -27.030139922304805], [-48.8553442629995, -27.02972724983354], [-48.85347189168919, -27.027962688932476], [-48.852621270649514, -27.026870900127715], [-48.85213927937563, -27.026496286364935], [-48.85154844318051, -27.02569483049705], [-48.85076140634909, -27.024942739683866], [-48.85030309608516, -27.024689456615974], [-48.849284588899536, -27.023249138299157], [-48.84898977205005, -27.02261851093416], [-48.84907037091253, -27.020705802159718], [-48.848997482220675, -27.020329815769152], [-48.84928183834662, -27.01876445545646], [-48.84914726457175, -27.018248493276204], [-48.84888720998352, -27.01775373633613], [-48.848590637005934, -27.01741200888645], [-48.848040737211264, -27.01702350942513], [-48.847037518078096, -27.0166652931794], [-48.84626857091979, -27.016711011195937], [-48.845846708178186, -27.017004714235515], [-48.84559760807022, -27.01731541989961], [-48.84522648310339, -27.017522940978544], [-48.84484234143629, -27.01752569235641], [-48.84395673561431, -27.017287028921675], [-48.84256819013104, -27.01765488884999], [-48.84153027411024, -27.017619011277446], [-48.83972316591316, -27.017014884119703], [-48.837349382349, -27.01637308527685], [-48.83661051040896, -27.01598133274043], [-48.835663665061546, -27.015242342683326], [-48.834054626371014, -27.014397551370664], [-48.83362567585242, -27.01402699247909], [-48.832386344822275, -27.01257422561742], [-48.83226697171746, -27.01194636548104], [-48.8323111210366, -27.011785808981376], [-48.8325987408247, -27.011484248882052], [-48.8332446399452, -27.010530547968497], [-48.83385191027933, -27.009301209489305], [-48.83405920902453, -27.008568309101015], [-48.83411486526714, -27.00786628909571], [-48.83399685393729, -27.007289458742743], [-48.83344447027178, -27.006583290612333], [-48.83227077058596, -27.005709191803962], [-48.83109547929968, -27.004976351784688], [-48.83020676410967, -27.00454360300712], [-48.82953207278332, -27.003829196817435], [-48.824991321811055, -27.000091910208386], [-48.823054966609966, -26.99647596184156], [-48.821873316217854, -26.99400934472545], [-48.821725043723, -26.99191451555628], [-48.82112121821, -26.991487829999187], [-48.819590570272005, -26.990671472761882], [-48.81899743094881, -26.989499062095756], [-48.81816534916055, -26.986993176559917], [-48.81687030061566, -26.985314717289572], [-48.813621396224256, -26.983201926693507], [-48.81343851867761, -26.981487917581745], [-48.805283563910706, -26.973909753788913], [-48.804264121089474, -26.971255492336045], [-48.80226418344127, -26.967742025735788], [-48.80051235028951, -26.96677785606065], [-48.79863271272428, -26.965967230957894], [-48.79623456431058, -26.964752523428533], [-48.79556223892288, -26.96432594696331], [-48.79424996228621, -26.963791072257425], [-48.79347048917241, -26.963255979747853], [-48.79222167226001, -26.961155100554116], [-48.787676855162964, -26.955902343206912], [-48.786481434878226, -26.954405869493318], [-48.785973434441, -26.95409887359475], [-48.78489743855367, -26.95373187637399], [-48.78378926577769, -26.95347108600672], [-48.78159857045976, -26.953539489188262], [-48.780621724095035, -26.953980444231238], [-48.778097927764485, -26.954461442906744], [-48.776830531344515, -26.954499763286087], [-48.77582514290046, -26.95443397927016], [-48.77531517092119, -26.95408354167743], [-48.77484845057682, -26.953544897081578], [-48.77363586609567, -26.95259840942383], [-48.772151555930705, -26.95088196737781], [-48.77131948914139, -26.950469119454723], [-48.76910363373812, -26.95015306359643], [-48.7683879520639, -26.949749392785417], [-48.763211878312845, -26.944485248677182], [-48.760756633733024, -26.942203109002794], [-48.76046764273627, -26.941657485593858], [-48.759543821816266, -26.938287219504478], [-48.75927820947189, -26.93699599022971], [-48.759255622460515, -26.935870313587774], [-48.75915418125747, -26.935338689350747], [-48.75892541756517, -26.934800102391918], [-48.75616700915748, -26.93242212104542], [-48.75498266805099, -26.93154763247622], [-48.75384704845067, -26.93099989560299], [-48.752946351416725, -26.930729994116597], [-48.75206532782316, -26.930606571343308], [-48.75184441826511, -26.930706270817517], [-48.75172189199435, -26.931704716092295], [-48.75158724891425, -26.93211106769682], [-48.75102744951204, -26.933052067144256], [-48.75045356542582, -26.933059350593236], [-48.74988614892755, -26.93279698744382], [-48.749344283864595, -26.93274409498776], [-48.74899416576718, -26.932930185361236], [-48.748397256994195, -26.933608791063513], [-48.748167085684116, -26.933529681887336], [-48.74798322981935, -26.933119007066054], [-48.74871392079916, -26.932647998628116], [-48.74877500686709, -26.932320388802665], [-48.74860175796541, -26.93207859584258], [-48.74788154225159, -26.93191782371446], [-48.74651595086585, -26.932114718236246], [-48.74599636660844, -26.932076970430554], [-48.74572567310732, -26.93193255180618], [-48.74496509029942, -26.931066377944124], [-48.7445900069636, -26.93097129858194], [-48.74428155308684, -26.931047843433213], [-48.74394864668614, -26.931365435247795], [-48.74376974730311, -26.931999359971247], [-48.74291527054258, -26.932303999423276], [-48.74143786939308, -26.933099483152233], [-48.74110581792671, -26.933474293885553], [-48.74112258929154, -26.933788327962638], [-48.74139888312439, -26.933973339984604], [-48.7431339631908, -26.933958250354365], [-48.742984338944304, -26.9340461188604], [-48.74197560164588, -26.93416960358401], [-48.74124666074767, -26.934450586305587], [-48.740202620172255, -26.934381321954735], [-48.739880838733455, -26.93444649964463], [-48.73890009392938, -26.935001275908707], [-48.73820158839582, -26.93582690905815], [-48.736958024868734, -26.935020966900158], [-48.736373664133765, -26.93500363289328], [-48.73599792993596, -26.935186701213897], [-48.7357718443285, -26.9356250453331], [-48.735686733517014, -26.93627730379804], [-48.73516282053459, -26.93676199002195], [-48.735124107776755, -26.937125775420448], [-48.73539792975486, -26.937485901915544], [-48.7360594607143, -26.937645756179197], [-48.736627541611064, -26.93757835697175], [-48.737142656063725, -26.937273388979477], [-48.7368635266453, -26.938251839825888], [-48.7364129244103, -26.938291464900733], [-48.73590448995948, -26.938223509642942], [-48.73460173784472, -26.937828994506706], [-48.73402279133883, -26.937402236445816], [-48.73362986681312, -26.936921701280255], [-48.73335767488561, -26.936760251478695], [-48.73313068306701, -26.93675497303314], [-48.732782714371524, -26.93689294816888], [-48.73187462638802, -26.9376466495235], [-48.73160484837797, -26.937503145990508], [-48.73118754755525, -26.936745134220384], [-48.7309461277256, -26.936621270453134], [-48.73039240966535, -26.936710615820296], [-48.72977445022814, -26.93712209563833], [-48.729541151938285, -26.936353475020763], [-48.72923173850524, -26.93599210611209], [-48.72851282145141, -26.93568468935951], [-48.72791935264112, -26.93567619790513], [-48.72704904588057, -26.935841651590604], [-48.72673381990642, -26.936249152573915], [-48.72697109501404, -26.936693343392808], [-48.72755387889238, -26.9369136567428], [-48.7278661483131, -26.937129348252878], [-48.72800904378416, -26.937361131722117], [-48.7275458508444, -26.938741866080477], [-48.72737257950652, -26.938881650258477], [-48.72713801542786, -26.9388990577546], [-48.72247061284499, -26.937419377061296], [-48.72124386592769, -26.937127846964458], [-48.720378793573545, -26.937111354101], [-48.71994185744968, -26.93717284438298], [-48.71888508983555, -26.93762578094701], [-48.717162194922786, -26.939238918644214], [-48.71673615701055, -26.940038390912655], [-48.71662204307345, -26.94008882024088], [-48.716519236989576, -26.93991625782452], [-48.71625701739419, -26.937070817674087], [-48.716057365652375, -26.93620394457171], [-48.715887769335005, -26.936029322089166], [-48.71561947502391, -26.935960493320465], [-48.71530333153181, -26.935992432533563], [-48.71501319109925, -26.936135921394513], [-48.714203788289296, -26.936218497465678], [-48.71350904319008, -26.935975499093587], [-48.71318675342616, -26.935736155012766], [-48.712009410534, -26.93410009870962], [-48.711283588949, -26.93337240607589], [-48.71055762552966, -26.933039842835342], [-48.709955426629804, -26.932975643025227], [-48.70963986600957, -26.93303734925806], [-48.709237857822195, -26.932957305908033], [-48.70954387170649, -26.932533542049153], [-48.71011227627715, -26.931364145545707], [-48.71004894510429, -26.930918086024732], [-48.70965102858939, -26.930642580322328], [-48.70932264994384, -26.93059800704016], [-48.7089153605592, -26.930672380187463], [-48.70842161819118, -26.93099294457281], [-48.707928881901076, -26.93150519535744], [-48.70734751401532, -26.931782046079643], [-48.70643688128195, -26.931999279448362], [-48.70588842758405, -26.931985339261892], [-48.70537548877455, -26.932114718569608], [-48.70507971437461, -26.932415670904614], [-48.70494548898597, -26.93282744465901], [-48.70502349287244, -26.933150601023424], [-48.70534955475602, -26.933732685359406], [-48.705247878140135, -26.934139416228025], [-48.705053880713365, -26.934205712257825], [-48.7044539162375, -26.93398674292364], [-48.70387198997163, -26.933508093358956], [-48.7027392910903, -26.932930094383895], [-48.70125075830736, -26.932401844954285], [-48.6982931856397, -26.932190310882664], [-48.69770555672661, -26.932053284908793], [-48.6968296753558, -26.93169413997014], [-48.69658163849357, -26.931676330910587], [-48.69632872809195, -26.931757307481778], [-48.696179088367344, -26.931902827613452], [-48.69610181869217, -26.93223162786452], [-48.6961971693866, -26.93244799282225], [-48.696823496174, -26.933135375597253], [-48.69688441905056, -26.933386706655828], [-48.696804666688536, -26.933542200817243], [-48.69647740409142, -26.933648314669874], [-48.69519393282056, -26.9336980529847], [-48.69317948211531, -26.934278111420916], [-48.69272065757925, -26.934102786372005], [-48.69172040134177, -26.933147626551342], [-48.69150906733014, -26.93271244258447], [-48.69124494088473, -26.931056149637495], [-48.690760153986474, -26.93050728977396], [-48.69024353975405, -26.93056578576961], [-48.68925578691487, -26.931099569695593], [-48.68905013783744, -26.931089172478064], [-48.688716876473315, -26.930921275517605], [-48.68833533543515, -26.930532868001965], [-48.687330814923946, -26.928815911057836], [-48.68713917861801, -26.92817170838777], [-48.68717751327735, -26.927672465977334], [-48.68745288834681, -26.927357567198012], [-48.68869666742046, -26.926959767767247], [-48.68973694451873, -26.926430844914695], [-48.689906714696455, -26.925526804039205], [-48.69016442525666, -26.925202500211846], [-48.69109775278434, -26.92439195466868], [-48.691316548687226, -26.92397281584421], [-48.691420574896696, -26.92351072933549], [-48.69097270409506, -26.922055953906522], [-48.69042966952293, -26.92134661751152], [-48.689619728583644, -26.92090394363889], [-48.68811922523029, -26.921049361533537], [-48.68744439599733, -26.92134895718128], [-48.687167520810405, -26.921650983678646], [-48.68710982834662, -26.921874579524825], [-48.68720220264945, -26.922110136941633], [-48.687560785490014, -26.922424958193023], [-48.68803708403915, -26.923152041792306], [-48.68817336881681, -26.924030697566902], [-48.68801874900835, -26.924350504301753], [-48.68788329029768, -26.92444688191599], [-48.68756922243067, -26.92449084531774], [-48.686354809553315, -26.9240776829625], [-48.685329590789046, -26.923863374126196], [-48.68437009639817, -26.92376276321888], [-48.683990112803926, -26.923482794435284], [-48.68423162775323, -26.9231292510694], [-48.68591906085382, -26.921736255016388], [-48.68636526309641, -26.92123005142832], [-48.688440596063714, -26.9197181295047], [-48.68870634983685, -26.919282577892538], [-48.68871329074416, -26.91889646641553], [-48.68815093765451, -26.918281642670514], [-48.687436925660194, -26.917823573097635], [-48.68562376243733, -26.91722909374647], [-48.684733326250004, -26.916740559103506], [-48.6841449010797, -26.91626441564738], [-48.68349559032437, -26.914818754852423], [-48.68359416252913, -26.914193609375882], [-48.68473305391734, -26.912110435970593], [-48.68515642613457, -26.90956148487926], [-48.68552078995653, -26.908978536979923], [-48.68604259896024, -26.90855208887336], [-48.686845498614844, -26.907663087761563], [-48.68706132251936, -26.9072930277008], [-48.68716373583432, -26.906870408026005], [-48.68709495834885, -26.906474695693014], [-48.68691251915933, -26.906151217493544], [-48.68635567143934, -26.905756965149994], [-48.68572101000502, -26.905550150536552], [-48.684301402295795, -26.905539819391457], [-48.683472869795416, -26.905309521465806], [-48.68327767868473, -26.90514145000385], [-48.68332112085515, -26.90500962965047], [-48.68485010695018, -26.904401646909275], [-48.68568580725458, -26.903699045927222], [-48.686486898912705, -26.902801093507378], [-48.68677788018303, -26.902309688414604], [-48.68701749444972, -26.901627329453454], [-48.68689412809022, -26.90104569264419], [-48.68656595172888, -26.900586063005044], [-48.68603816252389, -26.900412712867716], [-48.6854995016301, -26.90039686524569], [-48.6848756572127, -26.900260270457235], [-48.68420866168704, -26.899952892172262], [-48.683736108122474, -26.899608032110702], [-48.683409584894044, -26.899132427370585], [-48.682994823380966, -26.898279651264783], [-48.6826970410858, -26.897237900892495], [-48.682691377525266, -26.895841128400775], [-48.68273529148901, -26.894430781649813], [-48.68286298590931, -26.89359195291402], [-48.68310634636951, -26.89295320295465], [-48.6833300467655, -26.892703270033604], [-48.683477970185706, -26.892646500469972], [-48.68379881225244, -26.892682961609722], [-48.68423642253336, -26.893496929722897], [-48.68473862183519, -26.89413693040241], [-48.6856036369324, -26.89490635977111], [-48.68661608224697, -26.89561569363028], [-48.687447599828296, -26.89601203570975], [-48.68815378390085, -26.89610859955082], [-48.68878034576559, -26.895851907278857], [-48.6891026250777, -26.895437841150667], [-48.6891087339092, -26.89475497600864], [-48.68872234952624, -26.89348451954623], [-48.6874294167008, -26.892092527940992], [-48.68385378383639, -26.889114082493204], [-48.6827922311754, -26.88783523545662], [-48.68183821471487, -26.886082698955516], [-48.681682489898044, -26.8859811880703]]]}, "properties": {"camada": "rio", "tipo": "borda", "nome": "margens"}}]}